bank_id,log_systemic_risk_label,prediction,split,p,dataset,approach
1403,0.6931471805599453,0.67098606,train,p0,dataset_2,embedding
1209,0.6931471805599453,0.7109655,train,p0,dataset_2,embedding
472,0.6931471805599453,0.69026804,train,p0,dataset_2,embedding
1064,0.6931471805599453,0.7989081,train,p0,dataset_2,embedding
50,0.6931471805599453,0.6781155,train,p0,dataset_2,embedding
223,0.6931471805599453,0.7549176,train,p0,dataset_2,embedding
1395,0.6931471805599453,0.69633937,train,p0,dataset_2,embedding
1348,0.6931471805599453,0.7307613,train,p0,dataset_2,embedding
935,0.6931471805599453,0.6821842,train,p0,dataset_2,embedding
1061,0.6931471805599453,0.6945987,train,p0,dataset_2,embedding
354,0.6931471805599453,0.6775873,train,p0,dataset_2,embedding
69,0.6931471805599453,0.6801034,train,p0,dataset_2,embedding
827,0.6931471805599453,0.69796765,train,p0,dataset_2,embedding
319,0.6931471805599453,0.66720486,train,p0,dataset_2,embedding
840,0.6931471805599453,0.69596314,train,p0,dataset_2,embedding
260,0.6931471805599453,0.70606434,train,p0,dataset_2,embedding
868,0.6931471805599453,0.69121957,train,p0,dataset_2,embedding
130,0.6931471805599453,0.6612463,train,p0,dataset_2,embedding
705,0.6931471805599453,0.70580256,train,p0,dataset_2,embedding
1425,0.6931471805599453,0.68844795,train,p0,dataset_2,embedding
172,0.6931471805599453,0.6613722,train,p0,dataset_2,embedding
333,0.6931471805599453,0.68984365,train,p0,dataset_2,embedding
412,0.6931471805599453,0.74121094,train,p0,dataset_2,embedding
536,0.6931471805599453,0.6955062,train,p0,dataset_2,embedding
1248,0.6931471805599453,0.6906986,train,p0,dataset_2,embedding
3,0.6931471805599453,0.7122501,train,p0,dataset_2,embedding
45,0.6931471805599453,0.6899313,train,p0,dataset_2,embedding
1051,0.6931471805599453,0.6899102,train,p0,dataset_2,embedding
228,0.6931471805599453,0.77203524,train,p0,dataset_2,embedding
890,1.0986122886681098,0.7458508,train,p0,dataset_2,embedding
1430,0.6931471805599453,0.6945201,train,p0,dataset_2,embedding
689,0.6931471805599453,0.8695936,train,p0,dataset_2,embedding
783,0.6931471805599453,0.68528783,train,p0,dataset_2,embedding
742,0.6931471805599453,0.71901643,train,p0,dataset_2,embedding
9,0.6931471805599453,0.7167021,train,p0,dataset_2,embedding
1284,0.6931471805599453,0.67555845,train,p0,dataset_2,embedding
1073,0.6931471805599453,0.7289243,train,p0,dataset_2,embedding
603,0.6931471805599453,0.6771424,train,p0,dataset_2,embedding
254,0.6931471805599453,0.6872388,train,p0,dataset_2,embedding
1029,0.6931471805599453,0.74605775,train,p0,dataset_2,embedding
253,0.6931471805599453,0.6985098,train,p0,dataset_2,embedding
1214,0.6931471805599453,0.70656383,train,p0,dataset_2,embedding
1211,0.6931471805599453,0.69050646,train,p0,dataset_2,embedding
133,0.6931471805599453,0.6792406,train,p0,dataset_2,embedding
693,0.6931471805599453,0.6529027,train,p0,dataset_2,embedding
988,0.6931471805599453,0.79268515,train,p0,dataset_2,embedding
7,0.6931471805599453,0.70923495,train,p0,dataset_2,embedding
701,1.0986122886681098,0.94061005,train,p0,dataset_2,embedding
1310,0.6931471805599453,0.7498566,train,p0,dataset_2,embedding
1082,0.6931471805599453,0.83403885,train,p0,dataset_2,embedding
466,0.6931471805599453,0.8054315,train,p0,dataset_2,embedding
1099,0.6931471805599453,0.7810241,train,p0,dataset_2,embedding
1278,0.6931471805599453,0.69455266,train,p0,dataset_2,embedding
326,0.6931471805599453,0.71151626,train,p0,dataset_2,embedding
337,0.6931471805599453,0.69071114,train,p0,dataset_2,embedding
1210,0.6931471805599453,0.715516,train,p0,dataset_2,embedding
480,0.6931471805599453,0.74671435,train,p0,dataset_2,embedding
1389,0.6931471805599453,0.70966625,train,p0,dataset_2,embedding
206,0.6931471805599453,0.6904458,train,p0,dataset_2,embedding
369,0.6931471805599453,0.687122,train,p0,dataset_2,embedding
190,0.6931471805599453,0.6779498,train,p0,dataset_2,embedding
258,0.6931471805599453,0.70932055,train,p0,dataset_2,embedding
506,0.6931471805599453,0.67878366,train,p0,dataset_2,embedding
956,0.6931471805599453,0.6785158,train,p0,dataset_2,embedding
109,0.6931471805599453,0.6879395,train,p0,dataset_2,embedding
559,0.6931471805599453,0.7261574,train,p0,dataset_2,embedding
213,1.0986122886681098,0.9749273,train,p0,dataset_2,embedding
523,0.6931471805599453,0.6902851,train,p0,dataset_2,embedding
312,0.6931471805599453,0.7107223,train,p0,dataset_2,embedding
145,0.6931471805599453,0.7134948,train,p0,dataset_2,embedding
1207,0.6931471805599453,0.7106856,train,p0,dataset_2,embedding
979,0.6931471805599453,0.6385454,train,p0,dataset_2,embedding
747,0.6931471805599453,0.685514,train,p0,dataset_2,embedding
817,0.6931471805599453,0.6915746,train,p0,dataset_2,embedding
899,0.6931471805599453,0.6929401,train,p0,dataset_2,embedding
859,0.6931471805599453,0.6889703,train,p0,dataset_2,embedding
1353,0.6931471805599453,0.7190627,train,p0,dataset_2,embedding
151,0.6931471805599453,0.68653417,train,p0,dataset_2,embedding
1409,0.6931471805599453,0.8685192,train,p0,dataset_2,embedding
891,0.6931471805599453,0.7572086,train,p0,dataset_2,embedding
46,0.6931471805599453,0.7050948,train,p0,dataset_2,embedding
1387,0.6931471805599453,0.69794476,train,p0,dataset_2,embedding
1040,0.6931471805599453,0.67396116,train,p0,dataset_2,embedding
340,1.0986122886681098,0.8736602,train,p0,dataset_2,embedding
75,0.6931471805599453,0.8393583,train,p0,dataset_2,embedding
1042,0.6931471805599453,0.69347155,train,p0,dataset_2,embedding
347,0.6931471805599453,0.6709708,train,p0,dataset_2,embedding
105,0.6931471805599453,0.6937778,train,p0,dataset_2,embedding
1244,0.6931471805599453,0.73303187,train,p0,dataset_2,embedding
1324,0.6931471805599453,0.808337,train,p0,dataset_2,embedding
299,0.6931471805599453,0.72596407,train,p0,dataset_2,embedding
1114,0.6931471805599453,0.6950699,train,p0,dataset_2,embedding
398,3.295836866004329,2.5020466,train,p0,dataset_2,embedding
1413,0.6931471805599453,0.6959692,train,p0,dataset_2,embedding
919,0.6931471805599453,0.644132,train,p0,dataset_2,embedding
54,0.6931471805599453,0.6944232,train,p0,dataset_2,embedding
798,0.6931471805599453,0.6753967,train,p0,dataset_2,embedding
143,0.6931471805599453,0.640357,train,p0,dataset_2,embedding
846,0.6931471805599453,0.70483494,train,p0,dataset_2,embedding
208,2.995732273553991,2.6877255,train,p0,dataset_2,embedding
200,0.6931471805599453,0.6902691,train,p0,dataset_2,embedding
886,0.6931471805599453,0.69583297,train,p0,dataset_2,embedding
397,1.3862943611198906,2.010452,train,p0,dataset_2,embedding
1217,0.6931471805599453,0.69745874,train,p0,dataset_2,embedding
150,0.6931471805599453,0.6947181,train,p0,dataset_2,embedding
921,0.6931471805599453,0.6827524,train,p0,dataset_2,embedding
33,0.6931471805599453,0.77408767,train,p0,dataset_2,embedding
792,0.6931471805599453,0.70047784,train,p0,dataset_2,embedding
867,0.6931471805599453,0.67883015,train,p0,dataset_2,embedding
224,2.70805020110221,1.9482456,train,p0,dataset_2,embedding
341,0.6931471805599453,0.72312343,train,p0,dataset_2,embedding
1344,0.6931471805599453,0.69293165,train,p0,dataset_2,embedding
1426,0.6931471805599453,0.63758004,train,p0,dataset_2,embedding
1159,0.6931471805599453,0.67685807,train,p0,dataset_2,embedding
169,0.6931471805599453,0.7049674,train,p0,dataset_2,embedding
531,0.6931471805599453,0.68331087,train,p0,dataset_2,embedding
1360,0.6931471805599453,0.6623938,train,p0,dataset_2,embedding
512,0.6931471805599453,0.68656015,train,p0,dataset_2,embedding
1257,0.6931471805599453,0.68679714,train,p0,dataset_2,embedding
572,0.6931471805599453,0.68015623,train,p0,dataset_2,embedding
1135,0.6931471805599453,0.78986466,train,p0,dataset_2,embedding
1047,0.6931471805599453,0.7788259,train,p0,dataset_2,embedding
909,0.6931471805599453,0.69604754,train,p0,dataset_2,embedding
557,0.6931471805599453,0.694422,train,p0,dataset_2,embedding
1013,0.6931471805599453,0.68864846,train,p0,dataset_2,embedding
55,0.6931471805599453,0.6231204,train,p0,dataset_2,embedding
1161,1.791759469228055,1.0990347,train,p0,dataset_2,embedding
1107,0.6931471805599453,0.6718228,train,p0,dataset_2,embedding
586,0.6931471805599453,0.68839705,train,p0,dataset_2,embedding
1079,0.6931471805599453,0.6943934,train,p0,dataset_2,embedding
107,0.6931471805599453,0.677194,train,p0,dataset_2,embedding
835,0.6931471805599453,0.73824036,train,p0,dataset_2,embedding
1206,0.6931471805599453,0.67320955,train,p0,dataset_2,embedding
1276,0.6931471805599453,0.6756103,train,p0,dataset_2,embedding
498,0.6931471805599453,0.69681394,train,p0,dataset_2,embedding
555,0.6931471805599453,0.7260225,train,p0,dataset_2,embedding
1241,0.6931471805599453,0.6886921,train,p0,dataset_2,embedding
449,0.6931471805599453,0.7288145,train,p0,dataset_2,embedding
828,0.6931471805599453,0.6923342,train,p0,dataset_2,embedding
205,0.6931471805599453,0.6852491,train,p0,dataset_2,embedding
664,0.6931471805599453,0.682912,train,p0,dataset_2,embedding
460,0.6931471805599453,0.6782793,train,p0,dataset_2,embedding
920,0.6931471805599453,0.68888104,train,p0,dataset_2,embedding
295,0.6931471805599453,0.6911994,train,p0,dataset_2,embedding
1157,0.6931471805599453,0.6888795,train,p0,dataset_2,embedding
1336,0.6931471805599453,0.6967474,train,p0,dataset_2,embedding
1188,0.6931471805599453,0.78673995,train,p0,dataset_2,embedding
791,0.6931471805599453,0.68942404,train,p0,dataset_2,embedding
1173,1.3862943611198906,1.0616108,train,p0,dataset_2,embedding
1243,0.6931471805599453,0.6178615,train,p0,dataset_2,embedding
926,0.6931471805599453,0.7105967,train,p0,dataset_2,embedding
924,0.6931471805599453,0.7088109,train,p0,dataset_2,embedding
58,0.6931471805599453,0.6819161,train,p0,dataset_2,embedding
1054,0.6931471805599453,0.7082391,train,p0,dataset_2,embedding
1256,0.6931471805599453,0.6741545,train,p0,dataset_2,embedding
379,1.0986122886681098,0.8929087,train,p0,dataset_2,embedding
373,0.6931471805599453,0.69713867,train,p0,dataset_2,embedding
758,0.6931471805599453,0.7006084,train,p0,dataset_2,embedding
552,0.6931471805599453,0.71603215,train,p0,dataset_2,embedding
671,0.6931471805599453,0.8068528,train,p0,dataset_2,embedding
654,0.6931471805599453,0.72866213,train,p0,dataset_2,embedding
646,0.6931471805599453,0.9667282,train,p0,dataset_2,embedding
541,0.6931471805599453,0.91850615,train,p0,dataset_2,embedding
844,0.6931471805599453,0.6982095,train,p0,dataset_2,embedding
876,0.6931471805599453,0.69789875,train,p0,dataset_2,embedding
176,0.6931471805599453,0.68819857,train,p0,dataset_2,embedding
600,0.6931471805599453,0.6916139,train,p0,dataset_2,embedding
500,0.6931471805599453,0.77415454,train,p0,dataset_2,embedding
731,0.6931471805599453,0.9497944,train,p0,dataset_2,embedding
442,0.6931471805599453,0.77109003,train,p0,dataset_2,embedding
1109,0.6931471805599453,0.73871434,train,p0,dataset_2,embedding
280,0.6931471805599453,0.7308736,train,p0,dataset_2,embedding
1392,0.6931471805599453,0.69948876,train,p0,dataset_2,embedding
482,0.6931471805599453,0.68866634,train,p0,dataset_2,embedding
754,0.6931471805599453,0.7072991,train,p0,dataset_2,embedding
5,0.6931471805599453,0.72495985,train,p0,dataset_2,embedding
737,0.6931471805599453,0.69143856,train,p0,dataset_2,embedding
554,2.302585092994046,2.4787507,train,p0,dataset_2,embedding
810,0.6931471805599453,0.6931033,train,p0,dataset_2,embedding
346,0.6931471805599453,0.7568116,train,p0,dataset_2,embedding
1407,0.6931471805599453,0.6961708,train,p0,dataset_2,embedding
370,0.6931471805599453,0.6937095,train,p0,dataset_2,embedding
484,0.6931471805599453,0.6759635,train,p0,dataset_2,embedding
1125,1.0986122886681098,0.90548456,train,p0,dataset_2,embedding
1202,0.6931471805599453,0.67745495,train,p0,dataset_2,embedding
1081,0.6931471805599453,0.69593346,train,p0,dataset_2,embedding
820,0.6931471805599453,0.6757386,train,p0,dataset_2,embedding
593,0.6931471805599453,0.7813864,train,p0,dataset_2,embedding
1429,0.6931471805599453,0.6945497,train,p0,dataset_2,embedding
563,0.6931471805599453,0.7390535,train,p0,dataset_2,embedding
1381,0.6931471805599453,0.69990504,train,p0,dataset_2,embedding
865,0.6931471805599453,0.6888703,train,p0,dataset_2,embedding
238,0.6931471805599453,0.8171812,train,p0,dataset_2,embedding
546,0.6931471805599453,0.6919019,train,p0,dataset_2,embedding
648,0.6931471805599453,0.75067925,train,p0,dataset_2,embedding
1366,0.6931471805599453,0.6999773,train,p0,dataset_2,embedding
936,0.6931471805599453,0.6881522,train,p0,dataset_2,embedding
307,0.6931471805599453,0.6995536,train,p0,dataset_2,embedding
1427,0.6931471805599453,0.6947651,train,p0,dataset_2,embedding
1406,0.6931471805599453,0.68368757,train,p0,dataset_2,embedding
971,0.6931471805599453,0.6971079,train,p0,dataset_2,embedding
877,0.6931471805599453,0.6948317,train,p0,dataset_2,embedding
139,0.6931471805599453,0.6947272,train,p0,dataset_2,embedding
1418,0.6931471805599453,0.67660725,train,p0,dataset_2,embedding
263,0.6931471805599453,0.6956614,train,p0,dataset_2,embedding
723,0.6931471805599453,0.71145856,train,p0,dataset_2,embedding
264,0.6931471805599453,0.6613618,train,p0,dataset_2,embedding
951,0.6931471805599453,0.6778054,train,p0,dataset_2,embedding
152,0.6931471805599453,0.6732185,train,p0,dataset_2,embedding
1118,0.6931471805599453,0.69043934,train,p0,dataset_2,embedding
631,1.3862943611198906,1.6994052,train,p0,dataset_2,embedding
456,0.6931471805599453,0.70526373,train,p0,dataset_2,embedding
210,1.791759469228055,1.6258179,train,p0,dataset_2,embedding
537,1.0986122886681098,0.8663492,train,p0,dataset_2,embedding
720,1.6094379124341005,1.3856195,train,p0,dataset_2,embedding
1339,0.6931471805599453,0.6977936,train,p0,dataset_2,embedding
1282,0.6931471805599453,0.6924722,train,p0,dataset_2,embedding
838,0.6931471805599453,0.70795214,train,p0,dataset_2,embedding
1136,0.6931471805599453,0.6888747,train,p0,dataset_2,embedding
194,0.6931471805599453,0.6968663,train,p0,dataset_2,embedding
553,0.6931471805599453,0.76268244,train,p0,dataset_2,embedding
165,0.6931471805599453,0.7291628,train,p0,dataset_2,embedding
698,0.6931471805599453,0.6600368,train,p0,dataset_2,embedding
1002,0.6931471805599453,0.695652,train,p0,dataset_2,embedding
777,0.6931471805599453,0.6744398,train,p0,dataset_2,embedding
1150,0.6931471805599453,0.70813644,train,p0,dataset_2,embedding
760,0.6931471805599453,0.69633234,train,p0,dataset_2,embedding
147,0.6931471805599453,0.69028187,train,p0,dataset_2,embedding
612,0.6931471805599453,0.6821972,train,p0,dataset_2,embedding
511,0.6931471805599453,0.69967306,train,p0,dataset_2,embedding
1299,0.6931471805599453,0.6827638,train,p0,dataset_2,embedding
974,0.6931471805599453,0.6959734,train,p0,dataset_2,embedding
599,0.6931471805599453,0.6828114,train,p0,dataset_2,embedding
368,0.6931471805599453,0.6415273,train,p0,dataset_2,embedding
441,0.6931471805599453,0.71064687,train,p0,dataset_2,embedding
360,0.6931471805599453,0.7765124,train,p0,dataset_2,embedding
581,0.6931471805599453,0.6926886,train,p0,dataset_2,embedding
1314,0.6931471805599453,0.75308895,train,p0,dataset_2,embedding
801,0.6931471805599453,0.6982926,train,p0,dataset_2,embedding
808,0.6931471805599453,0.67702436,train,p0,dataset_2,embedding
1115,0.6931471805599453,0.6884512,train,p0,dataset_2,embedding
657,0.6931471805599453,0.81565607,train,p0,dataset_2,embedding
695,0.6931471805599453,0.669786,train,p0,dataset_2,embedding
201,0.6931471805599453,0.6943934,train,p0,dataset_2,embedding
1007,0.6931471805599453,0.6959524,train,p0,dataset_2,embedding
1401,0.6931471805599453,0.6969931,train,p0,dataset_2,embedding
669,0.6931471805599453,0.7468883,train,p0,dataset_2,embedding
1347,0.6931471805599453,0.73622,train,p0,dataset_2,embedding
1267,0.6931471805599453,0.72295225,train,p0,dataset_2,embedding
1117,0.6931471805599453,0.70966744,train,p0,dataset_2,embedding
1218,0.6931471805599453,0.7485888,train,p0,dataset_2,embedding
638,0.6931471805599453,0.8222523,train,p0,dataset_2,embedding
74,0.6931471805599453,0.6944705,train,p0,dataset_2,embedding
1011,0.6931471805599453,0.6943997,train,p0,dataset_2,embedding
576,0.6931471805599453,0.7133541,train,p0,dataset_2,embedding
233,0.6931471805599453,0.7544161,train,p0,dataset_2,embedding
1216,0.6931471805599453,0.7106961,train,p0,dataset_2,embedding
97,0.6931471805599453,0.6819967,train,p0,dataset_2,embedding
1440,0.6931471805599453,0.69063425,train,p0,dataset_2,embedding
862,0.6931471805599453,0.69058347,train,p0,dataset_2,embedding
171,0.6931471805599453,0.6809845,train,p0,dataset_2,embedding
1146,0.6931471805599453,0.69573164,train,p0,dataset_2,embedding
395,2.0794415416798357,1.8189547,train,p0,dataset_2,embedding
629,2.8903717578961645,2.5622704,train,p0,dataset_2,embedding
467,0.6931471805599453,0.69000185,train,p0,dataset_2,embedding
59,0.6931471805599453,0.68806744,train,p0,dataset_2,embedding
623,1.9459101490553132,1.3893777,train,p0,dataset_2,embedding
432,1.3862943611198906,1.2473671,train,p0,dataset_2,embedding
1078,0.6931471805599453,0.690313,train,p0,dataset_2,embedding
972,0.6931471805599453,0.73745537,train,p0,dataset_2,embedding
1017,0.6931471805599453,0.6947843,train,p0,dataset_2,embedding
1001,0.6931471805599453,0.80196774,train,p0,dataset_2,embedding
734,0.6931471805599453,0.79728675,train,p0,dataset_2,embedding
681,0.6931471805599453,0.7234236,train,p0,dataset_2,embedding
703,0.6931471805599453,0.67894614,train,p0,dataset_2,embedding
1071,0.6931471805599453,0.6741123,train,p0,dataset_2,embedding
444,0.6931471805599453,0.78894114,train,p0,dataset_2,embedding
622,0.6931471805599453,0.71216774,train,p0,dataset_2,embedding
1312,0.6931471805599453,0.6741407,train,p0,dataset_2,embedding
89,0.6931471805599453,0.6855899,train,p0,dataset_2,embedding
17,1.0986122886681098,0.79719555,train,p0,dataset_2,embedding
406,0.6931471805599453,0.6973282,train,p0,dataset_2,embedding
391,1.3862943611198906,0.86287916,train,p0,dataset_2,embedding
328,0.6931471805599453,0.6959864,train,p0,dataset_2,embedding
178,0.6931471805599453,0.69491076,train,p0,dataset_2,embedding
550,0.6931471805599453,0.69074285,train,p0,dataset_2,embedding
1280,0.6931471805599453,0.68654597,train,p0,dataset_2,embedding
138,0.6931471805599453,0.69460213,train,p0,dataset_2,embedding
1428,0.6931471805599453,0.68972623,train,p0,dataset_2,embedding
96,0.6931471805599453,0.67679524,train,p0,dataset_2,embedding
1291,0.6931471805599453,0.676399,train,p0,dataset_2,embedding
273,0.6931471805599453,0.68643856,train,p0,dataset_2,embedding
1196,0.6931471805599453,0.6937189,train,p0,dataset_2,embedding
1307,0.6931471805599453,0.7287257,train,p0,dataset_2,embedding
1119,0.6931471805599453,0.75417244,train,p0,dataset_2,embedding
1283,0.6931471805599453,0.68984306,train,p0,dataset_2,embedding
885,0.6931471805599453,0.74332535,train,p0,dataset_2,embedding
851,0.6931471805599453,0.6988809,train,p0,dataset_2,embedding
1204,0.6931471805599453,0.6747595,train,p0,dataset_2,embedding
746,0.6931471805599453,0.7034892,train,p0,dataset_2,embedding
167,0.6931471805599453,0.6749399,train,p0,dataset_2,embedding
1221,0.6931471805599453,0.8596662,train,p0,dataset_2,embedding
613,0.6931471805599453,0.7668574,train,p0,dataset_2,embedding
667,0.6931471805599453,0.69039047,train,p0,dataset_2,embedding
1242,0.6931471805599453,0.6983657,train,p0,dataset_2,embedding
544,0.6931471805599453,0.7328297,train,p0,dataset_2,embedding
204,0.6931471805599453,0.6958847,train,p0,dataset_2,embedding
110,0.6931471805599453,0.69402206,train,p0,dataset_2,embedding
470,0.6931471805599453,0.68844795,train,p0,dataset_2,embedding
958,0.6931471805599453,0.6871816,train,p0,dataset_2,embedding
717,2.70805020110221,2.2831092,train,p0,dataset_2,embedding
221,0.6931471805599453,0.6922705,train,p0,dataset_2,embedding
1133,0.6931471805599453,0.90434647,train,p0,dataset_2,embedding
1132,0.6931471805599453,0.71374655,train,p0,dataset_2,embedding
486,0.6931471805599453,0.7085124,train,p0,dataset_2,embedding
137,0.6931471805599453,0.6612015,train,p0,dataset_2,embedding
789,0.6931471805599453,0.7082727,train,p0,dataset_2,embedding
92,0.6931471805599453,0.6590979,train,p0,dataset_2,embedding
230,0.6931471805599453,0.71040404,train,p0,dataset_2,embedding
16,0.6931471805599453,0.6418203,train,p0,dataset_2,embedding
764,0.6931471805599453,0.7409705,train,p0,dataset_2,embedding
645,1.3862943611198906,1.1029116,train,p0,dataset_2,embedding
1056,0.6931471805599453,0.6649035,train,p0,dataset_2,embedding
750,1.0986122886681098,0.9191971,train,p0,dataset_2,embedding
48,0.6931471805599453,0.68724525,train,p0,dataset_2,embedding
1194,0.6931471805599453,0.6759548,train,p0,dataset_2,embedding
957,0.6931471805599453,0.69402266,train,p0,dataset_2,embedding
1374,0.6931471805599453,0.73581994,train,p0,dataset_2,embedding
266,0.6931471805599453,0.69529784,train,p0,dataset_2,embedding
108,0.6931471805599453,0.6869463,train,p0,dataset_2,embedding
727,0.6931471805599453,0.8840226,train,p0,dataset_2,embedding
677,0.6931471805599453,0.7751007,train,p0,dataset_2,embedding
942,0.6931471805599453,0.695678,train,p0,dataset_2,embedding
719,1.791759469228055,1.1623368,train,p0,dataset_2,embedding
211,3.091042453358316,1.7968767,train,p0,dataset_2,embedding
756,0.6931471805599453,0.6883291,train,p0,dataset_2,embedding
1212,0.6931471805599453,0.76610625,train,p0,dataset_2,embedding
1035,0.6931471805599453,0.76168144,train,p0,dataset_2,embedding
20,0.6931471805599453,0.7175548,train,p0,dataset_2,embedding
561,0.6931471805599453,0.70397246,train,p0,dataset_2,embedding
759,0.6931471805599453,0.70677793,train,p0,dataset_2,embedding
1416,0.6931471805599453,0.66042984,train,p0,dataset_2,embedding
670,0.6931471805599453,0.7096344,train,p0,dataset_2,embedding
443,0.6931471805599453,0.68001807,train,p0,dataset_2,embedding
225,0.6931471805599453,0.711113,train,p0,dataset_2,embedding
1148,0.6931471805599453,0.6609341,train,p0,dataset_2,embedding
1168,1.3862943611198906,1.3734686,train,p0,dataset_2,embedding
1294,0.6931471805599453,0.6809046,train,p0,dataset_2,embedding
700,0.6931471805599453,0.675647,train,p0,dataset_2,embedding
716,2.3978952727983707,2.358082,train,p0,dataset_2,embedding
1180,1.0986122886681098,0.94661963,train,p0,dataset_2,embedding
250,0.6931471805599453,0.6944715,train,p0,dataset_2,embedding
439,0.6931471805599453,0.7017909,train,p0,dataset_2,embedding
805,0.6931471805599453,0.7073437,train,p0,dataset_2,embedding
595,1.9459101490553132,1.4164338,train,p0,dataset_2,embedding
119,0.6931471805599453,0.6945727,train,p0,dataset_2,embedding
1044,0.6931471805599453,0.6746428,train,p0,dataset_2,embedding
774,0.6931471805599453,0.7183732,train,p0,dataset_2,embedding
372,0.6931471805599453,0.69598186,train,p0,dataset_2,embedding
726,0.6931471805599453,0.921335,train,p0,dataset_2,embedding
736,1.0986122886681098,0.8037708,train,p0,dataset_2,embedding
809,0.6931471805599453,0.7190474,train,p0,dataset_2,embedding
1356,0.6931471805599453,0.6676245,train,p0,dataset_2,embedding
1320,0.6931471805599453,0.93514836,train,p0,dataset_2,embedding
294,0.6931471805599453,0.70006573,train,p0,dataset_2,embedding
569,0.6931471805599453,0.7096342,train,p0,dataset_2,embedding
1072,0.6931471805599453,0.7082424,train,p0,dataset_2,embedding
335,0.6931471805599453,0.7508315,train,p0,dataset_2,embedding
1260,0.6931471805599453,0.6875055,train,p0,dataset_2,embedding
1140,0.6931471805599453,0.68849695,train,p0,dataset_2,embedding
609,0.6931471805599453,0.6819061,train,p0,dataset_2,embedding
1184,0.6931471805599453,0.8523381,train,p0,dataset_2,embedding
383,0.6931471805599453,0.6954012,train,p0,dataset_2,embedding
1145,0.6931471805599453,0.74751794,train,p0,dataset_2,embedding
508,0.6931471805599453,0.6432581,train,p0,dataset_2,embedding
359,0.6931471805599453,0.6747521,train,p0,dataset_2,embedding
940,0.6931471805599453,0.7373692,train,p0,dataset_2,embedding
928,0.6931471805599453,0.674536,train,p0,dataset_2,embedding
156,0.6931471805599453,0.64264596,train,p0,dataset_2,embedding
1408,0.6931471805599453,0.64796317,train,p0,dataset_2,embedding
1249,0.6931471805599453,0.6952859,train,p0,dataset_2,embedding
534,0.6931471805599453,0.6699263,train,p0,dataset_2,embedding
296,0.6931471805599453,0.72112525,train,p0,dataset_2,embedding
487,0.6931471805599453,0.6954384,train,p0,dataset_2,embedding
22,0.6931471805599453,0.6528039,train,p0,dataset_2,embedding
962,0.6931471805599453,0.67915714,train,p0,dataset_2,embedding
1110,0.6931471805599453,0.69839346,train,p0,dataset_2,embedding
880,0.6931471805599453,0.671082,train,p0,dataset_2,embedding
336,0.6931471805599453,0.6945635,train,p0,dataset_2,embedding
426,0.6931471805599453,0.7918761,train,p0,dataset_2,embedding
84,0.6931471805599453,0.7744924,train,p0,dataset_2,embedding
992,0.6931471805599453,0.68516624,train,p0,dataset_2,embedding
1439,0.6931471805599453,0.7188213,train,p0,dataset_2,embedding
1386,0.6931471805599453,0.70687425,train,p0,dataset_2,embedding
1033,0.6931471805599453,0.7492069,train,p0,dataset_2,embedding
1349,0.6931471805599453,0.6948248,train,p0,dataset_2,embedding
220,0.6931471805599453,0.7460661,train,p0,dataset_2,embedding
1328,0.6931471805599453,0.67523634,train,p0,dataset_2,embedding
565,0.6931471805599453,0.75880647,train,p0,dataset_2,embedding
434,0.6931471805599453,0.72907615,train,p0,dataset_2,embedding
515,0.6931471805599453,0.6757922,train,p0,dataset_2,embedding
761,0.6931471805599453,0.69351304,train,p0,dataset_2,embedding
1222,0.6931471805599453,0.66112053,train,p0,dataset_2,embedding
52,0.6931471805599453,0.6909466,train,p0,dataset_2,embedding
589,0.6931471805599453,0.68805754,train,p0,dataset_2,embedding
975,0.6931471805599453,0.7191919,train,p0,dataset_2,embedding
281,0.6931471805599453,0.69239247,train,p0,dataset_2,embedding
1271,0.6931471805599453,0.6445477,train,p0,dataset_2,embedding
562,0.6931471805599453,0.6949012,train,p0,dataset_2,embedding
10,0.6931471805599453,0.7218559,train,p0,dataset_2,embedding
738,1.0986122886681098,0.7453567,train,p0,dataset_2,embedding
1229,0.6931471805599453,0.6544143,train,p0,dataset_2,embedding
352,0.6931471805599453,0.6911315,train,p0,dataset_2,embedding
1371,0.6931471805599453,0.677282,train,p0,dataset_2,embedding
1041,0.6931471805599453,0.6763531,train,p0,dataset_2,embedding
660,0.6931471805599453,0.71506,train,p0,dataset_2,embedding
1205,0.6931471805599453,0.6665944,train,p0,dataset_2,embedding
624,0.6931471805599453,0.69605863,train,p0,dataset_2,embedding
21,0.6931471805599453,0.6887809,train,p0,dataset_2,embedding
448,0.6931471805599453,0.7036668,train,p0,dataset_2,embedding
923,0.6931471805599453,0.68253696,train,p0,dataset_2,embedding
800,0.6931471805599453,0.69487214,train,p0,dataset_2,embedding
94,0.6931471805599453,0.7726495,train,p0,dataset_2,embedding
966,0.6931471805599453,0.7844417,train,p0,dataset_2,embedding
146,0.6931471805599453,0.6946342,train,p0,dataset_2,embedding
993,0.6931471805599453,0.6449884,train,p0,dataset_2,embedding
829,0.6931471805599453,0.6976125,train,p0,dataset_2,embedding
644,0.6931471805599453,0.8170514,train,p0,dataset_2,embedding
331,0.6931471805599453,0.7288227,train,p0,dataset_2,embedding
366,0.6931471805599453,0.6945118,train,p0,dataset_2,embedding
768,0.6931471805599453,0.65979385,train,p0,dataset_2,embedding
1046,0.6931471805599453,0.6610811,train,p0,dataset_2,embedding
725,0.6931471805599453,0.7760465,train,p0,dataset_2,embedding
422,0.6931471805599453,0.72804093,train,p0,dataset_2,embedding
1067,0.6931471805599453,0.68686247,train,p0,dataset_2,embedding
954,0.6931471805599453,0.6932776,train,p0,dataset_2,embedding
207,4.110873864173311,4.4360514,train,p0,dataset_2,embedding
249,0.6931471805599453,0.68197906,train,p0,dataset_2,embedding
353,0.6931471805599453,0.69624233,train,p0,dataset_2,embedding
883,0.6931471805599453,0.6837995,train,p0,dataset_2,embedding
525,0.6931471805599453,0.7437465,train,p0,dataset_2,embedding
1345,0.6931471805599453,0.74929285,train,p0,dataset_2,embedding
390,0.6931471805599453,0.6781392,train,p0,dataset_2,embedding
526,0.6931471805599453,0.6780554,train,p0,dataset_2,embedding
1262,0.6931471805599453,0.67922413,train,p0,dataset_2,embedding
1370,0.6931471805599453,0.66532135,train,p0,dataset_2,embedding
1183,0.6931471805599453,0.6808994,train,p0,dataset_2,embedding
1375,0.6931471805599453,0.660352,train,p0,dataset_2,embedding
8,0.6931471805599453,0.67785287,train,p0,dataset_2,embedding
298,0.6931471805599453,0.704147,train,p0,dataset_2,embedding
1230,0.6931471805599453,0.6432382,train,p0,dataset_2,embedding
344,0.6931471805599453,0.7427963,train,p0,dataset_2,embedding
320,0.6931471805599453,0.702387,train,p0,dataset_2,embedding
1252,0.6931471805599453,0.69459,train,p0,dataset_2,embedding
452,0.6931471805599453,0.64144397,train,p0,dataset_2,embedding
1153,0.6931471805599453,0.67644286,train,p0,dataset_2,embedding
166,0.6931471805599453,0.7125646,train,p0,dataset_2,embedding
388,0.6931471805599453,0.6583719,train,p0,dataset_2,embedding
446,0.6931471805599453,0.65326595,train,p0,dataset_2,embedding
1287,0.6931471805599453,0.6941197,train,p0,dataset_2,embedding
1327,0.6931471805599453,0.6939671,train,p0,dataset_2,embedding
1268,0.6931471805599453,0.7135643,train,p0,dataset_2,embedding
4,0.6931471805599453,0.71198833,train,p0,dataset_2,embedding
1372,0.6931471805599453,0.64004004,train,p0,dataset_2,embedding
767,1.0986122886681098,0.86115813,train,p0,dataset_2,embedding
574,0.6931471805599453,0.6960201,train,p0,dataset_2,embedding
524,0.6931471805599453,0.959514,train,p0,dataset_2,embedding
989,0.6931471805599453,0.69965005,train,p0,dataset_2,embedding
882,0.6931471805599453,0.6807214,train,p0,dataset_2,embedding
236,0.6931471805599453,0.6972965,train,p0,dataset_2,embedding
1419,0.6931471805599453,0.7139082,train,p0,dataset_2,embedding
1096,0.6931471805599453,0.68196344,train,p0,dataset_2,embedding
182,0.6931471805599453,0.71823835,train,p0,dataset_2,embedding
952,0.6931471805599453,0.67846847,train,p0,dataset_2,embedding
604,0.6931471805599453,0.6925925,train,p0,dataset_2,embedding
453,0.6931471805599453,0.70643103,train,p0,dataset_2,embedding
350,0.6931471805599453,0.69942224,train,p0,dataset_2,embedding
278,0.6931471805599453,0.6956681,train,p0,dataset_2,embedding
635,3.610917912644224,1.9512402,train,p0,dataset_2,embedding
226,0.6931471805599453,0.6967945,train,p0,dataset_2,embedding
1074,0.6931471805599453,0.679863,train,p0,dataset_2,embedding
1277,0.6931471805599453,0.6945703,train,p0,dataset_2,embedding
269,0.6931471805599453,0.67707705,train,p0,dataset_2,embedding
1368,0.6931471805599453,0.69107676,train,p0,dataset_2,embedding
1128,0.6931471805599453,0.7488558,train,p0,dataset_2,embedding
568,0.6931471805599453,0.69569147,train,p0,dataset_2,embedding
1319,0.6931471805599453,0.69330907,train,p0,dataset_2,embedding
517,0.6931471805599453,0.6960821,train,p0,dataset_2,embedding
822,0.6931471805599453,0.65621877,train,p0,dataset_2,embedding
1062,0.6931471805599453,0.6593311,train,p0,dataset_2,embedding
191,0.6931471805599453,0.7156631,train,p0,dataset_2,embedding
895,0.6931471805599453,0.70180714,train,p0,dataset_2,embedding
917,0.6931471805599453,0.69148755,train,p0,dataset_2,embedding
606,0.6931471805599453,0.690982,train,p0,dataset_2,embedding
1182,1.3862943611198906,0.8690429,train,p0,dataset_2,embedding
797,0.6931471805599453,0.67768836,train,p0,dataset_2,embedding
183,0.6931471805599453,0.67890656,train,p0,dataset_2,embedding
311,0.6931471805599453,0.68071365,train,p0,dataset_2,embedding
73,0.6931471805599453,0.59778535,train,p0,dataset_2,embedding
687,0.6931471805599453,0.67557013,train,p0,dataset_2,embedding
134,0.6931471805599453,0.6612668,train,p0,dataset_2,embedding
1322,0.6931471805599453,0.6610303,train,p0,dataset_2,embedding
349,0.6931471805599453,0.70277524,train,p0,dataset_2,embedding
1089,0.6931471805599453,0.7300712,train,p0,dataset_2,embedding
1275,0.6931471805599453,0.7089697,train,p0,dataset_2,embedding
489,0.6931471805599453,0.69514716,train,p0,dataset_2,embedding
445,0.6931471805599453,0.7375057,train,p0,dataset_2,embedding
580,0.6931471805599453,0.6598005,train,p0,dataset_2,embedding
504,0.6931471805599453,0.6900524,train,p0,dataset_2,embedding
342,0.6931471805599453,0.6771802,train,p0,dataset_2,embedding
807,0.6931471805599453,0.6961627,train,p0,dataset_2,embedding
79,0.6931471805599453,0.68574405,train,p0,dataset_2,embedding
998,0.6931471805599453,0.65092885,train,p0,dataset_2,embedding
953,0.6931471805599453,0.67877805,train,p0,dataset_2,embedding
773,0.6931471805599453,0.7566917,train,p0,dataset_2,embedding
241,1.6094379124341005,1.4326035,train,p0,dataset_2,embedding
1142,0.6931471805599453,0.76803267,train,p0,dataset_2,embedding
1139,0.6931471805599453,0.6953473,train,p0,dataset_2,embedding
647,0.6931471805599453,1.2478839,train,p0,dataset_2,embedding
180,0.6931471805599453,0.7124717,train,p0,dataset_2,embedding
23,0.6931471805599453,0.6887764,train,p0,dataset_2,embedding
1424,0.6931471805599453,0.6604612,train,p0,dataset_2,embedding
154,0.6931471805599453,0.6950418,train,p0,dataset_2,embedding
144,0.6931471805599453,0.68711305,train,p0,dataset_2,embedding
724,1.0986122886681098,1.2811937,train,p0,dataset_2,embedding
643,1.0986122886681098,0.91885483,train,p0,dataset_2,embedding
120,0.6931471805599453,0.77458465,train,p0,dataset_2,embedding
1127,0.6931471805599453,0.7109773,train,p0,dataset_2,embedding
948,0.6931471805599453,0.6958059,train,p0,dataset_2,embedding
633,1.0986122886681098,1.1267605,train,p0,dataset_2,embedding
1309,0.6931471805599453,0.6782452,train,p0,dataset_2,embedding
41,0.6931471805599453,0.695544,train,p0,dataset_2,embedding
255,0.6931471805599453,0.69173956,train,p0,dataset_2,embedding
455,0.6931471805599453,0.68019545,train,p0,dataset_2,embedding
491,0.6931471805599453,0.6938926,train,p0,dataset_2,embedding
185,0.6931471805599453,0.6698338,train,p0,dataset_2,embedding
540,0.6931471805599453,0.6397779,train,p0,dataset_2,embedding
459,0.6931471805599453,0.6916944,train,p0,dataset_2,embedding
1124,0.6931471805599453,0.7244487,train,p0,dataset_2,embedding
1245,0.6931471805599453,0.70426905,train,p0,dataset_2,embedding
1195,0.6931471805599453,0.68660617,train,p0,dataset_2,embedding
476,0.6931471805599453,0.6697675,train,p0,dataset_2,embedding
321,0.6931471805599453,0.69154656,train,p0,dataset_2,embedding
591,0.6931471805599453,0.6922958,train,p0,dataset_2,embedding
26,0.6931471805599453,0.713254,train,p0,dataset_2,embedding
1186,0.6931471805599453,0.70860314,train,p0,dataset_2,embedding
1010,0.6931471805599453,0.6901461,train,p0,dataset_2,embedding
1059,0.6931471805599453,0.640424,train,p0,dataset_2,embedding
911,0.6931471805599453,0.7144867,train,p0,dataset_2,embedding
616,0.6931471805599453,0.69460833,train,p0,dataset_2,embedding
1170,1.3862943611198906,1.1105003,train,p0,dataset_2,embedding
428,0.6931471805599453,0.695701,train,p0,dataset_2,embedding
778,0.6931471805599453,0.7093016,train,p0,dataset_2,embedding
393,1.0986122886681098,0.8606471,train,p0,dataset_2,embedding
1274,0.6931471805599453,0.6922033,train,p0,dataset_2,embedding
728,0.6931471805599453,0.87126434,train,p0,dataset_2,embedding
430,0.6931471805599453,0.71058846,train,p0,dataset_2,embedding
1415,0.6931471805599453,0.67934346,train,p0,dataset_2,embedding
272,0.6931471805599453,0.6792946,train,p0,dataset_2,embedding
488,0.6931471805599453,0.6943059,train,p0,dataset_2,embedding
187,0.6931471805599453,0.742198,train,p0,dataset_2,embedding
823,0.6931471805599453,0.663437,train,p0,dataset_2,embedding
1095,0.6931471805599453,0.67645395,train,p0,dataset_2,embedding
39,0.6931471805599453,0.6775372,train,p0,dataset_2,embedding
755,0.6931471805599453,0.68117917,train,p0,dataset_2,embedding
153,0.6931471805599453,0.734622,train,p0,dataset_2,embedding
987,0.6931471805599453,0.6953244,train,p0,dataset_2,embedding
1018,0.6931471805599453,0.7088132,train,p0,dataset_2,embedding
37,0.6931471805599453,0.6993793,train,p0,dataset_2,embedding
1435,0.6931471805599453,0.7400048,train,p0,dataset_2,embedding
900,0.6931471805599453,0.70668066,train,p0,dataset_2,embedding
1253,0.6931471805599453,0.6960093,train,p0,dataset_2,embedding
86,0.6931471805599453,0.69364035,train,p0,dataset_2,embedding
1019,0.6931471805599453,0.68991184,train,p0,dataset_2,embedding
1105,0.6931471805599453,0.7015054,train,p0,dataset_2,embedding
1220,0.6931471805599453,0.6956917,train,p0,dataset_2,embedding
941,0.6931471805599453,0.7067863,train,p0,dataset_2,embedding
881,0.6931471805599453,0.64469147,train,p0,dataset_2,embedding
696,0.6931471805599453,0.71033275,train,p0,dataset_2,embedding
1385,0.6931471805599453,0.7353504,train,p0,dataset_2,embedding
915,0.6931471805599453,0.66740644,train,p0,dataset_2,embedding
1334,0.6931471805599453,0.6161692,train,p0,dataset_2,embedding
1198,0.6931471805599453,0.6720545,train,p0,dataset_2,embedding
1094,0.6931471805599453,0.6867634,train,p0,dataset_2,embedding
1049,0.6931471805599453,0.86939394,train,p0,dataset_2,embedding
967,0.6931471805599453,0.6983963,train,p0,dataset_2,embedding
1063,0.6931471805599453,0.6865759,train,p0,dataset_2,embedding
875,0.6931471805599453,0.695174,train,p0,dataset_2,embedding
826,0.6931471805599453,0.6805495,train,p0,dataset_2,embedding
305,0.6931471805599453,0.70402277,train,p0,dataset_2,embedding
831,0.6931471805599453,0.69708633,train,p0,dataset_2,embedding
1335,0.6931471805599453,0.6790881,train,p0,dataset_2,embedding
849,0.6931471805599453,0.66640747,train,p0,dataset_2,embedding
90,0.6931471805599453,0.69705415,train,p0,dataset_2,embedding
642,0.6931471805599453,0.9948466,train,p0,dataset_2,embedding
1091,0.6931471805599453,0.8183954,train,p0,dataset_2,embedding
1149,0.6931471805599453,0.6890068,train,p0,dataset_2,embedding
676,0.6931471805599453,0.6975485,train,p0,dataset_2,embedding
125,0.6931471805599453,0.67219913,train,p0,dataset_2,embedding
1225,0.6931471805599453,0.667027,train,p0,dataset_2,embedding
1364,0.6931471805599453,0.6838714,train,p0,dataset_2,embedding
902,0.6931471805599453,0.6940036,train,p0,dataset_2,embedding
243,0.6931471805599453,0.6865387,train,p0,dataset_2,embedding
11,0.6931471805599453,0.7439649,train,p0,dataset_2,embedding
1032,0.6931471805599453,0.69352484,train,p0,dataset_2,embedding
1084,0.6931471805599453,0.69433916,train,p0,dataset_2,embedding
694,1.0986122886681098,1.1428752,train,p0,dataset_2,embedding
246,1.3862943611198906,1.0324116,train,p0,dataset_2,embedding
1050,0.6931471805599453,0.6725625,train,p0,dataset_2,embedding
814,0.6931471805599453,0.67933834,train,p0,dataset_2,embedding
1137,0.6931471805599453,0.6726662,train,p0,dataset_2,embedding
897,0.6931471805599453,0.69786453,train,p0,dataset_2,embedding
495,0.6931471805599453,0.70846033,train,p0,dataset_2,embedding
437,0.6931471805599453,0.69676054,train,p0,dataset_2,embedding
821,0.6931471805599453,0.7336695,train,p0,dataset_2,embedding
155,0.6931471805599453,0.6739011,train,p0,dataset_2,embedding
530,0.6931471805599453,0.5603837,train,p0,dataset_2,embedding
66,0.6931471805599453,0.6882658,train,p0,dataset_2,embedding
538,0.6931471805599453,0.9435625,train,p0,dataset_2,embedding
364,0.6931471805599453,0.6909436,train,p0,dataset_2,embedding
1269,0.6931471805599453,0.69018614,train,p0,dataset_2,embedding
521,0.6931471805599453,0.6729058,train,p0,dataset_2,embedding
1306,0.6931471805599453,0.7475687,train,p0,dataset_2,embedding
977,0.6931471805599453,0.67640674,train,p0,dataset_2,embedding
114,0.6931471805599453,0.68743265,train,p0,dataset_2,embedding
634,0.6931471805599453,1.093875,train,p0,dataset_2,embedding
1004,0.6931471805599453,0.6903956,train,p0,dataset_2,embedding
984,0.6931471805599453,0.7312105,train,p0,dataset_2,embedding
386,0.6931471805599453,0.70825267,train,p0,dataset_2,embedding
1208,0.6931471805599453,0.69809914,train,p0,dataset_2,embedding
1433,0.6931471805599453,0.69262314,train,p0,dataset_2,embedding
907,0.6931471805599453,0.6786758,train,p0,dataset_2,embedding
40,0.6931471805599453,0.6930003,train,p0,dataset_2,embedding
712,1.0986122886681098,0.8383615,train,p0,dataset_2,embedding
608,0.6931471805599453,0.6934072,train,p0,dataset_2,embedding
1265,0.6931471805599453,0.6963426,train,p0,dataset_2,embedding
996,0.6931471805599453,0.68915176,train,p0,dataset_2,embedding
399,2.1972245773362196,1.8640234,train,p0,dataset_2,embedding
692,0.6931471805599453,0.72545326,train,p0,dataset_2,embedding
1111,0.6931471805599453,0.6900364,train,p0,dataset_2,embedding
542,0.6931471805599453,0.6947737,train,p0,dataset_2,embedding
262,0.6931471805599453,0.6769377,train,p0,dataset_2,embedding
626,1.9459101490553132,2.47991,train,p0,dataset_2,embedding
477,0.6931471805599453,0.67556083,train,p0,dataset_2,embedding
535,0.6931471805599453,0.67639124,train,p0,dataset_2,embedding
1264,0.6931471805599453,0.6906854,train,p0,dataset_2,embedding
357,0.6931471805599453,0.6773952,train,p0,dataset_2,embedding
1388,0.6931471805599453,0.67953825,train,p0,dataset_2,embedding
903,0.6931471805599453,0.69974864,train,p0,dataset_2,embedding
1155,0.6931471805599453,0.68875074,train,p0,dataset_2,embedding
245,0.6931471805599453,0.7926841,train,p0,dataset_2,embedding
1052,0.6931471805599453,0.62196463,train,p0,dataset_2,embedding
834,0.6931471805599453,0.7150693,train,p0,dataset_2,embedding
1405,0.6931471805599453,0.6502851,train,p0,dataset_2,embedding
314,0.6931471805599453,0.7012167,train,p0,dataset_2,embedding
387,0.6931471805599453,0.6862551,train,p0,dataset_2,embedding
1350,0.6931471805599453,0.6921396,train,p0,dataset_2,embedding
334,0.6931471805599453,0.7054225,train,p0,dataset_2,embedding
944,0.6931471805599453,0.720754,train,p0,dataset_2,embedding
27,0.6931471805599453,0.7473128,train,p0,dataset_2,embedding
1359,0.6931471805599453,0.73176277,train,p0,dataset_2,embedding
1158,1.0986122886681098,0.94075036,train,p0,dataset_2,embedding
548,0.6931471805599453,0.66888523,train,p0,dataset_2,embedding
793,0.6931471805599453,0.69650674,train,p0,dataset_2,embedding
162,0.6931471805599453,0.68291974,train,p0,dataset_2,embedding
1213,0.6931471805599453,0.68382895,train,p0,dataset_2,embedding
356,0.6931471805599453,0.73657286,train,p0,dataset_2,embedding
1279,0.6931471805599453,0.69893575,train,p0,dataset_2,embedding
431,1.0986122886681098,0.8269254,train,p0,dataset_2,embedding
870,0.6931471805599453,0.69351745,train,p0,dataset_2,embedding
25,0.6931471805599453,0.74040294,train,p0,dataset_2,embedding
1015,0.6931471805599453,0.64584243,train,p0,dataset_2,embedding
991,0.6931471805599453,0.6748918,train,p0,dataset_2,embedding
118,0.6931471805599453,0.6806439,train,p0,dataset_2,embedding
675,0.6931471805599453,0.7631022,train,p0,dataset_2,embedding
392,0.6931471805599453,0.77500165,train,p0,dataset_2,embedding
658,0.6931471805599453,0.84183884,train,p0,dataset_2,embedding
367,0.6931471805599453,0.6795589,train,p0,dataset_2,embedding
199,0.6931471805599453,0.6968281,train,p0,dataset_2,embedding
762,0.6931471805599453,0.70557976,train,p0,dataset_2,embedding
159,0.6931471805599453,0.678102,train,p0,dataset_2,embedding
502,0.6931471805599453,0.6787274,train,p0,dataset_2,embedding
1038,0.6931471805599453,0.69013214,train,p0,dataset_2,embedding
753,0.6931471805599453,0.68386614,train,p0,dataset_2,embedding
1332,0.6931471805599453,0.6754184,train,p0,dataset_2,embedding
1167,0.6931471805599453,0.7035142,train,p0,dataset_2,embedding
678,0.6931471805599453,0.7190114,train,p0,dataset_2,embedding
1397,0.6931471805599453,0.6944647,train,p0,dataset_2,embedding
516,0.6931471805599453,0.68235147,train,p0,dataset_2,embedding
740,0.6931471805599453,0.7110714,train,p0,dataset_2,embedding
852,0.6931471805599453,0.73009443,train,p0,dataset_2,embedding
1234,0.6931471805599453,0.6945754,train,p0,dataset_2,embedding
995,0.6931471805599453,0.6723715,train,p0,dataset_2,embedding
132,0.6931471805599453,0.70291066,train,p0,dataset_2,embedding
854,0.6931471805599453,0.6457213,train,p0,dataset_2,embedding
186,0.6931471805599453,0.6944251,train,p0,dataset_2,embedding
1437,0.6931471805599453,0.6923158,train,p0,dataset_2,embedding
1363,0.6931471805599453,0.720217,train,p0,dataset_2,embedding
1164,0.6931471805599453,0.7100302,train,p0,dataset_2,embedding
284,2.0794415416798357,1.4002712,train,p0,dataset_2,embedding
1165,2.3978952727983707,2.9116168,train,p0,dataset_2,embedding
1436,0.6931471805599453,0.6901934,train,p0,dataset_2,embedding
325,0.6931471805599453,0.7049519,train,p0,dataset_2,embedding
287,0.6931471805599453,0.7759861,train,p0,dataset_2,embedding
1060,0.6931471805599453,0.6761733,train,p0,dataset_2,embedding
955,0.6931471805599453,0.71418583,train,p0,dataset_2,embedding
1101,0.6931471805599453,0.67413485,train,p0,dataset_2,embedding
1200,0.6931471805599453,0.6721215,train,p0,dataset_2,embedding
252,0.6931471805599453,0.693748,train,p0,dataset_2,embedding
157,0.6931471805599453,0.6607375,train,p0,dataset_2,embedding
1113,0.6931471805599453,0.6718993,train,p0,dataset_2,embedding
435,0.6931471805599453,0.80886054,train,p0,dataset_2,embedding
1340,0.6931471805599453,0.6623174,train,p0,dataset_2,embedding
785,0.6931471805599453,0.6935413,train,p0,dataset_2,embedding
1316,0.6931471805599453,0.64321303,train,p0,dataset_2,embedding
709,0.6931471805599453,0.69454145,train,p0,dataset_2,embedding
81,1.0986122886681098,1.0392019,train,p0,dataset_2,embedding
735,0.6931471805599453,0.74405634,train,p0,dataset_2,embedding
98,0.6931471805599453,0.67934644,train,p0,dataset_2,embedding
640,1.6094379124341005,1.3023616,train,p0,dataset_2,embedding
976,0.6931471805599453,0.67426443,train,p0,dataset_2,embedding
918,0.6931471805599453,0.7019534,train,p0,dataset_2,embedding
1219,0.6931471805599453,0.70079863,train,p0,dataset_2,embedding
982,0.6931471805599453,0.7419051,train,p0,dataset_2,embedding
292,1.0986122886681098,0.75725114,train,p0,dataset_2,embedding
556,0.6931471805599453,0.695519,train,p0,dataset_2,embedding
1005,0.6931471805599453,0.6946509,train,p0,dataset_2,embedding
1058,0.6931471805599453,0.6934478,train,p0,dataset_2,embedding
1103,0.6931471805599453,0.70477533,train,p0,dataset_2,embedding
514,0.6931471805599453,0.693581,train,p0,dataset_2,embedding
129,0.6931471805599453,0.6791253,train,p0,dataset_2,embedding
389,0.6931471805599453,0.69564736,train,p0,dataset_2,embedding
436,0.6931471805599453,0.70051324,train,p0,dataset_2,embedding
338,0.6931471805599453,0.6953962,train,p0,dataset_2,embedding
1367,0.6931471805599453,0.6823888,train,p0,dataset_2,embedding
473,0.6931471805599453,0.7029369,train,p0,dataset_2,embedding
293,0.6931471805599453,0.7090938,train,p0,dataset_2,embedding
302,0.6931471805599453,0.7048733,train,p0,dataset_2,embedding
189,0.6931471805599453,0.6871139,train,p0,dataset_2,embedding
348,0.6931471805599453,0.698032,train,p0,dataset_2,embedding
663,0.6931471805599453,0.7108724,train,p0,dataset_2,embedding
416,1.0986122886681098,0.84681,train,p0,dataset_2,embedding
1122,0.6931471805599453,0.81635344,train,p0,dataset_2,embedding
410,1.791759469228055,1.0800599,train,p0,dataset_2,embedding
310,0.6931471805599453,0.7003039,train,p0,dataset_2,embedding
327,0.6931471805599453,0.7359021,train,p0,dataset_2,embedding
13,0.6931471805599453,0.6944517,train,p0,dataset_2,embedding
1293,0.6931471805599453,0.68132603,train,p0,dataset_2,embedding
699,0.6931471805599453,0.69584036,train,p0,dataset_2,embedding
227,0.6931471805599453,0.70720744,train,p0,dataset_2,embedding
1296,0.6931471805599453,0.71371853,train,p0,dataset_2,embedding
1354,2.0794415416798357,1.8670659,train,p0,dataset_2,embedding
652,1.0986122886681098,0.80253625,train,p0,dataset_2,embedding
547,0.6931471805599453,0.72459364,train,p0,dataset_2,embedding
1215,0.6931471805599453,0.696771,train,p0,dataset_2,embedding
1377,1.3862943611198906,1.3081806,train,p0,dataset_2,embedding
908,0.6931471805599453,0.70358264,train,p0,dataset_2,embedding
313,0.6931471805599453,0.700143,train,p0,dataset_2,embedding
1270,0.6931471805599453,0.6903815,train,p0,dataset_2,embedding
385,0.6931471805599453,0.6606982,train,p0,dataset_2,embedding
222,0.6931471805599453,0.7272328,train,p0,dataset_2,embedding
196,0.6931471805599453,0.70093966,train,p0,dataset_2,embedding
181,0.6931471805599453,0.6618545,train,p0,dataset_2,embedding
1016,0.6931471805599453,0.6756244,train,p0,dataset_2,embedding
323,0.6931471805599453,0.6982802,train,p0,dataset_2,embedding
64,0.6931471805599453,0.69166195,train,p0,dataset_2,embedding
216,0.6931471805599453,0.755522,train,p0,dataset_2,embedding
1240,0.6931471805599453,0.68763185,train,p0,dataset_2,embedding
1102,0.6931471805599453,0.70968294,train,p0,dataset_2,embedding
1376,0.6931471805599453,0.66189015,train,p0,dataset_2,embedding
197,0.6931471805599453,0.69889975,train,p0,dataset_2,embedding
343,0.6931471805599453,0.7115563,train,p0,dataset_2,embedding
929,0.6931471805599453,0.69163334,train,p0,dataset_2,embedding
267,0.6931471805599453,0.6225499,train,p0,dataset_2,embedding
1106,0.6931471805599453,0.7034552,train,p0,dataset_2,embedding
411,0.6931471805599453,0.69604564,train,p0,dataset_2,embedding
842,0.6931471805599453,0.6949626,train,p0,dataset_2,embedding
469,0.6931471805599453,0.67314327,train,p0,dataset_2,embedding
401,0.6931471805599453,0.6919222,train,p0,dataset_2,embedding
170,0.6931471805599453,0.66177547,train,p0,dataset_2,embedding
1351,0.6931471805599453,0.6784599,train,p0,dataset_2,embedding
884,0.6931471805599453,0.66285825,train,p0,dataset_2,embedding
219,0.6931471805599453,0.67850137,train,p0,dataset_2,embedding
1077,0.6931471805599453,0.67882466,train,p0,dataset_2,embedding
19,0.6931471805599453,0.7200395,train,p0,dataset_2,embedding
685,0.6931471805599453,0.6947613,train,p0,dataset_2,embedding
860,0.6931471805599453,0.7292658,train,p0,dataset_2,embedding
286,0.6931471805599453,0.7316669,train,p0,dataset_2,embedding
288,0.6931471805599453,0.70511186,train,p0,dataset_2,embedding
384,0.6931471805599453,0.686296,train,p0,dataset_2,embedding
82,1.0986122886681098,0.81838286,train,p0,dataset_2,embedding
1420,0.6931471805599453,0.6958287,train,p0,dataset_2,embedding
597,0.6931471805599453,0.72767556,train,p0,dataset_2,embedding
1315,0.6931471805599453,0.7110342,train,p0,dataset_2,embedding
790,0.6931471805599453,0.7033653,train,p0,dataset_2,embedding
83,1.0986122886681098,0.8433895,train,p0,dataset_2,embedding
668,1.3862943611198906,1.2362938,train,p0,dataset_2,embedding
72,0.6931471805599453,0.729076,train,p0,dataset_2,embedding
160,0.6931471805599453,0.6932874,train,p0,dataset_2,embedding
475,0.6931471805599453,0.7291089,train,p0,dataset_2,embedding
142,0.6931471805599453,0.69447017,train,p0,dataset_2,embedding
1076,0.6931471805599453,0.70864487,train,p0,dataset_2,embedding
980,0.6931471805599453,0.7078848,train,p0,dataset_2,embedding
1169,0.6931471805599453,1.1870744,train,p0,dataset_2,embedding
1134,0.6931471805599453,0.6958058,train,p0,dataset_2,embedding
965,0.6931471805599453,0.6956209,train,p0,dataset_2,embedding
650,0.6931471805599453,0.7904608,train,p0,dataset_2,embedding
781,0.6931471805599453,0.6941273,train,p0,dataset_2,embedding
943,0.6931471805599453,0.69654727,train,p0,dataset_2,embedding
1021,0.6931471805599453,0.6498686,train,p0,dataset_2,embedding
1361,0.6931471805599453,0.71450484,train,p0,dataset_2,embedding
402,2.70805020110221,1.9689733,train,p0,dataset_2,embedding
994,0.6931471805599453,0.66126776,train,p0,dataset_2,embedding
124,0.6931471805599453,0.70691454,train,p0,dataset_2,embedding
684,0.6931471805599453,0.694818,train,p0,dataset_2,embedding
577,0.6931471805599453,0.69045985,train,p0,dataset_2,embedding
304,0.6931471805599453,0.6575035,train,p0,dataset_2,embedding
1129,1.0986122886681098,0.9523915,train,p0,dataset_2,embedding
1365,0.6931471805599453,0.6865665,train,p0,dataset_2,embedding
930,0.6931471805599453,0.67997134,train,p0,dataset_2,embedding
1086,0.6931471805599453,0.74033034,train,p0,dataset_2,embedding
1383,0.6931471805599453,0.71882534,train,p0,dataset_2,embedding
1343,0.6931471805599453,0.6715951,train,p0,dataset_2,embedding
704,0.6931471805599453,0.70530343,train,p0,dataset_2,embedding
937,0.6931471805599453,0.6622082,train,p0,dataset_2,embedding
87,0.6931471805599453,0.7050593,train,p0,dataset_2,embedding
729,1.0986122886681098,0.7475885,train,p0,dataset_2,embedding
1317,0.6931471805599453,0.66768265,train,p0,dataset_2,embedding
301,0.6931471805599453,0.71140873,train,p0,dataset_2,embedding
117,0.6931471805599453,0.6852468,train,p0,dataset_2,embedding
683,0.6931471805599453,0.69846106,train,p0,dataset_2,embedding
1093,0.6931471805599453,0.6960397,train,p0,dataset_2,embedding
630,2.70805020110221,2.9052587,train,p0,dataset_2,embedding
749,0.6931471805599453,0.7050203,train,p0,dataset_2,embedding
815,0.6931471805599453,0.7460644,train,p0,dataset_2,embedding
421,0.6931471805599453,0.6837306,train,p0,dataset_2,embedding
1176,0.6931471805599453,0.73080444,train,p0,dataset_2,embedding
573,0.6931471805599453,0.6794107,train,p0,dataset_2,embedding
843,0.6931471805599453,0.6965741,train,p0,dataset_2,embedding
100,0.6931471805599453,0.7320702,train,p0,dataset_2,embedding
688,0.6931471805599453,0.6736313,train,p0,dataset_2,embedding
1143,1.3862943611198906,1.4278662,train,p0,dataset_2,embedding
939,0.6931471805599453,0.6793808,train,p0,dataset_2,embedding
149,0.6931471805599453,0.6791103,train,p0,dataset_2,embedding
1289,0.6931471805599453,0.6412045,train,p0,dataset_2,embedding
1083,0.6931471805599453,0.68076766,train,p0,dataset_2,embedding
779,0.6931471805599453,0.69692934,train,p0,dataset_2,embedding
1172,0.6931471805599453,0.7419791,train,p0,dataset_2,embedding
425,0.6931471805599453,0.70616317,train,p0,dataset_2,embedding
614,0.6931471805599453,0.6678562,train,p0,dataset_2,embedding
1008,0.6931471805599453,0.6540561,train,p0,dataset_2,embedding
1342,0.6931471805599453,0.66108024,train,p0,dataset_2,embedding
775,0.6931471805599453,0.69735897,train,p0,dataset_2,embedding
1301,0.6931471805599453,0.7751657,train,p0,dataset_2,embedding
830,0.6931471805599453,0.6762848,train,p0,dataset_2,embedding
857,0.6931471805599453,0.69551194,train,p0,dataset_2,embedding
786,0.6931471805599453,0.69105136,train,p0,dataset_2,embedding
1326,0.6931471805599453,0.699489,train,p0,dataset_2,embedding
932,0.6931471805599453,0.69580495,train,p0,dataset_2,embedding
483,0.6931471805599453,0.6645268,train,p0,dataset_2,embedding
1404,0.6931471805599453,0.67636204,train,p0,dataset_2,embedding
1369,0.6931471805599453,0.67683196,train,p0,dataset_2,embedding
519,0.6931471805599453,0.6944423,train,p0,dataset_2,embedding
193,0.6931471805599453,0.7370999,train,p0,dataset_2,embedding
378,0.6931471805599453,0.7065079,train,p0,dataset_2,embedding
1263,0.6931471805599453,0.6779628,train,p0,dataset_2,embedding
1174,1.3862943611198906,1.0438827,train,p0,dataset_2,embedding
850,0.6931471805599453,0.6981211,train,p0,dataset_2,embedding
913,0.6931471805599453,0.71029854,train,p0,dataset_2,embedding
637,1.0986122886681098,1.1007549,train,p0,dataset_2,embedding
450,0.6931471805599453,0.6837145,train,p0,dataset_2,embedding
856,0.6931471805599453,0.688995,train,p0,dataset_2,embedding
14,0.6931471805599453,0.73379564,train,p0,dataset_2,embedding
841,0.6931471805599453,0.6530607,train,p0,dataset_2,embedding
803,0.6931471805599453,0.69356096,train,p0,dataset_2,embedding
1171,1.0986122886681098,1.2108233,train,p0,dataset_2,embedding
501,0.6931471805599453,0.6865301,train,p0,dataset_2,embedding
234,0.6931471805599453,0.71473026,train,p0,dataset_2,embedding
329,0.6931471805599453,0.66985965,train,p0,dataset_2,embedding
104,0.6931471805599453,0.68823063,train,p0,dataset_2,embedding
317,0.6931471805599453,0.6826004,train,p0,dataset_2,embedding
1391,0.6931471805599453,0.91163206,train,p0,dataset_2,embedding
1302,0.6931471805599453,0.70533526,train,p0,dataset_2,embedding
492,0.6931471805599453,0.73884296,train,p0,dataset_2,embedding
235,1.9459101490553132,1.6424727,train,p0,dataset_2,embedding
1318,0.6931471805599453,0.6934153,train,p0,dataset_2,embedding
1147,0.6931471805599453,0.7288693,train,p0,dataset_2,embedding
1393,0.6931471805599453,0.6960701,train,p0,dataset_2,embedding
1331,0.6931471805599453,0.67820907,train,p0,dataset_2,embedding
866,0.6931471805599453,0.7352288,train,p0,dataset_2,embedding
653,0.6931471805599453,0.81747866,train,p0,dataset_2,embedding
1358,1.0986122886681098,1.1969576,train,p0,dataset_2,embedding
158,0.6931471805599453,0.6965147,train,p0,dataset_2,embedding
6,0.6931471805599453,0.70979965,train,p0,dataset_2,embedding
42,0.6931471805599453,0.66077983,train,p0,dataset_2,embedding
1003,0.6931471805599453,0.6495117,train,p0,dataset_2,embedding
215,0.6931471805599453,0.74417925,train,p0,dataset_2,embedding
1352,1.0986122886681098,1.0708792,train,p0,dataset_2,embedding
592,0.6931471805599453,0.6825031,train,p0,dataset_2,embedding
279,0.6931471805599453,0.669603,train,p0,dataset_2,embedding
414,0.6931471805599453,0.7116331,train,p0,dataset_2,embedding
408,0.6931471805599453,0.71293485,train,p0,dataset_2,embedding
1329,0.6931471805599453,0.64655924,train,p0,dataset_2,embedding
1305,0.6931471805599453,0.6632316,train,p0,dataset_2,embedding
214,0.6931471805599453,0.88006747,train,p0,dataset_2,embedding
188,0.6931471805599453,0.7637929,train,p0,dataset_2,embedding
1185,0.6931471805599453,0.7601458,train,p0,dataset_2,embedding
256,0.6931471805599453,0.69595695,train,p0,dataset_2,embedding
839,0.6931471805599453,0.66374874,train,p0,dataset_2,embedding
1012,0.6931471805599453,0.70898664,train,p0,dataset_2,embedding
1323,1.6094379124341005,1.3019242,train,p0,dataset_2,embedding
496,0.6931471805599453,0.7247509,train,p0,dataset_2,embedding
1382,0.6931471805599453,0.723124,train,p0,dataset_2,embedding
718,2.1972245773362196,1.9107127,train,p0,dataset_2,embedding
743,0.6931471805599453,0.7044214,train,p0,dataset_2,embedding
1304,0.6931471805599453,0.73944056,train,p0,dataset_2,embedding
111,0.6931471805599453,0.70605195,train,p0,dataset_2,embedding
659,0.6931471805599453,0.7990601,train,p0,dataset_2,embedding
1400,0.6931471805599453,0.7065513,train,p0,dataset_2,embedding
617,0.6931471805599453,0.69049037,train,p0,dataset_2,embedding
1362,0.6931471805599453,0.74967873,train,p0,dataset_2,embedding
1273,0.6931471805599453,0.7090125,train,p0,dataset_2,embedding
2,0.6931471805599453,0.6945821,train,p0,dataset_2,embedding
440,0.6931471805599453,0.672083,train,p0,dataset_2,embedding
1020,0.6931471805599453,0.66084445,train,p0,dataset_2,embedding
300,0.6931471805599453,0.70306456,train,p0,dataset_2,embedding
404,1.3862943611198906,1.229877,train,p0,dataset_2,embedding
1177,0.6931471805599453,0.7163099,train,p0,dataset_2,embedding
1070,0.6931471805599453,0.6430026,train,p0,dataset_2,embedding
632,2.0794415416798357,1.861742,train,p0,dataset_2,embedding
1055,0.6931471805599453,0.69453335,train,p0,dataset_2,embedding
85,0.6931471805599453,0.8348354,train,p0,dataset_2,embedding
291,0.6931471805599453,0.69226193,train,p0,dataset_2,embedding
375,0.6931471805599453,0.6959901,train,p0,dataset_2,embedding
596,1.6094379124341005,1.01847,train,p0,dataset_2,embedding
396,0.6931471805599453,1.6566367,train,p0,dataset_2,embedding
1266,0.6931471805599453,0.6930051,train,p0,dataset_2,embedding
837,0.6931471805599453,0.68700874,train,p0,dataset_2,embedding
904,0.6931471805599453,0.6986792,train,p0,dataset_2,embedding
232,0.6931471805599453,0.6758015,train,p0,dataset_2,embedding
458,0.6931471805599453,0.6846938,train,p0,dataset_2,embedding
1355,1.6094379124341005,1.7292721,train,p0,dataset_2,embedding
1141,0.6931471805599453,0.6864424,train,p0,dataset_2,embedding
1357,1.791759469228055,1.3596263,train,p0,dataset_2,embedding
615,0.6931471805599453,0.6902946,train,p0,dataset_2,embedding
896,0.6931471805599453,0.6955881,train,p0,dataset_2,embedding
707,0.6931471805599453,0.69586694,train,p0,dataset_2,embedding
355,0.6931471805599453,0.71319544,train,p0,dataset_2,embedding
879,0.6931471805599453,0.69038403,train,p0,dataset_2,embedding
1325,0.6931471805599453,0.8166294,train,p0,dataset_2,embedding
938,0.6931471805599453,0.6926365,train,p0,dataset_2,embedding
1152,0.6931471805599453,0.6901401,train,p0,dataset_2,embedding
874,0.6931471805599453,0.70996594,train,p0,dataset_2,embedding
1224,0.6931471805599453,0.6908492,train,p0,dataset_2,embedding
981,0.6931471805599453,0.6888257,train,p0,dataset_2,embedding
960,0.6931471805599453,0.69021034,train,p0,dataset_2,embedding
620,0.6931471805599453,0.6695349,train,p0,dataset_2,embedding
128,0.6931471805599453,0.6842935,train,p0,dataset_2,embedding
601,0.6931471805599453,0.6765423,train,p0,dataset_2,embedding
772,0.6931471805599453,0.6971688,train,p0,dataset_2,embedding
769,0.6931471805599453,0.7190056,train,p0,dataset_2,embedding
31,0.6931471805599453,1.0413401,train,p0,dataset_2,embedding
35,0.6931471805599453,0.6923274,train,p0,dataset_2,embedding
697,0.6931471805599453,0.67016447,train,p0,dataset_2,embedding
969,0.6931471805599453,0.686847,train,p0,dataset_2,embedding
1175,0.6931471805599453,0.68609965,train,p0,dataset_2,embedding
433,0.6931471805599453,0.7125225,train,p0,dataset_2,embedding
721,1.791759469228055,1.5456185,train,p0,dataset_2,embedding
212,0.6931471805599453,0.71128225,train,p0,dataset_2,embedding
925,0.6931471805599453,0.687521,train,p0,dataset_2,embedding
209,0.6931471805599453,1.4327309,train,p0,dataset_2,embedding
1442,0.6931471805599453,0.7602663,train,p0,dataset_2,embedding
339,0.6931471805599453,0.7769308,train,p0,dataset_2,embedding
131,0.6931471805599453,0.69503355,train,p0,dataset_2,embedding
161,0.6931471805599453,0.6606815,train,p0,dataset_2,embedding
1160,0.6931471805599453,0.69732773,train,p0,dataset_2,embedding
177,0.6931471805599453,0.66905904,train,p0,dataset_2,embedding
474,0.6931471805599453,0.75024784,train,p0,dataset_2,embedding
1066,0.6931471805599453,0.6473267,train,p0,dataset_2,embedding
1232,0.6931471805599453,0.68908215,train,p0,dataset_2,embedding
990,0.6931471805599453,0.6611171,train,p0,dataset_2,embedding
509,0.6931471805599453,0.6908382,train,p0,dataset_2,embedding
468,0.6931471805599453,0.6514032,train,p0,dataset_2,embedding
457,0.6931471805599453,0.6802348,train,p0,dataset_2,embedding
748,1.0986122886681098,0.8588706,train,p0,dataset_2,embedding
102,0.6931471805599453,0.6889907,train,p0,dataset_2,embedding
656,0.6931471805599453,0.735793,train,p0,dataset_2,embedding
1272,0.6931471805599453,0.71337056,train,p0,dataset_2,embedding
1303,0.6931471805599453,0.69048023,train,p0,dataset_2,embedding
1321,1.0986122886681098,1.0297645,train,p0,dataset_2,embedding
80,0.6931471805599453,0.71615696,train,p0,dataset_2,embedding
1154,0.6931471805599453,0.89320505,train,p0,dataset_2,embedding
285,1.3862943611198906,1.5296226,train,p0,dataset_2,embedding
1045,0.6931471805599453,0.69483674,train,p0,dataset_2,embedding
970,0.6931471805599453,0.6954762,train,p0,dataset_2,embedding
1226,0.6931471805599453,0.7068858,train,p0,dataset_2,embedding
136,0.6931471805599453,0.70551527,train,p0,dataset_2,embedding
825,0.6931471805599453,0.68070054,train,p0,dataset_2,embedding
1116,0.6931471805599453,0.68357956,train,p0,dataset_2,embedding
1255,0.6931471805599453,0.67323077,train,p0,dataset_2,embedding
418,0.6931471805599453,0.707616,train,p0,dataset_2,embedding
493,0.6931471805599453,0.6704556,train,p0,dataset_2,embedding
503,0.6931471805599453,0.6698669,train,p0,dataset_2,embedding
248,0.6931471805599453,0.6748363,train,p0,dataset_2,embedding
1022,0.6931471805599453,0.68798447,train,p0,dataset_2,embedding
641,1.3862943611198906,1.0858228,train,p0,dataset_2,embedding
794,0.6931471805599453,0.69948244,train,p0,dataset_2,embedding
520,0.6931471805599453,0.6755309,train,p0,dataset_2,embedding
655,1.0986122886681098,0.78785527,train,p0,dataset_2,embedding
1162,0.6931471805599453,0.6925303,train,p0,dataset_2,embedding
112,0.6931471805599453,0.7085335,validation,p0,dataset_2,embedding
532,0.6931471805599453,0.69503796,validation,p0,dataset_2,embedding
1254,0.6931471805599453,0.66333175,validation,p0,dataset_2,embedding
1000,0.6931471805599453,0.6475687,validation,p0,dataset_2,embedding
1292,0.6931471805599453,0.6959655,validation,p0,dataset_2,embedding
1411,0.6931471805599453,0.68654835,validation,p0,dataset_2,embedding
1097,0.6931471805599453,0.7376064,validation,p0,dataset_2,embedding
710,0.6931471805599453,0.6953527,validation,p0,dataset_2,embedding
1373,0.6931471805599453,0.69591963,validation,p0,dataset_2,embedding
533,0.6931471805599453,0.70952594,validation,p0,dataset_2,embedding
454,0.6931471805599453,0.66141355,validation,p0,dataset_2,embedding
1104,0.6931471805599453,0.69403386,validation,p0,dataset_2,embedding
564,0.6931471805599453,0.6746968,validation,p0,dataset_2,embedding
36,0.6931471805599453,0.70606005,validation,p0,dataset_2,embedding
179,0.6931471805599453,0.67369056,validation,p0,dataset_2,embedding
963,0.6931471805599453,0.6958711,validation,p0,dataset_2,embedding
1181,0.6931471805599453,0.8154435,validation,p0,dataset_2,embedding
318,0.6931471805599453,0.67252815,validation,p0,dataset_2,embedding
140,0.6931471805599453,0.6889788,validation,p0,dataset_2,embedding
113,0.6931471805599453,0.77220774,validation,p0,dataset_2,embedding
505,0.6931471805599453,0.692325,validation,p0,dataset_2,embedding
95,0.6931471805599453,0.68978226,validation,p0,dataset_2,embedding
1189,0.6931471805599453,0.6866628,validation,p0,dataset_2,embedding
1233,0.6931471805599453,0.6906303,validation,p0,dataset_2,embedding
766,0.6931471805599453,0.6915473,validation,p0,dataset_2,embedding
1410,0.6931471805599453,0.7096913,validation,p0,dataset_2,embedding
510,0.6931471805599453,0.7408378,validation,p0,dataset_2,embedding
1295,0.6931471805599453,0.6302854,validation,p0,dataset_2,embedding
490,0.6931471805599453,0.66260695,validation,p0,dataset_2,embedding
1126,0.6931471805599453,0.7803371,validation,p0,dataset_2,embedding
579,0.6931471805599453,0.69083965,validation,p0,dataset_2,embedding
1238,0.6931471805599453,0.68588746,validation,p0,dataset_2,embedding
1080,0.6931471805599453,0.68833756,validation,p0,dataset_2,embedding
1300,0.6931471805599453,0.67634237,validation,p0,dataset_2,embedding
315,0.6931471805599453,0.6943307,validation,p0,dataset_2,embedding
62,0.6931471805599453,0.70456576,validation,p0,dataset_2,embedding
872,0.6931471805599453,0.6777227,validation,p0,dataset_2,embedding
202,0.6931471805599453,0.68247974,validation,p0,dataset_2,embedding
618,0.6931471805599453,0.65966654,validation,p0,dataset_2,embedding
682,0.6931471805599453,0.6770656,validation,p0,dataset_2,embedding
997,0.6931471805599453,0.6611371,validation,p0,dataset_2,embedding
732,0.6931471805599453,0.9259814,validation,p0,dataset_2,embedding
91,0.6931471805599453,0.7968509,validation,p0,dataset_2,embedding
127,0.6931471805599453,0.67778456,validation,p0,dataset_2,embedding
539,0.6931471805599453,0.8242836,validation,p0,dataset_2,embedding
739,0.6931471805599453,0.6601083,validation,p0,dataset_2,embedding
1421,0.6931471805599453,0.67937124,validation,p0,dataset_2,embedding
832,0.6931471805599453,0.69814336,validation,p0,dataset_2,embedding
927,0.6931471805599453,0.6895901,validation,p0,dataset_2,embedding
811,0.6931471805599453,0.6885787,validation,p0,dataset_2,embedding
1441,0.6931471805599453,0.6867957,validation,p0,dataset_2,embedding
582,0.6931471805599453,0.6880877,validation,p0,dataset_2,embedding
148,0.6931471805599453,0.69458425,validation,p0,dataset_2,embedding
1341,0.6931471805599453,0.7126236,validation,p0,dataset_2,embedding
38,0.6931471805599453,0.6806712,validation,p0,dataset_2,embedding
268,1.0986122886681098,1.6265302,validation,p0,dataset_2,embedding
1069,0.6931471805599453,0.69222486,validation,p0,dataset_2,embedding
1190,0.6931471805599453,0.7004813,validation,p0,dataset_2,embedding
330,0.6931471805599453,0.7308316,validation,p0,dataset_2,embedding
833,0.6931471805599453,0.6773429,validation,p0,dataset_2,embedding
1337,0.6931471805599453,0.6806241,validation,p0,dataset_2,embedding
545,0.6931471805599453,0.71361995,validation,p0,dataset_2,embedding
1379,1.0986122886681098,1.1525414,validation,p0,dataset_2,embedding
1100,0.6931471805599453,0.6736977,validation,p0,dataset_2,embedding
1286,0.6931471805599453,0.6954484,validation,p0,dataset_2,embedding
571,0.6931471805599453,0.6734214,validation,p0,dataset_2,embedding
784,0.6931471805599453,0.7402308,validation,p0,dataset_2,embedding
708,0.6931471805599453,0.69034004,validation,p0,dataset_2,embedding
1191,0.6931471805599453,0.7028488,validation,p0,dataset_2,embedding
1130,0.6931471805599453,0.74099624,validation,p0,dataset_2,embedding
1028,0.6931471805599453,0.7097801,validation,p0,dataset_2,embedding
763,0.6931471805599453,0.71258557,validation,p0,dataset_2,embedding
625,2.0794415416798357,2.6997643,validation,p0,dataset_2,embedding
983,0.6931471805599453,0.7322781,validation,p0,dataset_2,embedding
283,0.6931471805599453,0.9262427,validation,p0,dataset_2,embedding
1151,0.6931471805599453,0.707796,validation,p0,dataset_2,embedding
587,0.6931471805599453,0.6444254,validation,p0,dataset_2,embedding
471,0.6931471805599453,0.68859565,validation,p0,dataset_2,embedding
265,0.6931471805599453,0.69532716,validation,p0,dataset_2,embedding
1228,0.6931471805599453,0.6783407,validation,p0,dataset_2,embedding
1112,0.6931471805599453,0.67414784,validation,p0,dataset_2,embedding
795,0.6931471805599453,0.69151545,validation,p0,dataset_2,embedding
1338,0.6931471805599453,0.7038802,validation,p0,dataset_2,embedding
1048,0.6931471805599453,0.6441859,validation,p0,dataset_2,embedding
780,0.6931471805599453,0.68116724,validation,p0,dataset_2,embedding
959,0.6931471805599453,0.6958928,validation,p0,dataset_2,embedding
878,1.0986122886681098,0.75502825,validation,p0,dataset_2,embedding
174,0.6931471805599453,0.6542604,validation,p0,dataset_2,embedding
93,0.6931471805599453,0.6991472,validation,p0,dataset_2,embedding
122,0.6931471805599453,0.6622069,validation,p0,dataset_2,embedding
961,0.6931471805599453,0.67044723,validation,p0,dataset_2,embedding
1026,0.6931471805599453,0.67818856,validation,p0,dataset_2,embedding
57,0.6931471805599453,0.64542663,validation,p0,dataset_2,embedding
106,0.6931471805599453,0.8405936,validation,p0,dataset_2,embedding
518,0.6931471805599453,0.6280718,validation,p0,dataset_2,embedding
345,0.6931471805599453,0.7031857,validation,p0,dataset_2,embedding
1231,0.6931471805599453,0.8567933,validation,p0,dataset_2,embedding
34,1.0986122886681098,0.8470417,validation,p0,dataset_2,embedding
405,0.6931471805599453,1.0826246,validation,p0,dataset_2,embedding
1432,0.6931471805599453,0.6935035,validation,p0,dataset_2,embedding
126,0.6931471805599453,0.690559,validation,p0,dataset_2,embedding
217,0.6931471805599453,0.7331021,validation,p0,dataset_2,embedding
914,0.6931471805599453,0.71004677,validation,p0,dataset_2,embedding
787,0.6931471805599453,0.67206955,validation,p0,dataset_2,embedding
24,0.6931471805599453,0.6945175,validation,p0,dataset_2,embedding
424,0.6931471805599453,0.87033975,validation,p0,dataset_2,embedding
403,2.8903717578961645,3.7008686,validation,p0,dataset_2,embedding
1131,0.6931471805599453,0.70086765,validation,p0,dataset_2,embedding
733,0.6931471805599453,0.75585294,validation,p0,dataset_2,embedding
666,0.6931471805599453,0.7003373,validation,p0,dataset_2,embedding
77,0.6931471805599453,0.7714454,validation,p0,dataset_2,embedding
1396,0.6931471805599453,0.7106128,validation,p0,dataset_2,embedding
438,0.6931471805599453,0.78984165,validation,p0,dataset_2,embedding
912,0.6931471805599453,0.6798434,validation,p0,dataset_2,embedding
173,0.6931471805599453,0.740659,validation,p0,dataset_2,embedding
28,0.6931471805599453,0.75705504,validation,p0,dataset_2,embedding
1009,0.6931471805599453,0.69564736,validation,p0,dataset_2,embedding
409,0.6931471805599453,0.8239826,validation,p0,dataset_2,embedding
686,0.6931471805599453,0.6948941,validation,p0,dataset_2,embedding
1065,0.6931471805599453,0.7695347,validation,p0,dataset_2,embedding
1251,0.6931471805599453,0.6903317,validation,p0,dataset_2,embedding
195,0.6931471805599453,0.6916982,validation,p0,dataset_2,embedding
419,1.0986122886681098,0.6958561,validation,p0,dataset_2,embedding
662,0.6931471805599453,0.8678261,validation,p0,dataset_2,embedding
690,0.6931471805599453,0.7722913,validation,p0,dataset_2,embedding
813,0.6931471805599453,0.71627057,validation,p0,dataset_2,embedding
242,1.6094379124341005,1.2077632,validation,p0,dataset_2,embedding
558,0.6931471805599453,0.7047291,validation,p0,dataset_2,embedding
251,0.6931471805599453,0.67602384,validation,p0,dataset_2,embedding
806,0.6931471805599453,0.6804644,validation,p0,dataset_2,embedding
276,0.6931471805599453,0.693557,validation,p0,dataset_2,embedding
1121,0.6931471805599453,0.86397064,validation,p0,dataset_2,embedding
673,1.0986122886681098,0.78024757,validation,p0,dataset_2,embedding
1014,0.6931471805599453,0.74364173,validation,p0,dataset_2,embedding
950,0.6931471805599453,0.69034696,validation,p0,dataset_2,embedding
447,0.6931471805599453,0.66110337,validation,p0,dataset_2,embedding
68,0.6931471805599453,0.6945758,validation,p0,dataset_2,embedding
229,0.6931471805599453,0.6986501,validation,p0,dataset_2,embedding
934,0.6931471805599453,0.6681317,validation,p0,dataset_2,embedding
770,0.6931471805599453,0.6871314,validation,p0,dataset_2,embedding
1123,0.6931471805599453,0.6509628,validation,p0,dataset_2,embedding
751,1.0986122886681098,0.8634087,validation,p0,dataset_2,embedding
1298,0.6931471805599453,0.69626486,validation,p0,dataset_2,embedding
1087,0.6931471805599453,0.9686855,validation,p0,dataset_2,embedding
611,0.6931471805599453,0.6737782,validation,p0,dataset_2,embedding
949,0.6931471805599453,0.6915914,validation,p0,dataset_2,embedding
1179,0.6931471805599453,0.75138664,validation,p0,dataset_2,embedding
1422,0.6931471805599453,0.69467485,validation,p0,dataset_2,embedding
47,0.6931471805599453,0.70291543,validation,p0,dataset_2,embedding
1258,0.6931471805599453,0.6764921,validation,p0,dataset_2,embedding
607,0.6931471805599453,0.697575,validation,p0,dataset_2,embedding
1199,0.6931471805599453,0.6731237,validation,p0,dataset_2,embedding
1246,0.6931471805599453,0.67912483,validation,p0,dataset_2,embedding
1,0.6931471805599453,0.70373404,validation,p0,dataset_2,embedding
257,1.9459101490553132,1.1695852,validation,p0,dataset_2,embedding
60,0.6931471805599453,0.66974366,validation,p0,dataset_2,embedding
407,0.6931471805599453,0.8643265,validation,p0,dataset_2,embedding
1281,0.6931471805599453,0.8171289,validation,p0,dataset_2,embedding
804,0.6931471805599453,0.67588294,validation,p0,dataset_2,embedding
639,1.9459101490553132,1.2472482,validation,p0,dataset_2,embedding
0,0.6931471805599453,0.70922136,validation,p0,dataset_2,embedding
560,1.0986122886681098,0.82469404,validation,p0,dataset_2,embedding
12,0.6931471805599453,0.7238846,validation,p0,dataset_2,embedding
1250,0.6931471805599453,0.6792083,validation,p0,dataset_2,embedding
61,0.6931471805599453,0.69494474,validation,p0,dataset_2,embedding
116,0.6931471805599453,0.6942576,validation,p0,dataset_2,embedding
702,0.6931471805599453,0.73072314,validation,p0,dataset_2,embedding
1025,0.6931471805599453,0.73053896,validation,p0,dataset_2,embedding
869,0.6931471805599453,0.69638085,validation,p0,dataset_2,embedding
1193,0.6931471805599453,0.69654393,validation,p0,dataset_2,embedding
1290,0.6931471805599453,0.69041896,validation,p0,dataset_2,embedding
551,1.0986122886681098,1.28323,validation,p0,dataset_2,embedding
1311,0.6931471805599453,0.6364182,validation,p0,dataset_2,embedding
819,0.6931471805599453,0.68773615,validation,p0,dataset_2,embedding
18,1.0986122886681098,0.7496202,validation,p0,dataset_2,embedding
417,0.6931471805599453,0.7059579,validation,p0,dataset_2,embedding
1297,0.6931471805599453,0.7102587,validation,p0,dataset_2,embedding
121,0.6931471805599453,0.63528526,validation,p0,dataset_2,embedding
513,0.6931471805599453,0.69037986,validation,p0,dataset_2,embedding
1414,0.6931471805599453,0.6997843,validation,p0,dataset_2,embedding
848,0.6931471805599453,0.69622433,validation,p0,dataset_2,embedding
362,0.6931471805599453,0.66878927,validation,p0,dataset_2,embedding
679,0.6931471805599453,1.0530353,validation,p0,dataset_2,embedding
863,0.6931471805599453,0.66451657,validation,p0,dataset_2,embedding
978,0.6931471805599453,0.695853,validation,p0,dataset_2,embedding
308,0.6931471805599453,0.6792351,validation,p0,dataset_2,embedding
290,0.6931471805599453,0.6988931,validation,p0,dataset_2,embedding
71,0.6931471805599453,0.67979574,validation,p0,dataset_2,embedding
376,0.6931471805599453,0.6916069,validation,p0,dataset_2,embedding
135,0.6931471805599453,0.70709693,validation,p0,dataset_2,embedding
463,0.6931471805599453,0.69261074,validation,p0,dataset_2,embedding
1120,0.6931471805599453,0.7368715,validation,p0,dataset_2,embedding
1156,0.6931471805599453,0.6944934,validation,p0,dataset_2,embedding
282,1.6094379124341005,1.2536275,validation,p0,dataset_2,embedding
88,0.6931471805599453,0.69917035,validation,p0,dataset_2,embedding
1402,0.6931471805599453,0.6874112,validation,p0,dataset_2,embedding
494,0.6931471805599453,0.6807641,validation,p0,dataset_2,embedding
465,0.6931471805599453,0.6443174,validation,p0,dataset_2,embedding
103,0.6931471805599453,0.6775335,validation,p0,dataset_2,embedding
1346,0.6931471805599453,0.67965233,validation,p0,dataset_2,embedding
1288,0.6931471805599453,0.65306056,validation,p0,dataset_2,embedding
507,0.6931471805599453,0.6607797,validation,p0,dataset_2,embedding
627,2.302585092994046,2.3499064,validation,p0,dataset_2,embedding
968,0.6931471805599453,0.6905267,validation,p0,dataset_2,embedding
765,0.6931471805599453,0.7605058,validation,p0,dataset_2,embedding
916,0.6931471805599453,0.7151803,validation,p0,dataset_2,embedding
53,0.6931471805599453,0.6965618,validation,p0,dataset_2,embedding
871,0.6931471805599453,0.6901505,validation,p0,dataset_2,embedding
713,3.218875824868201,3.1368709,validation,p0,dataset_2,embedding
910,0.6931471805599453,0.6915839,validation,p0,dataset_2,embedding
400,1.6094379124341005,1.5502162,validation,p0,dataset_2,embedding
853,0.6931471805599453,0.68887734,validation,p0,dataset_2,embedding
714,3.49650756146648,3.2682953,validation,p0,dataset_2,embedding
164,0.6931471805599453,0.63730264,validation,p0,dataset_2,embedding
499,0.6931471805599453,0.68946135,validation,p0,dataset_2,embedding
1138,0.6931471805599453,0.69491386,validation,p0,dataset_2,embedding
776,0.6931471805599453,0.6781877,validation,p0,dataset_2,embedding
413,0.6931471805599453,0.7135328,test,p0,dataset_2,embedding
316,0.6931471805599453,0.69485974,test,p0,dataset_2,embedding
1034,0.6931471805599453,0.7010454,test,p0,dataset_2,embedding
65,0.6931471805599453,0.6970824,test,p0,dataset_2,embedding
1024,0.6931471805599453,0.6954402,test,p0,dataset_2,embedding
661,0.6931471805599453,0.7678032,test,p0,dataset_2,embedding
175,0.6931471805599453,0.6961255,test,p0,dataset_2,embedding
824,0.6931471805599453,0.6773099,test,p0,dataset_2,embedding
649,0.6931471805599453,0.71123374,test,p0,dataset_2,embedding
231,0.6931471805599453,0.71405196,test,p0,dataset_2,embedding
198,0.6931471805599453,0.6804681,test,p0,dataset_2,embedding
845,0.6931471805599453,0.69584465,test,p0,dataset_2,embedding
1108,0.6931471805599453,0.6800153,test,p0,dataset_2,embedding
1394,0.6931471805599453,0.7364341,test,p0,dataset_2,embedding
358,0.6931471805599453,0.69850945,test,p0,dataset_2,embedding
1088,2.0794415416798357,1.083992,test,p0,dataset_2,embedding
394,3.332204510175204,2.4790797,test,p0,dataset_2,embedding
275,0.6931471805599453,0.6791754,test,p0,dataset_2,embedding
782,0.6931471805599453,0.71001554,test,p0,dataset_2,embedding
715,1.791759469228055,2.0327256,test,p0,dataset_2,embedding
239,0.6931471805599453,0.8111316,test,p0,dataset_2,embedding
240,1.9459101490553132,1.8864746,test,p0,dataset_2,embedding
420,0.6931471805599453,0.71646583,test,p0,dataset_2,embedding
1259,0.6931471805599453,0.69500697,test,p0,dataset_2,embedding
986,0.6931471805599453,0.6604959,test,p0,dataset_2,embedding
752,0.6931471805599453,0.70341814,test,p0,dataset_2,embedding
590,0.6931471805599453,0.6963036,test,p0,dataset_2,embedding
1398,0.6931471805599453,0.6753814,test,p0,dataset_2,embedding
51,0.6931471805599453,0.69539714,test,p0,dataset_2,embedding
680,0.6931471805599453,0.7063174,test,p0,dataset_2,embedding
374,0.6931471805599453,0.6544522,test,p0,dataset_2,embedding
168,0.6931471805599453,0.6947161,test,p0,dataset_2,embedding
244,0.6931471805599453,0.68526804,test,p0,dataset_2,embedding
585,0.6931471805599453,0.7086495,test,p0,dataset_2,embedding
1412,0.6931471805599453,0.7317554,test,p0,dataset_2,embedding
598,0.6931471805599453,0.74341583,test,p0,dataset_2,embedding
49,0.6931471805599453,0.70510936,test,p0,dataset_2,embedding
462,0.6931471805599453,0.68872464,test,p0,dataset_2,embedding
1223,0.6931471805599453,0.6611507,test,p0,dataset_2,embedding
29,0.6931471805599453,0.873245,test,p0,dataset_2,embedding
192,0.6931471805599453,0.6895895,test,p0,dataset_2,embedding
922,0.6931471805599453,0.7275678,test,p0,dataset_2,embedding
1434,0.6931471805599453,0.69228005,test,p0,dataset_2,embedding
621,0.6931471805599453,0.7288115,test,p0,dataset_2,embedding
1027,0.6931471805599453,0.7133695,test,p0,dataset_2,embedding
730,0.6931471805599453,0.88902247,test,p0,dataset_2,embedding
67,0.6931471805599453,0.6616348,test,p0,dataset_2,embedding
1313,0.6931471805599453,0.6903311,test,p0,dataset_2,embedding
527,0.6931471805599453,0.69668293,test,p0,dataset_2,embedding
812,0.6931471805599453,0.7038002,test,p0,dataset_2,embedding
1261,0.6931471805599453,0.69502044,test,p0,dataset_2,embedding
741,1.3862943611198906,0.847208,test,p0,dataset_2,embedding
1227,0.6931471805599453,0.6946981,test,p0,dataset_2,embedding
261,0.6931471805599453,0.70329404,test,p0,dataset_2,embedding
836,0.6931471805599453,0.6748717,test,p0,dataset_2,embedding
123,0.6931471805599453,0.7554501,test,p0,dataset_2,embedding
1384,0.6931471805599453,0.8621236,test,p0,dataset_2,embedding
605,0.6931471805599453,0.65306556,test,p0,dataset_2,embedding
973,0.6931471805599453,0.67934644,test,p0,dataset_2,embedding
594,0.6931471805599453,0.68965244,test,p0,dataset_2,embedding
184,0.6931471805599453,0.65167,test,p0,dataset_2,embedding
946,0.6931471805599453,0.7326969,test,p0,dataset_2,embedding
888,0.6931471805599453,0.6920974,test,p0,dataset_2,embedding
141,0.6931471805599453,0.6949177,test,p0,dataset_2,embedding
964,0.6931471805599453,0.6960652,test,p0,dataset_2,embedding
816,0.6931471805599453,0.6780051,test,p0,dataset_2,embedding
1239,0.6931471805599453,0.67928755,test,p0,dataset_2,embedding
44,0.6931471805599453,0.6944405,test,p0,dataset_2,embedding
799,0.6931471805599453,0.7026515,test,p0,dataset_2,embedding
566,0.6931471805599453,0.69432783,test,p0,dataset_2,embedding
1144,0.6931471805599453,0.6621027,test,p0,dataset_2,embedding
802,0.6931471805599453,0.6571963,test,p0,dataset_2,embedding
1030,0.6931471805599453,0.69489324,test,p0,dataset_2,embedding
76,1.0986122886681098,1.0277994,test,p0,dataset_2,embedding
361,0.6931471805599453,0.6655104,test,p0,dataset_2,embedding
1333,0.6931471805599453,0.69438756,test,p0,dataset_2,embedding
270,0.6931471805599453,0.6998092,test,p0,dataset_2,embedding
1098,0.6931471805599453,0.70650446,test,p0,dataset_2,embedding
1197,0.6931471805599453,0.68331313,test,p0,dataset_2,embedding
1036,0.6931471805599453,0.70831966,test,p0,dataset_2,embedding
1039,0.6931471805599453,0.7087647,test,p0,dataset_2,embedding
78,0.6931471805599453,0.75379455,test,p0,dataset_2,embedding
745,0.6931471805599453,0.71869457,test,p0,dataset_2,embedding
271,0.6931471805599453,0.64089596,test,p0,dataset_2,embedding
575,0.6931471805599453,0.6830077,test,p0,dataset_2,embedding
1285,0.6931471805599453,0.73614824,test,p0,dataset_2,embedding
1023,0.6931471805599453,0.69977903,test,p0,dataset_2,embedding
651,0.6931471805599453,0.7973621,test,p0,dataset_2,embedding
70,0.6931471805599453,0.5672699,test,p0,dataset_2,embedding
15,0.6931471805599453,0.72028506,test,p0,dataset_2,embedding
1438,0.6931471805599453,0.67188406,test,p0,dataset_2,embedding
351,0.6931471805599453,0.6937946,test,p0,dataset_2,embedding
115,0.6931471805599453,0.6754427,test,p0,dataset_2,embedding
303,0.6931471805599453,0.70397377,test,p0,dataset_2,embedding
1075,0.6931471805599453,0.6695447,test,p0,dataset_2,embedding
796,0.6931471805599453,0.6792612,test,p0,dataset_2,embedding
528,0.6931471805599453,0.69380474,test,p0,dataset_2,embedding
901,0.6931471805599453,0.6809424,test,p0,dataset_2,embedding
479,0.6931471805599453,0.81369615,test,p0,dataset_2,embedding
905,0.6931471805599453,0.6872151,test,p0,dataset_2,embedding
415,0.6931471805599453,0.7404411,test,p0,dataset_2,embedding
711,0.6931471805599453,0.6853945,test,p0,dataset_2,embedding
309,0.6931471805599453,0.77048206,test,p0,dataset_2,embedding
1053,0.6931471805599453,0.68393445,test,p0,dataset_2,embedding
788,0.6931471805599453,0.69330287,test,p0,dataset_2,embedding
1236,0.6931471805599453,0.64477634,test,p0,dataset_2,embedding
887,0.6931471805599453,0.69693303,test,p0,dataset_2,embedding
1399,0.6931471805599453,0.6840906,test,p0,dataset_2,embedding
1068,0.6931471805599453,0.6940156,test,p0,dataset_2,embedding
478,0.6931471805599453,0.6983274,test,p0,dataset_2,embedding
999,0.6931471805599453,0.69373095,test,p0,dataset_2,embedding
873,0.6931471805599453,0.6941961,test,p0,dataset_2,embedding
818,0.6931471805599453,0.75802624,test,p0,dataset_2,embedding
1090,1.791759469228055,1.2747132,test,p0,dataset_2,embedding
757,0.6931471805599453,0.72962475,test,p0,dataset_2,embedding
1031,0.6931471805599453,0.6945262,test,p0,dataset_2,embedding
322,0.6931471805599453,0.6958722,test,p0,dataset_2,embedding
332,0.6931471805599453,0.6992649,test,p0,dataset_2,embedding
567,0.6931471805599453,0.6653323,test,p0,dataset_2,embedding
892,0.6931471805599453,0.6957216,test,p0,dataset_2,embedding
610,0.6931471805599453,0.6928537,test,p0,dataset_2,embedding
529,0.6931471805599453,0.8616986,test,p0,dataset_2,embedding
570,0.6931471805599453,0.6967703,test,p0,dataset_2,embedding
429,0.6931471805599453,0.6843401,test,p0,dataset_2,embedding
985,0.6931471805599453,0.6886966,test,p0,dataset_2,embedding
43,0.6931471805599453,0.66134024,test,p0,dataset_2,embedding
497,0.6931471805599453,0.68211377,test,p0,dataset_2,embedding
451,0.6931471805599453,0.6994777,test,p0,dataset_2,embedding
1085,0.6931471805599453,0.694281,test,p0,dataset_2,embedding
1423,0.6931471805599453,0.7096,test,p0,dataset_2,embedding
101,0.6931471805599453,0.6954721,test,p0,dataset_2,embedding
889,0.6931471805599453,0.6899742,test,p0,dataset_2,embedding
289,0.6931471805599453,0.72116816,test,p0,dataset_2,embedding
1006,0.6931471805599453,0.66096175,test,p0,dataset_2,embedding
1443,0.6931471805599453,0.72430813,test,p0,dataset_2,embedding
1308,0.6931471805599453,0.6984985,test,p0,dataset_2,embedding
1330,0.6931471805599453,0.8216996,test,p0,dataset_2,embedding
381,0.6931471805599453,0.69456315,test,p0,dataset_2,embedding
847,0.6931471805599453,0.7681676,test,p0,dataset_2,embedding
1057,0.6931471805599453,0.6600349,test,p0,dataset_2,embedding
602,0.6931471805599453,0.69305825,test,p0,dataset_2,embedding
898,0.6931471805599453,0.6204941,test,p0,dataset_2,embedding
636,1.791759469228055,2.2666025,test,p0,dataset_2,embedding
665,1.0986122886681098,1.012169,test,p0,dataset_2,embedding
588,1.0986122886681098,0.8223262,test,p0,dataset_2,embedding
163,0.6931471805599453,0.6778083,test,p0,dataset_2,embedding
32,0.6931471805599453,0.879231,test,p0,dataset_2,embedding
619,0.6931471805599453,0.69226897,test,p0,dataset_2,embedding
672,0.6931471805599453,0.65000904,test,p0,dataset_2,embedding
324,0.6931471805599453,0.71500707,test,p0,dataset_2,embedding
382,0.6931471805599453,0.68646085,test,p0,dataset_2,embedding
306,0.6931471805599453,0.6812134,test,p0,dataset_2,embedding
1163,0.6931471805599453,0.69465494,test,p0,dataset_2,embedding
855,0.6931471805599453,0.7090596,test,p0,dataset_2,embedding
722,1.0986122886681098,0.97226036,test,p0,dataset_2,embedding
365,0.6931471805599453,0.68687046,test,p0,dataset_2,embedding
423,0.6931471805599453,0.7067324,test,p0,dataset_2,embedding
933,0.6931471805599453,0.70655394,test,p0,dataset_2,embedding
247,0.6931471805599453,0.6875584,test,p0,dataset_2,embedding
427,0.6931471805599453,0.7206991,test,p0,dataset_2,embedding
1380,0.6931471805599453,1.0867227,test,p0,dataset_2,embedding
543,0.6931471805599453,0.75620794,test,p0,dataset_2,embedding
218,0.6931471805599453,0.7465308,test,p0,dataset_2,embedding
864,0.6931471805599453,0.6792929,test,p0,dataset_2,embedding
274,0.6931471805599453,0.6435132,test,p0,dataset_2,embedding
628,3.5263605246161616,2.3878465,test,p0,dataset_2,embedding
1237,0.6931471805599453,0.69168496,test,p0,dataset_2,embedding
1431,0.6931471805599453,0.6863891,test,p0,dataset_2,embedding
63,0.6931471805599453,0.6816256,test,p0,dataset_2,embedding
1178,0.6931471805599453,0.6782336,test,p0,dataset_2,embedding
380,0.6931471805599453,0.7461357,test,p0,dataset_2,embedding
1203,0.6931471805599453,0.6987548,test,p0,dataset_2,embedding
1235,0.6931471805599453,0.74537694,test,p0,dataset_2,embedding
485,0.6931471805599453,0.7100694,test,p0,dataset_2,embedding
674,1.0986122886681098,0.8383213,test,p0,dataset_2,embedding
1201,0.6931471805599453,0.67973363,test,p0,dataset_2,embedding
931,0.6931471805599453,0.68223727,test,p0,dataset_2,embedding
203,0.6931471805599453,0.74587977,test,p0,dataset_2,embedding
522,0.6931471805599453,0.67847705,test,p0,dataset_2,embedding
894,0.6931471805599453,0.6930996,test,p0,dataset_2,embedding
30,1.9459101490553132,1.0681996,test,p0,dataset_2,embedding
56,0.6931471805599453,0.6932913,test,p0,dataset_2,embedding
1166,2.4849066497880004,3.2794683,test,p0,dataset_2,embedding
1092,0.6931471805599453,0.6866505,test,p0,dataset_2,embedding
371,0.6931471805599453,0.7040844,test,p0,dataset_2,embedding
945,0.6931471805599453,0.708271,test,p0,dataset_2,embedding
1378,0.6931471805599453,0.66983104,test,p0,dataset_2,embedding
1192,0.6931471805599453,0.73772943,test,p0,dataset_2,embedding
858,0.6931471805599453,0.7306136,test,p0,dataset_2,embedding
464,0.6931471805599453,0.69587505,test,p0,dataset_2,embedding
363,0.6931471805599453,0.66971886,test,p0,dataset_2,embedding
1187,0.6931471805599453,0.7063843,test,p0,dataset_2,embedding
578,0.6931471805599453,0.644475,test,p0,dataset_2,embedding
237,1.3862943611198906,1.080756,test,p0,dataset_2,embedding
1390,0.6931471805599453,0.68326044,test,p0,dataset_2,embedding
99,0.6931471805599453,0.67694986,test,p0,dataset_2,embedding
461,0.6931471805599453,0.69037163,test,p0,dataset_2,embedding
259,0.6931471805599453,0.67597806,test,p0,dataset_2,embedding
481,0.6931471805599453,0.7094072,test,p0,dataset_2,embedding
583,0.6931471805599453,0.7288631,test,p0,dataset_2,embedding
861,0.6931471805599453,0.73596096,test,p0,dataset_2,embedding
1043,0.6931471805599453,0.6789384,test,p0,dataset_2,embedding
277,0.6931471805599453,0.6864431,test,p0,dataset_2,embedding
744,0.6931471805599453,0.7871094,test,p0,dataset_2,embedding
584,0.6931471805599453,0.6757246,test,p0,dataset_2,embedding
1037,0.6931471805599453,0.69601107,test,p0,dataset_2,embedding
906,0.6931471805599453,0.6453283,test,p0,dataset_2,embedding
377,0.6931471805599453,0.5671516,test,p0,dataset_2,embedding
549,0.6931471805599453,0.6791022,test,p0,dataset_2,embedding
1417,0.6931471805599453,0.6927928,test,p0,dataset_2,embedding
771,0.6931471805599453,0.69358695,test,p0,dataset_2,embedding
691,1.0986122886681098,1.1154343,test,p0,dataset_2,embedding
706,0.6931471805599453,0.6894795,test,p0,dataset_2,embedding
297,0.6931471805599453,0.69878745,test,p0,dataset_2,embedding
1247,0.6931471805599453,0.67049026,test,p0,dataset_2,embedding
893,0.6931471805599453,0.6966326,test,p0,dataset_2,embedding
947,0.6931471805599453,0.6743851,test,p0,dataset_2,embedding
1403,0.6931471805599453,0.6765057,train,p5,dataset_2,embedding
1209,0.6931471805599453,0.76530457,train,p5,dataset_2,embedding
472,0.6931471805599453,0.6761248,train,p5,dataset_2,embedding
1064,0.6931471805599453,0.7416115,train,p5,dataset_2,embedding
50,0.6931471805599453,0.7307296,train,p5,dataset_2,embedding
223,0.6931471805599453,0.72426987,train,p5,dataset_2,embedding
1395,0.6931471805599453,0.6892091,train,p5,dataset_2,embedding
1348,0.6931471805599453,0.73154664,train,p5,dataset_2,embedding
935,0.6931471805599453,0.6576636,train,p5,dataset_2,embedding
1061,0.6931471805599453,0.69204056,train,p5,dataset_2,embedding
354,0.6931471805599453,0.6773071,train,p5,dataset_2,embedding
69,0.6931471805599453,0.70809686,train,p5,dataset_2,embedding
827,0.6931471805599453,0.693468,train,p5,dataset_2,embedding
319,0.6931471805599453,0.6696559,train,p5,dataset_2,embedding
840,0.6931471805599453,0.6915333,train,p5,dataset_2,embedding
260,0.6931471805599453,0.6808928,train,p5,dataset_2,embedding
868,0.6931471805599453,0.66717505,train,p5,dataset_2,embedding
130,0.6931471805599453,0.6728606,train,p5,dataset_2,embedding
705,0.6931471805599453,0.68036735,train,p5,dataset_2,embedding
1425,0.6931471805599453,0.78091466,train,p5,dataset_2,embedding
172,0.6931471805599453,0.6732396,train,p5,dataset_2,embedding
333,0.6931471805599453,0.6903876,train,p5,dataset_2,embedding
412,0.6931471805599453,0.69327104,train,p5,dataset_2,embedding
536,0.6931471805599453,0.6408,train,p5,dataset_2,embedding
1248,0.6931471805599453,0.66721344,train,p5,dataset_2,embedding
3,0.6931471805599453,0.76908183,train,p5,dataset_2,embedding
45,0.6931471805599453,0.69044113,train,p5,dataset_2,embedding
1051,0.6931471805599453,0.69042337,train,p5,dataset_2,embedding
228,0.6931471805599453,0.68115556,train,p5,dataset_2,embedding
890,1.0986122886681098,0.7586762,train,p5,dataset_2,embedding
1430,0.6931471805599453,0.6914575,train,p5,dataset_2,embedding
689,0.6931471805599453,0.867695,train,p5,dataset_2,embedding
783,0.6931471805599453,0.67344975,train,p5,dataset_2,embedding
742,0.6931471805599453,0.6630368,train,p5,dataset_2,embedding
9,0.6931471805599453,0.67028415,train,p5,dataset_2,embedding
1284,0.6931471805599453,0.68898416,train,p5,dataset_2,embedding
1073,0.6931471805599453,0.65104747,train,p5,dataset_2,embedding
603,0.6931471805599453,0.71119905,train,p5,dataset_2,embedding
254,0.6931471805599453,0.6812329,train,p5,dataset_2,embedding
1029,0.6931471805599453,0.7072953,train,p5,dataset_2,embedding
253,0.6931471805599453,0.66270566,train,p5,dataset_2,embedding
1214,0.6931471805599453,0.7180399,train,p5,dataset_2,embedding
1211,0.6931471805599453,0.6764045,train,p5,dataset_2,embedding
133,0.6931471805599453,0.7202829,train,p5,dataset_2,embedding
693,0.6931471805599453,0.6395378,train,p5,dataset_2,embedding
988,0.6931471805599453,0.7735003,train,p5,dataset_2,embedding
7,0.6931471805599453,0.67642415,train,p5,dataset_2,embedding
701,1.0986122886681098,0.8991778,train,p5,dataset_2,embedding
1310,0.6931471805599453,0.7414906,train,p5,dataset_2,embedding
1082,0.6931471805599453,0.7675984,train,p5,dataset_2,embedding
466,0.6931471805599453,0.7630608,train,p5,dataset_2,embedding
1099,0.6931471805599453,0.82548857,train,p5,dataset_2,embedding
1278,0.6931471805599453,0.6918088,train,p5,dataset_2,embedding
326,0.6931471805599453,0.7169012,train,p5,dataset_2,embedding
337,0.6931471805599453,0.6913843,train,p5,dataset_2,embedding
1210,0.6931471805599453,0.6864408,train,p5,dataset_2,embedding
480,0.6931471805599453,0.8681426,train,p5,dataset_2,embedding
1389,0.6931471805599453,0.70496094,train,p5,dataset_2,embedding
206,0.6931471805599453,0.6514677,train,p5,dataset_2,embedding
369,0.6931471805599453,0.6445464,train,p5,dataset_2,embedding
190,0.6931471805599453,0.720382,train,p5,dataset_2,embedding
258,0.6931471805599453,0.6783687,train,p5,dataset_2,embedding
506,0.6931471805599453,0.707425,train,p5,dataset_2,embedding
956,0.6931471805599453,0.710804,train,p5,dataset_2,embedding
109,0.6931471805599453,0.6832223,train,p5,dataset_2,embedding
559,0.6931471805599453,0.7048979,train,p5,dataset_2,embedding
213,1.0986122886681098,0.96549344,train,p5,dataset_2,embedding
523,0.6931471805599453,0.6757344,train,p5,dataset_2,embedding
312,0.6931471805599453,0.7108284,train,p5,dataset_2,embedding
145,0.6931471805599453,0.6860398,train,p5,dataset_2,embedding
1207,0.6931471805599453,0.7043215,train,p5,dataset_2,embedding
979,0.6931471805599453,0.699363,train,p5,dataset_2,embedding
747,0.6931471805599453,0.710099,train,p5,dataset_2,embedding
817,0.6931471805599453,0.6930603,train,p5,dataset_2,embedding
899,0.6931471805599453,0.6953014,train,p5,dataset_2,embedding
859,0.6931471805599453,0.683956,train,p5,dataset_2,embedding
1353,0.6931471805599453,0.68797684,train,p5,dataset_2,embedding
151,0.6931471805599453,0.682577,train,p5,dataset_2,embedding
1409,0.6931471805599453,0.8688606,train,p5,dataset_2,embedding
891,0.6931471805599453,0.72425234,train,p5,dataset_2,embedding
46,0.6931471805599453,0.6853566,train,p5,dataset_2,embedding
1387,0.6931471805599453,0.7022283,train,p5,dataset_2,embedding
1040,0.6931471805599453,0.67350113,train,p5,dataset_2,embedding
340,1.0986122886681098,0.9009279,train,p5,dataset_2,embedding
75,0.6931471805599453,0.8350563,train,p5,dataset_2,embedding
1042,0.6931471805599453,0.6825192,train,p5,dataset_2,embedding
347,0.6931471805599453,0.6992272,train,p5,dataset_2,embedding
105,0.6931471805599453,0.6955342,train,p5,dataset_2,embedding
1244,0.6931471805599453,0.66103244,train,p5,dataset_2,embedding
1324,0.6931471805599453,0.74184203,train,p5,dataset_2,embedding
299,0.6931471805599453,0.7656652,train,p5,dataset_2,embedding
1114,0.6931471805599453,0.6837356,train,p5,dataset_2,embedding
398,3.295836866004329,2.50755,train,p5,dataset_2,embedding
1413,0.6931471805599453,0.6507212,train,p5,dataset_2,embedding
919,0.6931471805599453,0.6854379,train,p5,dataset_2,embedding
54,0.6931471805599453,0.68285584,train,p5,dataset_2,embedding
798,0.6931471805599453,0.690243,train,p5,dataset_2,embedding
143,0.6931471805599453,0.68919075,train,p5,dataset_2,embedding
846,0.6931471805599453,0.6321337,train,p5,dataset_2,embedding
208,3.1780538303479458,2.7562802,train,p5,dataset_2,embedding
200,0.6931471805599453,0.6644198,train,p5,dataset_2,embedding
886,0.6931471805599453,0.69336426,train,p5,dataset_2,embedding
397,2.4849066497880004,2.178581,train,p5,dataset_2,embedding
1217,0.6931471805599453,0.6935936,train,p5,dataset_2,embedding
150,0.6931471805599453,0.6913028,train,p5,dataset_2,embedding
921,0.6931471805599453,0.67225695,train,p5,dataset_2,embedding
33,0.6931471805599453,0.7663361,train,p5,dataset_2,embedding
792,0.6931471805599453,0.69390416,train,p5,dataset_2,embedding
867,0.6931471805599453,0.711565,train,p5,dataset_2,embedding
224,2.772588722239781,1.9577355,train,p5,dataset_2,embedding
341,0.6931471805599453,0.70692074,train,p5,dataset_2,embedding
1344,0.6931471805599453,0.6954447,train,p5,dataset_2,embedding
1426,0.6931471805599453,0.6985439,train,p5,dataset_2,embedding
1159,0.6931471805599453,0.6757548,train,p5,dataset_2,embedding
169,0.6931471805599453,0.62690187,train,p5,dataset_2,embedding
531,0.6931471805599453,0.71209455,train,p5,dataset_2,embedding
1360,0.6931471805599453,0.71076536,train,p5,dataset_2,embedding
512,0.6931471805599453,0.6819408,train,p5,dataset_2,embedding
1257,0.6931471805599453,0.68264174,train,p5,dataset_2,embedding
572,0.6931471805599453,0.70857954,train,p5,dataset_2,embedding
1135,0.6931471805599453,0.86821306,train,p5,dataset_2,embedding
1047,0.6931471805599453,0.86830616,train,p5,dataset_2,embedding
909,0.6931471805599453,0.69266593,train,p5,dataset_2,embedding
557,0.6931471805599453,0.6838155,train,p5,dataset_2,embedding
1013,0.6931471805599453,0.65835345,train,p5,dataset_2,embedding
55,0.6931471805599453,0.7066009,train,p5,dataset_2,embedding
1161,1.791759469228055,1.0921041,train,p5,dataset_2,embedding
1107,0.6931471805599453,0.6775098,train,p5,dataset_2,embedding
586,0.6931471805599453,0.6585146,train,p5,dataset_2,embedding
1079,0.6931471805599453,0.6916169,train,p5,dataset_2,embedding
107,0.6931471805599453,0.6734704,train,p5,dataset_2,embedding
835,0.6931471805599453,0.6995231,train,p5,dataset_2,embedding
1206,0.6931471805599453,0.67506504,train,p5,dataset_2,embedding
1276,0.6931471805599453,0.6890001,train,p5,dataset_2,embedding
498,0.6931471805599453,0.67719877,train,p5,dataset_2,embedding
555,0.6931471805599453,0.6837919,train,p5,dataset_2,embedding
1241,0.6931471805599453,0.65813327,train,p5,dataset_2,embedding
449,0.6931471805599453,0.65078473,train,p5,dataset_2,embedding
828,0.6931471805599453,0.65840864,train,p5,dataset_2,embedding
205,0.6931471805599453,0.70049,train,p5,dataset_2,embedding
664,0.6931471805599453,0.7166908,train,p5,dataset_2,embedding
460,0.6931471805599453,0.7200583,train,p5,dataset_2,embedding
920,0.6931471805599453,0.65758,train,p5,dataset_2,embedding
295,0.6931471805599453,0.6744225,train,p5,dataset_2,embedding
1157,0.6931471805599453,0.6579604,train,p5,dataset_2,embedding
1336,0.6931471805599453,0.6764108,train,p5,dataset_2,embedding
1188,0.6931471805599453,0.80796015,train,p5,dataset_2,embedding
791,0.6931471805599453,0.68139493,train,p5,dataset_2,embedding
1173,1.3862943611198906,1.091192,train,p5,dataset_2,embedding
1243,0.6931471805599453,0.6277591,train,p5,dataset_2,embedding
926,0.6931471805599453,0.68590117,train,p5,dataset_2,embedding
924,0.6931471805599453,0.6779139,train,p5,dataset_2,embedding
58,0.6931471805599453,0.65758526,train,p5,dataset_2,embedding
1054,0.6931471805599453,0.66874945,train,p5,dataset_2,embedding
1256,0.6931471805599453,0.6735407,train,p5,dataset_2,embedding
379,1.0986122886681098,0.84471214,train,p5,dataset_2,embedding
373,0.6931471805599453,0.6906302,train,p5,dataset_2,embedding
758,0.6931471805599453,0.6965282,train,p5,dataset_2,embedding
552,0.6931471805599453,0.74912035,train,p5,dataset_2,embedding
671,0.6931471805599453,0.7953179,train,p5,dataset_2,embedding
654,0.6931471805599453,0.7264849,train,p5,dataset_2,embedding
646,0.6931471805599453,0.87276053,train,p5,dataset_2,embedding
541,0.6931471805599453,1.0364096,train,p5,dataset_2,embedding
844,0.6931471805599453,0.6508732,train,p5,dataset_2,embedding
876,0.6931471805599453,0.69583225,train,p5,dataset_2,embedding
176,0.6931471805599453,0.6844187,train,p5,dataset_2,embedding
600,0.6931471805599453,0.65445423,train,p5,dataset_2,embedding
500,0.6931471805599453,0.8032783,train,p5,dataset_2,embedding
731,0.6931471805599453,0.89432585,train,p5,dataset_2,embedding
442,0.6931471805599453,0.777588,train,p5,dataset_2,embedding
1109,0.6931471805599453,0.7002826,train,p5,dataset_2,embedding
280,0.6931471805599453,0.7316301,train,p5,dataset_2,embedding
1392,0.6931471805599453,0.68582046,train,p5,dataset_2,embedding
482,0.6931471805599453,0.6585344,train,p5,dataset_2,embedding
754,0.6931471805599453,0.6688303,train,p5,dataset_2,embedding
5,0.6931471805599453,0.7013129,train,p5,dataset_2,embedding
737,0.6931471805599453,0.717242,train,p5,dataset_2,embedding
554,2.302585092994046,2.523564,train,p5,dataset_2,embedding
810,0.6931471805599453,0.65777874,train,p5,dataset_2,embedding
346,0.6931471805599453,0.72454,train,p5,dataset_2,embedding
1407,0.6931471805599453,0.6901121,train,p5,dataset_2,embedding
370,0.6931471805599453,0.69520617,train,p5,dataset_2,embedding
484,0.6931471805599453,0.68906915,train,p5,dataset_2,embedding
1125,1.0986122886681098,0.8854377,train,p5,dataset_2,embedding
1202,0.6931471805599453,0.7174375,train,p5,dataset_2,embedding
1081,0.6931471805599453,0.6764215,train,p5,dataset_2,embedding
820,0.6931471805599453,0.6895329,train,p5,dataset_2,embedding
593,0.6931471805599453,0.7766694,train,p5,dataset_2,embedding
1429,0.6931471805599453,0.69154847,train,p5,dataset_2,embedding
563,0.6931471805599453,0.73642313,train,p5,dataset_2,embedding
1381,0.6931471805599453,0.755713,train,p5,dataset_2,embedding
865,0.6931471805599453,0.65696025,train,p5,dataset_2,embedding
238,0.6931471805599453,0.91848624,train,p5,dataset_2,embedding
546,0.6931471805599453,0.65695834,train,p5,dataset_2,embedding
648,0.6931471805599453,0.77192426,train,p5,dataset_2,embedding
1366,0.6931471805599453,0.6997582,train,p5,dataset_2,embedding
936,0.6931471805599453,0.68403757,train,p5,dataset_2,embedding
307,0.6931471805599453,0.70432734,train,p5,dataset_2,embedding
1427,0.6931471805599453,0.69131744,train,p5,dataset_2,embedding
1406,0.6931471805599453,0.6729413,train,p5,dataset_2,embedding
971,0.6931471805599453,0.69577754,train,p5,dataset_2,embedding
877,0.6931471805599453,0.6844604,train,p5,dataset_2,embedding
139,0.6931471805599453,0.6918092,train,p5,dataset_2,embedding
1418,0.6931471805599453,0.7113898,train,p5,dataset_2,embedding
263,0.6931471805599453,0.69081664,train,p5,dataset_2,embedding
723,0.6931471805599453,0.67941093,train,p5,dataset_2,embedding
264,0.6931471805599453,0.6724342,train,p5,dataset_2,embedding
951,0.6931471805599453,0.69966686,train,p5,dataset_2,embedding
152,0.6931471805599453,0.7854748,train,p5,dataset_2,embedding
1118,0.6931471805599453,0.69355047,train,p5,dataset_2,embedding
631,1.3862943611198906,1.8232018,train,p5,dataset_2,embedding
456,0.6931471805599453,0.68046117,train,p5,dataset_2,embedding
210,1.791759469228055,1.6638391,train,p5,dataset_2,embedding
537,1.0986122886681098,0.94286156,train,p5,dataset_2,embedding
720,1.6094379124341005,1.4736408,train,p5,dataset_2,embedding
1339,0.6931471805599453,0.6956291,train,p5,dataset_2,embedding
1282,0.6931471805599453,0.7043679,train,p5,dataset_2,embedding
838,0.6931471805599453,0.6707287,train,p5,dataset_2,embedding
1136,0.6931471805599453,0.64413416,train,p5,dataset_2,embedding
194,0.6931471805599453,0.69040084,train,p5,dataset_2,embedding
553,0.6931471805599453,0.746102,train,p5,dataset_2,embedding
165,0.6931471805599453,0.65097904,train,p5,dataset_2,embedding
698,0.6931471805599453,0.68942654,train,p5,dataset_2,embedding
1002,0.6931471805599453,0.65072286,train,p5,dataset_2,embedding
777,0.6931471805599453,0.6737938,train,p5,dataset_2,embedding
1150,0.6931471805599453,0.63331497,train,p5,dataset_2,embedding
760,0.6931471805599453,0.69551146,train,p5,dataset_2,embedding
147,0.6931471805599453,0.6762111,train,p5,dataset_2,embedding
612,0.6931471805599453,0.67209375,train,p5,dataset_2,embedding
511,0.6931471805599453,0.68708754,train,p5,dataset_2,embedding
1299,0.6931471805599453,0.65699255,train,p5,dataset_2,embedding
974,0.6931471805599453,0.6978713,train,p5,dataset_2,embedding
599,0.6931471805599453,0.7094184,train,p5,dataset_2,embedding
368,0.6931471805599453,0.689854,train,p5,dataset_2,embedding
441,0.6931471805599453,0.7138822,train,p5,dataset_2,embedding
360,0.6931471805599453,0.7101569,train,p5,dataset_2,embedding
581,0.6931471805599453,0.6953993,train,p5,dataset_2,embedding
1314,0.6931471805599453,0.8681618,train,p5,dataset_2,embedding
801,0.6931471805599453,0.7295606,train,p5,dataset_2,embedding
808,0.6931471805599453,0.69001603,train,p5,dataset_2,embedding
1115,0.6931471805599453,0.6583818,train,p5,dataset_2,embedding
657,0.6931471805599453,0.8765001,train,p5,dataset_2,embedding
695,0.6931471805599453,0.6775651,train,p5,dataset_2,embedding
201,0.6931471805599453,0.6916199,train,p5,dataset_2,embedding
1007,0.6931471805599453,0.6764846,train,p5,dataset_2,embedding
1401,0.6931471805599453,0.68845296,train,p5,dataset_2,embedding
669,0.6931471805599453,0.76532876,train,p5,dataset_2,embedding
1347,0.6931471805599453,0.80565953,train,p5,dataset_2,embedding
1267,0.6931471805599453,0.6438807,train,p5,dataset_2,embedding
1117,0.6931471805599453,0.65115404,train,p5,dataset_2,embedding
1218,0.6931471805599453,0.7080194,train,p5,dataset_2,embedding
638,0.6931471805599453,0.87809706,train,p5,dataset_2,embedding
74,0.6931471805599453,0.6532314,train,p5,dataset_2,embedding
1011,0.6931471805599453,0.65246403,train,p5,dataset_2,embedding
576,0.6931471805599453,0.6461961,train,p5,dataset_2,embedding
233,0.6931471805599453,0.7243968,train,p5,dataset_2,embedding
1216,0.6931471805599453,0.70657396,train,p5,dataset_2,embedding
97,0.6931471805599453,0.7181052,train,p5,dataset_2,embedding
1440,0.6931471805599453,0.6641028,train,p5,dataset_2,embedding
862,0.6931471805599453,0.6910069,train,p5,dataset_2,embedding
171,0.6931471805599453,0.7192391,train,p5,dataset_2,embedding
1146,0.6931471805599453,0.69246864,train,p5,dataset_2,embedding
395,2.0794415416798357,2.0080175,train,p5,dataset_2,embedding
629,2.995732273553991,2.7810204,train,p5,dataset_2,embedding
467,0.6931471805599453,0.66376114,train,p5,dataset_2,embedding
59,0.6931471805599453,0.6830481,train,p5,dataset_2,embedding
623,1.9459101490553132,1.4335374,train,p5,dataset_2,embedding
432,1.3862943611198906,1.2463448,train,p5,dataset_2,embedding
1078,0.6931471805599453,0.6908529,train,p5,dataset_2,embedding
972,0.6931471805599453,0.80743027,train,p5,dataset_2,embedding
1017,0.6931471805599453,0.6918509,train,p5,dataset_2,embedding
1001,0.6931471805599453,0.78745997,train,p5,dataset_2,embedding
734,0.6931471805599453,0.74535644,train,p5,dataset_2,embedding
681,0.6931471805599453,0.7432872,train,p5,dataset_2,embedding
703,0.6931471805599453,0.70751536,train,p5,dataset_2,embedding
1071,0.6931471805599453,0.6631011,train,p5,dataset_2,embedding
444,0.6931471805599453,0.8078474,train,p5,dataset_2,embedding
622,0.6931471805599453,0.719331,train,p5,dataset_2,embedding
1312,0.6931471805599453,0.70657194,train,p5,dataset_2,embedding
89,0.6931471805599453,0.67261004,train,p5,dataset_2,embedding
17,1.0986122886681098,0.81021225,train,p5,dataset_2,embedding
406,0.6931471805599453,0.70484865,train,p5,dataset_2,embedding
391,1.3862943611198906,0.82998776,train,p5,dataset_2,embedding
328,0.6931471805599453,0.6507437,train,p5,dataset_2,embedding
178,0.6931471805599453,0.6919229,train,p5,dataset_2,embedding
550,0.6931471805599453,0.6668961,train,p5,dataset_2,embedding
1280,0.6931471805599453,0.6825491,train,p5,dataset_2,embedding
138,0.6931471805599453,0.69183004,train,p5,dataset_2,embedding
1428,0.6931471805599453,0.6636839,train,p5,dataset_2,embedding
96,0.6931471805599453,0.717932,train,p5,dataset_2,embedding
1291,0.6931471805599453,0.67221,train,p5,dataset_2,embedding
273,0.6931471805599453,0.6821122,train,p5,dataset_2,embedding
1196,0.6931471805599453,0.71971786,train,p5,dataset_2,embedding
1307,0.6931471805599453,0.7445648,train,p5,dataset_2,embedding
1119,0.6931471805599453,0.78759754,train,p5,dataset_2,embedding
1283,0.6931471805599453,0.6905229,train,p5,dataset_2,embedding
885,0.6931471805599453,0.67418754,train,p5,dataset_2,embedding
851,0.6931471805599453,0.69520414,train,p5,dataset_2,embedding
1204,0.6931471805599453,0.67973197,train,p5,dataset_2,embedding
746,0.6931471805599453,0.70569086,train,p5,dataset_2,embedding
167,0.6931471805599453,0.7854996,train,p5,dataset_2,embedding
1221,0.6931471805599453,0.8436669,train,p5,dataset_2,embedding
613,0.6931471805599453,0.7473911,train,p5,dataset_2,embedding
667,0.6931471805599453,0.67597187,train,p5,dataset_2,embedding
1242,0.6931471805599453,0.74748206,train,p5,dataset_2,embedding
544,0.6931471805599453,0.6986327,train,p5,dataset_2,embedding
204,0.6931471805599453,0.6764816,train,p5,dataset_2,embedding
110,0.6931471805599453,0.6567768,train,p5,dataset_2,embedding
470,0.6931471805599453,0.6445583,train,p5,dataset_2,embedding
958,0.6931471805599453,0.6838014,train,p5,dataset_2,embedding
717,2.70805020110221,2.2795398,train,p5,dataset_2,embedding
221,0.6931471805599453,0.6488242,train,p5,dataset_2,embedding
1133,0.6931471805599453,0.9023632,train,p5,dataset_2,embedding
1132,0.6931471805599453,0.6148423,train,p5,dataset_2,embedding
486,0.6931471805599453,0.66961193,train,p5,dataset_2,embedding
137,0.6931471805599453,0.67229044,train,p5,dataset_2,embedding
789,0.6931471805599453,0.7173432,train,p5,dataset_2,embedding
92,0.6931471805599453,0.6718211,train,p5,dataset_2,embedding
230,0.6931471805599453,0.7045864,train,p5,dataset_2,embedding
16,0.6931471805599453,0.66032255,train,p5,dataset_2,embedding
764,0.6931471805599453,0.81079376,train,p5,dataset_2,embedding
645,1.3862943611198906,1.2146215,train,p5,dataset_2,embedding
1056,0.6931471805599453,0.6933491,train,p5,dataset_2,embedding
750,1.0986122886681098,0.848778,train,p5,dataset_2,embedding
48,0.6931471805599453,0.70603526,train,p5,dataset_2,embedding
1194,0.6931471805599453,0.6902001,train,p5,dataset_2,embedding
957,0.6931471805599453,0.6828867,train,p5,dataset_2,embedding
1374,0.6931471805599453,0.7945094,train,p5,dataset_2,embedding
266,0.6931471805599453,0.6904489,train,p5,dataset_2,embedding
108,0.6931471805599453,0.68062544,train,p5,dataset_2,embedding
727,0.6931471805599453,0.8396523,train,p5,dataset_2,embedding
677,0.6931471805599453,0.6469964,train,p5,dataset_2,embedding
942,0.6931471805599453,0.6920284,train,p5,dataset_2,embedding
719,1.791759469228055,1.2050122,train,p5,dataset_2,embedding
211,3.091042453358316,1.9981884,train,p5,dataset_2,embedding
756,0.6931471805599453,0.67354465,train,p5,dataset_2,embedding
1212,0.6931471805599453,0.7947693,train,p5,dataset_2,embedding
1035,0.6931471805599453,0.79370844,train,p5,dataset_2,embedding
20,0.6931471805599453,0.7563565,train,p5,dataset_2,embedding
561,0.6931471805599453,0.71292865,train,p5,dataset_2,embedding
759,0.6931471805599453,0.6286708,train,p5,dataset_2,embedding
1416,0.6931471805599453,0.69791055,train,p5,dataset_2,embedding
670,0.6931471805599453,0.6925787,train,p5,dataset_2,embedding
443,0.6931471805599453,0.71919715,train,p5,dataset_2,embedding
225,0.6931471805599453,0.6715089,train,p5,dataset_2,embedding
1148,0.6931471805599453,0.6722027,train,p5,dataset_2,embedding
1168,1.3862943611198906,1.4173833,train,p5,dataset_2,embedding
1294,0.6931471805599453,0.70862377,train,p5,dataset_2,embedding
700,0.6931471805599453,0.68906474,train,p5,dataset_2,embedding
716,2.3978952727983707,2.4470809,train,p5,dataset_2,embedding
1180,1.0986122886681098,0.94388485,train,p5,dataset_2,embedding
250,0.6931471805599453,0.69537115,train,p5,dataset_2,embedding
439,0.6931471805599453,0.6907805,train,p5,dataset_2,embedding
805,0.6931471805599453,0.67371523,train,p5,dataset_2,embedding
595,1.9459101490553132,1.5503004,train,p5,dataset_2,embedding
119,0.6931471805599453,0.65329087,train,p5,dataset_2,embedding
1044,0.6931471805599453,0.67418945,train,p5,dataset_2,embedding
774,0.6931471805599453,0.6857002,train,p5,dataset_2,embedding
372,0.6931471805599453,0.6913583,train,p5,dataset_2,embedding
726,0.6931471805599453,0.991269,train,p5,dataset_2,embedding
736,1.0986122886681098,0.7952583,train,p5,dataset_2,embedding
809,0.6931471805599453,0.7561805,train,p5,dataset_2,embedding
1356,0.6931471805599453,0.64532506,train,p5,dataset_2,embedding
1320,0.6931471805599453,0.86850464,train,p5,dataset_2,embedding
294,0.6931471805599453,0.701754,train,p5,dataset_2,embedding
569,0.6931471805599453,0.71810603,train,p5,dataset_2,embedding
1072,0.6931471805599453,0.6687597,train,p5,dataset_2,embedding
335,0.6931471805599453,0.6779901,train,p5,dataset_2,embedding
1260,0.6931471805599453,0.68447196,train,p5,dataset_2,embedding
1140,0.6931471805599453,0.6585276,train,p5,dataset_2,embedding
609,0.6931471805599453,0.71076417,train,p5,dataset_2,embedding
1184,0.6931471805599453,0.7314302,train,p5,dataset_2,embedding
383,0.6931471805599453,0.65070665,train,p5,dataset_2,embedding
1145,0.6931471805599453,0.7301723,train,p5,dataset_2,embedding
508,0.6931471805599453,0.6909952,train,p5,dataset_2,embedding
359,0.6931471805599453,0.6738579,train,p5,dataset_2,embedding
940,0.6931471805599453,0.79621196,train,p5,dataset_2,embedding
928,0.6931471805599453,0.7175833,train,p5,dataset_2,embedding
156,0.6931471805599453,0.68426573,train,p5,dataset_2,embedding
1408,0.6931471805599453,0.6964613,train,p5,dataset_2,embedding
1249,0.6931471805599453,0.6923238,train,p5,dataset_2,embedding
534,0.6931471805599453,0.67736197,train,p5,dataset_2,embedding
296,0.6931471805599453,0.69147336,train,p5,dataset_2,embedding
487,0.6931471805599453,0.65082836,train,p5,dataset_2,embedding
22,0.6931471805599453,0.753209,train,p5,dataset_2,embedding
962,0.6931471805599453,0.70802844,train,p5,dataset_2,embedding
1110,0.6931471805599453,0.6659361,train,p5,dataset_2,embedding
880,0.6931471805599453,0.67643785,train,p5,dataset_2,embedding
336,0.6931471805599453,0.6913718,train,p5,dataset_2,embedding
426,0.6931471805599453,0.80604947,train,p5,dataset_2,embedding
84,0.6931471805599453,0.81276536,train,p5,dataset_2,embedding
992,0.6931471805599453,0.7091863,train,p5,dataset_2,embedding
1439,0.6931471805599453,0.68568003,train,p5,dataset_2,embedding
1386,0.6931471805599453,0.68259525,train,p5,dataset_2,embedding
1033,0.6931471805599453,0.7320596,train,p5,dataset_2,embedding
1349,0.6931471805599453,0.6913742,train,p5,dataset_2,embedding
220,0.6931471805599453,0.72350764,train,p5,dataset_2,embedding
1328,0.6931471805599453,0.78582335,train,p5,dataset_2,embedding
565,0.6931471805599453,0.7461169,train,p5,dataset_2,embedding
434,0.6931471805599453,0.65081906,train,p5,dataset_2,embedding
515,0.6931471805599453,0.7180073,train,p5,dataset_2,embedding
761,0.6931471805599453,0.70437205,train,p5,dataset_2,embedding
1222,0.6931471805599453,0.67652917,train,p5,dataset_2,embedding
52,0.6931471805599453,0.6701076,train,p5,dataset_2,embedding
589,0.6931471805599453,0.69825983,train,p5,dataset_2,embedding
975,0.6931471805599453,0.69039774,train,p5,dataset_2,embedding
281,0.6931471805599453,0.6953975,train,p5,dataset_2,embedding
1271,0.6931471805599453,0.67318034,train,p5,dataset_2,embedding
562,0.6931471805599453,0.6666187,train,p5,dataset_2,embedding
10,0.6931471805599453,0.7896031,train,p5,dataset_2,embedding
738,1.0986122886681098,0.8753338,train,p5,dataset_2,embedding
1229,0.6931471805599453,0.78423655,train,p5,dataset_2,embedding
352,0.6931471805599453,0.6912892,train,p5,dataset_2,embedding
1371,0.6931471805599453,0.69067144,train,p5,dataset_2,embedding
1041,0.6931471805599453,0.71132565,train,p5,dataset_2,embedding
660,0.6931471805599453,0.7154263,train,p5,dataset_2,embedding
1205,0.6931471805599453,0.79573846,train,p5,dataset_2,embedding
624,0.6931471805599453,0.6938958,train,p5,dataset_2,embedding
21,0.6931471805599453,0.65794504,train,p5,dataset_2,embedding
448,0.6931471805599453,0.6974573,train,p5,dataset_2,embedding
923,0.6931471805599453,0.71161723,train,p5,dataset_2,embedding
800,0.6931471805599453,0.62393093,train,p5,dataset_2,embedding
94,0.6931471805599453,0.7787895,train,p5,dataset_2,embedding
966,0.6931471805599453,0.59458363,train,p5,dataset_2,embedding
146,0.6931471805599453,0.69155514,train,p5,dataset_2,embedding
993,0.6931471805599453,0.69309366,train,p5,dataset_2,embedding
829,0.6931471805599453,0.69134796,train,p5,dataset_2,embedding
644,0.6931471805599453,0.7973907,train,p5,dataset_2,embedding
331,0.6931471805599453,0.6511202,train,p5,dataset_2,embedding
366,0.6931471805599453,0.69204044,train,p5,dataset_2,embedding
768,0.6931471805599453,0.67174315,train,p5,dataset_2,embedding
1046,0.6931471805599453,0.67655146,train,p5,dataset_2,embedding
725,0.6931471805599453,0.8827765,train,p5,dataset_2,embedding
422,0.6931471805599453,0.8281685,train,p5,dataset_2,embedding
1067,0.6931471805599453,0.68318284,train,p5,dataset_2,embedding
954,0.6931471805599453,0.70123017,train,p5,dataset_2,embedding
207,4.110873864173311,4.4460616,train,p5,dataset_2,embedding
249,0.6931471805599453,0.71868,train,p5,dataset_2,embedding
353,0.6931471805599453,0.69564784,train,p5,dataset_2,embedding
883,0.6931471805599453,0.67195976,train,p5,dataset_2,embedding
525,0.6931471805599453,0.738302,train,p5,dataset_2,embedding
1345,0.6931471805599453,0.7091236,train,p5,dataset_2,embedding
390,0.6931471805599453,0.72025895,train,p5,dataset_2,embedding
526,0.6931471805599453,0.69138694,train,p5,dataset_2,embedding
1262,0.6931471805599453,0.7079592,train,p5,dataset_2,embedding
1370,0.6931471805599453,0.7236339,train,p5,dataset_2,embedding
1183,0.6931471805599453,0.7108877,train,p5,dataset_2,embedding
1375,0.6931471805599453,0.6900042,train,p5,dataset_2,embedding
8,0.6931471805599453,0.6956742,train,p5,dataset_2,embedding
298,0.6931471805599453,0.6522578,train,p5,dataset_2,embedding
1230,0.6931471805599453,0.6846603,train,p5,dataset_2,embedding
344,0.6931471805599453,0.7821038,train,p5,dataset_2,embedding
320,0.6931471805599453,0.6490861,train,p5,dataset_2,embedding
1252,0.6931471805599453,0.691617,train,p5,dataset_2,embedding
452,0.6931471805599453,0.69891644,train,p5,dataset_2,embedding
1153,0.6931471805599453,0.7112999,train,p5,dataset_2,embedding
166,0.6931471805599453,0.66297066,train,p5,dataset_2,embedding
388,0.6931471805599453,0.6728445,train,p5,dataset_2,embedding
446,0.6931471805599453,0.6402731,train,p5,dataset_2,embedding
1287,0.6931471805599453,0.6526749,train,p5,dataset_2,embedding
1327,0.6931471805599453,0.655483,train,p5,dataset_2,embedding
1268,0.6931471805599453,0.6862174,train,p5,dataset_2,embedding
4,0.6931471805599453,0.6498718,train,p5,dataset_2,embedding
1372,0.6931471805599453,0.68918514,train,p5,dataset_2,embedding
767,1.0986122886681098,0.76127374,train,p5,dataset_2,embedding
574,0.6931471805599453,0.6768739,train,p5,dataset_2,embedding
524,0.6931471805599453,0.8814857,train,p5,dataset_2,embedding
989,0.6931471805599453,0.69917285,train,p5,dataset_2,embedding
882,0.6931471805599453,0.7198101,train,p5,dataset_2,embedding
236,0.6931471805599453,0.6845192,train,p5,dataset_2,embedding
1419,0.6931471805599453,0.68604755,train,p5,dataset_2,embedding
1096,0.6931471805599453,0.7196926,train,p5,dataset_2,embedding
182,0.6931471805599453,0.6899172,train,p5,dataset_2,embedding
952,0.6931471805599453,0.720098,train,p5,dataset_2,embedding
604,0.6931471805599453,0.6934991,train,p5,dataset_2,embedding
453,0.6931471805599453,0.6879698,train,p5,dataset_2,embedding
350,0.6931471805599453,0.70280397,train,p5,dataset_2,embedding
278,0.6931471805599453,0.65080225,train,p5,dataset_2,embedding
635,3.610917912644224,2.0645015,train,p5,dataset_2,embedding
226,0.6931471805599453,0.6728531,train,p5,dataset_2,embedding
1074,0.6931471805599453,0.62513995,train,p5,dataset_2,embedding
1277,0.6931471805599453,0.69212186,train,p5,dataset_2,embedding
269,0.6931471805599453,0.7112949,train,p5,dataset_2,embedding
1368,0.6931471805599453,0.6972593,train,p5,dataset_2,embedding
1128,0.6931471805599453,0.8309008,train,p5,dataset_2,embedding
568,0.6931471805599453,0.6842092,train,p5,dataset_2,embedding
1319,0.6931471805599453,0.70661664,train,p5,dataset_2,embedding
517,0.6931471805599453,0.67655325,train,p5,dataset_2,embedding
822,0.6931471805599453,0.6698041,train,p5,dataset_2,embedding
1062,0.6931471805599453,0.70434475,train,p5,dataset_2,embedding
191,0.6931471805599453,0.6856947,train,p5,dataset_2,embedding
895,0.6931471805599453,0.7702856,train,p5,dataset_2,embedding
917,0.6931471805599453,0.6773113,train,p5,dataset_2,embedding
606,0.6931471805599453,0.6913835,train,p5,dataset_2,embedding
1182,1.3862943611198906,0.97264373,train,p5,dataset_2,embedding
797,0.6931471805599453,0.7110473,train,p5,dataset_2,embedding
183,0.6931471805599453,0.7074475,train,p5,dataset_2,embedding
311,0.6931471805599453,0.7100401,train,p5,dataset_2,embedding
73,0.6931471805599453,0.68689644,train,p5,dataset_2,embedding
687,0.6931471805599453,0.68906844,train,p5,dataset_2,embedding
134,0.6931471805599453,0.6722019,train,p5,dataset_2,embedding
1322,0.6931471805599453,0.6765597,train,p5,dataset_2,embedding
349,0.6931471805599453,0.679777,train,p5,dataset_2,embedding
1089,0.6931471805599453,0.65132487,train,p5,dataset_2,embedding
1275,0.6931471805599453,0.67928946,train,p5,dataset_2,embedding
489,0.6931471805599453,0.69228864,train,p5,dataset_2,embedding
445,0.6931471805599453,0.6488205,train,p5,dataset_2,embedding
580,0.6931471805599453,0.70465815,train,p5,dataset_2,embedding
504,0.6931471805599453,0.6757246,train,p5,dataset_2,embedding
342,0.6931471805599453,0.6807729,train,p5,dataset_2,embedding
807,0.6931471805599453,0.6917139,train,p5,dataset_2,embedding
79,0.6931471805599453,0.68511915,train,p5,dataset_2,embedding
998,0.6931471805599453,0.71836483,train,p5,dataset_2,embedding
953,0.6931471805599453,0.72008944,train,p5,dataset_2,embedding
773,0.6931471805599453,0.82473636,train,p5,dataset_2,embedding
241,1.6094379124341005,1.3818272,train,p5,dataset_2,embedding
1142,0.6931471805599453,0.7896272,train,p5,dataset_2,embedding
1139,0.6931471805599453,0.6851852,train,p5,dataset_2,embedding
647,0.6931471805599453,1.2663517,train,p5,dataset_2,embedding
180,0.6931471805599453,0.65028083,train,p5,dataset_2,embedding
23,0.6931471805599453,0.65878475,train,p5,dataset_2,embedding
1424,0.6931471805599453,0.69835436,train,p5,dataset_2,embedding
154,0.6931471805599453,0.69143033,train,p5,dataset_2,embedding
144,0.6931471805599453,0.6808517,train,p5,dataset_2,embedding
724,1.0986122886681098,1.406758,train,p5,dataset_2,embedding
643,1.0986122886681098,0.8835298,train,p5,dataset_2,embedding
120,0.6931471805599453,0.73306787,train,p5,dataset_2,embedding
1127,0.6931471805599453,0.6751795,train,p5,dataset_2,embedding
948,0.6931471805599453,0.65055144,train,p5,dataset_2,embedding
633,1.0986122886681098,1.1573015,train,p5,dataset_2,embedding
1309,0.6931471805599453,0.72027755,train,p5,dataset_2,embedding
41,0.6931471805599453,0.6936747,train,p5,dataset_2,embedding
255,0.6931471805599453,0.69190276,train,p5,dataset_2,embedding
455,0.6931471805599453,0.70960975,train,p5,dataset_2,embedding
491,0.6931471805599453,0.69453156,train,p5,dataset_2,embedding
185,0.6931471805599453,0.6775625,train,p5,dataset_2,embedding
540,0.6931471805599453,0.68838537,train,p5,dataset_2,embedding
459,0.6931471805599453,0.66824615,train,p5,dataset_2,embedding
1124,0.6931471805599453,0.781024,train,p5,dataset_2,embedding
1245,0.6931471805599453,0.6861166,train,p5,dataset_2,embedding
1195,0.6931471805599453,0.62693465,train,p5,dataset_2,embedding
476,0.6931471805599453,0.6775298,train,p5,dataset_2,embedding
321,0.6931471805599453,0.67671275,train,p5,dataset_2,embedding
591,0.6931471805599453,0.6953864,train,p5,dataset_2,embedding
26,0.6931471805599453,0.68614984,train,p5,dataset_2,embedding
1186,0.6931471805599453,0.7089077,train,p5,dataset_2,embedding
1010,0.6931471805599453,0.69086945,train,p5,dataset_2,embedding
1059,0.6931471805599453,0.77100706,train,p5,dataset_2,embedding
911,0.6931471805599453,0.6862422,train,p5,dataset_2,embedding
616,0.6931471805599453,0.69166327,train,p5,dataset_2,embedding
1170,1.3862943611198906,1.1311778,train,p5,dataset_2,embedding
428,0.6931471805599453,0.6948699,train,p5,dataset_2,embedding
778,0.6931471805599453,0.7048478,train,p5,dataset_2,embedding
393,1.0986122886681098,0.8337326,train,p5,dataset_2,embedding
1274,0.6931471805599453,0.69529676,train,p5,dataset_2,embedding
728,0.6931471805599453,0.885502,train,p5,dataset_2,embedding
430,0.6931471805599453,0.6969397,train,p5,dataset_2,embedding
1415,0.6931471805599453,0.71995723,train,p5,dataset_2,embedding
272,0.6931471805599453,0.72009695,train,p5,dataset_2,embedding
488,0.6931471805599453,0.74608743,train,p5,dataset_2,embedding
187,0.6931471805599453,0.7367698,train,p5,dataset_2,embedding
823,0.6931471805599453,0.6687046,train,p5,dataset_2,embedding
1095,0.6931471805599453,0.6894201,train,p5,dataset_2,embedding
39,0.6931471805599453,0.7110398,train,p5,dataset_2,embedding
755,0.6931471805599453,0.71175635,train,p5,dataset_2,embedding
153,0.6931471805599453,0.7952204,train,p5,dataset_2,embedding
987,0.6931471805599453,0.6924877,train,p5,dataset_2,embedding
1018,0.6931471805599453,0.67917955,train,p5,dataset_2,embedding
37,0.6931471805599453,0.69238853,train,p5,dataset_2,embedding
1435,0.6931471805599453,0.6727812,train,p5,dataset_2,embedding
900,0.6931471805599453,0.6824789,train,p5,dataset_2,embedding
1253,0.6931471805599453,0.67638195,train,p5,dataset_2,embedding
86,0.6931471805599453,0.70954955,train,p5,dataset_2,embedding
1019,0.6931471805599453,0.69057405,train,p5,dataset_2,embedding
1105,0.6931471805599453,0.6509216,train,p5,dataset_2,embedding
1220,0.6931471805599453,0.6505916,train,p5,dataset_2,embedding
941,0.6931471805599453,0.71789944,train,p5,dataset_2,embedding
881,0.6931471805599453,0.6852759,train,p5,dataset_2,embedding
696,0.6931471805599453,0.6699275,train,p5,dataset_2,embedding
1385,0.6931471805599453,0.6927421,train,p5,dataset_2,embedding
915,0.6931471805599453,0.77115524,train,p5,dataset_2,embedding
1334,0.6931471805599453,0.6968527,train,p5,dataset_2,embedding
1198,0.6931471805599453,0.6496241,train,p5,dataset_2,embedding
1094,0.6931471805599453,0.6816584,train,p5,dataset_2,embedding
1049,0.6931471805599453,0.84828067,train,p5,dataset_2,embedding
967,0.6931471805599453,0.65147865,train,p5,dataset_2,embedding
1063,0.6931471805599453,0.6823274,train,p5,dataset_2,embedding
875,0.6931471805599453,0.6842859,train,p5,dataset_2,embedding
826,0.6931471805599453,0.7101108,train,p5,dataset_2,embedding
305,0.6931471805599453,0.68623424,train,p5,dataset_2,embedding
831,0.6931471805599453,0.6934978,train,p5,dataset_2,embedding
1335,0.6931471805599453,0.7202393,train,p5,dataset_2,embedding
849,0.6931471805599453,0.70132434,train,p5,dataset_2,embedding
90,0.6931471805599453,0.65064216,train,p5,dataset_2,embedding
642,0.6931471805599453,1.0831114,train,p5,dataset_2,embedding
1091,0.6931471805599453,0.84673357,train,p5,dataset_2,embedding
1149,0.6931471805599453,0.7008376,train,p5,dataset_2,embedding
676,0.6931471805599453,0.6910217,train,p5,dataset_2,embedding
125,0.6931471805599453,0.68395674,train,p5,dataset_2,embedding
1225,0.6931471805599453,0.70334804,train,p5,dataset_2,embedding
1364,0.6931471805599453,0.71030843,train,p5,dataset_2,embedding
902,0.6931471805599453,0.6829095,train,p5,dataset_2,embedding
243,0.6931471805599453,0.6637225,train,p5,dataset_2,embedding
11,0.6931471805599453,0.75947225,train,p5,dataset_2,embedding
1032,0.6931471805599453,0.68248236,train,p5,dataset_2,embedding
1084,0.6931471805599453,0.69168913,train,p5,dataset_2,embedding
694,1.0986122886681098,1.2272521,train,p5,dataset_2,embedding
246,1.3862943611198906,0.9232998,train,p5,dataset_2,embedding
1050,0.6931471805599453,0.74955964,train,p5,dataset_2,embedding
814,0.6931471805599453,0.71074736,train,p5,dataset_2,embedding
1137,0.6931471805599453,0.6750562,train,p5,dataset_2,embedding
897,0.6931471805599453,0.69497454,train,p5,dataset_2,embedding
495,0.6931471805599453,0.66892755,train,p5,dataset_2,embedding
437,0.6931471805599453,0.6861875,train,p5,dataset_2,embedding
821,0.6931471805599453,0.7331015,train,p5,dataset_2,embedding
155,0.6931471805599453,0.71744895,train,p5,dataset_2,embedding
530,0.6931471805599453,0.6939163,train,p5,dataset_2,embedding
66,0.6931471805599453,0.65853107,train,p5,dataset_2,embedding
538,0.6931471805599453,0.9156835,train,p5,dataset_2,embedding
364,0.6931471805599453,0.6915964,train,p5,dataset_2,embedding
1269,0.6931471805599453,0.6512264,train,p5,dataset_2,embedding
521,0.6931471805599453,0.74940944,train,p5,dataset_2,embedding
1306,0.6931471805599453,0.73061633,train,p5,dataset_2,embedding
977,0.6931471805599453,0.7113193,train,p5,dataset_2,embedding
114,0.6931471805599453,0.67970264,train,p5,dataset_2,embedding
634,2.9444389791664403,1.3143114,train,p5,dataset_2,embedding
1004,0.6931471805599453,0.6912966,train,p5,dataset_2,embedding
984,0.6931471805599453,0.7318225,train,p5,dataset_2,embedding
386,0.6931471805599453,0.6688762,train,p5,dataset_2,embedding
1208,0.6931471805599453,0.6930134,train,p5,dataset_2,embedding
1433,0.6931471805599453,0.69540644,train,p5,dataset_2,embedding
907,0.6931471805599453,0.66507244,train,p5,dataset_2,embedding
40,0.6931471805599453,0.69807243,train,p5,dataset_2,embedding
712,1.0986122886681098,0.7541727,train,p5,dataset_2,embedding
608,0.6931471805599453,0.7011839,train,p5,dataset_2,embedding
1265,0.6931471805599453,0.6763959,train,p5,dataset_2,embedding
996,0.6931471805599453,0.7818216,train,p5,dataset_2,embedding
399,2.1972245773362196,2.037161,train,p5,dataset_2,embedding
692,0.6931471805599453,0.75687635,train,p5,dataset_2,embedding
1111,0.6931471805599453,0.6577599,train,p5,dataset_2,embedding
542,0.6931471805599453,0.69175506,train,p5,dataset_2,embedding
262,0.6931471805599453,0.7113496,train,p5,dataset_2,embedding
626,2.0794415416798357,2.583831,train,p5,dataset_2,embedding
477,0.6931471805599453,0.6890054,train,p5,dataset_2,embedding
535,0.6931471805599453,0.68915606,train,p5,dataset_2,embedding
1264,0.6931471805599453,0.69094944,train,p5,dataset_2,embedding
357,0.6931471805599453,0.7108083,train,p5,dataset_2,embedding
1388,0.6931471805599453,0.7179556,train,p5,dataset_2,embedding
903,0.6931471805599453,0.7100959,train,p5,dataset_2,embedding
1155,0.6931471805599453,0.65828323,train,p5,dataset_2,embedding
245,0.6931471805599453,0.8317112,train,p5,dataset_2,embedding
1052,0.6931471805599453,0.65902126,train,p5,dataset_2,embedding
834,0.6931471805599453,0.70718515,train,p5,dataset_2,embedding
1405,0.6931471805599453,0.7151824,train,p5,dataset_2,embedding
314,0.6931471805599453,0.7657523,train,p5,dataset_2,embedding
387,0.6931471805599453,0.68202853,train,p5,dataset_2,embedding
1350,0.6931471805599453,0.6900264,train,p5,dataset_2,embedding
334,0.6931471805599453,0.68079495,train,p5,dataset_2,embedding
944,0.6931471805599453,0.7462671,train,p5,dataset_2,embedding
27,0.6931471805599453,0.72992647,train,p5,dataset_2,embedding
1359,0.6931471805599453,0.68903005,train,p5,dataset_2,embedding
1158,1.0986122886681098,1.0213581,train,p5,dataset_2,embedding
548,0.6931471805599453,0.6450602,train,p5,dataset_2,embedding
793,0.6931471805599453,0.6506008,train,p5,dataset_2,embedding
162,0.6931471805599453,0.7446871,train,p5,dataset_2,embedding
1213,0.6931471805599453,0.6722808,train,p5,dataset_2,embedding
356,0.6931471805599453,0.7341492,train,p5,dataset_2,embedding
1279,0.6931471805599453,0.69925725,train,p5,dataset_2,embedding
431,1.0986122886681098,0.8055577,train,p5,dataset_2,embedding
870,0.6931471805599453,0.69531786,train,p5,dataset_2,embedding
25,0.6931471805599453,0.79792416,train,p5,dataset_2,embedding
1015,0.6931471805599453,0.6788895,train,p5,dataset_2,embedding
991,0.6931471805599453,0.6629976,train,p5,dataset_2,embedding
118,0.6931471805599453,0.709236,train,p5,dataset_2,embedding
675,0.6931471805599453,0.7605927,train,p5,dataset_2,embedding
392,0.6931471805599453,0.86529064,train,p5,dataset_2,embedding
658,0.6931471805599453,0.91189396,train,p5,dataset_2,embedding
367,0.6931471805599453,0.697132,train,p5,dataset_2,embedding
199,0.6931471805599453,0.69098437,train,p5,dataset_2,embedding
762,0.6931471805599453,0.68246293,train,p5,dataset_2,embedding
159,0.6931471805599453,0.7203851,train,p5,dataset_2,embedding
502,0.6931471805599453,0.7201158,train,p5,dataset_2,embedding
1038,0.6931471805599453,0.6758754,train,p5,dataset_2,embedding
753,0.6931471805599453,0.71301746,train,p5,dataset_2,embedding
1332,0.6931471805599453,0.67245877,train,p5,dataset_2,embedding
1167,0.6931471805599453,0.63171506,train,p5,dataset_2,embedding
678,0.6931471805599453,0.6901461,train,p5,dataset_2,embedding
1397,0.6931471805599453,0.69573104,train,p5,dataset_2,embedding
516,0.6931471805599453,0.67220247,train,p5,dataset_2,embedding
740,0.6931471805599453,0.6503242,train,p5,dataset_2,embedding
852,0.6931471805599453,0.65021026,train,p5,dataset_2,embedding
1234,0.6931471805599453,0.69225824,train,p5,dataset_2,embedding
995,0.6931471805599453,0.6841849,train,p5,dataset_2,embedding
132,0.6931471805599453,0.676857,train,p5,dataset_2,embedding
854,0.6931471805599453,0.68632746,train,p5,dataset_2,embedding
186,0.6931471805599453,0.6917275,train,p5,dataset_2,embedding
1437,0.6931471805599453,0.6953684,train,p5,dataset_2,embedding
1363,0.6931471805599453,0.6856526,train,p5,dataset_2,embedding
1164,0.6931471805599453,0.72066474,train,p5,dataset_2,embedding
284,2.0794415416798357,1.4619291,train,p5,dataset_2,embedding
1165,2.3978952727983707,2.9616108,train,p5,dataset_2,embedding
1436,0.6931471805599453,0.6758032,train,p5,dataset_2,embedding
325,0.6931471805599453,0.76829636,train,p5,dataset_2,embedding
287,0.6931471805599453,0.7733948,train,p5,dataset_2,embedding
1060,0.6931471805599453,0.71134186,train,p5,dataset_2,embedding
955,0.6931471805599453,0.6860702,train,p5,dataset_2,embedding
1101,0.6931471805599453,0.69182444,train,p5,dataset_2,embedding
1200,0.6931471805599453,0.68409085,train,p5,dataset_2,embedding
252,0.6931471805599453,0.6949897,train,p5,dataset_2,embedding
157,0.6931471805599453,0.6721766,train,p5,dataset_2,embedding
1113,0.6931471805599453,0.67722785,train,p5,dataset_2,embedding
435,0.6931471805599453,0.8566892,train,p5,dataset_2,embedding
1340,0.6931471805599453,0.67623615,train,p5,dataset_2,embedding
785,0.6931471805599453,0.67859674,train,p5,dataset_2,embedding
1316,0.6931471805599453,0.6616849,train,p5,dataset_2,embedding
709,0.6931471805599453,0.68332326,train,p5,dataset_2,embedding
81,1.0986122886681098,1.0063754,train,p5,dataset_2,embedding
735,0.6931471805599453,0.8682629,train,p5,dataset_2,embedding
98,0.6931471805599453,0.71831477,train,p5,dataset_2,embedding
640,1.6094379124341005,1.403911,train,p5,dataset_2,embedding
976,0.6931471805599453,0.7174915,train,p5,dataset_2,embedding
918,0.6931471805599453,0.7018846,train,p5,dataset_2,embedding
1219,0.6931471805599453,0.6987945,train,p5,dataset_2,embedding
982,0.6931471805599453,0.6731044,train,p5,dataset_2,embedding
292,1.0986122886681098,0.81803226,train,p5,dataset_2,embedding
556,0.6931471805599453,0.6921861,train,p5,dataset_2,embedding
1005,0.6931471805599453,0.6919353,train,p5,dataset_2,embedding
1058,0.6931471805599453,0.68241286,train,p5,dataset_2,embedding
1103,0.6931471805599453,0.6939362,train,p5,dataset_2,embedding
514,0.6931471805599453,0.6570499,train,p5,dataset_2,embedding
129,0.6931471805599453,0.7199441,train,p5,dataset_2,embedding
389,0.6931471805599453,0.6875676,train,p5,dataset_2,embedding
436,0.6931471805599453,0.703508,train,p5,dataset_2,embedding
338,0.6931471805599453,0.6506846,train,p5,dataset_2,embedding
1367,0.6931471805599453,0.67953014,train,p5,dataset_2,embedding
473,0.6931471805599453,0.6316142,train,p5,dataset_2,embedding
293,0.6931471805599453,0.65330255,train,p5,dataset_2,embedding
302,0.6931471805599453,0.6866883,train,p5,dataset_2,embedding
189,0.6931471805599453,0.6735021,train,p5,dataset_2,embedding
348,0.6931471805599453,0.6757463,train,p5,dataset_2,embedding
663,0.6931471805599453,0.69270766,train,p5,dataset_2,embedding
416,1.0986122886681098,1.0318805,train,p5,dataset_2,embedding
1122,0.6931471805599453,0.7542733,train,p5,dataset_2,embedding
410,1.791759469228055,1.1003633,train,p5,dataset_2,embedding
310,0.6931471805599453,0.68361247,train,p5,dataset_2,embedding
327,0.6931471805599453,0.79463434,train,p5,dataset_2,embedding
13,0.6931471805599453,0.6916572,train,p5,dataset_2,embedding
1293,0.6931471805599453,0.70869017,train,p5,dataset_2,embedding
699,0.6931471805599453,0.6506461,train,p5,dataset_2,embedding
227,0.6931471805599453,0.71842563,train,p5,dataset_2,embedding
1296,0.6931471805599453,0.7548264,train,p5,dataset_2,embedding
1354,2.0794415416798357,2.2041976,train,p5,dataset_2,embedding
652,1.0986122886681098,0.797896,train,p5,dataset_2,embedding
547,0.6931471805599453,0.8608142,train,p5,dataset_2,embedding
1215,0.6931471805599453,0.6929767,train,p5,dataset_2,embedding
1377,1.3862943611198906,1.4093817,train,p5,dataset_2,embedding
908,0.6931471805599453,0.6305007,train,p5,dataset_2,embedding
313,0.6931471805599453,0.65408695,train,p5,dataset_2,embedding
1270,0.6931471805599453,0.6911901,train,p5,dataset_2,embedding
385,0.6931471805599453,0.67202234,train,p5,dataset_2,embedding
222,0.6931471805599453,0.7089945,train,p5,dataset_2,embedding
196,0.6931471805599453,0.69673073,train,p5,dataset_2,embedding
181,0.6931471805599453,0.6852373,train,p5,dataset_2,embedding
1016,0.6931471805599453,0.6890675,train,p5,dataset_2,embedding
323,0.6931471805599453,0.66895175,train,p5,dataset_2,embedding
64,0.6931471805599453,0.66857684,train,p5,dataset_2,embedding
216,0.6931471805599453,0.7784345,train,p5,dataset_2,embedding
1240,0.6931471805599453,0.6835897,train,p5,dataset_2,embedding
1102,0.6931471805599453,0.6263665,train,p5,dataset_2,embedding
1376,0.6931471805599453,0.68513846,train,p5,dataset_2,embedding
197,0.6931471805599453,0.6859468,train,p5,dataset_2,embedding
343,0.6931471805599453,0.71964693,train,p5,dataset_2,embedding
929,0.6931471805599453,0.6686733,train,p5,dataset_2,embedding
267,0.6931471805599453,0.64044714,train,p5,dataset_2,embedding
1106,0.6931471805599453,0.6923288,train,p5,dataset_2,embedding
411,0.6931471805599453,0.6789969,train,p5,dataset_2,embedding
842,0.6931471805599453,0.6525016,train,p5,dataset_2,embedding
469,0.6931471805599453,0.78532946,train,p5,dataset_2,embedding
401,0.6931471805599453,0.6920129,train,p5,dataset_2,embedding
170,0.6931471805599453,0.6762661,train,p5,dataset_2,embedding
1351,0.6931471805599453,0.72032547,train,p5,dataset_2,embedding
884,0.6931471805599453,0.6991224,train,p5,dataset_2,embedding
219,0.6931471805599453,0.6952195,train,p5,dataset_2,embedding
1077,0.6931471805599453,0.7074269,train,p5,dataset_2,embedding
19,0.6931471805599453,0.64528584,train,p5,dataset_2,embedding
685,0.6931471805599453,0.6914468,train,p5,dataset_2,embedding
860,0.6931471805599453,0.64997804,train,p5,dataset_2,embedding
286,0.6931471805599453,0.6593168,train,p5,dataset_2,embedding
288,0.6931471805599453,0.6507559,train,p5,dataset_2,embedding
384,0.6931471805599453,0.6819929,train,p5,dataset_2,embedding
82,1.0986122886681098,0.8164158,train,p5,dataset_2,embedding
1420,0.6931471805599453,0.65065956,train,p5,dataset_2,embedding
597,0.6931471805599453,0.7969854,train,p5,dataset_2,embedding
1315,0.6931471805599453,0.7045671,train,p5,dataset_2,embedding
790,0.6931471805599453,0.690863,train,p5,dataset_2,embedding
83,1.0986122886681098,0.922173,train,p5,dataset_2,embedding
668,1.3862943611198906,1.1107241,train,p5,dataset_2,embedding
72,0.6931471805599453,0.6507113,train,p5,dataset_2,embedding
160,0.6931471805599453,0.6856971,train,p5,dataset_2,embedding
475,0.6931471805599453,0.65091646,train,p5,dataset_2,embedding
142,0.6931471805599453,0.6916206,train,p5,dataset_2,embedding
1076,0.6931471805599453,0.67931414,train,p5,dataset_2,embedding
980,0.6931471805599453,0.76235723,train,p5,dataset_2,embedding
1169,0.6931471805599453,1.3338033,train,p5,dataset_2,embedding
1134,0.6931471805599453,0.6508554,train,p5,dataset_2,embedding
965,0.6931471805599453,0.6919197,train,p5,dataset_2,embedding
650,0.6931471805599453,0.8673519,train,p5,dataset_2,embedding
781,0.6931471805599453,0.6226113,train,p5,dataset_2,embedding
943,0.6931471805599453,0.6934025,train,p5,dataset_2,embedding
1021,0.6931471805599453,0.7181026,train,p5,dataset_2,embedding
1361,0.6931471805599453,0.6591712,train,p5,dataset_2,embedding
402,2.70805020110221,2.0352094,train,p5,dataset_2,embedding
994,0.6931471805599453,0.67650187,train,p5,dataset_2,embedding
124,0.6931471805599453,0.71801627,train,p5,dataset_2,embedding
684,0.6931471805599453,0.6911608,train,p5,dataset_2,embedding
577,0.6931471805599453,0.6755725,train,p5,dataset_2,embedding
304,0.6931471805599453,0.71014893,train,p5,dataset_2,embedding
1129,1.0986122886681098,0.8955883,train,p5,dataset_2,embedding
1365,0.6931471805599453,0.7097273,train,p5,dataset_2,embedding
930,0.6931471805599453,0.7085787,train,p5,dataset_2,embedding
1086,0.6931471805599453,0.6862198,train,p5,dataset_2,embedding
1383,0.6931471805599453,0.66982174,train,p5,dataset_2,embedding
1343,0.6931471805599453,0.6767509,train,p5,dataset_2,embedding
704,0.6931471805599453,0.67304707,train,p5,dataset_2,embedding
937,0.6931471805599453,0.6850915,train,p5,dataset_2,embedding
87,0.6931471805599453,0.6347476,train,p5,dataset_2,embedding
729,1.0986122886681098,0.7733942,train,p5,dataset_2,embedding
1317,0.6931471805599453,0.64457047,train,p5,dataset_2,embedding
301,0.6931471805599453,0.66217923,train,p5,dataset_2,embedding
117,0.6931471805599453,0.6593896,train,p5,dataset_2,embedding
683,0.6931471805599453,0.6843946,train,p5,dataset_2,embedding
1093,0.6931471805599453,0.65077925,train,p5,dataset_2,embedding
630,2.70805020110221,3.0780814,train,p5,dataset_2,embedding
749,0.6931471805599453,0.68970644,train,p5,dataset_2,embedding
815,0.6931471805599453,0.80140376,train,p5,dataset_2,embedding
421,0.6931471805599453,0.6976652,train,p5,dataset_2,embedding
1176,0.6931471805599453,0.72656584,train,p5,dataset_2,embedding
573,0.6931471805599453,0.719826,train,p5,dataset_2,embedding
843,0.6931471805599453,0.6916381,train,p5,dataset_2,embedding
100,0.6931471805599453,0.8088149,train,p5,dataset_2,embedding
688,0.6931471805599453,0.74970436,train,p5,dataset_2,embedding
1143,1.3862943611198906,1.4479842,train,p5,dataset_2,embedding
939,0.6931471805599453,0.7082417,train,p5,dataset_2,embedding
149,0.6931471805599453,0.7078788,train,p5,dataset_2,embedding
1289,0.6931471805599453,0.69515085,train,p5,dataset_2,embedding
1083,0.6931471805599453,0.67127573,train,p5,dataset_2,embedding
779,0.6931471805599453,0.65273654,train,p5,dataset_2,embedding
1172,0.6931471805599453,0.8044026,train,p5,dataset_2,embedding
425,0.6931471805599453,0.6918,train,p5,dataset_2,embedding
614,0.6931471805599453,0.64646876,train,p5,dataset_2,embedding
1008,0.6931471805599453,0.7027106,train,p5,dataset_2,embedding
1342,0.6931471805599453,0.6765524,train,p5,dataset_2,embedding
775,0.6931471805599453,0.6772469,train,p5,dataset_2,embedding
1301,0.6931471805599453,0.69194305,train,p5,dataset_2,embedding
830,0.6931471805599453,0.7859148,train,p5,dataset_2,embedding
857,0.6931471805599453,0.6535218,train,p5,dataset_2,embedding
786,0.6931471805599453,0.68483984,train,p5,dataset_2,embedding
1326,0.6931471805599453,0.75145173,train,p5,dataset_2,embedding
932,0.6931471805599453,0.6930673,train,p5,dataset_2,embedding
483,0.6931471805599453,0.68653643,train,p5,dataset_2,embedding
1404,0.6931471805599453,0.6897781,train,p5,dataset_2,embedding
1369,0.6931471805599453,0.6903012,train,p5,dataset_2,embedding
519,0.6931471805599453,0.69169986,train,p5,dataset_2,embedding
193,0.6931471805599453,0.807088,train,p5,dataset_2,embedding
378,0.6931471805599453,0.718627,train,p5,dataset_2,embedding
1263,0.6931471805599453,0.72022057,train,p5,dataset_2,embedding
1174,1.3862943611198906,1.0398012,train,p5,dataset_2,embedding
850,0.6931471805599453,0.6935408,train,p5,dataset_2,embedding
913,0.6931471805599453,0.71190584,train,p5,dataset_2,embedding
637,1.6094379124341005,1.2284456,train,p5,dataset_2,embedding
450,0.6931471805599453,0.7198534,train,p5,dataset_2,embedding
856,0.6931471805599453,0.6781001,train,p5,dataset_2,embedding
14,0.6931471805599453,0.73324084,train,p5,dataset_2,embedding
841,0.6931471805599453,0.70006454,train,p5,dataset_2,embedding
803,0.6931471805599453,0.6809368,train,p5,dataset_2,embedding
1171,1.0986122886681098,1.2222015,train,p5,dataset_2,embedding
501,0.6931471805599453,0.68172324,train,p5,dataset_2,embedding
234,0.6931471805599453,0.65070045,train,p5,dataset_2,embedding
329,0.6931471805599453,0.67735624,train,p5,dataset_2,embedding
104,0.6931471805599453,0.64214766,train,p5,dataset_2,embedding
317,0.6931471805599453,0.6569433,train,p5,dataset_2,embedding
1391,0.6931471805599453,0.86188436,train,p5,dataset_2,embedding
1302,0.6931471805599453,0.68054676,train,p5,dataset_2,embedding
492,0.6931471805599453,0.69077635,train,p5,dataset_2,embedding
235,1.9459101490553132,1.585012,train,p5,dataset_2,embedding
1318,0.6931471805599453,0.6823219,train,p5,dataset_2,embedding
1147,0.6931471805599453,0.71361923,train,p5,dataset_2,embedding
1393,0.6931471805599453,0.683748,train,p5,dataset_2,embedding
1331,0.6931471805599453,0.7109029,train,p5,dataset_2,embedding
866,0.6931471805599453,0.69900787,train,p5,dataset_2,embedding
653,0.6931471805599453,0.8402866,train,p5,dataset_2,embedding
1358,1.0986122886681098,1.2257943,train,p5,dataset_2,embedding
158,0.6931471805599453,0.6765758,train,p5,dataset_2,embedding
6,0.6931471805599453,0.7316073,train,p5,dataset_2,embedding
42,0.6931471805599453,0.67206836,train,p5,dataset_2,embedding
1003,0.6931471805599453,0.7155552,train,p5,dataset_2,embedding
215,0.6931471805599453,0.71499527,train,p5,dataset_2,embedding
1352,1.0986122886681098,1.218557,train,p5,dataset_2,embedding
592,0.6931471805599453,0.67242086,train,p5,dataset_2,embedding
279,0.6931471805599453,0.7355826,train,p5,dataset_2,embedding
414,0.6931471805599453,0.644114,train,p5,dataset_2,embedding
408,0.6931471805599453,0.7004428,train,p5,dataset_2,embedding
1329,0.6931471805599453,0.6852242,train,p5,dataset_2,embedding
1305,0.6931471805599453,0.6727091,train,p5,dataset_2,embedding
214,0.6931471805599453,0.8216288,train,p5,dataset_2,embedding
188,0.6931471805599453,0.68230903,train,p5,dataset_2,embedding
1185,0.6931471805599453,0.7044486,train,p5,dataset_2,embedding
256,0.6931471805599453,0.69031096,train,p5,dataset_2,embedding
839,0.6931471805599453,0.70893574,train,p5,dataset_2,embedding
1012,0.6931471805599453,0.66987085,train,p5,dataset_2,embedding
1323,1.6094379124341005,1.2167728,train,p5,dataset_2,embedding
496,0.6931471805599453,0.7400124,train,p5,dataset_2,embedding
1382,0.6931471805599453,0.730237,train,p5,dataset_2,embedding
718,2.1972245773362196,1.8722589,train,p5,dataset_2,embedding
743,0.6931471805599453,0.7170054,train,p5,dataset_2,embedding
1304,0.6931471805599453,0.7342627,train,p5,dataset_2,embedding
111,0.6931471805599453,0.77491033,train,p5,dataset_2,embedding
659,0.6931471805599453,0.76687,train,p5,dataset_2,embedding
1400,0.6931471805599453,0.718384,train,p5,dataset_2,embedding
617,0.6931471805599453,0.6514306,train,p5,dataset_2,embedding
1362,0.6931471805599453,0.7379911,train,p5,dataset_2,embedding
1273,0.6931471805599453,0.67936754,train,p5,dataset_2,embedding
2,0.6931471805599453,0.69183445,train,p5,dataset_2,embedding
440,0.6931471805599453,0.6760491,train,p5,dataset_2,embedding
1020,0.6931471805599453,0.6720946,train,p5,dataset_2,embedding
300,0.6931471805599453,0.6813377,train,p5,dataset_2,embedding
404,1.3862943611198906,1.3285326,train,p5,dataset_2,embedding
1177,0.6931471805599453,0.68922174,train,p5,dataset_2,embedding
1070,0.6931471805599453,0.6909466,train,p5,dataset_2,embedding
632,2.0794415416798357,1.9102056,train,p5,dataset_2,embedding
1055,0.6931471805599453,0.65974,train,p5,dataset_2,embedding
85,0.6931471805599453,0.78993416,train,p5,dataset_2,embedding
291,0.6931471805599453,0.6604445,train,p5,dataset_2,embedding
375,0.6931471805599453,0.6621357,train,p5,dataset_2,embedding
596,1.6094379124341005,1.1156219,train,p5,dataset_2,embedding
396,0.6931471805599453,1.8454871,train,p5,dataset_2,embedding
1266,0.6931471805599453,0.7011188,train,p5,dataset_2,embedding
837,0.6931471805599453,0.6448653,train,p5,dataset_2,embedding
904,0.6931471805599453,0.7656623,train,p5,dataset_2,embedding
232,0.6931471805599453,0.68907857,train,p5,dataset_2,embedding
458,0.6931471805599453,0.671304,train,p5,dataset_2,embedding
1355,1.6094379124341005,1.8693936,train,p5,dataset_2,embedding
1141,0.6931471805599453,0.68205154,train,p5,dataset_2,embedding
1357,1.791759469228055,1.5594578,train,p5,dataset_2,embedding
615,0.6931471805599453,0.6759801,train,p5,dataset_2,embedding
896,0.6931471805599453,0.6932466,train,p5,dataset_2,embedding
707,0.6931471805599453,0.66041017,train,p5,dataset_2,embedding
355,0.6931471805599453,0.6696762,train,p5,dataset_2,embedding
879,0.6931471805599453,0.65793824,train,p5,dataset_2,embedding
1325,0.6931471805599453,0.78117037,train,p5,dataset_2,embedding
938,0.6931471805599453,0.69515705,train,p5,dataset_2,embedding
1152,0.6931471805599453,0.65784264,train,p5,dataset_2,embedding
874,0.6931471805599453,0.70456684,train,p5,dataset_2,embedding
1224,0.6931471805599453,0.69185305,train,p5,dataset_2,embedding
981,0.6931471805599453,0.658123,train,p5,dataset_2,embedding
960,0.6931471805599453,0.6908622,train,p5,dataset_2,embedding
620,0.6931471805599453,0.67758834,train,p5,dataset_2,embedding
128,0.6931471805599453,0.62610066,train,p5,dataset_2,embedding
601,0.6931471805599453,0.71131706,train,p5,dataset_2,embedding
772,0.6931471805599453,0.69870985,train,p5,dataset_2,embedding
769,0.6931471805599453,0.75728834,train,p5,dataset_2,embedding
31,0.6931471805599453,1.0710095,train,p5,dataset_2,embedding
35,0.6931471805599453,0.69539165,train,p5,dataset_2,embedding
697,0.6931471805599453,0.67741954,train,p5,dataset_2,embedding
969,0.6931471805599453,0.6817974,train,p5,dataset_2,embedding
1175,0.6931471805599453,0.6672057,train,p5,dataset_2,embedding
433,0.6931471805599453,0.70365787,train,p5,dataset_2,embedding
721,1.791759469228055,1.4848464,train,p5,dataset_2,embedding
212,0.6931471805599453,0.7824615,train,p5,dataset_2,embedding
925,0.6931471805599453,0.68310666,train,p5,dataset_2,embedding
209,1.0986122886681098,1.5521904,train,p5,dataset_2,embedding
1442,0.6931471805599453,0.70759,train,p5,dataset_2,embedding
339,0.6931471805599453,0.7385756,train,p5,dataset_2,embedding
131,0.6931471805599453,0.684499,train,p5,dataset_2,embedding
161,0.6931471805599453,0.6720084,train,p5,dataset_2,embedding
1160,0.6931471805599453,0.8253087,train,p5,dataset_2,embedding
177,0.6931471805599453,0.6470597,train,p5,dataset_2,embedding
474,0.6931471805599453,0.67947054,train,p5,dataset_2,embedding
1066,0.6931471805599453,0.6015059,train,p5,dataset_2,embedding
1232,0.6931471805599453,0.65809464,train,p5,dataset_2,embedding
990,0.6931471805599453,0.6765337,train,p5,dataset_2,embedding
509,0.6931471805599453,0.6568104,train,p5,dataset_2,embedding
468,0.6931471805599453,0.6390958,train,p5,dataset_2,embedding
457,0.6931471805599453,0.62520385,train,p5,dataset_2,embedding
748,1.0986122886681098,0.8544905,train,p5,dataset_2,embedding
102,0.6931471805599453,0.6513289,train,p5,dataset_2,embedding
656,0.6931471805599453,0.73495686,train,p5,dataset_2,embedding
1272,0.6931471805599453,0.6861298,train,p5,dataset_2,embedding
1303,0.6931471805599453,0.67600524,train,p5,dataset_2,embedding
1321,1.0986122886681098,0.99075377,train,p5,dataset_2,embedding
80,0.6931471805599453,0.7096902,train,p5,dataset_2,embedding
1154,0.6931471805599453,0.881642,train,p5,dataset_2,embedding
285,1.3862943611198906,1.452075,train,p5,dataset_2,embedding
1045,0.6931471805599453,0.69798374,train,p5,dataset_2,embedding
970,0.6931471805599453,0.691802,train,p5,dataset_2,embedding
1226,0.6931471805599453,0.7176328,train,p5,dataset_2,embedding
136,0.6931471805599453,0.68102396,train,p5,dataset_2,embedding
825,0.6931471805599453,0.70968246,train,p5,dataset_2,embedding
1116,0.6931471805599453,0.75402975,train,p5,dataset_2,embedding
1255,0.6931471805599453,0.7496841,train,p5,dataset_2,embedding
418,1.0986122886681098,0.7798635,train,p5,dataset_2,embedding
493,0.6931471805599453,0.67693305,train,p5,dataset_2,embedding
503,0.6931471805599453,0.6774056,train,p5,dataset_2,embedding
248,0.6931471805599453,0.6846453,train,p5,dataset_2,embedding
1022,0.6931471805599453,0.6984329,train,p5,dataset_2,embedding
641,1.3862943611198906,1.0641979,train,p5,dataset_2,embedding
794,0.6931471805599453,0.6928278,train,p5,dataset_2,embedding
520,0.6931471805599453,0.68899775,train,p5,dataset_2,embedding
655,1.0986122886681098,0.8103955,train,p5,dataset_2,embedding
1162,0.6931471805599453,0.6783085,train,p5,dataset_2,embedding
112,0.6931471805599453,0.66878986,validation,p5,dataset_2,embedding
532,0.6931471805599453,0.6603323,validation,p5,dataset_2,embedding
1254,0.6931471805599453,0.69858086,validation,p5,dataset_2,embedding
1000,0.6931471805599453,0.6020503,validation,p5,dataset_2,embedding
1292,0.6931471805599453,0.6532706,validation,p5,dataset_2,embedding
1411,0.6931471805599453,0.68246555,validation,p5,dataset_2,embedding
1097,0.6931471805599453,0.7109939,validation,p5,dataset_2,embedding
710,0.6931471805599453,0.6601521,validation,p5,dataset_2,embedding
1373,0.6931471805599453,0.6764978,validation,p5,dataset_2,embedding
533,0.6931471805599453,0.66924953,validation,p5,dataset_2,embedding
454,0.6931471805599453,0.6724496,validation,p5,dataset_2,embedding
1104,0.6931471805599453,0.6948396,validation,p5,dataset_2,embedding
564,0.6931471805599453,0.6744319,validation,p5,dataset_2,embedding
36,0.6931471805599453,0.8461633,validation,p5,dataset_2,embedding
179,0.6931471805599453,0.717373,validation,p5,dataset_2,embedding
963,0.6931471805599453,0.6505984,validation,p5,dataset_2,embedding
1181,0.6931471805599453,0.84957504,validation,p5,dataset_2,embedding
318,0.6931471805599453,0.70015657,validation,p5,dataset_2,embedding
140,0.6931471805599453,0.65851605,validation,p5,dataset_2,embedding
113,0.6931471805599453,0.78550625,validation,p5,dataset_2,embedding
505,0.6931471805599453,0.6953907,validation,p5,dataset_2,embedding
95,0.6931471805599453,0.65174663,validation,p5,dataset_2,embedding
1189,0.6931471805599453,0.6826482,validation,p5,dataset_2,embedding
1233,0.6931471805599453,0.6760932,validation,p5,dataset_2,embedding
766,0.6931471805599453,0.69179595,validation,p5,dataset_2,embedding
1410,0.6931471805599453,0.66885006,validation,p5,dataset_2,embedding
510,0.6931471805599453,0.86933386,validation,p5,dataset_2,embedding
1295,0.6931471805599453,0.7890593,validation,p5,dataset_2,embedding
490,0.6931471805599453,0.69312084,validation,p5,dataset_2,embedding
1126,0.6931471805599453,0.819034,validation,p5,dataset_2,embedding
579,0.6931471805599453,0.65996885,validation,p5,dataset_2,embedding
1238,0.6931471805599453,0.76461434,validation,p5,dataset_2,embedding
1080,0.6931471805599453,0.6584904,validation,p5,dataset_2,embedding
1300,0.6931471805599453,0.7113372,validation,p5,dataset_2,embedding
315,0.6931471805599453,0.69571793,validation,p5,dataset_2,embedding
62,0.6931471805599453,0.67248654,validation,p5,dataset_2,embedding
872,0.6931471805599453,0.71086645,validation,p5,dataset_2,embedding
202,0.6931471805599453,0.6256534,validation,p5,dataset_2,embedding
618,0.6931471805599453,0.6891407,validation,p5,dataset_2,embedding
682,0.6931471805599453,0.75289094,validation,p5,dataset_2,embedding
997,0.6931471805599453,0.67212474,validation,p5,dataset_2,embedding
732,0.6931471805599453,0.87922716,validation,p5,dataset_2,embedding
91,0.6931471805599453,0.8194027,validation,p5,dataset_2,embedding
127,0.6931471805599453,0.68958974,validation,p5,dataset_2,embedding
539,0.6931471805599453,0.8335167,validation,p5,dataset_2,embedding
739,0.6931471805599453,0.7224604,validation,p5,dataset_2,embedding
1421,0.6931471805599453,0.70774615,validation,p5,dataset_2,embedding
832,0.6931471805599453,0.6930436,validation,p5,dataset_2,embedding
927,0.6931471805599453,0.65784776,validation,p5,dataset_2,embedding
811,0.6931471805599453,0.71124625,validation,p5,dataset_2,embedding
1441,0.6931471805599453,0.65665627,validation,p5,dataset_2,embedding
582,0.6931471805599453,0.69816697,validation,p5,dataset_2,embedding
148,0.6931471805599453,0.691579,validation,p5,dataset_2,embedding
1341,0.6931471805599453,0.68558574,validation,p5,dataset_2,embedding
38,0.6931471805599453,0.70832574,validation,p5,dataset_2,embedding
268,1.0986122886681098,1.6833501,validation,p5,dataset_2,embedding
1069,0.6931471805599453,0.69533813,validation,p5,dataset_2,embedding
1190,0.6931471805599453,0.69149816,validation,p5,dataset_2,embedding
330,0.6931471805599453,0.7315979,validation,p5,dataset_2,embedding
833,0.6931471805599453,0.71130884,validation,p5,dataset_2,embedding
1337,0.6931471805599453,0.70929325,validation,p5,dataset_2,embedding
545,0.6931471805599453,0.6861148,validation,p5,dataset_2,embedding
1379,1.0986122886681098,1.1717211,validation,p5,dataset_2,embedding
1100,0.6931471805599453,0.7854558,validation,p5,dataset_2,embedding
1286,0.6931471805599453,0.690961,validation,p5,dataset_2,embedding
571,0.6931471805599453,0.6745597,validation,p5,dataset_2,embedding
784,0.6931471805599453,0.6996782,validation,p5,dataset_2,embedding
708,0.6931471805599453,0.6668165,validation,p5,dataset_2,embedding
1191,0.6931471805599453,0.6334182,validation,p5,dataset_2,embedding
1130,0.6931471805599453,0.71847594,validation,p5,dataset_2,embedding
1028,0.6931471805599453,0.7043396,validation,p5,dataset_2,embedding
763,0.6931471805599453,0.717389,validation,p5,dataset_2,embedding
625,2.1972245773362196,2.9163349,validation,p5,dataset_2,embedding
983,0.6931471805599453,0.73225737,validation,p5,dataset_2,embedding
283,0.6931471805599453,1.1183364,validation,p5,dataset_2,embedding
1151,0.6931471805599453,0.6746386,validation,p5,dataset_2,embedding
587,0.6931471805599453,0.6532749,validation,p5,dataset_2,embedding
471,0.6931471805599453,0.65836775,validation,p5,dataset_2,embedding
265,0.6931471805599453,0.69142103,validation,p5,dataset_2,embedding
1228,0.6931471805599453,0.7198132,validation,p5,dataset_2,embedding
1112,0.6931471805599453,0.7176355,validation,p5,dataset_2,embedding
795,0.6931471805599453,0.65614283,validation,p5,dataset_2,embedding
1338,0.6931471805599453,0.7059792,validation,p5,dataset_2,embedding
1048,0.6931471805599453,0.6746851,validation,p5,dataset_2,embedding
780,0.6931471805599453,0.7095145,validation,p5,dataset_2,embedding
959,0.6931471805599453,0.66062593,validation,p5,dataset_2,embedding
878,1.0986122886681098,0.6757773,validation,p5,dataset_2,embedding
174,0.6931471805599453,0.6769185,validation,p5,dataset_2,embedding
93,0.6931471805599453,0.69380474,validation,p5,dataset_2,embedding
122,0.6931471805599453,0.6762717,validation,p5,dataset_2,embedding
961,0.6931471805599453,0.6770923,validation,p5,dataset_2,embedding
1026,0.6931471805599453,0.7202761,validation,p5,dataset_2,embedding
57,0.6931471805599453,0.69558346,validation,p5,dataset_2,embedding
106,0.6931471805599453,0.8101462,validation,p5,dataset_2,embedding
518,0.6931471805599453,0.70433104,validation,p5,dataset_2,embedding
345,0.6931471805599453,0.6757575,validation,p5,dataset_2,embedding
1231,0.6931471805599453,0.7684288,validation,p5,dataset_2,embedding
34,1.0986122886681098,0.8448521,validation,p5,dataset_2,embedding
405,0.6931471805599453,1.0500484,validation,p5,dataset_2,embedding
1432,0.6931471805599453,0.6823541,validation,p5,dataset_2,embedding
126,0.6931471805599453,0.65922904,validation,p5,dataset_2,embedding
217,0.6931471805599453,0.7662586,validation,p5,dataset_2,embedding
914,0.6931471805599453,0.70463,validation,p5,dataset_2,embedding
787,0.6931471805599453,0.64739764,validation,p5,dataset_2,embedding
24,0.6931471805599453,0.69157755,validation,p5,dataset_2,embedding
424,0.6931471805599453,0.7358273,validation,p5,dataset_2,embedding
403,2.8903717578961645,4.3992214,validation,p5,dataset_2,embedding
1131,0.6931471805599453,0.7047173,validation,p5,dataset_2,embedding
733,0.6931471805599453,0.86966693,validation,p5,dataset_2,embedding
666,0.6931471805599453,0.67539203,validation,p5,dataset_2,embedding
77,0.6931471805599453,0.6315042,validation,p5,dataset_2,embedding
1396,0.6931471805599453,0.6684685,validation,p5,dataset_2,embedding
438,0.6931471805599453,0.90331495,validation,p5,dataset_2,embedding
912,0.6931471805599453,0.650354,validation,p5,dataset_2,embedding
173,0.6931471805599453,0.6509142,validation,p5,dataset_2,embedding
28,0.6931471805599453,0.647053,validation,p5,dataset_2,embedding
1009,0.6931471805599453,0.6507486,validation,p5,dataset_2,embedding
409,0.6931471805599453,0.77728105,validation,p5,dataset_2,embedding
686,0.6931471805599453,0.69116426,validation,p5,dataset_2,embedding
1065,0.6931471805599453,0.71322453,validation,p5,dataset_2,embedding
1251,0.6931471805599453,0.6911695,validation,p5,dataset_2,embedding
195,0.6931471805599453,0.6750015,validation,p5,dataset_2,embedding
419,1.0986122886681098,0.70244193,validation,p5,dataset_2,embedding
662,0.6931471805599453,0.78513443,validation,p5,dataset_2,embedding
690,0.6931471805599453,0.7420343,validation,p5,dataset_2,embedding
813,0.6931471805599453,0.7085943,validation,p5,dataset_2,embedding
242,1.6094379124341005,1.1748909,validation,p5,dataset_2,embedding
558,0.6931471805599453,0.71123123,validation,p5,dataset_2,embedding
251,0.6931471805599453,0.6734735,validation,p5,dataset_2,embedding
806,0.6931471805599453,0.7012286,validation,p5,dataset_2,embedding
276,0.6931471805599453,0.69661784,validation,p5,dataset_2,embedding
1121,0.6931471805599453,0.8572023,validation,p5,dataset_2,embedding
673,1.0986122886681098,0.82247293,validation,p5,dataset_2,embedding
1014,0.6931471805599453,0.8076755,validation,p5,dataset_2,embedding
950,0.6931471805599453,0.69095075,validation,p5,dataset_2,embedding
447,0.6931471805599453,0.6728691,validation,p5,dataset_2,embedding
68,0.6931471805599453,0.70134974,validation,p5,dataset_2,embedding
229,0.6931471805599453,0.69535387,validation,p5,dataset_2,embedding
934,0.6931471805599453,0.7118859,validation,p5,dataset_2,embedding
770,0.6931471805599453,0.6734474,validation,p5,dataset_2,embedding
1123,0.6931471805599453,0.6754453,validation,p5,dataset_2,embedding
751,1.0986122886681098,0.90135956,validation,p5,dataset_2,embedding
1298,0.6931471805599453,0.6842692,validation,p5,dataset_2,embedding
1087,0.6931471805599453,0.8963115,validation,p5,dataset_2,embedding
611,0.6931471805599453,0.7498919,validation,p5,dataset_2,embedding
949,0.6931471805599453,0.6544931,validation,p5,dataset_2,embedding
1179,0.6931471805599453,0.694739,validation,p5,dataset_2,embedding
1422,0.6931471805599453,0.69239366,validation,p5,dataset_2,embedding
47,0.6931471805599453,0.6994206,validation,p5,dataset_2,embedding
1258,0.6931471805599453,0.7112651,validation,p5,dataset_2,embedding
607,0.6931471805599453,0.69203544,validation,p5,dataset_2,embedding
1199,0.6931471805599453,0.6761974,validation,p5,dataset_2,embedding
1246,0.6931471805599453,0.7198361,validation,p5,dataset_2,embedding
1,0.6931471805599453,0.7591424,validation,p5,dataset_2,embedding
257,1.9459101490553132,1.1719483,validation,p5,dataset_2,embedding
60,0.6931471805599453,0.6773995,validation,p5,dataset_2,embedding
407,0.6931471805599453,0.8936449,validation,p5,dataset_2,embedding
1281,0.6931471805599453,0.77360153,validation,p5,dataset_2,embedding
804,0.6931471805599453,0.6905484,validation,p5,dataset_2,embedding
639,1.9459101490553132,1.2481707,validation,p5,dataset_2,embedding
0,0.6931471805599453,0.71895933,validation,p5,dataset_2,embedding
560,1.0986122886681098,0.8491956,validation,p5,dataset_2,embedding
12,0.6931471805599453,0.751811,validation,p5,dataset_2,embedding
1250,0.6931471805599453,0.7083044,validation,p5,dataset_2,embedding
61,0.6931471805599453,0.69148064,validation,p5,dataset_2,embedding
116,0.6931471805599453,0.68291533,validation,p5,dataset_2,embedding
702,0.6931471805599453,0.7315166,validation,p5,dataset_2,embedding
1025,0.6931471805599453,0.65917397,validation,p5,dataset_2,embedding
869,0.6931471805599453,0.69296086,validation,p5,dataset_2,embedding
1193,0.6931471805599453,0.68280244,validation,p5,dataset_2,embedding
1290,0.6931471805599453,0.66022587,validation,p5,dataset_2,embedding
551,1.0986122886681098,1.4780375,validation,p5,dataset_2,embedding
1311,0.6931471805599453,0.6572027,validation,p5,dataset_2,embedding
819,0.6931471805599453,0.68169034,validation,p5,dataset_2,embedding
18,1.0986122886681098,0.8248888,validation,p5,dataset_2,embedding
417,0.6931471805599453,0.6507783,validation,p5,dataset_2,embedding
1297,0.6931471805599453,0.6684818,validation,p5,dataset_2,embedding
121,0.6931471805599453,0.64504385,validation,p5,dataset_2,embedding
513,0.6931471805599453,0.66508174,validation,p5,dataset_2,embedding
1414,0.6931471805599453,0.7658446,validation,p5,dataset_2,embedding
848,0.6931471805599453,0.69267213,validation,p5,dataset_2,embedding
362,0.6931471805599453,0.67080307,validation,p5,dataset_2,embedding
679,0.6931471805599453,0.8059994,validation,p5,dataset_2,embedding
863,0.6931471805599453,0.69313395,validation,p5,dataset_2,embedding
978,0.6931471805599453,0.6846309,validation,p5,dataset_2,embedding
308,0.6931471805599453,0.6705433,validation,p5,dataset_2,embedding
290,0.6931471805599453,0.7130101,validation,p5,dataset_2,embedding
71,0.6931471805599453,0.7249162,validation,p5,dataset_2,embedding
376,0.6931471805599453,0.649884,validation,p5,dataset_2,embedding
135,0.6931471805599453,0.71821654,validation,p5,dataset_2,embedding
463,0.6931471805599453,0.69539046,validation,p5,dataset_2,embedding
1120,0.6931471805599453,0.79685366,validation,p5,dataset_2,embedding
1156,0.6931471805599453,0.6921879,validation,p5,dataset_2,embedding
282,1.6094379124341005,1.26721,validation,p5,dataset_2,embedding
88,0.6931471805599453,0.6932223,validation,p5,dataset_2,embedding
1402,0.6931471805599453,0.67971265,validation,p5,dataset_2,embedding
494,0.6931471805599453,0.6252941,validation,p5,dataset_2,embedding
465,0.6931471805599453,0.672737,validation,p5,dataset_2,embedding
103,0.6931471805599453,0.7175493,validation,p5,dataset_2,embedding
1346,0.6931471805599453,0.70825636,validation,p5,dataset_2,embedding
1288,0.6931471805599453,0.6687987,validation,p5,dataset_2,embedding
507,0.6931471805599453,0.67207813,validation,p5,dataset_2,embedding
627,2.302585092994046,3.2328818,validation,p5,dataset_2,embedding
968,0.6931471805599453,0.6761005,validation,p5,dataset_2,embedding
765,0.6931471805599453,0.82311237,validation,p5,dataset_2,embedding
916,0.6931471805599453,0.68643606,validation,p5,dataset_2,embedding
53,0.6931471805599453,0.6907548,validation,p5,dataset_2,embedding
871,0.6931471805599453,0.6569164,validation,p5,dataset_2,embedding
713,3.258096538021482,3.20737,validation,p5,dataset_2,embedding
910,0.6931471805599453,0.6774219,validation,p5,dataset_2,embedding
400,1.6094379124341005,1.5888633,validation,p5,dataset_2,embedding
853,0.6931471805599453,0.6855037,validation,p5,dataset_2,embedding
714,3.49650756146648,3.7075846,validation,p5,dataset_2,embedding
164,0.6931471805599453,0.6452408,validation,p5,dataset_2,embedding
499,0.6931471805599453,0.65827787,validation,p5,dataset_2,embedding
1138,0.6931471805599453,0.6925292,validation,p5,dataset_2,embedding
776,0.6931471805599453,0.71756434,validation,p5,dataset_2,embedding
413,0.6931471805599453,0.6579633,test,p5,dataset_2,embedding
316,0.6931471805599453,0.69558275,test,p5,dataset_2,embedding
1034,0.6931471805599453,0.69996,test,p5,dataset_2,embedding
65,0.6931471805599453,0.6753669,test,p5,dataset_2,embedding
1024,0.6931471805599453,0.650717,test,p5,dataset_2,embedding
661,0.6931471805599453,0.7451782,test,p5,dataset_2,embedding
175,0.6931471805599453,0.6544163,test,p5,dataset_2,embedding
824,0.6931471805599453,0.7183131,test,p5,dataset_2,embedding
649,0.6931471805599453,0.7359022,test,p5,dataset_2,embedding
231,0.6931471805599453,0.7065389,test,p5,dataset_2,embedding
198,0.6931471805599453,0.7193856,test,p5,dataset_2,embedding
845,0.6931471805599453,0.6917908,test,p5,dataset_2,embedding
1108,0.6931471805599453,0.70867896,test,p5,dataset_2,embedding
1394,0.6931471805599453,0.69902074,test,p5,dataset_2,embedding
358,0.6931471805599453,0.68854713,test,p5,dataset_2,embedding
1088,2.1972245773362196,1.0623109,test,p5,dataset_2,embedding
394,3.4011973816621555,2.6318192,test,p5,dataset_2,embedding
275,0.6931471805599453,0.7076478,test,p5,dataset_2,embedding
782,0.6931471805599453,0.7173476,test,p5,dataset_2,embedding
715,1.9459101490553132,2.0206583,test,p5,dataset_2,embedding
239,0.6931471805599453,0.8085165,test,p5,dataset_2,embedding
240,1.9459101490553132,1.8495414,test,p5,dataset_2,embedding
420,0.6931471805599453,0.71165967,test,p5,dataset_2,embedding
1259,0.6931471805599453,0.69194925,test,p5,dataset_2,embedding
986,0.6931471805599453,0.6733937,test,p5,dataset_2,embedding
752,0.6931471805599453,0.6945727,test,p5,dataset_2,embedding
590,0.6931471805599453,0.70768464,test,p5,dataset_2,embedding
1398,0.6931471805599453,0.66288877,test,p5,dataset_2,embedding
51,0.6931471805599453,0.7233031,test,p5,dataset_2,embedding
680,0.6931471805599453,0.71837986,test,p5,dataset_2,embedding
374,0.6931471805599453,0.64968085,test,p5,dataset_2,embedding
168,0.6931471805599453,0.6920302,test,p5,dataset_2,embedding
244,0.6931471805599453,0.6585134,test,p5,dataset_2,embedding
585,0.6931471805599453,0.6691551,test,p5,dataset_2,embedding
1412,0.6931471805599453,0.6984652,test,p5,dataset_2,embedding
598,0.6931471805599453,0.80743515,test,p5,dataset_2,embedding
49,0.6931471805599453,0.65031123,test,p5,dataset_2,embedding
462,0.6931471805599453,0.65794766,test,p5,dataset_2,embedding
1223,0.6931471805599453,0.6765393,test,p5,dataset_2,embedding
29,0.6931471805599453,0.9225807,test,p5,dataset_2,embedding
192,0.6931471805599453,0.6846318,test,p5,dataset_2,embedding
922,0.6931471805599453,0.72302413,test,p5,dataset_2,embedding
1434,0.6931471805599453,0.69530785,test,p5,dataset_2,embedding
621,0.6931471805599453,0.651072,test,p5,dataset_2,embedding
1027,0.6931471805599453,0.686092,test,p5,dataset_2,embedding
730,0.6931471805599453,0.8686048,test,p5,dataset_2,embedding
67,0.6931471805599453,0.6731806,test,p5,dataset_2,embedding
1313,0.6931471805599453,0.6762539,test,p5,dataset_2,embedding
527,0.6931471805599453,0.70189583,test,p5,dataset_2,embedding
812,0.6931471805599453,0.69451714,test,p5,dataset_2,embedding
1261,0.6931471805599453,0.69218457,test,p5,dataset_2,embedding
741,1.3862943611198906,0.8100008,test,p5,dataset_2,embedding
1227,0.6931471805599453,0.684049,test,p5,dataset_2,embedding
261,0.6931471805599453,0.63047874,test,p5,dataset_2,embedding
836,0.6931471805599453,0.78746855,test,p5,dataset_2,embedding
123,0.6931471805599453,0.72441757,test,p5,dataset_2,embedding
1384,0.6931471805599453,0.86613595,test,p5,dataset_2,embedding
605,0.6931471805599453,0.7791022,test,p5,dataset_2,embedding
973,0.6931471805599453,0.7081381,test,p5,dataset_2,embedding
594,0.6931471805599453,0.69027495,test,p5,dataset_2,embedding
184,0.6931471805599453,0.64759445,test,p5,dataset_2,embedding
946,0.6931471805599453,0.7323966,test,p5,dataset_2,embedding
888,0.6931471805599453,0.6781167,test,p5,dataset_2,embedding
141,0.6931471805599453,0.69241655,test,p5,dataset_2,embedding
964,0.6931471805599453,0.69277596,test,p5,dataset_2,embedding
816,0.6931471805599453,0.69699085,test,p5,dataset_2,embedding
1239,0.6931471805599453,0.7078141,test,p5,dataset_2,embedding
44,0.6931471805599453,0.69226897,test,p5,dataset_2,embedding
799,0.6931471805599453,0.6512251,test,p5,dataset_2,embedding
566,0.6931471805599453,0.66030073,test,p5,dataset_2,embedding
1144,0.6931471805599453,0.6735189,test,p5,dataset_2,embedding
802,0.6931471805599453,0.6847775,test,p5,dataset_2,embedding
1030,0.6931471805599453,0.69227517,test,p5,dataset_2,embedding
76,1.3862943611198906,0.8759258,test,p5,dataset_2,embedding
361,0.6931471805599453,0.63153374,test,p5,dataset_2,embedding
1333,0.6931471805599453,0.65313816,test,p5,dataset_2,embedding
270,0.6931471805599453,0.696069,test,p5,dataset_2,embedding
1098,0.6931471805599453,0.7024317,test,p5,dataset_2,embedding
1197,0.6931471805599453,0.6718308,test,p5,dataset_2,embedding
1036,0.6931471805599453,0.66881645,test,p5,dataset_2,embedding
1039,0.6931471805599453,0.679023,test,p5,dataset_2,embedding
78,0.6931471805599453,0.66099536,test,p5,dataset_2,embedding
745,0.6931471805599453,0.7054956,test,p5,dataset_2,embedding
271,0.6931471805599453,0.6950407,test,p5,dataset_2,embedding
575,0.6931471805599453,0.6726217,test,p5,dataset_2,embedding
1285,0.6931471805599453,0.8060385,test,p5,dataset_2,embedding
1023,0.6931471805599453,0.76603377,test,p5,dataset_2,embedding
651,0.6931471805599453,0.8458574,test,p5,dataset_2,embedding
70,0.6931471805599453,0.65135074,test,p5,dataset_2,embedding
15,0.6931471805599453,0.8373195,test,p5,dataset_2,embedding
1438,0.6931471805599453,0.68394935,test,p5,dataset_2,embedding
351,0.6931471805599453,0.695655,test,p5,dataset_2,embedding
115,0.6931471805599453,0.78521824,test,p5,dataset_2,embedding
303,0.6931471805599453,0.6906698,test,p5,dataset_2,embedding
1075,0.6931471805599453,0.6775794,test,p5,dataset_2,embedding
796,0.6931471805599453,0.7180953,test,p5,dataset_2,embedding
528,0.6931471805599453,0.71326756,test,p5,dataset_2,embedding
901,0.6931471805599453,0.6849798,test,p5,dataset_2,embedding
479,0.6931471805599453,0.76763403,test,p5,dataset_2,embedding
905,0.6931471805599453,0.6824819,test,p5,dataset_2,embedding
415,0.6931471805599453,0.8048731,test,p5,dataset_2,embedding
711,0.6931471805599453,0.6433363,test,p5,dataset_2,embedding
309,0.6931471805599453,0.79517066,test,p5,dataset_2,embedding
1053,0.6931471805599453,0.62034535,test,p5,dataset_2,embedding
788,0.6931471805599453,0.6783838,test,p5,dataset_2,embedding
1236,0.6931471805599453,0.69282866,test,p5,dataset_2,embedding
887,0.6931471805599453,0.6917559,test,p5,dataset_2,embedding
1399,0.6931471805599453,0.67316866,test,p5,dataset_2,embedding
1068,0.6931471805599453,0.652562,test,p5,dataset_2,embedding
478,0.6931471805599453,0.7655417,test,p5,dataset_2,embedding
999,0.6931471805599453,0.6826855,test,p5,dataset_2,embedding
873,0.6931471805599453,0.7013564,test,p5,dataset_2,embedding
818,0.6931471805599453,0.8103808,test,p5,dataset_2,embedding
1090,1.791759469228055,1.3551921,test,p5,dataset_2,embedding
757,0.6931471805599453,0.6859039,test,p5,dataset_2,embedding
1031,0.6931471805599453,0.6918477,test,p5,dataset_2,embedding
322,0.6931471805599453,0.689883,test,p5,dataset_2,embedding
332,0.6931471805599453,0.6534749,test,p5,dataset_2,embedding
567,0.6931471805599453,0.68655,test,p5,dataset_2,embedding
892,0.6931471805599453,0.69212663,test,p5,dataset_2,embedding
610,0.6931471805599453,0.6708356,test,p5,dataset_2,embedding
529,0.6931471805599453,0.840914,test,p5,dataset_2,embedding
570,0.6931471805599453,0.6887574,test,p5,dataset_2,embedding
429,0.6931471805599453,0.7110884,test,p5,dataset_2,embedding
985,0.6931471805599453,0.6990377,test,p5,dataset_2,embedding
43,0.6931471805599453,0.6992037,test,p5,dataset_2,embedding
497,0.6931471805599453,0.7021867,test,p5,dataset_2,embedding
451,0.6931471805599453,0.6499387,test,p5,dataset_2,embedding
1085,0.6931471805599453,0.69183004,test,p5,dataset_2,embedding
1423,0.6931471805599453,0.70502675,test,p5,dataset_2,embedding
101,0.6931471805599453,0.68447757,test,p5,dataset_2,embedding
889,0.6931471805599453,0.6905333,test,p5,dataset_2,embedding
289,0.6931471805599453,0.70464814,test,p5,dataset_2,embedding
1006,0.6931471805599453,0.6722462,test,p5,dataset_2,embedding
1443,0.6931471805599453,0.6432513,test,p5,dataset_2,embedding
1308,0.6931471805599453,0.7652341,test,p5,dataset_2,embedding
1330,0.6931471805599453,0.7929946,test,p5,dataset_2,embedding
381,0.6931471805599453,0.6915121,test,p5,dataset_2,embedding
847,0.6931471805599453,0.79519916,test,p5,dataset_2,embedding
1057,0.6931471805599453,0.75762486,test,p5,dataset_2,embedding
602,0.6931471805599453,0.65690625,test,p5,dataset_2,embedding
898,0.6931471805599453,0.6332401,test,p5,dataset_2,embedding
636,1.791759469228055,2.2212996,test,p5,dataset_2,embedding
665,1.0986122886681098,0.9910618,test,p5,dataset_2,embedding
588,1.0986122886681098,0.8426517,test,p5,dataset_2,embedding
163,0.6931471805599453,0.72045755,test,p5,dataset_2,embedding
32,0.6931471805599453,0.8685005,test,p5,dataset_2,embedding
619,0.6931471805599453,0.6953685,test,p5,dataset_2,embedding
672,0.6931471805599453,0.66415024,test,p5,dataset_2,embedding
324,0.6931471805599453,0.6858095,test,p5,dataset_2,embedding
382,0.6931471805599453,0.6823187,test,p5,dataset_2,embedding
306,0.6931471805599453,0.7174281,test,p5,dataset_2,embedding
1163,0.6931471805599453,0.69213927,test,p5,dataset_2,embedding
855,0.6931471805599453,0.7119405,test,p5,dataset_2,embedding
722,1.0986122886681098,0.93045783,test,p5,dataset_2,embedding
365,0.6931471805599453,0.68154097,test,p5,dataset_2,embedding
423,0.6931471805599453,0.718259,test,p5,dataset_2,embedding
933,0.6931471805599453,0.68246365,test,p5,dataset_2,embedding
247,0.6931471805599453,0.69537413,test,p5,dataset_2,embedding
427,0.6931471805599453,0.6963713,test,p5,dataset_2,embedding
1380,0.6931471805599453,0.9681177,test,p5,dataset_2,embedding
543,0.6931471805599453,0.70287204,test,p5,dataset_2,embedding
218,0.6931471805599453,0.6827183,test,p5,dataset_2,embedding
864,0.6931471805599453,0.71971834,test,p5,dataset_2,embedding
274,0.6931471805599453,0.68449867,test,p5,dataset_2,embedding
628,3.5263605246161616,2.5432794,test,p5,dataset_2,embedding
1237,0.6931471805599453,0.66788685,test,p5,dataset_2,embedding
1431,0.6931471805599453,0.681898,test,p5,dataset_2,embedding
63,0.6931471805599453,0.6577306,test,p5,dataset_2,embedding
1178,0.6931471805599453,0.7203052,test,p5,dataset_2,embedding
380,0.6931471805599453,0.70719385,test,p5,dataset_2,embedding
1203,0.6931471805599453,0.69506085,test,p5,dataset_2,embedding
1235,0.6931471805599453,0.68884647,test,p5,dataset_2,embedding
485,0.6931471805599453,0.70499647,test,p5,dataset_2,embedding
674,1.0986122886681098,0.7479012,test,p5,dataset_2,embedding
1201,0.6931471805599453,0.7080015,test,p5,dataset_2,embedding
931,0.6931471805599453,0.657645,test,p5,dataset_2,embedding
203,0.6931471805599453,0.70734656,test,p5,dataset_2,embedding
522,0.6931471805599453,0.72024465,test,p5,dataset_2,embedding
894,0.6931471805599453,0.6953106,test,p5,dataset_2,embedding
30,1.9459101490553132,1.0972947,test,p5,dataset_2,embedding
56,0.6931471805599453,0.69479346,test,p5,dataset_2,embedding
1166,2.4849066497880004,3.366244,test,p5,dataset_2,embedding
1092,0.6931471805599453,0.68171084,test,p5,dataset_2,embedding
371,0.6931471805599453,0.65047765,test,p5,dataset_2,embedding
945,0.6931471805599453,0.7174262,test,p5,dataset_2,embedding
1378,0.6931471805599453,0.6774479,test,p5,dataset_2,embedding
1192,0.6931471805599453,0.81467247,test,p5,dataset_2,embedding
858,0.6931471805599453,0.6506983,test,p5,dataset_2,embedding
464,0.6931471805599453,0.6908393,test,p5,dataset_2,embedding
363,0.6931471805599453,0.6961181,test,p5,dataset_2,embedding
1187,0.6931471805599453,0.6932653,test,p5,dataset_2,embedding
578,0.6931471805599453,0.68432045,test,p5,dataset_2,embedding
237,1.3862943611198906,0.9030001,test,p5,dataset_2,embedding
1390,0.6931471805599453,0.71158016,test,p5,dataset_2,embedding
99,0.6931471805599453,0.6904844,test,p5,dataset_2,embedding
461,0.6931471805599453,0.66665816,test,p5,dataset_2,embedding
259,0.6931471805599453,0.68921757,test,p5,dataset_2,embedding
481,0.6931471805599453,0.66981304,test,p5,dataset_2,embedding
583,0.6931471805599453,0.6510844,test,p5,dataset_2,embedding
861,0.6931471805599453,0.80471814,test,p5,dataset_2,embedding
1043,0.6931471805599453,0.7075517,test,p5,dataset_2,embedding
277,0.6931471805599453,0.68178296,test,p5,dataset_2,embedding
744,0.6931471805599453,0.81198025,test,p5,dataset_2,embedding
584,0.6931471805599453,0.68908346,test,p5,dataset_2,embedding
1037,0.6931471805599453,0.67646146,test,p5,dataset_2,embedding
906,0.6931471805599453,0.6736206,test,p5,dataset_2,embedding
377,0.6931471805599453,0.6511637,test,p5,dataset_2,embedding
549,0.6931471805599453,0.70762825,test,p5,dataset_2,embedding
1417,0.6931471805599453,0.69544876,test,p5,dataset_2,embedding
771,0.6931471805599453,0.68851054,test,p5,dataset_2,embedding
691,1.0986122886681098,1.0539954,test,p5,dataset_2,embedding
706,0.6931471805599453,0.6582686,test,p5,dataset_2,embedding
297,0.6931471805599453,0.70013607,test,p5,dataset_2,embedding
1247,0.6931471805599453,0.67710054,test,p5,dataset_2,embedding
893,0.6931471805599453,0.6862309,test,p5,dataset_2,embedding
947,0.6931471805599453,0.71745384,test,p5,dataset_2,embedding
1403,0.6931471805599453,0.6665423,train,p10,dataset_2,embedding
1209,0.6931471805599453,0.7223532,train,p10,dataset_2,embedding
472,0.6931471805599453,0.6817014,train,p10,dataset_2,embedding
1064,0.6931471805599453,0.6915241,train,p10,dataset_2,embedding
50,0.6931471805599453,0.7867806,train,p10,dataset_2,embedding
223,0.6931471805599453,0.6616347,train,p10,dataset_2,embedding
1395,0.6931471805599453,0.71699387,train,p10,dataset_2,embedding
1348,0.6931471805599453,0.70085156,train,p10,dataset_2,embedding
935,0.6931471805599453,0.74111295,train,p10,dataset_2,embedding
1061,0.6931471805599453,0.717188,train,p10,dataset_2,embedding
354,0.6931471805599453,0.67515993,train,p10,dataset_2,embedding
69,0.6931471805599453,0.6782992,train,p10,dataset_2,embedding
827,0.6931471805599453,0.71891844,train,p10,dataset_2,embedding
319,0.6931471805599453,0.6864798,train,p10,dataset_2,embedding
840,0.6931471805599453,0.71743274,train,p10,dataset_2,embedding
260,0.6931471805599453,0.6627282,train,p10,dataset_2,embedding
868,0.6931471805599453,0.7174275,train,p10,dataset_2,embedding
130,0.6931471805599453,0.6616416,train,p10,dataset_2,embedding
705,0.6931471805599453,0.71625113,train,p10,dataset_2,embedding
1425,0.6931471805599453,0.7067634,train,p10,dataset_2,embedding
172,0.6931471805599453,0.6668841,train,p10,dataset_2,embedding
333,0.6931471805599453,0.67132807,train,p10,dataset_2,embedding
412,0.6931471805599453,0.73928565,train,p10,dataset_2,embedding
536,0.6931471805599453,0.7734524,train,p10,dataset_2,embedding
1248,0.6931471805599453,0.71337986,train,p10,dataset_2,embedding
3,0.6931471805599453,0.82249856,train,p10,dataset_2,embedding
45,0.6931471805599453,0.67150366,train,p10,dataset_2,embedding
1051,0.6931471805599453,0.67146945,train,p10,dataset_2,embedding
228,0.6931471805599453,0.64404106,train,p10,dataset_2,embedding
890,1.0986122886681098,0.8711575,train,p10,dataset_2,embedding
1430,0.6931471805599453,0.7169772,train,p10,dataset_2,embedding
689,0.6931471805599453,0.7578863,train,p10,dataset_2,embedding
783,0.6931471805599453,0.68350565,train,p10,dataset_2,embedding
742,0.6931471805599453,0.7037029,train,p10,dataset_2,embedding
9,0.6931471805599453,0.7377798,train,p10,dataset_2,embedding
1284,0.6931471805599453,0.66358423,train,p10,dataset_2,embedding
1073,0.6931471805599453,0.7372291,train,p10,dataset_2,embedding
603,0.6931471805599453,0.6754484,train,p10,dataset_2,embedding
254,0.6931471805599453,0.6668681,train,p10,dataset_2,embedding
1029,0.6931471805599453,0.70325816,train,p10,dataset_2,embedding
253,0.6931471805599453,0.63740265,train,p10,dataset_2,embedding
1214,0.6931471805599453,0.71882,train,p10,dataset_2,embedding
1211,0.6931471805599453,0.68205285,train,p10,dataset_2,embedding
133,0.6931471805599453,0.6631166,train,p10,dataset_2,embedding
693,0.6931471805599453,0.7062388,train,p10,dataset_2,embedding
988,0.6931471805599453,0.71994156,train,p10,dataset_2,embedding
7,0.6931471805599453,0.72051203,train,p10,dataset_2,embedding
701,1.0986122886681098,0.92496085,train,p10,dataset_2,embedding
1310,0.6931471805599453,0.70052993,train,p10,dataset_2,embedding
1082,0.6931471805599453,0.7425806,train,p10,dataset_2,embedding
466,0.6931471805599453,0.71006674,train,p10,dataset_2,embedding
1099,0.6931471805599453,0.974172,train,p10,dataset_2,embedding
1278,0.6931471805599453,0.7171274,train,p10,dataset_2,embedding
326,0.6931471805599453,0.7318833,train,p10,dataset_2,embedding
337,0.6931471805599453,0.6748487,train,p10,dataset_2,embedding
1210,0.6931471805599453,0.67981493,train,p10,dataset_2,embedding
480,0.6931471805599453,0.7635072,train,p10,dataset_2,embedding
1389,0.6931471805599453,0.68329257,train,p10,dataset_2,embedding
206,0.6931471805599453,0.7010778,train,p10,dataset_2,embedding
369,0.6931471805599453,0.6616827,train,p10,dataset_2,embedding
190,0.6931471805599453,0.6619983,train,p10,dataset_2,embedding
258,0.6931471805599453,0.66816646,train,p10,dataset_2,embedding
506,0.6931471805599453,0.67319155,train,p10,dataset_2,embedding
956,0.6931471805599453,0.6767492,train,p10,dataset_2,embedding
109,0.6931471805599453,0.66826,train,p10,dataset_2,embedding
559,0.6931471805599453,0.7100979,train,p10,dataset_2,embedding
213,1.0986122886681098,1.0202883,train,p10,dataset_2,embedding
523,0.6931471805599453,0.6817138,train,p10,dataset_2,embedding
312,0.6931471805599453,0.77225155,train,p10,dataset_2,embedding
145,0.6931471805599453,0.6754879,train,p10,dataset_2,embedding
1207,0.6931471805599453,0.68748,train,p10,dataset_2,embedding
979,0.6931471805599453,0.6315028,train,p10,dataset_2,embedding
747,0.6931471805599453,0.68490624,train,p10,dataset_2,embedding
817,0.6931471805599453,0.6805646,train,p10,dataset_2,embedding
899,0.6931471805599453,0.678122,train,p10,dataset_2,embedding
859,0.6931471805599453,0.67053896,train,p10,dataset_2,embedding
1353,0.6931471805599453,0.7306355,train,p10,dataset_2,embedding
151,0.6931471805599453,0.6662645,train,p10,dataset_2,embedding
1409,0.6931471805599453,0.86520964,train,p10,dataset_2,embedding
891,0.6931471805599453,0.6657851,train,p10,dataset_2,embedding
46,0.6931471805599453,0.7492491,train,p10,dataset_2,embedding
1387,0.6931471805599453,0.6673136,train,p10,dataset_2,embedding
1040,0.6931471805599453,0.6555065,train,p10,dataset_2,embedding
340,1.0986122886681098,1.0647274,train,p10,dataset_2,embedding
75,0.6931471805599453,1.1429557,train,p10,dataset_2,embedding
1042,0.6931471805599453,0.66818094,train,p10,dataset_2,embedding
347,0.6931471805599453,0.7402452,train,p10,dataset_2,embedding
105,0.6931471805599453,0.68968606,train,p10,dataset_2,embedding
1244,0.6931471805599453,0.6405561,train,p10,dataset_2,embedding
1324,0.6931471805599453,0.86308944,train,p10,dataset_2,embedding
299,0.6931471805599453,0.7981807,train,p10,dataset_2,embedding
1114,0.6931471805599453,0.6713747,train,p10,dataset_2,embedding
398,3.332204510175204,2.450366,train,p10,dataset_2,embedding
1413,0.6931471805599453,0.7006477,train,p10,dataset_2,embedding
919,0.6931471805599453,0.66646916,train,p10,dataset_2,embedding
54,0.6931471805599453,0.6695916,train,p10,dataset_2,embedding
798,0.6931471805599453,0.6761819,train,p10,dataset_2,embedding
143,0.6931471805599453,0.6684984,train,p10,dataset_2,embedding
846,0.6931471805599453,0.7122774,train,p10,dataset_2,embedding
208,3.1780538303479458,2.6916676,train,p10,dataset_2,embedding
200,0.6931471805599453,0.7129328,train,p10,dataset_2,embedding
886,0.6931471805599453,0.7179651,train,p10,dataset_2,embedding
397,2.4849066497880004,1.9748691,train,p10,dataset_2,embedding
1217,0.6931471805599453,0.71894526,train,p10,dataset_2,embedding
150,0.6931471805599453,0.7169806,train,p10,dataset_2,embedding
921,0.6931471805599453,0.67983377,train,p10,dataset_2,embedding
33,0.6931471805599453,0.90543985,train,p10,dataset_2,embedding
792,0.6931471805599453,0.7209769,train,p10,dataset_2,embedding
867,0.6931471805599453,0.6780243,train,p10,dataset_2,embedding
224,2.772588722239781,2.0175357,train,p10,dataset_2,embedding
341,0.6931471805599453,0.74316084,train,p10,dataset_2,embedding
1344,0.6931471805599453,0.6767657,train,p10,dataset_2,embedding
1426,0.6931471805599453,0.63035476,train,p10,dataset_2,embedding
1159,0.6931471805599453,0.6701591,train,p10,dataset_2,embedding
169,0.6931471805599453,0.7301765,train,p10,dataset_2,embedding
531,0.6931471805599453,0.68582225,train,p10,dataset_2,embedding
1360,0.6931471805599453,0.6715903,train,p10,dataset_2,embedding
512,0.6931471805599453,0.66607213,train,p10,dataset_2,embedding
1257,0.6931471805599453,0.6666828,train,p10,dataset_2,embedding
572,0.6931471805599453,0.67774516,train,p10,dataset_2,embedding
1135,0.6931471805599453,0.6844009,train,p10,dataset_2,embedding
1047,0.6931471805599453,0.6750765,train,p10,dataset_2,embedding
909,0.6931471805599453,0.7179609,train,p10,dataset_2,embedding
557,0.6931471805599453,0.67276144,train,p10,dataset_2,embedding
1013,0.6931471805599453,0.6930735,train,p10,dataset_2,embedding
55,0.6931471805599453,0.67347753,train,p10,dataset_2,embedding
1161,1.791759469228055,1.0827277,train,p10,dataset_2,embedding
1107,0.6931471805599453,0.6675132,train,p10,dataset_2,embedding
586,0.6931471805599453,0.6927358,train,p10,dataset_2,embedding
1079,0.6931471805599453,0.7169846,train,p10,dataset_2,embedding
107,0.6931471805599453,0.66915023,train,p10,dataset_2,embedding
835,0.6931471805599453,0.69036484,train,p10,dataset_2,embedding
1206,0.6931471805599453,0.6673651,train,p10,dataset_2,embedding
1276,0.6931471805599453,0.66385317,train,p10,dataset_2,embedding
498,0.6931471805599453,0.67912024,train,p10,dataset_2,embedding
555,0.6931471805599453,0.7146696,train,p10,dataset_2,embedding
1241,0.6931471805599453,0.69365287,train,p10,dataset_2,embedding
449,0.6931471805599453,0.7381301,train,p10,dataset_2,embedding
828,0.6931471805599453,0.69577897,train,p10,dataset_2,embedding
205,0.6931471805599453,0.67235184,train,p10,dataset_2,embedding
664,0.6931471805599453,0.674401,train,p10,dataset_2,embedding
460,0.6931471805599453,0.6627011,train,p10,dataset_2,embedding
920,0.6931471805599453,0.69361496,train,p10,dataset_2,embedding
295,0.6931471805599453,0.70205545,train,p10,dataset_2,embedding
1157,0.6931471805599453,0.69342244,train,p10,dataset_2,embedding
1336,0.6931471805599453,0.6791805,train,p10,dataset_2,embedding
1188,0.6931471805599453,0.805382,train,p10,dataset_2,embedding
791,0.6931471805599453,0.6701038,train,p10,dataset_2,embedding
1173,1.3862943611198906,1.2741513,train,p10,dataset_2,embedding
1243,0.6931471805599453,0.67854583,train,p10,dataset_2,embedding
926,0.6931471805599453,0.70612955,train,p10,dataset_2,embedding
924,0.6931471805599453,0.66943073,train,p10,dataset_2,embedding
58,0.6931471805599453,0.7402332,train,p10,dataset_2,embedding
1054,0.6931471805599453,0.71873856,train,p10,dataset_2,embedding
1256,0.6931471805599453,0.65554154,train,p10,dataset_2,embedding
379,1.0986122886681098,0.7387689,train,p10,dataset_2,embedding
373,0.6931471805599453,0.71731204,train,p10,dataset_2,embedding
758,0.6931471805599453,0.7206689,train,p10,dataset_2,embedding
552,0.6931471805599453,0.6938363,train,p10,dataset_2,embedding
671,0.6931471805599453,0.79267323,train,p10,dataset_2,embedding
654,0.6931471805599453,0.7330157,train,p10,dataset_2,embedding
646,0.6931471805599453,0.9515417,train,p10,dataset_2,embedding
541,0.6931471805599453,1.0722712,train,p10,dataset_2,embedding
844,0.6931471805599453,0.70830035,train,p10,dataset_2,embedding
876,0.6931471805599453,0.7190658,train,p10,dataset_2,embedding
176,0.6931471805599453,0.66949666,train,p10,dataset_2,embedding
600,0.6931471805599453,0.6963243,train,p10,dataset_2,embedding
500,0.6931471805599453,0.7359077,train,p10,dataset_2,embedding
731,0.6931471805599453,1.2619438,train,p10,dataset_2,embedding
442,0.6931471805599453,0.7267007,train,p10,dataset_2,embedding
1109,0.6931471805599453,0.68925405,train,p10,dataset_2,embedding
280,0.6931471805599453,0.70076025,train,p10,dataset_2,embedding
1392,0.6931471805599453,0.71736073,train,p10,dataset_2,embedding
482,0.6931471805599453,0.69289684,train,p10,dataset_2,embedding
754,0.6931471805599453,0.6583999,train,p10,dataset_2,embedding
5,0.6931471805599453,0.7401383,train,p10,dataset_2,embedding
737,0.6931471805599453,0.6871839,train,p10,dataset_2,embedding
554,2.3978952727983707,2.4601579,train,p10,dataset_2,embedding
810,0.6931471805599453,0.6959747,train,p10,dataset_2,embedding
346,0.6931471805599453,0.663096,train,p10,dataset_2,embedding
1407,0.6931471805599453,0.7170377,train,p10,dataset_2,embedding
370,0.6931471805599453,0.6876528,train,p10,dataset_2,embedding
484,0.6931471805599453,0.66423786,train,p10,dataset_2,embedding
1125,1.0986122886681098,0.91170824,train,p10,dataset_2,embedding
1202,0.6931471805599453,0.6695533,train,p10,dataset_2,embedding
1081,0.6931471805599453,0.6774122,train,p10,dataset_2,embedding
820,0.6931471805599453,0.6678654,train,p10,dataset_2,embedding
593,0.6931471805599453,0.7521467,train,p10,dataset_2,embedding
1429,0.6931471805599453,0.71697044,train,p10,dataset_2,embedding
563,0.6931471805599453,0.6995953,train,p10,dataset_2,embedding
1381,0.6931471805599453,0.75246346,train,p10,dataset_2,embedding
865,0.6931471805599453,0.6942348,train,p10,dataset_2,embedding
238,0.6931471805599453,1.005952,train,p10,dataset_2,embedding
546,0.6931471805599453,0.6942637,train,p10,dataset_2,embedding
648,0.6931471805599453,0.75480855,train,p10,dataset_2,embedding
1366,0.6931471805599453,0.7041956,train,p10,dataset_2,embedding
936,0.6931471805599453,0.66926026,train,p10,dataset_2,embedding
307,0.6931471805599453,0.71601135,train,p10,dataset_2,embedding
1427,0.6931471805599453,0.7170619,train,p10,dataset_2,embedding
1406,0.6931471805599453,0.68029237,train,p10,dataset_2,embedding
971,0.6931471805599453,0.7189793,train,p10,dataset_2,embedding
877,0.6931471805599453,0.67510164,train,p10,dataset_2,embedding
139,0.6931471805599453,0.71718794,train,p10,dataset_2,embedding
1418,0.6931471805599453,0.6723937,train,p10,dataset_2,embedding
263,0.6931471805599453,0.7171533,train,p10,dataset_2,embedding
723,0.6931471805599453,0.7146387,train,p10,dataset_2,embedding
264,0.6931471805599453,0.6618383,train,p10,dataset_2,embedding
951,0.6931471805599453,0.5759462,train,p10,dataset_2,embedding
152,0.6931471805599453,0.6782379,train,p10,dataset_2,embedding
1118,0.6931471805599453,0.6744027,train,p10,dataset_2,embedding
631,1.6094379124341005,1.8893803,train,p10,dataset_2,embedding
456,0.6931471805599453,0.65996146,train,p10,dataset_2,embedding
210,1.791759469228055,1.8102621,train,p10,dataset_2,embedding
537,1.0986122886681098,0.94683814,train,p10,dataset_2,embedding
720,1.6094379124341005,1.5381571,train,p10,dataset_2,embedding
1339,0.6931471805599453,0.71609163,train,p10,dataset_2,embedding
1282,0.6931471805599453,0.6553316,train,p10,dataset_2,embedding
838,0.6931471805599453,0.6648324,train,p10,dataset_2,embedding
1136,0.6931471805599453,0.63237727,train,p10,dataset_2,embedding
194,0.6931471805599453,0.71727467,train,p10,dataset_2,embedding
553,0.6931471805599453,0.83657074,train,p10,dataset_2,embedding
165,0.6931471805599453,0.73781466,train,p10,dataset_2,embedding
698,0.6931471805599453,0.634045,train,p10,dataset_2,embedding
1002,0.6931471805599453,0.70150995,train,p10,dataset_2,embedding
777,0.6931471805599453,0.6673334,train,p10,dataset_2,embedding
1150,0.6931471805599453,0.74913967,train,p10,dataset_2,embedding
760,0.6931471805599453,0.68626505,train,p10,dataset_2,embedding
147,0.6931471805599453,0.68175685,train,p10,dataset_2,embedding
612,0.6931471805599453,0.6790259,train,p10,dataset_2,embedding
511,0.6931471805599453,0.7178932,train,p10,dataset_2,embedding
1299,0.6931471805599453,0.7437029,train,p10,dataset_2,embedding
974,0.6931471805599453,0.66100264,train,p10,dataset_2,embedding
599,0.6931471805599453,0.69071734,train,p10,dataset_2,embedding
368,0.6931471805599453,0.66915023,train,p10,dataset_2,embedding
441,0.6931471805599453,0.72668135,train,p10,dataset_2,embedding
360,0.6931471805599453,0.67484474,train,p10,dataset_2,embedding
581,0.6931471805599453,0.67671657,train,p10,dataset_2,embedding
1314,0.6931471805599453,0.6183521,train,p10,dataset_2,embedding
801,0.6931471805599453,0.72177047,train,p10,dataset_2,embedding
808,0.6931471805599453,0.6705342,train,p10,dataset_2,embedding
1115,0.6931471805599453,0.69290316,train,p10,dataset_2,embedding
657,0.6931471805599453,0.8671994,train,p10,dataset_2,embedding
695,0.6931471805599453,0.6663289,train,p10,dataset_2,embedding
201,0.6931471805599453,0.7169761,train,p10,dataset_2,embedding
1007,0.6931471805599453,0.6774769,train,p10,dataset_2,embedding
1401,0.6931471805599453,0.71716666,train,p10,dataset_2,embedding
669,0.6931471805599453,0.7172986,train,p10,dataset_2,embedding
1347,0.6931471805599453,0.74865985,train,p10,dataset_2,embedding
1267,0.6931471805599453,0.6676168,train,p10,dataset_2,embedding
1117,0.6931471805599453,0.6989267,train,p10,dataset_2,embedding
1218,0.6931471805599453,0.70429933,train,p10,dataset_2,embedding
638,0.6931471805599453,0.8718143,train,p10,dataset_2,embedding
74,0.6931471805599453,0.62020046,train,p10,dataset_2,embedding
1011,0.6931471805599453,0.6209389,train,p10,dataset_2,embedding
576,0.6931471805599453,0.71909463,train,p10,dataset_2,embedding
233,0.6931471805599453,0.66066724,train,p10,dataset_2,embedding
1216,0.6931471805599453,0.65338135,train,p10,dataset_2,embedding
97,0.6931471805599453,0.6692359,train,p10,dataset_2,embedding
1440,0.6931471805599453,0.7170141,train,p10,dataset_2,embedding
862,0.6931471805599453,0.6737166,train,p10,dataset_2,embedding
171,0.6931471805599453,0.6644466,train,p10,dataset_2,embedding
1146,0.6931471805599453,0.7178086,train,p10,dataset_2,embedding
395,2.0794415416798357,1.6604652,train,p10,dataset_2,embedding
629,2.995732273553991,2.5398302,train,p10,dataset_2,embedding
467,0.6931471805599453,0.6545663,train,p10,dataset_2,embedding
59,0.6931471805599453,0.668872,train,p10,dataset_2,embedding
623,1.9459101490553132,1.4070386,train,p10,dataset_2,embedding
432,1.3862943611198906,1.4211224,train,p10,dataset_2,embedding
1078,0.6931471805599453,0.6728538,train,p10,dataset_2,embedding
972,0.6931471805599453,0.75068545,train,p10,dataset_2,embedding
1017,0.6931471805599453,0.71715504,train,p10,dataset_2,embedding
1001,0.6931471805599453,0.72947043,train,p10,dataset_2,embedding
734,0.6931471805599453,0.7723123,train,p10,dataset_2,embedding
681,0.6931471805599453,0.6977378,train,p10,dataset_2,embedding
703,0.6931471805599453,0.6738041,train,p10,dataset_2,embedding
1071,0.6931471805599453,0.69684577,train,p10,dataset_2,embedding
444,0.6931471805599453,0.7409581,train,p10,dataset_2,embedding
622,0.6931471805599453,0.72736156,train,p10,dataset_2,embedding
1312,0.6931471805599453,0.66660845,train,p10,dataset_2,embedding
89,0.6931471805599453,0.68515074,train,p10,dataset_2,embedding
17,1.0986122886681098,0.7587652,train,p10,dataset_2,embedding
406,0.6931471805599453,0.7164699,train,p10,dataset_2,embedding
391,1.3862943611198906,0.7907785,train,p10,dataset_2,embedding
328,0.6931471805599453,0.7007227,train,p10,dataset_2,embedding
178,0.6931471805599453,0.71730924,train,p10,dataset_2,embedding
550,0.6931471805599453,0.712844,train,p10,dataset_2,embedding
1280,0.6931471805599453,0.66621006,train,p10,dataset_2,embedding
138,0.6931471805599453,0.7169461,train,p10,dataset_2,embedding
1428,0.6931471805599453,0.6543336,train,p10,dataset_2,embedding
96,0.6931471805599453,0.6943869,train,p10,dataset_2,embedding
1291,0.6931471805599453,0.6674308,train,p10,dataset_2,embedding
273,0.6931471805599453,0.665938,train,p10,dataset_2,embedding
1196,0.6931471805599453,0.6769666,train,p10,dataset_2,embedding
1307,0.6931471805599453,0.7115041,train,p10,dataset_2,embedding
1119,0.6931471805599453,0.7137055,train,p10,dataset_2,embedding
1283,0.6931471805599453,0.67165095,train,p10,dataset_2,embedding
885,0.6931471805599453,0.6936158,train,p10,dataset_2,embedding
851,0.6931471805599453,0.72024155,train,p10,dataset_2,embedding
1204,0.6931471805599453,0.71774375,train,p10,dataset_2,embedding
746,0.6931471805599453,0.7148069,train,p10,dataset_2,embedding
167,0.6931471805599453,0.6823849,train,p10,dataset_2,embedding
1221,0.6931471805599453,0.8414867,train,p10,dataset_2,embedding
613,0.6931471805599453,0.7574758,train,p10,dataset_2,embedding
667,0.6931471805599453,0.6818999,train,p10,dataset_2,embedding
1242,0.6931471805599453,0.6522212,train,p10,dataset_2,embedding
544,0.6931471805599453,0.68509865,train,p10,dataset_2,embedding
204,0.6931471805599453,0.677171,train,p10,dataset_2,embedding
110,0.6931471805599453,0.69395614,train,p10,dataset_2,embedding
470,0.6931471805599453,0.6625076,train,p10,dataset_2,embedding
958,0.6931471805599453,0.66775256,train,p10,dataset_2,embedding
717,2.833213344056216,2.2470837,train,p10,dataset_2,embedding
221,0.6931471805599453,0.71433043,train,p10,dataset_2,embedding
1133,0.6931471805599453,0.88976455,train,p10,dataset_2,embedding
1132,0.6931471805599453,0.7403772,train,p10,dataset_2,embedding
486,0.6931471805599453,0.72128093,train,p10,dataset_2,embedding
137,0.6931471805599453,0.66229534,train,p10,dataset_2,embedding
789,0.6931471805599453,0.72151715,train,p10,dataset_2,embedding
92,0.6931471805599453,0.71712947,train,p10,dataset_2,embedding
230,0.6931471805599453,0.6856943,train,p10,dataset_2,embedding
16,0.6931471805599453,0.6537858,train,p10,dataset_2,embedding
764,0.6931471805599453,0.7590407,train,p10,dataset_2,embedding
645,1.3862943611198906,1.2973809,train,p10,dataset_2,embedding
1056,0.6931471805599453,0.63790894,train,p10,dataset_2,embedding
750,1.0986122886681098,0.9469843,train,p10,dataset_2,embedding
48,0.6931471805599453,0.71458244,train,p10,dataset_2,embedding
1194,0.6931471805599453,0.6747359,train,p10,dataset_2,embedding
957,0.6931471805599453,0.6692637,train,p10,dataset_2,embedding
1374,0.6931471805599453,0.77701825,train,p10,dataset_2,embedding
266,0.6931471805599453,0.71703744,train,p10,dataset_2,embedding
108,0.6931471805599453,0.66624266,train,p10,dataset_2,embedding
727,0.6931471805599453,1.0471148,train,p10,dataset_2,embedding
677,0.6931471805599453,0.70181763,train,p10,dataset_2,embedding
942,0.6931471805599453,0.7176758,train,p10,dataset_2,embedding
719,1.791759469228055,1.0752599,train,p10,dataset_2,embedding
211,3.6635616461296463,2.0079756,train,p10,dataset_2,embedding
756,0.6931471805599453,0.6942321,train,p10,dataset_2,embedding
1212,0.6931471805599453,0.6920326,train,p10,dataset_2,embedding
1035,0.6931471805599453,0.6887146,train,p10,dataset_2,embedding
20,0.6931471805599453,0.66492856,train,p10,dataset_2,embedding
561,0.6931471805599453,0.6865833,train,p10,dataset_2,embedding
759,0.6931471805599453,0.7230002,train,p10,dataset_2,embedding
1416,0.6931471805599453,0.7167201,train,p10,dataset_2,embedding
670,0.6931471805599453,0.8259388,train,p10,dataset_2,embedding
443,0.6931471805599453,0.6644856,train,p10,dataset_2,embedding
225,0.6931471805599453,0.7327754,train,p10,dataset_2,embedding
1148,0.6931471805599453,0.6618171,train,p10,dataset_2,embedding
1168,1.3862943611198906,1.4703894,train,p10,dataset_2,embedding
1294,0.6931471805599453,0.6831924,train,p10,dataset_2,embedding
700,0.6931471805599453,0.6645111,train,p10,dataset_2,embedding
716,2.3978952727983707,2.5873442,train,p10,dataset_2,embedding
1180,1.0986122886681098,0.88726735,train,p10,dataset_2,embedding
250,0.6931471805599453,0.68194544,train,p10,dataset_2,embedding
439,0.6931471805599453,0.7206185,train,p10,dataset_2,embedding
805,0.6931471805599453,0.73464394,train,p10,dataset_2,embedding
595,1.9459101490553132,1.5764753,train,p10,dataset_2,embedding
119,0.6931471805599453,0.6204009,train,p10,dataset_2,embedding
1044,0.6931471805599453,0.65653497,train,p10,dataset_2,embedding
774,0.6931471805599453,0.68596643,train,p10,dataset_2,embedding
372,0.6931471805599453,0.71735615,train,p10,dataset_2,embedding
726,0.6931471805599453,0.81015193,train,p10,dataset_2,embedding
736,1.0986122886681098,0.881991,train,p10,dataset_2,embedding
809,0.6931471805599453,0.66632366,train,p10,dataset_2,embedding
1356,0.6931471805599453,0.68822646,train,p10,dataset_2,embedding
1320,0.6931471805599453,0.8811575,train,p10,dataset_2,embedding
294,0.6931471805599453,0.7053082,train,p10,dataset_2,embedding
569,0.6931471805599453,0.71947473,train,p10,dataset_2,embedding
1072,0.6931471805599453,0.71864593,train,p10,dataset_2,embedding
335,0.6931471805599453,0.6780108,train,p10,dataset_2,embedding
1260,0.6931471805599453,0.66831565,train,p10,dataset_2,embedding
1140,0.6931471805599453,0.69315004,train,p10,dataset_2,embedding
609,0.6931471805599453,0.6828989,train,p10,dataset_2,embedding
1184,0.6931471805599453,0.8557792,train,p10,dataset_2,embedding
383,0.6931471805599453,0.70003927,train,p10,dataset_2,embedding
1145,0.6931471805599453,0.6714197,train,p10,dataset_2,embedding
508,0.6931471805599453,0.67738473,train,p10,dataset_2,embedding
359,0.6931471805599453,0.6672207,train,p10,dataset_2,embedding
940,0.6931471805599453,0.7101383,train,p10,dataset_2,embedding
928,0.6931471805599453,0.6916276,train,p10,dataset_2,embedding
156,0.6931471805599453,0.6661777,train,p10,dataset_2,embedding
1408,0.6931471805599453,0.7005613,train,p10,dataset_2,embedding
1249,0.6931471805599453,0.7176475,train,p10,dataset_2,embedding
534,0.6931471805599453,0.6662843,train,p10,dataset_2,embedding
296,0.6931471805599453,0.73218095,train,p10,dataset_2,embedding
487,0.6931471805599453,0.70030105,train,p10,dataset_2,embedding
22,0.6931471805599453,0.5568843,train,p10,dataset_2,embedding
962,0.6931471805599453,0.6762537,train,p10,dataset_2,embedding
1110,0.6931471805599453,0.66184616,train,p10,dataset_2,embedding
880,0.6931471805599453,0.6665356,train,p10,dataset_2,embedding
336,0.6931471805599453,0.71697986,train,p10,dataset_2,embedding
426,0.6931471805599453,0.70515954,train,p10,dataset_2,embedding
84,0.6931471805599453,0.7404198,train,p10,dataset_2,embedding
992,0.6931471805599453,0.6979153,train,p10,dataset_2,embedding
1439,0.6931471805599453,0.68747485,train,p10,dataset_2,embedding
1386,0.6931471805599453,0.6870265,train,p10,dataset_2,embedding
1033,0.6931471805599453,0.6738027,train,p10,dataset_2,embedding
1349,0.6931471805599453,0.7169616,train,p10,dataset_2,embedding
220,0.6931471805599453,0.77908254,train,p10,dataset_2,embedding
1328,0.6931471805599453,0.68266946,train,p10,dataset_2,embedding
565,0.6931471805599453,0.7127732,train,p10,dataset_2,embedding
434,0.6931471805599453,0.7380756,train,p10,dataset_2,embedding
515,0.6931471805599453,0.6915208,train,p10,dataset_2,embedding
761,0.6931471805599453,0.665628,train,p10,dataset_2,embedding
1222,0.6931471805599453,0.6766469,train,p10,dataset_2,embedding
52,0.6931471805599453,0.7235116,train,p10,dataset_2,embedding
589,0.6931471805599453,0.7208736,train,p10,dataset_2,embedding
975,0.6931471805599453,0.65583825,train,p10,dataset_2,embedding
281,0.6931471805599453,0.67587805,train,p10,dataset_2,embedding
1271,0.6931471805599453,0.6726603,train,p10,dataset_2,embedding
562,0.6931471805599453,0.59973663,train,p10,dataset_2,embedding
10,0.6931471805599453,0.73744917,train,p10,dataset_2,embedding
738,1.0986122886681098,0.73983085,train,p10,dataset_2,embedding
1229,0.6931471805599453,0.69392776,train,p10,dataset_2,embedding
352,0.6931471805599453,0.674544,train,p10,dataset_2,embedding
1371,0.6931471805599453,0.6696495,train,p10,dataset_2,embedding
1041,0.6931471805599453,0.67239153,train,p10,dataset_2,embedding
660,0.6931471805599453,0.72734606,train,p10,dataset_2,embedding
1205,0.6931471805599453,0.70660293,train,p10,dataset_2,embedding
624,0.6931471805599453,0.71816915,train,p10,dataset_2,embedding
21,0.6931471805599453,0.69315016,train,p10,dataset_2,embedding
448,0.6931471805599453,0.7178688,train,p10,dataset_2,embedding
923,0.6931471805599453,0.684481,train,p10,dataset_2,embedding
800,0.6931471805599453,0.6392952,train,p10,dataset_2,embedding
94,0.6931471805599453,0.73183954,train,p10,dataset_2,embedding
966,0.6931471805599453,0.6969551,train,p10,dataset_2,embedding
146,0.6931471805599453,0.71705115,train,p10,dataset_2,embedding
993,0.6931471805599453,0.6958626,train,p10,dataset_2,embedding
829,0.6931471805599453,0.7175063,train,p10,dataset_2,embedding
644,0.6931471805599453,0.85044396,train,p10,dataset_2,embedding
331,0.6931471805599453,0.73711663,train,p10,dataset_2,embedding
366,0.6931471805599453,0.71706706,train,p10,dataset_2,embedding
768,0.6931471805599453,0.67569524,train,p10,dataset_2,embedding
1046,0.6931471805599453,0.67445874,train,p10,dataset_2,embedding
725,0.6931471805599453,0.7908202,train,p10,dataset_2,embedding
422,0.6931471805599453,0.7232174,train,p10,dataset_2,embedding
1067,0.6931471805599453,0.6669711,train,p10,dataset_2,embedding
954,0.6931471805599453,0.6757573,train,p10,dataset_2,embedding
207,4.110873864173311,4.2124925,train,p10,dataset_2,embedding
249,0.6931471805599453,0.6649554,train,p10,dataset_2,embedding
353,0.6931471805599453,0.68505806,train,p10,dataset_2,embedding
883,0.6931471805599453,0.682647,train,p10,dataset_2,embedding
525,0.6931471805599453,0.7723851,train,p10,dataset_2,embedding
1345,0.6931471805599453,0.7054888,train,p10,dataset_2,embedding
390,0.6931471805599453,0.6623148,train,p10,dataset_2,embedding
526,0.6931471805599453,0.67374825,train,p10,dataset_2,embedding
1262,0.6931471805599453,0.6752985,train,p10,dataset_2,embedding
1370,0.6931471805599453,0.70998,train,p10,dataset_2,embedding
1183,0.6931471805599453,0.6865444,train,p10,dataset_2,embedding
1375,0.6931471805599453,0.6341082,train,p10,dataset_2,embedding
8,0.6931471805599453,0.67933047,train,p10,dataset_2,embedding
298,0.6931471805599453,0.69679755,train,p10,dataset_2,embedding
1230,0.6931471805599453,0.66632247,train,p10,dataset_2,embedding
344,0.6931471805599453,0.8182492,train,p10,dataset_2,embedding
320,0.6931471805599453,0.6365349,train,p10,dataset_2,embedding
1252,0.6931471805599453,0.71697056,train,p10,dataset_2,embedding
452,0.6931471805599453,0.63177055,train,p10,dataset_2,embedding
1153,0.6931471805599453,0.6729233,train,p10,dataset_2,embedding
166,0.6931471805599453,0.6568862,train,p10,dataset_2,embedding
388,0.6931471805599453,0.66948414,train,p10,dataset_2,embedding
446,0.6931471805599453,0.7067542,train,p10,dataset_2,embedding
1287,0.6931471805599453,0.62029606,train,p10,dataset_2,embedding
1327,0.6931471805599453,0.7022495,train,p10,dataset_2,embedding
1268,0.6931471805599453,0.6756989,train,p10,dataset_2,embedding
4,0.6931471805599453,0.7307023,train,p10,dataset_2,embedding
1372,0.6931471805599453,0.6679835,train,p10,dataset_2,embedding
767,1.0986122886681098,0.8749455,train,p10,dataset_2,embedding
574,0.6931471805599453,0.67770815,train,p10,dataset_2,embedding
524,0.6931471805599453,0.89680284,train,p10,dataset_2,embedding
989,0.6931471805599453,0.664517,train,p10,dataset_2,embedding
882,0.6931471805599453,0.6645483,train,p10,dataset_2,embedding
236,0.6931471805599453,0.6763238,train,p10,dataset_2,embedding
1419,0.6931471805599453,0.6762301,train,p10,dataset_2,embedding
1096,0.6931471805599453,0.66621757,train,p10,dataset_2,embedding
182,0.6931471805599453,0.654732,train,p10,dataset_2,embedding
952,0.6931471805599453,0.66291595,train,p10,dataset_2,embedding
604,0.6931471805599453,0.69420505,train,p10,dataset_2,embedding
453,0.6931471805599453,0.64846504,train,p10,dataset_2,embedding
350,0.6931471805599453,0.6721968,train,p10,dataset_2,embedding
278,0.6931471805599453,0.7004777,train,p10,dataset_2,embedding
635,3.610917912644224,2.1754313,train,p10,dataset_2,embedding
226,0.6931471805599453,0.7436294,train,p10,dataset_2,embedding
1074,0.6931471805599453,0.7235453,train,p10,dataset_2,embedding
1277,0.6931471805599453,0.7171884,train,p10,dataset_2,embedding
269,0.6931471805599453,0.6728767,train,p10,dataset_2,embedding
1368,0.6931471805599453,0.73008335,train,p10,dataset_2,embedding
1128,0.6931471805599453,0.7015543,train,p10,dataset_2,embedding
568,0.6931471805599453,0.6728611,train,p10,dataset_2,embedding
1319,0.6931471805599453,0.68173987,train,p10,dataset_2,embedding
517,0.6931471805599453,0.6776696,train,p10,dataset_2,embedding
822,0.6931471805599453,0.6704672,train,p10,dataset_2,embedding
1062,0.6931471805599453,0.70147204,train,p10,dataset_2,embedding
191,0.6931471805599453,0.6794193,train,p10,dataset_2,embedding
895,0.6931471805599453,0.7520144,train,p10,dataset_2,embedding
917,0.6931471805599453,0.68482935,train,p10,dataset_2,embedding
606,0.6931471805599453,0.6748104,train,p10,dataset_2,embedding
1182,1.3862943611198906,0.9447243,train,p10,dataset_2,embedding
797,0.6931471805599453,0.6779734,train,p10,dataset_2,embedding
183,0.6931471805599453,0.6734686,train,p10,dataset_2,embedding
311,0.6931471805599453,0.6879319,train,p10,dataset_2,embedding
73,0.6931471805599453,0.62767637,train,p10,dataset_2,embedding
687,0.6931471805599453,0.66489685,train,p10,dataset_2,embedding
134,0.6931471805599453,0.6619296,train,p10,dataset_2,embedding
1322,0.6931471805599453,0.67366064,train,p10,dataset_2,embedding
349,0.6931471805599453,0.71743906,train,p10,dataset_2,embedding
1089,0.6931471805599453,0.7384654,train,p10,dataset_2,embedding
1275,0.6931471805599453,0.66761625,train,p10,dataset_2,embedding
489,0.6931471805599453,0.7175331,train,p10,dataset_2,embedding
445,0.6931471805599453,0.6721283,train,p10,dataset_2,embedding
580,0.6931471805599453,0.7018093,train,p10,dataset_2,embedding
504,0.6931471805599453,0.680741,train,p10,dataset_2,embedding
342,0.6931471805599453,0.765756,train,p10,dataset_2,embedding
807,0.6931471805599453,0.7174915,train,p10,dataset_2,embedding
79,0.6931471805599453,0.68146336,train,p10,dataset_2,embedding
998,0.6931471805599453,0.68848634,train,p10,dataset_2,embedding
953,0.6931471805599453,0.6630279,train,p10,dataset_2,embedding
773,0.6931471805599453,0.76817757,train,p10,dataset_2,embedding
241,1.6094379124341005,1.5876446,train,p10,dataset_2,embedding
1142,0.6931471805599453,0.7574949,train,p10,dataset_2,embedding
1139,0.6931471805599453,0.67773163,train,p10,dataset_2,embedding
647,0.6931471805599453,1.2905769,train,p10,dataset_2,embedding
180,0.6931471805599453,0.6654856,train,p10,dataset_2,embedding
23,0.6931471805599453,0.6930287,train,p10,dataset_2,embedding
1424,0.6931471805599453,0.71562904,train,p10,dataset_2,embedding
154,0.6931471805599453,0.7171989,train,p10,dataset_2,embedding
144,0.6931471805599453,0.66655236,train,p10,dataset_2,embedding
724,1.0986122886681098,1.5110824,train,p10,dataset_2,embedding
643,1.0986122886681098,1.2041484,train,p10,dataset_2,embedding
120,0.6931471805599453,0.5738187,train,p10,dataset_2,embedding
1127,0.6931471805599453,0.70751834,train,p10,dataset_2,embedding
948,0.6931471805599453,0.7021286,train,p10,dataset_2,embedding
633,1.0986122886681098,1.5410156,train,p10,dataset_2,embedding
1309,0.6931471805599453,0.6622253,train,p10,dataset_2,embedding
41,0.6931471805599453,0.7178384,train,p10,dataset_2,embedding
255,0.6931471805599453,0.676124,train,p10,dataset_2,embedding
455,0.6931471805599453,0.6844805,train,p10,dataset_2,embedding
491,0.6931471805599453,0.68546355,train,p10,dataset_2,embedding
185,0.6931471805599453,0.66635275,train,p10,dataset_2,embedding
540,0.6931471805599453,0.6875708,train,p10,dataset_2,embedding
459,0.6931471805599453,0.71629906,train,p10,dataset_2,embedding
1124,0.6931471805599453,0.75878716,train,p10,dataset_2,embedding
1245,0.6931471805599453,0.64763844,train,p10,dataset_2,embedding
1195,0.6931471805599453,0.7276213,train,p10,dataset_2,embedding
476,0.6931471805599453,0.66630286,train,p10,dataset_2,embedding
321,0.6931471805599453,0.68622947,train,p10,dataset_2,embedding
591,0.6931471805599453,0.675797,train,p10,dataset_2,embedding
26,0.6931471805599453,0.67507553,train,p10,dataset_2,embedding
1186,0.6931471805599453,0.7220196,train,p10,dataset_2,embedding
1010,0.6931471805599453,0.67283624,train,p10,dataset_2,embedding
1059,0.6931471805599453,0.66897815,train,p10,dataset_2,embedding
911,0.6931471805599453,0.6775527,train,p10,dataset_2,embedding
616,0.6931471805599453,0.7169983,train,p10,dataset_2,embedding
1170,1.3862943611198906,1.2274151,train,p10,dataset_2,embedding
428,0.6931471805599453,0.6900519,train,p10,dataset_2,embedding
778,0.6931471805599453,0.6830616,train,p10,dataset_2,embedding
393,1.0986122886681098,0.9183507,train,p10,dataset_2,embedding
1274,0.6931471805599453,0.6763471,train,p10,dataset_2,embedding
728,0.6931471805599453,0.85101557,train,p10,dataset_2,embedding
430,0.6931471805599453,0.66040635,train,p10,dataset_2,embedding
1415,0.6931471805599453,0.66310185,train,p10,dataset_2,embedding
272,0.6931471805599453,0.6630962,train,p10,dataset_2,embedding
488,0.6931471805599453,0.64931214,train,p10,dataset_2,embedding
187,0.6931471805599453,0.6938051,train,p10,dataset_2,embedding
823,0.6931471805599453,0.67245793,train,p10,dataset_2,embedding
1095,0.6931471805599453,0.67035663,train,p10,dataset_2,embedding
39,0.6931471805599453,0.6742984,train,p10,dataset_2,embedding
755,0.6931471805599453,0.6764629,train,p10,dataset_2,embedding
153,0.6931471805599453,0.70770574,train,p10,dataset_2,embedding
987,0.6931471805599453,0.7176588,train,p10,dataset_2,embedding
1018,0.6931471805599453,0.6674448,train,p10,dataset_2,embedding
37,0.6931471805599453,0.7195816,train,p10,dataset_2,embedding
1435,0.6931471805599453,0.68771696,train,p10,dataset_2,embedding
900,0.6931471805599453,0.6633957,train,p10,dataset_2,embedding
1253,0.6931471805599453,0.67810476,train,p10,dataset_2,embedding
86,0.6931471805599453,0.68946666,train,p10,dataset_2,embedding
1019,0.6931471805599453,0.67185616,train,p10,dataset_2,embedding
1105,0.6931471805599453,0.7270899,train,p10,dataset_2,embedding
1220,0.6931471805599453,0.70226395,train,p10,dataset_2,embedding
941,0.6931471805599453,0.719138,train,p10,dataset_2,embedding
881,0.6931471805599453,0.666988,train,p10,dataset_2,embedding
696,0.6931471805599453,0.72466433,train,p10,dataset_2,embedding
1385,0.6931471805599453,0.66327596,train,p10,dataset_2,embedding
915,0.6931471805599453,0.71736306,train,p10,dataset_2,embedding
1334,0.6931471805599453,0.6412124,train,p10,dataset_2,embedding
1198,0.6931471805599453,0.7038072,train,p10,dataset_2,embedding
1094,0.6931471805599453,0.66636413,train,p10,dataset_2,embedding
1049,0.6931471805599453,0.71423054,train,p10,dataset_2,embedding
967,0.6931471805599453,0.7052547,train,p10,dataset_2,embedding
1063,0.6931471805599453,0.6661837,train,p10,dataset_2,embedding
875,0.6931471805599453,0.67460465,train,p10,dataset_2,embedding
826,0.6931471805599453,0.68682635,train,p10,dataset_2,embedding
305,0.6931471805599453,0.71972364,train,p10,dataset_2,embedding
831,0.6931471805599453,0.7168834,train,p10,dataset_2,embedding
1335,0.6931471805599453,0.66356146,train,p10,dataset_2,embedding
849,0.6931471805599453,0.7235942,train,p10,dataset_2,embedding
90,0.6931471805599453,0.7032481,train,p10,dataset_2,embedding
642,0.6931471805599453,1.2810712,train,p10,dataset_2,embedding
1091,0.6931471805599453,0.7460711,train,p10,dataset_2,embedding
1149,0.6931471805599453,0.73129034,train,p10,dataset_2,embedding
676,0.6931471805599453,0.71826154,train,p10,dataset_2,embedding
125,0.6931471805599453,0.7061868,train,p10,dataset_2,embedding
1225,0.6931471805599453,0.7230106,train,p10,dataset_2,embedding
1364,0.6931471805599453,0.6928003,train,p10,dataset_2,embedding
902,0.6931471805599453,0.66981024,train,p10,dataset_2,embedding
243,0.6931471805599453,0.6697382,train,p10,dataset_2,embedding
11,0.6931471805599453,0.8129698,train,p10,dataset_2,embedding
1032,0.6931471805599453,0.6680042,train,p10,dataset_2,embedding
1084,0.6931471805599453,0.71697694,train,p10,dataset_2,embedding
694,1.0986122886681098,1.2558852,train,p10,dataset_2,embedding
246,1.3862943611198906,1.0572294,train,p10,dataset_2,embedding
1050,0.6931471805599453,0.62166405,train,p10,dataset_2,embedding
814,0.6931471805599453,0.67816573,train,p10,dataset_2,embedding
1137,0.6931471805599453,0.66731226,train,p10,dataset_2,embedding
897,0.6931471805599453,0.7192251,train,p10,dataset_2,embedding
495,0.6931471805599453,0.71932673,train,p10,dataset_2,embedding
437,0.6931471805599453,0.68086725,train,p10,dataset_2,embedding
821,0.6931471805599453,0.7018,train,p10,dataset_2,embedding
155,0.6931471805599453,0.6907972,train,p10,dataset_2,embedding
530,0.6931471805599453,0.63832945,train,p10,dataset_2,embedding
66,0.6931471805599453,0.69270456,train,p10,dataset_2,embedding
538,0.6931471805599453,1.1655272,train,p10,dataset_2,embedding
364,0.6931471805599453,0.67544144,train,p10,dataset_2,embedding
1269,0.6931471805599453,0.70075554,train,p10,dataset_2,embedding
521,0.6931471805599453,0.62150395,train,p10,dataset_2,embedding
1306,0.6931471805599453,0.6765209,train,p10,dataset_2,embedding
977,0.6931471805599453,0.6726544,train,p10,dataset_2,embedding
114,0.6931471805599453,0.66649884,train,p10,dataset_2,embedding
634,3.58351893845611,1.8800606,train,p10,dataset_2,embedding
1004,0.6931471805599453,0.6742146,train,p10,dataset_2,embedding
984,0.6931471805599453,0.7009398,train,p10,dataset_2,embedding
386,0.6931471805599453,0.71899533,train,p10,dataset_2,embedding
1208,0.6931471805599453,0.7191974,train,p10,dataset_2,embedding
1433,0.6931471805599453,0.6765913,train,p10,dataset_2,embedding
907,0.6931471805599453,0.70565784,train,p10,dataset_2,embedding
40,0.6931471805599453,0.6811087,train,p10,dataset_2,embedding
712,1.0986122886681098,0.93193865,train,p10,dataset_2,embedding
608,0.6931471805599453,0.67564166,train,p10,dataset_2,embedding
1265,0.6931471805599453,0.6788464,train,p10,dataset_2,embedding
996,0.6931471805599453,0.70865446,train,p10,dataset_2,embedding
399,2.1972245773362196,1.7516394,train,p10,dataset_2,embedding
692,0.6931471805599453,0.67584777,train,p10,dataset_2,embedding
1111,0.6931471805599453,0.69322324,train,p10,dataset_2,embedding
542,0.6931471805599453,0.7169622,train,p10,dataset_2,embedding
262,0.6931471805599453,0.67269176,train,p10,dataset_2,embedding
626,2.0794415416798357,2.191584,train,p10,dataset_2,embedding
477,0.6931471805599453,0.66402435,train,p10,dataset_2,embedding
535,0.6931471805599453,0.66521466,train,p10,dataset_2,embedding
1264,0.6931471805599453,0.67292255,train,p10,dataset_2,embedding
357,0.6931471805599453,0.67797685,train,p10,dataset_2,embedding
1388,0.6931471805599453,0.69182116,train,p10,dataset_2,embedding
903,0.6931471805599453,0.6640643,train,p10,dataset_2,embedding
1155,0.6931471805599453,0.6930318,train,p10,dataset_2,embedding
245,0.6931471805599453,0.8811554,train,p10,dataset_2,embedding
1052,0.6931471805599453,0.65180945,train,p10,dataset_2,embedding
834,0.6931471805599453,0.6871841,train,p10,dataset_2,embedding
1405,0.6931471805599453,0.66520816,train,p10,dataset_2,embedding
314,0.6931471805599453,0.7179473,train,p10,dataset_2,embedding
387,0.6931471805599453,0.6655685,train,p10,dataset_2,embedding
1350,0.6931471805599453,0.68618155,train,p10,dataset_2,embedding
334,0.6931471805599453,0.6599027,train,p10,dataset_2,embedding
944,0.6931471805599453,0.67251194,train,p10,dataset_2,embedding
27,0.6931471805599453,0.6706952,train,p10,dataset_2,embedding
1359,0.6931471805599453,0.72734976,train,p10,dataset_2,embedding
1158,1.0986122886681098,0.85376096,train,p10,dataset_2,embedding
548,0.6931471805599453,0.6920276,train,p10,dataset_2,embedding
793,0.6931471805599453,0.7114861,train,p10,dataset_2,embedding
162,0.6931471805599453,0.725345,train,p10,dataset_2,embedding
1213,0.6931471805599453,0.6822145,train,p10,dataset_2,embedding
356,0.6931471805599453,0.78090084,train,p10,dataset_2,embedding
1279,0.6931471805599453,0.664613,train,p10,dataset_2,embedding
431,1.0986122886681098,0.7635412,train,p10,dataset_2,embedding
870,0.6931471805599453,0.6795598,train,p10,dataset_2,embedding
25,0.6931471805599453,0.7311586,train,p10,dataset_2,embedding
1015,0.6931471805599453,0.648468,train,p10,dataset_2,embedding
991,0.6931471805599453,0.69856215,train,p10,dataset_2,embedding
118,0.6931471805599453,0.6831175,train,p10,dataset_2,embedding
675,0.6931471805599453,0.71199507,train,p10,dataset_2,embedding
392,0.6931471805599453,0.9344139,train,p10,dataset_2,embedding
658,0.6931471805599453,0.86047626,train,p10,dataset_2,embedding
367,0.6931471805599453,0.73049486,train,p10,dataset_2,embedding
199,0.6931471805599453,0.71790254,train,p10,dataset_2,embedding
762,1.0986122886681098,0.7543722,train,p10,dataset_2,embedding
159,0.6931471805599453,0.6621151,train,p10,dataset_2,embedding
502,0.6931471805599453,0.66268104,train,p10,dataset_2,embedding
1038,0.6931471805599453,0.6809362,train,p10,dataset_2,embedding
753,0.6931471805599453,0.6934285,train,p10,dataset_2,embedding
1332,0.6931471805599453,0.6565175,train,p10,dataset_2,embedding
1167,0.6931471805599453,0.7090863,train,p10,dataset_2,embedding
678,0.6931471805599453,0.6559006,train,p10,dataset_2,embedding
1397,0.6931471805599453,0.6788217,train,p10,dataset_2,embedding
516,0.6931471805599453,0.67900795,train,p10,dataset_2,embedding
740,0.6931471805599453,0.7239758,train,p10,dataset_2,embedding
852,0.6931471805599453,0.7409588,train,p10,dataset_2,embedding
1234,0.6931471805599453,0.71698624,train,p10,dataset_2,embedding
995,0.6931471805599453,0.70690453,train,p10,dataset_2,embedding
132,0.6931471805599453,0.72045547,train,p10,dataset_2,embedding
854,0.6931471805599453,0.66763663,train,p10,dataset_2,embedding
186,0.6931471805599453,0.717031,train,p10,dataset_2,embedding
1437,0.6931471805599453,0.67599624,train,p10,dataset_2,embedding
1363,0.6931471805599453,0.72664326,train,p10,dataset_2,embedding
1164,0.6931471805599453,0.74306047,train,p10,dataset_2,embedding
284,2.0794415416798357,1.4760532,train,p10,dataset_2,embedding
1165,2.3978952727983707,2.8464103,train,p10,dataset_2,embedding
1436,0.6931471805599453,0.6811305,train,p10,dataset_2,embedding
325,0.6931471805599453,0.71328175,train,p10,dataset_2,embedding
287,0.6931471805599453,0.7551428,train,p10,dataset_2,embedding
1060,0.6931471805599453,0.6722957,train,p10,dataset_2,embedding
955,0.6931471805599453,0.6770879,train,p10,dataset_2,embedding
1101,0.6931471805599453,0.6861954,train,p10,dataset_2,embedding
1200,0.6931471805599453,0.7063534,train,p10,dataset_2,embedding
252,0.6931471805599453,0.68322325,train,p10,dataset_2,embedding
157,0.6931471805599453,0.66164124,train,p10,dataset_2,embedding
1113,0.6931471805599453,0.66745543,train,p10,dataset_2,embedding
435,0.6931471805599453,0.8199753,train,p10,dataset_2,embedding
1340,0.6931471805599453,0.6833396,train,p10,dataset_2,embedding
785,0.6931471805599453,0.6910783,train,p10,dataset_2,embedding
1316,0.6931471805599453,0.65441954,train,p10,dataset_2,embedding
709,0.6931471805599453,0.6707845,train,p10,dataset_2,embedding
81,1.0986122886681098,0.9658149,train,p10,dataset_2,embedding
735,0.6931471805599453,0.75855815,train,p10,dataset_2,embedding
98,0.6931471805599453,0.66661346,train,p10,dataset_2,embedding
640,1.6094379124341005,1.4174265,train,p10,dataset_2,embedding
976,0.6931471805599453,0.69116354,train,p10,dataset_2,embedding
918,0.6931471805599453,0.7210535,train,p10,dataset_2,embedding
1219,0.6931471805599453,0.72244847,train,p10,dataset_2,embedding
982,0.6931471805599453,0.6431854,train,p10,dataset_2,embedding
292,1.0986122886681098,0.846979,train,p10,dataset_2,embedding
556,0.6931471805599453,0.7172103,train,p10,dataset_2,embedding
1005,0.6931471805599453,0.7169901,train,p10,dataset_2,embedding
1058,0.6931471805599453,0.6677539,train,p10,dataset_2,embedding
1103,0.6931471805599453,0.70751196,train,p10,dataset_2,embedding
514,0.6931471805599453,0.69355726,train,p10,dataset_2,embedding
129,0.6931471805599453,0.6629221,train,p10,dataset_2,embedding
389,0.6931471805599453,0.68666977,train,p10,dataset_2,embedding
436,0.6931471805599453,0.6780993,train,p10,dataset_2,embedding
338,0.6931471805599453,0.7002981,train,p10,dataset_2,embedding
1367,0.6931471805599453,0.6644038,train,p10,dataset_2,embedding
473,0.6931471805599453,0.70790505,train,p10,dataset_2,embedding
293,0.6931471805599453,0.69907975,train,p10,dataset_2,embedding
302,0.6931471805599453,0.7204958,train,p10,dataset_2,embedding
189,0.6931471805599453,0.68818855,train,p10,dataset_2,embedding
348,0.6931471805599453,0.7211239,train,p10,dataset_2,embedding
663,0.6931471805599453,0.75405574,train,p10,dataset_2,embedding
416,1.0986122886681098,0.81931925,train,p10,dataset_2,embedding
1122,0.6931471805599453,0.75348544,train,p10,dataset_2,embedding
410,1.791759469228055,1.1629516,train,p10,dataset_2,embedding
310,0.6931471805599453,0.7173512,train,p10,dataset_2,embedding
327,0.6931471805599453,0.77661675,train,p10,dataset_2,embedding
13,0.6931471805599453,0.71698546,train,p10,dataset_2,embedding
1293,0.6931471805599453,0.6844393,train,p10,dataset_2,embedding
699,0.6931471805599453,0.7014299,train,p10,dataset_2,embedding
227,0.6931471805599453,0.7170179,train,p10,dataset_2,embedding
1296,0.6931471805599453,0.6572554,train,p10,dataset_2,embedding
1354,2.0794415416798357,1.8850051,train,p10,dataset_2,embedding
652,1.0986122886681098,0.8310151,train,p10,dataset_2,embedding
547,0.6931471805599453,0.6495214,train,p10,dataset_2,embedding
1215,0.6931471805599453,0.71850204,train,p10,dataset_2,embedding
1377,1.3862943611198906,1.5535675,train,p10,dataset_2,embedding
908,0.6931471805599453,0.7149091,train,p10,dataset_2,embedding
313,0.6931471805599453,0.72205675,train,p10,dataset_2,embedding
1270,0.6931471805599453,0.6737977,train,p10,dataset_2,embedding
385,0.6931471805599453,0.6609599,train,p10,dataset_2,embedding
222,0.6931471805599453,0.70604587,train,p10,dataset_2,embedding
196,0.6931471805599453,0.68873,train,p10,dataset_2,embedding
181,0.6931471805599453,0.65403044,train,p10,dataset_2,embedding
1016,0.6931471805599453,0.66412914,train,p10,dataset_2,embedding
323,0.6931471805599453,0.7855766,train,p10,dataset_2,embedding
64,0.6931471805599453,0.71551144,train,p10,dataset_2,embedding
216,0.6931471805599453,0.7844924,train,p10,dataset_2,embedding
1240,0.6931471805599453,0.66830915,train,p10,dataset_2,embedding
1102,0.6931471805599453,0.73591185,train,p10,dataset_2,embedding
1376,0.6931471805599453,0.65412647,train,p10,dataset_2,embedding
197,0.6931471805599453,0.71738315,train,p10,dataset_2,embedding
343,0.6931471805599453,0.7931739,train,p10,dataset_2,embedding
929,0.6931471805599453,0.71828866,train,p10,dataset_2,embedding
267,0.6931471805599453,0.65292704,train,p10,dataset_2,embedding
1106,0.6931471805599453,0.7126724,train,p10,dataset_2,embedding
411,0.6931471805599453,0.72362864,train,p10,dataset_2,embedding
842,0.6931471805599453,0.6225843,train,p10,dataset_2,embedding
469,0.6931471805599453,0.6778073,train,p10,dataset_2,embedding
401,0.6931471805599453,0.6772414,train,p10,dataset_2,embedding
170,0.6931471805599453,0.6874373,train,p10,dataset_2,embedding
1351,0.6931471805599453,0.6624403,train,p10,dataset_2,embedding
884,0.6931471805599453,0.7199554,train,p10,dataset_2,embedding
219,0.6931471805599453,0.6812762,train,p10,dataset_2,embedding
1077,0.6931471805599453,0.6732192,train,p10,dataset_2,embedding
19,0.6931471805599453,0.6435744,train,p10,dataset_2,embedding
685,0.6931471805599453,0.71702147,train,p10,dataset_2,embedding
860,0.6931471805599453,0.74035,train,p10,dataset_2,embedding
286,0.6931471805599453,0.70857626,train,p10,dataset_2,embedding
288,0.6931471805599453,0.6759485,train,p10,dataset_2,embedding
384,0.6931471805599453,0.66562426,train,p10,dataset_2,embedding
82,1.0986122886681098,0.80600685,train,p10,dataset_2,embedding
1420,0.6931471805599453,0.70077395,train,p10,dataset_2,embedding
597,0.6931471805599453,0.8619642,train,p10,dataset_2,embedding
1315,0.6931471805599453,0.7307267,train,p10,dataset_2,embedding
790,0.6931471805599453,0.72144234,train,p10,dataset_2,embedding
83,1.0986122886681098,0.79649913,train,p10,dataset_2,embedding
668,1.3862943611198906,1.1622938,train,p10,dataset_2,embedding
72,0.6931471805599453,0.73803,train,p10,dataset_2,embedding
160,0.6931471805599453,0.68141365,train,p10,dataset_2,embedding
475,0.6931471805599453,0.7377266,train,p10,dataset_2,embedding
142,0.6931471805599453,0.71697265,train,p10,dataset_2,embedding
1076,0.6931471805599453,0.6669167,train,p10,dataset_2,embedding
980,0.6931471805599453,0.7176924,train,p10,dataset_2,embedding
1169,3.58351893845611,1.796354,train,p10,dataset_2,embedding
1134,0.6931471805599453,0.7014668,train,p10,dataset_2,embedding
965,0.6931471805599453,0.7177076,train,p10,dataset_2,embedding
650,0.6931471805599453,1.0949311,train,p10,dataset_2,embedding
781,0.6931471805599453,0.6379307,train,p10,dataset_2,embedding
943,0.6931471805599453,0.7185749,train,p10,dataset_2,embedding
1021,0.6931471805599453,0.68726295,train,p10,dataset_2,embedding
1361,0.6931471805599453,0.71597916,train,p10,dataset_2,embedding
402,2.70805020110221,2.147254,train,p10,dataset_2,embedding
994,0.6931471805599453,0.67872953,train,p10,dataset_2,embedding
124,0.6931471805599453,0.71820056,train,p10,dataset_2,embedding
684,0.6931471805599453,0.7169831,train,p10,dataset_2,embedding
577,0.6931471805599453,0.682398,train,p10,dataset_2,embedding
304,0.6931471805599453,0.7319021,train,p10,dataset_2,embedding
1129,1.0986122886681098,0.90884817,train,p10,dataset_2,embedding
1365,0.6931471805599453,0.68503654,train,p10,dataset_2,embedding
930,0.6931471805599453,0.677387,train,p10,dataset_2,embedding
1086,0.6931471805599453,0.7915648,train,p10,dataset_2,embedding
1383,0.6931471805599453,0.74054205,train,p10,dataset_2,embedding
1343,0.6931471805599453,0.6668654,train,p10,dataset_2,embedding
704,0.6931471805599453,0.72870386,train,p10,dataset_2,embedding
937,0.6931471805599453,0.6549474,train,p10,dataset_2,embedding
87,0.6931471805599453,0.74593824,train,p10,dataset_2,embedding
729,1.0986122886681098,0.8188176,train,p10,dataset_2,embedding
1317,0.6931471805599453,0.6888008,train,p10,dataset_2,embedding
301,0.6931471805599453,0.7018538,train,p10,dataset_2,embedding
117,0.6931471805599453,0.74408114,train,p10,dataset_2,embedding
683,0.6931471805599453,0.7051755,train,p10,dataset_2,embedding
1093,0.6931471805599453,0.70107895,train,p10,dataset_2,embedding
630,2.772588722239781,2.6509628,train,p10,dataset_2,embedding
749,0.6931471805599453,0.7220338,train,p10,dataset_2,embedding
815,0.6931471805599453,0.74102426,train,p10,dataset_2,embedding
421,0.6931471805599453,0.71547383,train,p10,dataset_2,embedding
1176,0.6931471805599453,0.8201308,train,p10,dataset_2,embedding
573,0.6931471805599453,0.6631281,train,p10,dataset_2,embedding
843,0.6931471805599453,0.7173494,train,p10,dataset_2,embedding
100,0.6931471805599453,0.7025546,train,p10,dataset_2,embedding
688,0.6931471805599453,0.6218816,train,p10,dataset_2,embedding
1143,1.3862943611198906,1.4813303,train,p10,dataset_2,embedding
939,0.6931471805599453,0.67686415,train,p10,dataset_2,embedding
149,0.6931471805599453,0.67499816,train,p10,dataset_2,embedding
1289,0.6931471805599453,0.69857097,train,p10,dataset_2,embedding
1083,0.6931471805599453,0.72346646,train,p10,dataset_2,embedding
779,0.6931471805599453,0.7000273,train,p10,dataset_2,embedding
1172,0.6931471805599453,0.62208724,train,p10,dataset_2,embedding
425,0.6931471805599453,0.68582714,train,p10,dataset_2,embedding
614,0.6931471805599453,0.6886989,train,p10,dataset_2,embedding
1008,0.6931471805599453,0.71700215,train,p10,dataset_2,embedding
1342,0.6931471805599453,0.67401,train,p10,dataset_2,embedding
775,0.6931471805599453,0.68732655,train,p10,dataset_2,embedding
1301,0.6931471805599453,0.67563117,train,p10,dataset_2,embedding
830,0.6931471805599453,0.6842787,train,p10,dataset_2,embedding
857,0.6931471805599453,0.62075305,train,p10,dataset_2,embedding
786,0.6931471805599453,0.67406166,train,p10,dataset_2,embedding
1326,0.6931471805599453,0.6795745,train,p10,dataset_2,embedding
932,0.6931471805599453,0.7181674,train,p10,dataset_2,embedding
483,0.6931471805599453,0.6608249,train,p10,dataset_2,embedding
1404,0.6931471805599453,0.66661525,train,p10,dataset_2,embedding
1369,0.6931471805599453,0.67326427,train,p10,dataset_2,embedding
519,0.6931471805599453,0.71702933,train,p10,dataset_2,embedding
193,0.6931471805599453,0.75000626,train,p10,dataset_2,embedding
378,0.6931471805599453,0.716079,train,p10,dataset_2,embedding
1263,0.6931471805599453,0.6625347,train,p10,dataset_2,embedding
1174,1.3862943611198906,1.0211962,train,p10,dataset_2,embedding
850,0.6931471805599453,0.71940255,train,p10,dataset_2,embedding
913,0.6931471805599453,0.70030415,train,p10,dataset_2,embedding
637,1.6094379124341005,1.2848237,train,p10,dataset_2,embedding
450,0.6931471805599453,0.66699624,train,p10,dataset_2,embedding
856,0.6931471805599453,0.6676201,train,p10,dataset_2,embedding
14,0.6931471805599453,0.697873,train,p10,dataset_2,embedding
841,0.6931471805599453,0.7058671,train,p10,dataset_2,embedding
803,0.6931471805599453,0.69159126,train,p10,dataset_2,embedding
1171,1.0986122886681098,1.2237915,train,p10,dataset_2,embedding
501,0.6931471805599453,0.6659199,train,p10,dataset_2,embedding
234,0.6931471805599453,0.70083535,train,p10,dataset_2,embedding
329,0.6931471805599453,0.6662488,train,p10,dataset_2,embedding
104,0.6931471805599453,0.6635344,train,p10,dataset_2,embedding
317,0.6931471805599453,0.74406785,train,p10,dataset_2,embedding
1391,0.6931471805599453,0.7817477,train,p10,dataset_2,embedding
1302,0.6931471805599453,0.6600801,train,p10,dataset_2,embedding
492,0.6931471805599453,0.7388412,train,p10,dataset_2,embedding
235,1.9459101490553132,1.7687682,train,p10,dataset_2,embedding
1318,0.6931471805599453,0.6674197,train,p10,dataset_2,embedding
1147,0.6931471805599453,0.7469078,train,p10,dataset_2,embedding
1393,0.6931471805599453,0.67313915,train,p10,dataset_2,embedding
1331,0.6931471805599453,0.6750653,train,p10,dataset_2,embedding
866,0.6931471805599453,0.6870304,train,p10,dataset_2,embedding
653,0.6931471805599453,0.8081747,train,p10,dataset_2,embedding
1358,1.0986122886681098,1.2646705,train,p10,dataset_2,embedding
158,0.6931471805599453,0.6785276,train,p10,dataset_2,embedding
6,0.6931471805599453,0.7397255,train,p10,dataset_2,embedding
42,0.6931471805599453,0.66101635,train,p10,dataset_2,embedding
1003,0.6931471805599453,0.6657107,train,p10,dataset_2,embedding
215,0.6931471805599453,0.77278006,train,p10,dataset_2,embedding
1352,1.0986122886681098,1.226365,train,p10,dataset_2,embedding
592,0.6931471805599453,0.6792563,train,p10,dataset_2,embedding
279,0.6931471805599453,0.6809133,train,p10,dataset_2,embedding
414,0.6931471805599453,0.6835425,train,p10,dataset_2,embedding
408,0.6931471805599453,0.7157295,train,p10,dataset_2,embedding
1329,0.6931471805599453,0.6685701,train,p10,dataset_2,embedding
1305,0.6931471805599453,0.66495556,train,p10,dataset_2,embedding
214,0.6931471805599453,0.8805394,train,p10,dataset_2,embedding
188,0.6931471805599453,0.68939435,train,p10,dataset_2,embedding
1185,0.6931471805599453,0.7144457,train,p10,dataset_2,embedding
256,0.6931471805599453,0.7169622,train,p10,dataset_2,embedding
839,0.6931471805599453,0.7134613,train,p10,dataset_2,embedding
1012,0.6931471805599453,0.7228054,train,p10,dataset_2,embedding
1323,1.6094379124341005,1.4052202,train,p10,dataset_2,embedding
496,0.6931471805599453,0.66107523,train,p10,dataset_2,embedding
1382,0.6931471805599453,0.7731765,train,p10,dataset_2,embedding
718,2.1972245773362196,2.0835621,train,p10,dataset_2,embedding
743,0.6931471805599453,0.6878105,train,p10,dataset_2,embedding
1304,0.6931471805599453,0.70376056,train,p10,dataset_2,embedding
111,0.6931471805599453,0.71666324,train,p10,dataset_2,embedding
659,0.6931471805599453,0.8412626,train,p10,dataset_2,embedding
1400,0.6931471805599453,0.717037,train,p10,dataset_2,embedding
617,0.6931471805599453,0.7010809,train,p10,dataset_2,embedding
1362,0.6931471805599453,0.7286302,train,p10,dataset_2,embedding
1273,0.6931471805599453,0.6679183,train,p10,dataset_2,embedding
2,0.6931471805599453,0.71711236,train,p10,dataset_2,embedding
440,0.6931471805599453,0.6670277,train,p10,dataset_2,embedding
1020,0.6931471805599453,0.6614431,train,p10,dataset_2,embedding
300,0.6931471805599453,0.69654405,train,p10,dataset_2,embedding
404,1.3862943611198906,1.4194657,train,p10,dataset_2,embedding
1177,0.6931471805599453,0.78954816,train,p10,dataset_2,embedding
1070,0.6931471805599453,0.6932863,train,p10,dataset_2,embedding
632,2.0794415416798357,1.8305945,train,p10,dataset_2,embedding
1055,0.6931471805599453,0.6281083,train,p10,dataset_2,embedding
85,0.6931471805599453,0.76579344,train,p10,dataset_2,embedding
291,0.6931471805599453,0.77556515,train,p10,dataset_2,embedding
375,0.6931471805599453,0.6336604,train,p10,dataset_2,embedding
596,1.6094379124341005,1.1128097,train,p10,dataset_2,embedding
396,0.6931471805599453,1.6067461,train,p10,dataset_2,embedding
1266,0.6931471805599453,0.6760404,train,p10,dataset_2,embedding
837,0.6931471805599453,0.62957567,train,p10,dataset_2,embedding
904,0.6931471805599453,0.70984745,train,p10,dataset_2,embedding
232,0.6931471805599453,0.6641046,train,p10,dataset_2,embedding
458,0.6931471805599453,0.6853715,train,p10,dataset_2,embedding
1355,1.6094379124341005,1.6745425,train,p10,dataset_2,embedding
1141,0.6931471805599453,0.66589093,train,p10,dataset_2,embedding
1357,1.791759469228055,1.5351635,train,p10,dataset_2,embedding
615,0.6931471805599453,0.6816323,train,p10,dataset_2,embedding
896,0.6931471805599453,0.71731603,train,p10,dataset_2,embedding
707,0.6931471805599453,0.63072705,train,p10,dataset_2,embedding
355,0.6931471805599453,0.7292673,train,p10,dataset_2,embedding
879,0.6931471805599453,0.69400096,train,p10,dataset_2,embedding
1325,0.6931471805599453,0.7482291,train,p10,dataset_2,embedding
938,0.6931471805599453,0.67853713,train,p10,dataset_2,embedding
1152,0.6931471805599453,0.6943948,train,p10,dataset_2,embedding
874,0.6931471805599453,0.68575954,train,p10,dataset_2,embedding
1224,0.6931471805599453,0.6762016,train,p10,dataset_2,embedding
981,0.6931471805599453,0.6931039,train,p10,dataset_2,embedding
960,0.6931471805599453,0.67298806,train,p10,dataset_2,embedding
620,0.6931471805599453,0.66620225,train,p10,dataset_2,embedding
128,0.6931471805599453,0.7276068,train,p10,dataset_2,embedding
601,0.6931471805599453,0.6723249,train,p10,dataset_2,embedding
772,0.6931471805599453,0.6986176,train,p10,dataset_2,embedding
769,0.6931471805599453,0.668737,train,p10,dataset_2,embedding
31,0.6931471805599453,1.0199,train,p10,dataset_2,embedding
35,0.6931471805599453,0.67579544,train,p10,dataset_2,embedding
697,0.6931471805599453,0.66650903,train,p10,dataset_2,embedding
969,0.6931471805599453,0.66648686,train,p10,dataset_2,embedding
1175,0.6931471805599453,0.67048585,train,p10,dataset_2,embedding
433,0.6931471805599453,0.69152176,train,p10,dataset_2,embedding
721,1.791759469228055,1.7431225,train,p10,dataset_2,embedding
212,0.6931471805599453,0.7171376,train,p10,dataset_2,embedding
925,0.6931471805599453,0.6679645,train,p10,dataset_2,embedding
209,1.0986122886681098,1.6309065,train,p10,dataset_2,embedding
1442,0.6931471805599453,0.7228319,train,p10,dataset_2,embedding
339,0.6931471805599453,0.6301094,train,p10,dataset_2,embedding
131,0.6931471805599453,0.6753902,train,p10,dataset_2,embedding
161,0.6931471805599453,0.66088206,train,p10,dataset_2,embedding
1160,0.6931471805599453,0.68503356,train,p10,dataset_2,embedding
177,0.6931471805599453,0.69363016,train,p10,dataset_2,embedding
474,0.6931471805599453,0.69571894,train,p10,dataset_2,embedding
1066,0.6931471805599453,0.8003296,train,p10,dataset_2,embedding
1232,0.6931471805599453,0.6935492,train,p10,dataset_2,embedding
990,0.6931471805599453,0.67453957,train,p10,dataset_2,embedding
509,0.6931471805599453,0.75649387,train,p10,dataset_2,embedding
468,0.6931471805599453,0.65995073,train,p10,dataset_2,embedding
457,0.6931471805599453,0.7238337,train,p10,dataset_2,embedding
748,1.0986122886681098,0.82609737,train,p10,dataset_2,embedding
102,0.6931471805599453,0.6994868,train,p10,dataset_2,embedding
656,0.6931471805599453,0.73424387,train,p10,dataset_2,embedding
1272,0.6931471805599453,0.675326,train,p10,dataset_2,embedding
1303,0.6931471805599453,0.682018,train,p10,dataset_2,embedding
1321,1.0986122886681098,1.0927767,train,p10,dataset_2,embedding
80,0.6931471805599453,0.688462,train,p10,dataset_2,embedding
1154,0.6931471805599453,0.75556386,train,p10,dataset_2,embedding
285,1.3862943611198906,1.6068959,train,p10,dataset_2,embedding
1045,0.6931471805599453,0.71626276,train,p10,dataset_2,embedding
970,0.6931471805599453,0.7175895,train,p10,dataset_2,embedding
1226,0.6931471805599453,0.7208109,train,p10,dataset_2,embedding
136,0.6931471805599453,0.66027844,train,p10,dataset_2,embedding
825,0.6931471805599453,0.6806713,train,p10,dataset_2,embedding
1116,0.6931471805599453,0.6163608,train,p10,dataset_2,embedding
1255,0.6931471805599453,0.62171185,train,p10,dataset_2,embedding
418,1.0986122886681098,0.86090606,train,p10,dataset_2,embedding
493,0.6931471805599453,0.6663322,train,p10,dataset_2,embedding
503,0.6931471805599453,0.666282,train,p10,dataset_2,embedding
248,0.6931471805599453,0.7079812,train,p10,dataset_2,embedding
1022,0.6931471805599453,0.7212906,train,p10,dataset_2,embedding
641,1.3862943611198906,1.1951195,train,p10,dataset_2,embedding
794,0.6931471805599453,0.71986604,train,p10,dataset_2,embedding
520,0.6931471805599453,0.66356117,train,p10,dataset_2,embedding
655,1.0986122886681098,0.77001476,train,p10,dataset_2,embedding
1162,0.6931471805599453,0.6868375,train,p10,dataset_2,embedding
112,0.6931471805599453,0.71905893,validation,p10,dataset_2,embedding
532,0.6931471805599453,0.63002264,validation,p10,dataset_2,embedding
1254,0.6931471805599453,0.687696,validation,p10,dataset_2,embedding
1000,0.6931471805599453,0.80079067,validation,p10,dataset_2,embedding
1292,0.6931471805599453,0.6242147,validation,p10,dataset_2,embedding
1411,0.6931471805599453,0.6662083,validation,p10,dataset_2,embedding
1097,0.6931471805599453,0.76848143,validation,p10,dataset_2,embedding
710,0.6931471805599453,0.6297351,validation,p10,dataset_2,embedding
1373,0.6931471805599453,0.67739445,validation,p10,dataset_2,embedding
533,0.6931471805599453,0.7212302,validation,p10,dataset_2,embedding
454,0.6931471805599453,0.6622307,validation,p10,dataset_2,embedding
1104,0.6931471805599453,0.6855458,validation,p10,dataset_2,embedding
564,0.6931471805599453,0.6676086,validation,p10,dataset_2,embedding
36,0.6931471805599453,0.74039894,validation,p10,dataset_2,embedding
179,0.6931471805599453,0.69086057,validation,p10,dataset_2,embedding
963,0.6931471805599453,0.70192766,validation,p10,dataset_2,embedding
1181,0.6931471805599453,0.83110976,validation,p10,dataset_2,embedding
318,0.6931471805599453,0.6786877,validation,p10,dataset_2,embedding
140,0.6931471805599453,0.6929086,validation,p10,dataset_2,embedding
113,0.6931471805599453,0.7309822,validation,p10,dataset_2,embedding
505,0.6931471805599453,0.6758363,validation,p10,dataset_2,embedding
95,0.6931471805599453,0.6992177,validation,p10,dataset_2,embedding
1189,0.6931471805599453,0.6665281,validation,p10,dataset_2,embedding
1233,0.6931471805599453,0.68283486,validation,p10,dataset_2,embedding
766,0.6931471805599453,0.67605186,validation,p10,dataset_2,embedding
1410,0.6931471805599453,0.7207383,validation,p10,dataset_2,embedding
510,0.6931471805599453,0.74232113,validation,p10,dataset_2,embedding
1295,0.6931471805599453,0.63180256,validation,p10,dataset_2,embedding
490,0.6931471805599453,0.66822356,validation,p10,dataset_2,embedding
1126,0.6931471805599453,0.84461117,validation,p10,dataset_2,embedding
579,0.6931471805599453,0.6944032,validation,p10,dataset_2,embedding
1238,0.6931471805599453,0.64270335,validation,p10,dataset_2,embedding
1080,0.6931471805599453,0.6928869,validation,p10,dataset_2,embedding
1300,0.6931471805599453,0.6720793,validation,p10,dataset_2,embedding
315,0.6931471805599453,0.6786108,validation,p10,dataset_2,embedding
62,0.6931471805599453,0.7274759,validation,p10,dataset_2,embedding
872,0.6931471805599453,0.677232,validation,p10,dataset_2,embedding
202,0.6931471805599453,0.72535986,validation,p10,dataset_2,embedding
618,0.6931471805599453,0.6336801,validation,p10,dataset_2,embedding
682,0.6931471805599453,0.6231421,validation,p10,dataset_2,embedding
997,0.6931471805599453,0.6619921,validation,p10,dataset_2,embedding
732,0.6931471805599453,0.8425106,validation,p10,dataset_2,embedding
91,0.6931471805599453,0.77129793,validation,p10,dataset_2,embedding
127,0.6931471805599453,0.66778344,validation,p10,dataset_2,embedding
539,0.6931471805599453,0.77325463,validation,p10,dataset_2,embedding
739,0.6931471805599453,0.7341665,validation,p10,dataset_2,embedding
1421,0.6931471805599453,0.67498326,validation,p10,dataset_2,embedding
832,0.6931471805599453,0.7192456,validation,p10,dataset_2,embedding
927,0.6931471805599453,0.6937624,validation,p10,dataset_2,embedding
811,0.6931471805599453,0.6889263,validation,p10,dataset_2,embedding
1441,0.6931471805599453,0.7722938,validation,p10,dataset_2,embedding
582,0.6931471805599453,0.7208596,validation,p10,dataset_2,embedding
148,0.6931471805599453,0.7170734,validation,p10,dataset_2,embedding
1341,0.6931471805599453,0.7301655,validation,p10,dataset_2,embedding
38,0.6931471805599453,0.6803346,validation,p10,dataset_2,embedding
268,1.0986122886681098,1.8020431,validation,p10,dataset_2,embedding
1069,0.6931471805599453,0.6760604,validation,p10,dataset_2,embedding
1190,0.6931471805599453,0.7015183,validation,p10,dataset_2,embedding
330,0.6931471805599453,0.7007334,validation,p10,dataset_2,embedding
833,0.6931471805599453,0.67468023,validation,p10,dataset_2,embedding
1337,0.6931471805599453,0.6803769,validation,p10,dataset_2,embedding
545,0.6931471805599453,0.67582893,validation,p10,dataset_2,embedding
1379,1.0986122886681098,1.4207853,validation,p10,dataset_2,embedding
1100,0.6931471805599453,0.6789112,validation,p10,dataset_2,embedding
1286,0.6931471805599453,0.7173163,validation,p10,dataset_2,embedding
571,0.6931471805599453,0.6676998,validation,p10,dataset_2,embedding
784,0.6931471805599453,0.6931665,validation,p10,dataset_2,embedding
708,0.6931471805599453,0.71159565,validation,p10,dataset_2,embedding
1191,0.6931471805599453,0.6563052,validation,p10,dataset_2,embedding
1130,0.6931471805599453,0.8015639,validation,p10,dataset_2,embedding
1028,0.6931471805599453,0.6841495,validation,p10,dataset_2,embedding
763,0.6931471805599453,0.7132888,validation,p10,dataset_2,embedding
625,2.1972245773362196,2.2286081,validation,p10,dataset_2,embedding
983,0.6931471805599453,0.701774,validation,p10,dataset_2,embedding
283,0.6931471805599453,1.0312409,validation,p10,dataset_2,embedding
1151,0.6931471805599453,0.73442143,validation,p10,dataset_2,embedding
587,0.6931471805599453,0.68964636,validation,p10,dataset_2,embedding
471,0.6931471805599453,0.6928947,validation,p10,dataset_2,embedding
265,0.6931471805599453,0.71728754,validation,p10,dataset_2,embedding
1228,0.6931471805599453,0.6634157,validation,p10,dataset_2,embedding
1112,0.6931471805599453,0.6911702,validation,p10,dataset_2,embedding
795,0.6931471805599453,0.6964798,validation,p10,dataset_2,embedding
1338,0.6931471805599453,0.7128545,validation,p10,dataset_2,embedding
1048,0.6931471805599453,0.68919754,validation,p10,dataset_2,embedding
780,0.6931471805599453,0.68109995,validation,p10,dataset_2,embedding
959,0.6931471805599453,0.63210607,validation,p10,dataset_2,embedding
878,1.0986122886681098,0.69012463,validation,p10,dataset_2,embedding
174,0.6931471805599453,0.68709546,validation,p10,dataset_2,embedding
93,0.6931471805599453,0.7161435,validation,p10,dataset_2,embedding
122,0.6931471805599453,0.6803392,validation,p10,dataset_2,embedding
961,0.6931471805599453,0.6665379,validation,p10,dataset_2,embedding
1026,0.6931471805599453,0.66241646,validation,p10,dataset_2,embedding
57,0.6931471805599453,0.68486756,validation,p10,dataset_2,embedding
106,1.0986122886681098,0.8286456,validation,p10,dataset_2,embedding
518,0.6931471805599453,0.64896667,validation,p10,dataset_2,embedding
345,0.6931471805599453,0.7383757,validation,p10,dataset_2,embedding
1231,0.6931471805599453,0.7459768,validation,p10,dataset_2,embedding
34,1.0986122886681098,0.9396599,validation,p10,dataset_2,embedding
405,1.0986122886681098,0.95677507,validation,p10,dataset_2,embedding
1432,0.6931471805599453,0.667585,validation,p10,dataset_2,embedding
126,0.6931471805599453,0.6942988,validation,p10,dataset_2,embedding
217,0.6931471805599453,0.76212895,validation,p10,dataset_2,embedding
914,0.6931471805599453,0.6850928,validation,p10,dataset_2,embedding
787,0.6931471805599453,0.7055465,validation,p10,dataset_2,embedding
24,0.6931471805599453,0.7170064,validation,p10,dataset_2,embedding
424,0.6931471805599453,0.8983283,validation,p10,dataset_2,embedding
403,3.5553480614894135,3.3357038,validation,p10,dataset_2,embedding
1131,0.6931471805599453,0.6922732,validation,p10,dataset_2,embedding
733,0.6931471805599453,0.92037475,validation,p10,dataset_2,embedding
666,0.6931471805599453,0.7037606,validation,p10,dataset_2,embedding
77,0.6931471805599453,0.7437773,validation,p10,dataset_2,embedding
1396,0.6931471805599453,0.72164476,validation,p10,dataset_2,embedding
438,0.6931471805599453,0.75816125,validation,p10,dataset_2,embedding
912,0.6931471805599453,0.63649213,validation,p10,dataset_2,embedding
173,0.6931471805599453,0.6740141,validation,p10,dataset_2,embedding
28,0.6931471805599453,0.8550735,validation,p10,dataset_2,embedding
1009,0.6931471805599453,0.70103097,validation,p10,dataset_2,embedding
409,0.6931471805599453,1.014321,validation,p10,dataset_2,embedding
686,0.6931471805599453,0.7170836,validation,p10,dataset_2,embedding
1065,0.6931471805599453,0.66215837,validation,p10,dataset_2,embedding
1251,0.6931471805599453,0.67386043,validation,p10,dataset_2,embedding
195,0.6931471805599453,0.6886264,validation,p10,dataset_2,embedding
419,1.0986122886681098,0.707809,validation,p10,dataset_2,embedding
662,0.6931471805599453,0.94734555,validation,p10,dataset_2,embedding
690,0.6931471805599453,0.8365835,validation,p10,dataset_2,embedding
813,0.6931471805599453,0.74717987,validation,p10,dataset_2,embedding
242,1.6094379124341005,1.323834,validation,p10,dataset_2,embedding
558,0.6931471805599453,0.82962894,validation,p10,dataset_2,embedding
251,0.6931471805599453,0.6678977,validation,p10,dataset_2,embedding
806,0.6931471805599453,0.5781545,validation,p10,dataset_2,embedding
276,0.6931471805599453,0.6580594,validation,p10,dataset_2,embedding
1121,0.6931471805599453,0.8973017,validation,p10,dataset_2,embedding
673,1.0986122886681098,0.90250516,validation,p10,dataset_2,embedding
1014,0.6931471805599453,0.6551046,validation,p10,dataset_2,embedding
950,0.6931471805599453,0.6734218,validation,p10,dataset_2,embedding
447,0.6931471805599453,0.6641784,validation,p10,dataset_2,embedding
68,0.6931471805599453,0.6745406,validation,p10,dataset_2,embedding
229,0.6931471805599453,0.7201198,validation,p10,dataset_2,embedding
934,0.6931471805599453,0.72908515,validation,p10,dataset_2,embedding
770,0.6931471805599453,0.687336,validation,p10,dataset_2,embedding
1123,0.6931471805599453,0.68283844,validation,p10,dataset_2,embedding
751,1.0986122886681098,0.8270043,validation,p10,dataset_2,embedding
1298,0.6931471805599453,0.6753757,validation,p10,dataset_2,embedding
1087,0.6931471805599453,0.96738505,validation,p10,dataset_2,embedding
611,0.6931471805599453,0.6209557,validation,p10,dataset_2,embedding
949,0.6931471805599453,0.69082105,validation,p10,dataset_2,embedding
1179,0.6931471805599453,0.8218217,validation,p10,dataset_2,embedding
1422,0.6931471805599453,0.7172719,validation,p10,dataset_2,embedding
47,0.6931471805599453,0.6989189,validation,p10,dataset_2,embedding
1258,0.6931471805599453,0.6730801,validation,p10,dataset_2,embedding
607,0.6931471805599453,0.7179892,validation,p10,dataset_2,embedding
1199,0.6931471805599453,0.6677815,validation,p10,dataset_2,embedding
1246,0.6931471805599453,0.6635322,validation,p10,dataset_2,embedding
1,0.6931471805599453,0.67378944,validation,p10,dataset_2,embedding
257,1.9459101490553132,1.3084506,validation,p10,dataset_2,embedding
60,0.6931471805599453,0.66623175,validation,p10,dataset_2,embedding
407,0.6931471805599453,0.91498566,validation,p10,dataset_2,embedding
1281,0.6931471805599453,0.71836454,validation,p10,dataset_2,embedding
804,0.6931471805599453,0.6761062,validation,p10,dataset_2,embedding
639,1.9459101490553132,1.3669095,validation,p10,dataset_2,embedding
0,0.6931471805599453,0.7210127,validation,p10,dataset_2,embedding
560,1.0986122886681098,0.90009725,validation,p10,dataset_2,embedding
12,0.6931471805599453,0.72742915,validation,p10,dataset_2,embedding
1250,0.6931471805599453,0.67668253,validation,p10,dataset_2,embedding
61,0.6931471805599453,0.71715486,validation,p10,dataset_2,embedding
116,0.6931471805599453,0.6694022,validation,p10,dataset_2,embedding
702,0.6931471805599453,0.7009199,validation,p10,dataset_2,embedding
1025,0.6931471805599453,0.638428,validation,p10,dataset_2,embedding
869,0.6931471805599453,0.7182223,validation,p10,dataset_2,embedding
1193,0.6931471805599453,0.69796985,validation,p10,dataset_2,embedding
1290,0.6931471805599453,0.67009115,validation,p10,dataset_2,embedding
551,1.0986122886681098,1.6521926,validation,p10,dataset_2,embedding
1311,0.6931471805599453,0.6518315,validation,p10,dataset_2,embedding
819,0.6931471805599453,0.66770893,validation,p10,dataset_2,embedding
18,1.0986122886681098,0.7735939,validation,p10,dataset_2,embedding
417,0.6931471805599453,0.7339628,validation,p10,dataset_2,embedding
1297,0.6931471805599453,0.72078633,validation,p10,dataset_2,embedding
121,0.6931471805599453,0.6730253,validation,p10,dataset_2,embedding
513,0.6931471805599453,0.71329725,validation,p10,dataset_2,embedding
1414,0.6931471805599453,0.7097069,validation,p10,dataset_2,embedding
848,0.6931471805599453,0.7171481,validation,p10,dataset_2,embedding
362,0.6931471805599453,0.687797,validation,p10,dataset_2,embedding
679,0.6931471805599453,0.80406773,validation,p10,dataset_2,embedding
863,0.6931471805599453,0.638152,validation,p10,dataset_2,embedding
978,0.6931471805599453,0.67479724,validation,p10,dataset_2,embedding
308,0.6931471805599453,0.6699611,validation,p10,dataset_2,embedding
290,0.6931471805599453,0.67295015,validation,p10,dataset_2,embedding
71,0.6931471805599453,0.7328992,validation,p10,dataset_2,embedding
376,0.6931471805599453,0.6576655,validation,p10,dataset_2,embedding
135,0.6931471805599453,0.7175102,validation,p10,dataset_2,embedding
463,0.6931471805599453,0.67636484,validation,p10,dataset_2,embedding
1120,0.6931471805599453,0.8437942,validation,p10,dataset_2,embedding
1156,0.6931471805599453,0.71689975,validation,p10,dataset_2,embedding
282,1.6094379124341005,1.2285308,validation,p10,dataset_2,embedding
88,0.6931471805599453,0.7166246,validation,p10,dataset_2,embedding
1402,0.6931471805599453,0.6663892,validation,p10,dataset_2,embedding
494,0.6931471805599453,0.72405434,validation,p10,dataset_2,embedding
465,0.6931471805599453,0.67351675,validation,p10,dataset_2,embedding
103,0.6931471805599453,0.6891912,validation,p10,dataset_2,embedding
1346,0.6931471805599453,0.6753409,validation,p10,dataset_2,embedding
1288,0.6931471805599453,0.6608144,validation,p10,dataset_2,embedding
507,0.6931471805599453,0.6612334,validation,p10,dataset_2,embedding
627,2.3978952727983707,1.7096592,validation,p10,dataset_2,embedding
968,0.6931471805599453,0.682555,validation,p10,dataset_2,embedding
765,0.6931471805599453,0.7486621,validation,p10,dataset_2,embedding
916,0.6931471805599453,0.67894405,validation,p10,dataset_2,embedding
53,0.6931471805599453,0.7176839,validation,p10,dataset_2,embedding
871,0.6931471805599453,0.69510984,validation,p10,dataset_2,embedding
713,3.258096538021482,2.678393,validation,p10,dataset_2,embedding
910,0.6931471805599453,0.6847912,validation,p10,dataset_2,embedding
400,1.791759469228055,1.4037404,validation,p10,dataset_2,embedding
853,0.6931471805599453,0.67085165,validation,p10,dataset_2,embedding
714,3.49650756146648,3.0947638,validation,p10,dataset_2,embedding
164,0.6931471805599453,0.672538,validation,p10,dataset_2,embedding
499,0.6931471805599453,0.6929026,validation,p10,dataset_2,embedding
1138,0.6931471805599453,0.71705484,validation,p10,dataset_2,embedding
776,0.6931471805599453,0.66929775,validation,p10,dataset_2,embedding
413,0.6931471805599453,0.68272734,test,p10,dataset_2,embedding
316,0.6931471805599453,0.68111724,test,p10,dataset_2,embedding
1034,0.6931471805599453,0.722986,test,p10,dataset_2,embedding
65,0.6931471805599453,0.7641494,test,p10,dataset_2,embedding
1024,0.6931471805599453,0.7005001,test,p10,dataset_2,embedding
661,0.6931471805599453,0.7779628,test,p10,dataset_2,embedding
175,0.6931471805599453,0.62063515,test,p10,dataset_2,embedding
824,0.6931471805599453,0.6919463,test,p10,dataset_2,embedding
649,0.6931471805599453,0.7215266,test,p10,dataset_2,embedding
231,0.6931471805599453,0.68601644,test,p10,dataset_2,embedding
198,0.6931471805599453,0.6639395,test,p10,dataset_2,embedding
845,0.6931471805599453,0.68277675,test,p10,dataset_2,embedding
1108,0.6931471805599453,0.6783316,test,p10,dataset_2,embedding
1394,0.6931471805599453,0.68884325,test,p10,dataset_2,embedding
358,0.6931471805599453,0.71739125,test,p10,dataset_2,embedding
1088,2.1972245773362196,1.0619237,test,p10,dataset_2,embedding
394,3.4657359027997265,2.0238616,test,p10,dataset_2,embedding
275,0.6931471805599453,0.6742813,test,p10,dataset_2,embedding
782,0.6931471805599453,0.71963316,test,p10,dataset_2,embedding
715,2.1972245773362196,2.125167,test,p10,dataset_2,embedding
239,0.6931471805599453,1.0321207,test,p10,dataset_2,embedding
240,2.0794415416798357,2.025416,test,p10,dataset_2,embedding
420,0.6931471805599453,0.7542771,test,p10,dataset_2,embedding
1259,0.6931471805599453,0.71726733,test,p10,dataset_2,embedding
986,0.6931471805599453,0.6729448,test,p10,dataset_2,embedding
752,0.6931471805599453,0.7224396,test,p10,dataset_2,embedding
590,0.6931471805599453,0.7137462,test,p10,dataset_2,embedding
1398,0.6931471805599453,0.7373261,test,p10,dataset_2,embedding
51,0.6931471805599453,0.7196009,test,p10,dataset_2,embedding
680,0.6931471805599453,0.7176502,test,p10,dataset_2,embedding
374,0.6931471805599453,0.66118884,test,p10,dataset_2,embedding
168,0.6931471805599453,0.7172586,test,p10,dataset_2,embedding
244,0.6931471805599453,0.7610209,test,p10,dataset_2,embedding
585,0.6931471805599453,0.71986616,test,p10,dataset_2,embedding
1412,0.6931471805599453,0.68303764,test,p10,dataset_2,embedding
598,0.6931471805599453,0.619447,test,p10,dataset_2,embedding
49,0.6931471805599453,0.7141057,test,p10,dataset_2,embedding
462,0.6931471805599453,0.6932845,test,p10,dataset_2,embedding
1223,0.6931471805599453,0.67475784,test,p10,dataset_2,embedding
29,0.6931471805599453,0.9647488,test,p10,dataset_2,embedding
192,0.6931471805599453,0.6702509,test,p10,dataset_2,embedding
922,0.6931471805599453,0.7050011,test,p10,dataset_2,embedding
1434,0.6931471805599453,0.67644966,test,p10,dataset_2,embedding
621,0.6931471805599453,0.7370699,test,p10,dataset_2,embedding
1027,0.6931471805599453,0.67533445,test,p10,dataset_2,embedding
730,0.6931471805599453,0.84798783,test,p10,dataset_2,embedding
67,0.6931471805599453,0.66276586,test,p10,dataset_2,embedding
1313,0.6931471805599453,0.6817188,test,p10,dataset_2,embedding
527,0.6931471805599453,0.6704805,test,p10,dataset_2,embedding
812,0.6931471805599453,0.72291124,test,p10,dataset_2,embedding
1261,0.6931471805599453,0.7174442,test,p10,dataset_2,embedding
741,1.3862943611198906,0.789615,test,p10,dataset_2,embedding
1227,0.6931471805599453,0.6735949,test,p10,dataset_2,embedding
261,0.6931471805599453,0.70903945,test,p10,dataset_2,embedding
836,0.6931471805599453,0.68517834,test,p10,dataset_2,embedding
123,0.6931471805599453,0.6620431,test,p10,dataset_2,embedding
1384,0.6931471805599453,0.7626251,test,p10,dataset_2,embedding
605,0.6931471805599453,0.68879396,test,p10,dataset_2,embedding
973,0.6931471805599453,0.6757019,test,p10,dataset_2,embedding
594,0.6931471805599453,0.67082953,test,p10,dataset_2,embedding
184,0.6931471805599453,0.6597086,test,p10,dataset_2,embedding
946,0.6931471805599453,0.7020172,test,p10,dataset_2,embedding
888,0.6931471805599453,0.6861721,test,p10,dataset_2,embedding
141,0.6931471805599453,0.7172675,test,p10,dataset_2,embedding
964,0.6931471805599453,0.7182145,test,p10,dataset_2,embedding
816,0.6931471805599453,0.67902404,test,p10,dataset_2,embedding
1239,0.6931471805599453,0.67481184,test,p10,dataset_2,embedding
44,0.6931471805599453,0.71695936,test,p10,dataset_2,embedding
799,0.6931471805599453,0.72136426,test,p10,dataset_2,embedding
566,0.6931471805599453,0.69574356,test,p10,dataset_2,embedding
1144,0.6931471805599453,0.6672391,test,p10,dataset_2,embedding
802,0.6931471805599453,0.68924224,test,p10,dataset_2,embedding
1030,0.6931471805599453,0.7174419,test,p10,dataset_2,embedding
76,1.3862943611198906,1.2475474,test,p10,dataset_2,embedding
361,0.6931471805599453,0.61848897,test,p10,dataset_2,embedding
1333,0.6931471805599453,0.6199585,test,p10,dataset_2,embedding
270,0.6931471805599453,0.72122294,test,p10,dataset_2,embedding
1098,0.6931471805599453,0.7185046,test,p10,dataset_2,embedding
1197,0.6931471805599453,0.6820339,test,p10,dataset_2,embedding
1036,0.6931471805599453,0.7189102,test,p10,dataset_2,embedding
1039,0.6931471805599453,0.6676105,test,p10,dataset_2,embedding
78,0.6931471805599453,0.7278596,test,p10,dataset_2,embedding
745,0.6931471805599453,0.7002158,test,p10,dataset_2,embedding
271,0.6931471805599453,0.6984866,test,p10,dataset_2,embedding
575,0.6931471805599453,0.6798769,test,p10,dataset_2,embedding
1285,0.6931471805599453,0.7487821,test,p10,dataset_2,embedding
1023,0.6931471805599453,0.70792335,test,p10,dataset_2,embedding
651,0.6931471805599453,0.7803235,test,p10,dataset_2,embedding
70,0.6931471805599453,0.60956794,test,p10,dataset_2,embedding
15,0.6931471805599453,0.7247243,test,p10,dataset_2,embedding
1438,0.6931471805599453,0.706312,test,p10,dataset_2,embedding
351,0.6931471805599453,0.6775867,test,p10,dataset_2,embedding
115,0.6931471805599453,0.68223405,test,p10,dataset_2,embedding
303,0.6931471805599453,0.72181183,test,p10,dataset_2,embedding
1075,0.6931471805599453,0.6662115,test,p10,dataset_2,embedding
796,0.6931471805599453,0.6683588,test,p10,dataset_2,embedding
528,0.6931471805599453,0.68264484,test,p10,dataset_2,embedding
901,0.6931471805599453,0.7243427,test,p10,dataset_2,embedding
479,0.6931471805599453,0.82059383,test,p10,dataset_2,embedding
905,0.6931471805599453,0.6673323,test,p10,dataset_2,embedding
415,0.6931471805599453,0.942096,test,p10,dataset_2,embedding
711,0.6931471805599453,0.6286185,test,p10,dataset_2,embedding
309,0.6931471805599453,0.73503655,test,p10,dataset_2,embedding
1053,0.6931471805599453,0.81880164,test,p10,dataset_2,embedding
788,0.6931471805599453,0.6923136,test,p10,dataset_2,embedding
1236,0.6931471805599453,0.6957437,test,p10,dataset_2,embedding
887,0.6931471805599453,0.718214,test,p10,dataset_2,embedding
1399,0.6931471805599453,0.68065524,test,p10,dataset_2,embedding
1068,0.6931471805599453,0.62021667,test,p10,dataset_2,embedding
478,0.6931471805599453,0.706461,test,p10,dataset_2,embedding
999,0.6931471805599453,0.6686563,test,p10,dataset_2,embedding
873,0.6931471805599453,0.67652434,test,p10,dataset_2,embedding
818,0.6931471805599453,0.7243638,test,p10,dataset_2,embedding
1090,1.791759469228055,1.2894576,test,p10,dataset_2,embedding
757,0.6931471805599453,0.70430434,test,p10,dataset_2,embedding
1031,0.6931471805599453,0.71710336,test,p10,dataset_2,embedding
322,0.6931471805599453,0.7171179,test,p10,dataset_2,embedding
332,0.6931471805599453,0.62229306,test,p10,dataset_2,embedding
567,0.6931471805599453,0.6629886,test,p10,dataset_2,embedding
892,0.6931471805599453,0.71759975,test,p10,dataset_2,embedding
610,0.6931471805599453,0.72420454,test,p10,dataset_2,embedding
529,0.6931471805599453,0.84420717,test,p10,dataset_2,embedding
570,0.6931471805599453,0.7170476,test,p10,dataset_2,embedding
429,0.6931471805599453,0.6998153,test,p10,dataset_2,embedding
985,0.6931471805599453,0.72484714,test,p10,dataset_2,embedding
43,0.6931471805599453,0.716395,test,p10,dataset_2,embedding
497,0.6931471805599453,0.6846981,test,p10,dataset_2,embedding
451,0.6931471805599453,0.6335726,test,p10,dataset_2,embedding
1085,0.6931471805599453,0.71698046,test,p10,dataset_2,embedding
1423,0.6931471805599453,0.6837306,test,p10,dataset_2,embedding
101,0.6931471805599453,0.6752758,test,p10,dataset_2,embedding
889,0.6931471805599453,0.6717214,test,p10,dataset_2,embedding
289,0.6931471805599453,0.77026165,test,p10,dataset_2,embedding
1006,0.6931471805599453,0.6624414,test,p10,dataset_2,embedding
1443,0.6931471805599453,0.72038406,test,p10,dataset_2,embedding
1308,0.6931471805599453,0.7077097,test,p10,dataset_2,embedding
1330,0.6931471805599453,0.75918436,test,p10,dataset_2,embedding
381,0.6931471805599453,0.71703357,test,p10,dataset_2,embedding
847,0.6931471805599453,0.69356304,test,p10,dataset_2,embedding
1057,0.6931471805599453,0.6655216,test,p10,dataset_2,embedding
602,0.6931471805599453,0.693278,test,p10,dataset_2,embedding
898,0.6931471805599453,0.64055085,test,p10,dataset_2,embedding
636,1.9459101490553132,2.3909516,test,p10,dataset_2,embedding
665,1.0986122886681098,1.1012344,test,p10,dataset_2,embedding
588,1.0986122886681098,0.7853245,test,p10,dataset_2,embedding
163,0.6931471805599453,0.66188,test,p10,dataset_2,embedding
32,0.6931471805599453,0.9518085,test,p10,dataset_2,embedding
619,0.6931471805599453,0.6759187,test,p10,dataset_2,embedding
672,0.6931471805599453,0.65919954,test,p10,dataset_2,embedding
324,0.6931471805599453,0.67819,test,p10,dataset_2,embedding
382,0.6931471805599453,0.6660089,test,p10,dataset_2,embedding
306,0.6931471805599453,0.686149,test,p10,dataset_2,embedding
1163,0.6931471805599453,0.71721965,test,p10,dataset_2,embedding
855,0.6931471805599453,0.698363,test,p10,dataset_2,embedding
722,1.0986122886681098,1.0543745,test,p10,dataset_2,embedding
365,0.6931471805599453,0.6664699,test,p10,dataset_2,embedding
423,0.6931471805599453,0.71756846,test,p10,dataset_2,embedding
933,0.6931471805599453,0.6625831,test,p10,dataset_2,embedding
247,0.6931471805599453,0.7197277,test,p10,dataset_2,embedding
427,0.6931471805599453,0.78780603,test,p10,dataset_2,embedding
1380,0.6931471805599453,1.1911887,test,p10,dataset_2,embedding
543,0.6931471805599453,0.7095971,test,p10,dataset_2,embedding
218,0.6931471805599453,0.7320594,test,p10,dataset_2,embedding
864,0.6931471805599453,0.6633867,test,p10,dataset_2,embedding
274,0.6931471805599453,0.6660601,test,p10,dataset_2,embedding
628,3.9318256327243257,2.3061824,test,p10,dataset_2,embedding
1237,0.6931471805599453,0.7755667,test,p10,dataset_2,embedding
1431,0.6931471805599453,0.66575956,test,p10,dataset_2,embedding
63,0.6931471805599453,0.7394786,test,p10,dataset_2,embedding
1178,0.6931471805599453,0.66250134,test,p10,dataset_2,embedding
380,0.6931471805599453,0.7033651,test,p10,dataset_2,embedding
1203,0.6931471805599453,0.7202601,test,p10,dataset_2,embedding
1235,0.6931471805599453,0.7050734,test,p10,dataset_2,embedding
485,0.6931471805599453,0.68474644,test,p10,dataset_2,embedding
674,1.0986122886681098,0.74395657,test,p10,dataset_2,embedding
1201,0.6931471805599453,0.6766106,test,p10,dataset_2,embedding
931,0.6931471805599453,0.7414025,test,p10,dataset_2,embedding
203,0.6931471805599453,0.70262647,test,p10,dataset_2,embedding
522,0.6931471805599453,0.6624205,test,p10,dataset_2,embedding
894,0.6931471805599453,0.6784565,test,p10,dataset_2,embedding
30,1.9459101490553132,1.0333016,test,p10,dataset_2,embedding
56,0.6931471805599453,0.683741,test,p10,dataset_2,embedding
1166,2.4849066497880004,3.118044,test,p10,dataset_2,embedding
1092,0.6931471805599453,0.6661391,test,p10,dataset_2,embedding
371,0.6931471805599453,0.71270907,test,p10,dataset_2,embedding
945,0.6931471805599453,0.72379357,test,p10,dataset_2,embedding
1378,0.6931471805599453,0.66628623,test,p10,dataset_2,embedding
1192,0.6931471805599453,0.66298306,test,p10,dataset_2,embedding
858,0.6931471805599453,0.74044454,test,p10,dataset_2,embedding
464,0.6931471805599453,0.7168711,test,p10,dataset_2,embedding
363,0.6931471805599453,0.67264134,test,p10,dataset_2,embedding
1187,0.6931471805599453,0.72435033,test,p10,dataset_2,embedding
578,0.6931471805599453,0.66668093,test,p10,dataset_2,embedding
237,1.3862943611198906,1.1000695,test,p10,dataset_2,embedding
1390,0.6931471805599453,0.67855227,test,p10,dataset_2,embedding
99,0.6931471805599453,0.6734617,test,p10,dataset_2,embedding
461,0.6931471805599453,0.7741368,test,p10,dataset_2,embedding
259,0.6931471805599453,0.66529846,test,p10,dataset_2,embedding
481,0.6931471805599453,0.72365165,test,p10,dataset_2,embedding
583,0.6931471805599453,0.73724365,test,p10,dataset_2,embedding
861,0.6931471805599453,0.7511349,test,p10,dataset_2,embedding
1043,0.6931471805599453,0.6738488,test,p10,dataset_2,embedding
277,0.6931471805599453,0.66582537,test,p10,dataset_2,embedding
744,0.6931471805599453,0.8673652,test,p10,dataset_2,embedding
584,0.6931471805599453,0.6641254,test,p10,dataset_2,embedding
1037,0.6931471805599453,0.67793083,test,p10,dataset_2,embedding
906,0.6931471805599453,0.67517334,test,p10,dataset_2,embedding
377,0.6931471805599453,0.6095544,test,p10,dataset_2,embedding
549,0.6931471805599453,0.6739991,test,p10,dataset_2,embedding
1417,0.6931471805599453,0.6763975,test,p10,dataset_2,embedding
771,0.6931471805599453,0.7128543,test,p10,dataset_2,embedding
691,1.0986122886681098,1.2130234,test,p10,dataset_2,embedding
706,0.6931471805599453,0.6931908,test,p10,dataset_2,embedding
297,0.6931471805599453,0.69866085,test,p10,dataset_2,embedding
1247,0.6931471805599453,0.66656256,test,p10,dataset_2,embedding
893,0.6931471805599453,0.680843,test,p10,dataset_2,embedding
947,0.6931471805599453,0.6914381,test,p10,dataset_2,embedding
1403,0.6931471805599453,0.6850462,train,p15,dataset_2,embedding
1209,0.6931471805599453,0.70449597,train,p15,dataset_2,embedding
472,0.6931471805599453,0.70255834,train,p15,dataset_2,embedding
1064,0.6931471805599453,0.7446693,train,p15,dataset_2,embedding
50,0.6931471805599453,0.7374934,train,p15,dataset_2,embedding
223,0.6931471805599453,0.7492469,train,p15,dataset_2,embedding
1395,0.6931471805599453,0.7285459,train,p15,dataset_2,embedding
1348,0.6931471805599453,0.70115495,train,p15,dataset_2,embedding
935,0.6931471805599453,0.6412884,train,p15,dataset_2,embedding
1061,0.6931471805599453,0.7298535,train,p15,dataset_2,embedding
354,0.6931471805599453,0.70385027,train,p15,dataset_2,embedding
69,0.6931471805599453,0.71600014,train,p15,dataset_2,embedding
827,0.6931471805599453,0.7341274,train,p15,dataset_2,embedding
319,0.6931471805599453,0.7114028,train,p15,dataset_2,embedding
840,0.6931471805599453,0.7303257,train,p15,dataset_2,embedding
260,0.6931471805599453,0.7567736,train,p15,dataset_2,embedding
868,0.6931471805599453,0.6963277,train,p15,dataset_2,embedding
130,0.6931471805599453,0.6996172,train,p15,dataset_2,embedding
705,0.6931471805599453,0.7251528,train,p15,dataset_2,embedding
1425,0.6931471805599453,0.72793216,train,p15,dataset_2,embedding
172,0.6931471805599453,0.7059603,train,p15,dataset_2,embedding
333,0.6931471805599453,0.73206794,train,p15,dataset_2,embedding
412,0.6931471805599453,0.7864039,train,p15,dataset_2,embedding
536,0.6931471805599453,0.6603441,train,p15,dataset_2,embedding
1248,0.6931471805599453,0.6934843,train,p15,dataset_2,embedding
3,0.6931471805599453,0.73319095,train,p15,dataset_2,embedding
45,0.6931471805599453,0.7322421,train,p15,dataset_2,embedding
1051,0.6931471805599453,0.73217595,train,p15,dataset_2,embedding
228,0.6931471805599453,0.5924695,train,p15,dataset_2,embedding
890,1.0986122886681098,0.85999954,train,p15,dataset_2,embedding
1430,0.6931471805599453,0.7292068,train,p15,dataset_2,embedding
689,0.6931471805599453,0.72987187,train,p15,dataset_2,embedding
783,0.6931471805599453,0.6331675,train,p15,dataset_2,embedding
742,0.6931471805599453,0.6598841,train,p15,dataset_2,embedding
9,0.6931471805599453,0.7358559,train,p15,dataset_2,embedding
1284,0.6931471805599453,0.6769924,train,p15,dataset_2,embedding
1073,0.6931471805599453,0.7286875,train,p15,dataset_2,embedding
603,0.6931471805599453,0.6690439,train,p15,dataset_2,embedding
254,0.6931471805599453,0.6721517,train,p15,dataset_2,embedding
1029,0.6931471805599453,0.68645096,train,p15,dataset_2,embedding
253,0.6931471805599453,0.699072,train,p15,dataset_2,embedding
1214,0.6931471805599453,0.6840646,train,p15,dataset_2,embedding
1211,0.6931471805599453,0.7034974,train,p15,dataset_2,embedding
133,0.6931471805599453,0.6896206,train,p15,dataset_2,embedding
693,0.6931471805599453,0.7022708,train,p15,dataset_2,embedding
988,0.6931471805599453,0.84978974,train,p15,dataset_2,embedding
7,0.6931471805599453,0.73011094,train,p15,dataset_2,embedding
701,1.0986122886681098,0.9772423,train,p15,dataset_2,embedding
1310,0.6931471805599453,0.71467274,train,p15,dataset_2,embedding
1082,0.6931471805599453,0.740988,train,p15,dataset_2,embedding
466,0.6931471805599453,0.9070214,train,p15,dataset_2,embedding
1099,0.6931471805599453,0.9018462,train,p15,dataset_2,embedding
1278,0.6931471805599453,0.7296274,train,p15,dataset_2,embedding
326,0.6931471805599453,0.7725201,train,p15,dataset_2,embedding
337,0.6931471805599453,0.734668,train,p15,dataset_2,embedding
1210,0.6931471805599453,0.70355475,train,p15,dataset_2,embedding
480,0.6931471805599453,0.7356752,train,p15,dataset_2,embedding
1389,0.6931471805599453,0.70475674,train,p15,dataset_2,embedding
206,0.6931471805599453,0.6929217,train,p15,dataset_2,embedding
369,0.6931471805599453,0.6613945,train,p15,dataset_2,embedding
190,0.6931471805599453,0.68945444,train,p15,dataset_2,embedding
258,0.6931471805599453,0.6680426,train,p15,dataset_2,embedding
506,0.6931471805599453,0.71520686,train,p15,dataset_2,embedding
956,0.6931471805599453,0.6698635,train,p15,dataset_2,embedding
109,0.6931471805599453,0.67301404,train,p15,dataset_2,embedding
559,0.6931471805599453,0.75051,train,p15,dataset_2,embedding
213,1.0986122886681098,1.0270764,train,p15,dataset_2,embedding
523,0.6931471805599453,0.70227116,train,p15,dataset_2,embedding
312,0.6931471805599453,0.719014,train,p15,dataset_2,embedding
145,0.6931471805599453,0.6975801,train,p15,dataset_2,embedding
1207,0.6931471805599453,0.7068784,train,p15,dataset_2,embedding
979,0.6931471805599453,0.6714611,train,p15,dataset_2,embedding
747,0.6931471805599453,0.6714493,train,p15,dataset_2,embedding
817,0.6931471805599453,0.73878807,train,p15,dataset_2,embedding
899,0.6931471805599453,0.65864015,train,p15,dataset_2,embedding
859,0.6931471805599453,0.6770353,train,p15,dataset_2,embedding
1353,0.6931471805599453,0.7450912,train,p15,dataset_2,embedding
151,0.6931471805599453,0.67288107,train,p15,dataset_2,embedding
1409,0.6931471805599453,0.8723519,train,p15,dataset_2,embedding
891,0.6931471805599453,0.7555959,train,p15,dataset_2,embedding
46,0.6931471805599453,0.7941439,train,p15,dataset_2,embedding
1387,0.6931471805599453,0.72348094,train,p15,dataset_2,embedding
1040,0.6931471805599453,0.7586948,train,p15,dataset_2,embedding
340,1.0986122886681098,0.8941566,train,p15,dataset_2,embedding
75,0.6931471805599453,0.88514245,train,p15,dataset_2,embedding
1042,0.6931471805599453,0.7049528,train,p15,dataset_2,embedding
347,0.6931471805599453,0.74221957,train,p15,dataset_2,embedding
105,0.6931471805599453,0.7436963,train,p15,dataset_2,embedding
1244,0.6931471805599453,0.6975869,train,p15,dataset_2,embedding
1324,0.6931471805599453,0.8394817,train,p15,dataset_2,embedding
299,0.6931471805599453,0.8240602,train,p15,dataset_2,embedding
1114,0.6931471805599453,0.7087065,train,p15,dataset_2,embedding
398,3.332204510175204,2.4676833,train,p15,dataset_2,embedding
1413,0.6931471805599453,0.6724875,train,p15,dataset_2,embedding
919,0.6931471805599453,0.616444,train,p15,dataset_2,embedding
54,0.6931471805599453,0.70517826,train,p15,dataset_2,embedding
798,0.6931471805599453,0.68487537,train,p15,dataset_2,embedding
143,0.6931471805599453,0.60716695,train,p15,dataset_2,embedding
846,0.6931471805599453,0.69527113,train,p15,dataset_2,embedding
208,3.218875824868201,2.94781,train,p15,dataset_2,embedding
200,0.6931471805599453,0.69409895,train,p15,dataset_2,embedding
886,0.6931471805599453,0.7320571,train,p15,dataset_2,embedding
397,2.772588722239781,2.3248198,train,p15,dataset_2,embedding
1217,0.6931471805599453,0.73409593,train,p15,dataset_2,embedding
150,0.6931471805599453,0.7291844,train,p15,dataset_2,embedding
921,0.6931471805599453,0.6317765,train,p15,dataset_2,embedding
33,0.6931471805599453,0.9161027,train,p15,dataset_2,embedding
792,0.6931471805599453,0.73825043,train,p15,dataset_2,embedding
867,0.6931471805599453,0.66848236,train,p15,dataset_2,embedding
224,3.044522437723423,1.8585917,train,p15,dataset_2,embedding
341,0.6931471805599453,0.6831632,train,p15,dataset_2,embedding
1344,0.6931471805599453,0.6578824,train,p15,dataset_2,embedding
1426,0.6931471805599453,0.6701577,train,p15,dataset_2,embedding
1159,0.6931471805599453,0.69165456,train,p15,dataset_2,embedding
169,0.6931471805599453,0.70506275,train,p15,dataset_2,embedding
531,0.6931471805599453,0.7215339,train,p15,dataset_2,embedding
1360,0.6931471805599453,0.7303223,train,p15,dataset_2,embedding
512,0.6931471805599453,0.67254096,train,p15,dataset_2,embedding
1257,0.6931471805599453,0.6734618,train,p15,dataset_2,embedding
572,0.6931471805599453,0.7168684,train,p15,dataset_2,embedding
1135,0.6931471805599453,0.6970073,train,p15,dataset_2,embedding
1047,0.6931471805599453,0.68741333,train,p15,dataset_2,embedding
909,0.6931471805599453,0.73174125,train,p15,dataset_2,embedding
557,0.6931471805599453,0.70796776,train,p15,dataset_2,embedding
1013,0.6931471805599453,0.70554656,train,p15,dataset_2,embedding
55,0.6931471805599453,0.7140535,train,p15,dataset_2,embedding
1161,1.791759469228055,1.2023863,train,p15,dataset_2,embedding
1107,0.6931471805599453,0.6840452,train,p15,dataset_2,embedding
586,0.6931471805599453,0.70493627,train,p15,dataset_2,embedding
1079,0.6931471805599453,0.7292683,train,p15,dataset_2,embedding
107,0.6931471805599453,0.6919216,train,p15,dataset_2,embedding
835,0.6931471805599453,0.6606094,train,p15,dataset_2,embedding
1206,0.6931471805599453,0.6887937,train,p15,dataset_2,embedding
1276,0.6931471805599453,0.6771923,train,p15,dataset_2,embedding
498,0.6931471805599453,0.68467355,train,p15,dataset_2,embedding
555,0.6931471805599453,0.7237568,train,p15,dataset_2,embedding
1241,0.6931471805599453,0.70675063,train,p15,dataset_2,embedding
449,0.6931471805599453,0.72884387,train,p15,dataset_2,embedding
828,0.6931471805599453,0.70793,train,p15,dataset_2,embedding
205,0.6931471805599453,0.64912224,train,p15,dataset_2,embedding
664,0.6931471805599453,0.7041503,train,p15,dataset_2,embedding
460,0.6931471805599453,0.6901576,train,p15,dataset_2,embedding
920,0.6931471805599453,0.70721245,train,p15,dataset_2,embedding
295,0.6931471805599453,0.66436744,train,p15,dataset_2,embedding
1157,0.6931471805599453,0.70645297,train,p15,dataset_2,embedding
1336,0.6931471805599453,0.6852593,train,p15,dataset_2,embedding
1188,0.6931471805599453,0.8025788,train,p15,dataset_2,embedding
791,0.6931471805599453,0.67519885,train,p15,dataset_2,embedding
1173,1.3862943611198906,1.2442408,train,p15,dataset_2,embedding
1243,0.6931471805599453,0.6887925,train,p15,dataset_2,embedding
926,0.6931471805599453,0.78853524,train,p15,dataset_2,embedding
924,0.6931471805599453,0.66914225,train,p15,dataset_2,embedding
58,0.6931471805599453,0.6397965,train,p15,dataset_2,embedding
1054,0.6931471805599453,0.7224706,train,p15,dataset_2,embedding
1256,0.6931471805599453,0.75893116,train,p15,dataset_2,embedding
379,1.0986122886681098,0.9088383,train,p15,dataset_2,embedding
373,0.6931471805599453,0.7299969,train,p15,dataset_2,embedding
758,0.6931471805599453,0.7361246,train,p15,dataset_2,embedding
552,0.6931471805599453,0.6585284,train,p15,dataset_2,embedding
671,0.6931471805599453,0.7297718,train,p15,dataset_2,embedding
654,0.6931471805599453,0.78968227,train,p15,dataset_2,embedding
646,0.6931471805599453,1.0036887,train,p15,dataset_2,embedding
541,0.6931471805599453,1.0351783,train,p15,dataset_2,embedding
844,0.6931471805599453,0.67897487,train,p15,dataset_2,embedding
876,0.6931471805599453,0.7355779,train,p15,dataset_2,embedding
176,0.6931471805599453,0.6768869,train,p15,dataset_2,embedding
600,0.6931471805599453,0.7162102,train,p15,dataset_2,embedding
500,0.6931471805599453,0.8474995,train,p15,dataset_2,embedding
731,0.6931471805599453,1.3173523,train,p15,dataset_2,embedding
442,0.6931471805599453,0.88201433,train,p15,dataset_2,embedding
1109,0.6931471805599453,0.6609432,train,p15,dataset_2,embedding
280,0.6931471805599453,0.70106864,train,p15,dataset_2,embedding
1392,0.6931471805599453,0.72806203,train,p15,dataset_2,embedding
482,0.6931471805599453,0.70503026,train,p15,dataset_2,embedding
754,0.6931471805599453,0.7209184,train,p15,dataset_2,embedding
5,0.6931471805599453,0.7372707,train,p15,dataset_2,embedding
737,0.6931471805599453,0.71167433,train,p15,dataset_2,embedding
554,2.4849066497880004,2.688298,train,p15,dataset_2,embedding
810,0.6931471805599453,0.7086408,train,p15,dataset_2,embedding
346,0.6931471805599453,0.74956113,train,p15,dataset_2,embedding
1407,0.6931471805599453,0.7290377,train,p15,dataset_2,embedding
370,0.6931471805599453,0.74163496,train,p15,dataset_2,embedding
484,0.6931471805599453,0.6776161,train,p15,dataset_2,embedding
1125,1.0986122886681098,1.0699394,train,p15,dataset_2,embedding
1202,0.6931471805599453,0.70313823,train,p15,dataset_2,embedding
1081,0.6931471805599453,0.6839285,train,p15,dataset_2,embedding
820,0.6931471805599453,0.67898285,train,p15,dataset_2,embedding
593,0.6931471805599453,0.7383753,train,p15,dataset_2,embedding
1429,0.6931471805599453,0.7292527,train,p15,dataset_2,embedding
563,0.6931471805599453,0.7048354,train,p15,dataset_2,embedding
1381,0.6931471805599453,0.7005163,train,p15,dataset_2,embedding
865,0.6931471805599453,0.7091842,train,p15,dataset_2,embedding
238,0.6931471805599453,0.9570675,train,p15,dataset_2,embedding
546,0.6931471805599453,0.707272,train,p15,dataset_2,embedding
648,0.6931471805599453,0.8041736,train,p15,dataset_2,embedding
1366,0.6931471805599453,0.7555172,train,p15,dataset_2,embedding
936,0.6931471805599453,0.6767329,train,p15,dataset_2,embedding
307,0.6931471805599453,0.76806414,train,p15,dataset_2,embedding
1427,0.6931471805599453,0.72932756,train,p15,dataset_2,embedding
1406,0.6931471805599453,0.62875736,train,p15,dataset_2,embedding
971,0.6931471805599453,0.73520327,train,p15,dataset_2,embedding
877,0.6931471805599453,0.7094237,train,p15,dataset_2,embedding
139,0.6931471805599453,0.729766,train,p15,dataset_2,embedding
1418,0.6931471805599453,0.6670603,train,p15,dataset_2,embedding
263,0.6931471805599453,0.72944504,train,p15,dataset_2,embedding
723,0.6931471805599453,0.7109622,train,p15,dataset_2,embedding
264,0.6931471805599453,0.70005774,train,p15,dataset_2,embedding
951,0.6931471805599453,0.78019595,train,p15,dataset_2,embedding
152,0.6931471805599453,0.72292846,train,p15,dataset_2,embedding
1118,0.6931471805599453,0.68067753,train,p15,dataset_2,embedding
631,1.6094379124341005,2.0358229,train,p15,dataset_2,embedding
456,0.6931471805599453,0.7564297,train,p15,dataset_2,embedding
210,1.791759469228055,1.7222031,train,p15,dataset_2,embedding
537,1.0986122886681098,0.9731302,train,p15,dataset_2,embedding
720,1.6094379124341005,1.5536841,train,p15,dataset_2,embedding
1339,0.6931471805599453,0.7315881,train,p15,dataset_2,embedding
1282,0.6931471805599453,0.68160164,train,p15,dataset_2,embedding
838,0.6931471805599453,0.6309784,train,p15,dataset_2,embedding
1136,0.6931471805599453,0.71886134,train,p15,dataset_2,embedding
194,0.6931471805599453,0.72974133,train,p15,dataset_2,embedding
553,0.6931471805599453,0.8270756,train,p15,dataset_2,embedding
165,0.6931471805599453,0.7289096,train,p15,dataset_2,embedding
698,0.6931471805599453,0.7017665,train,p15,dataset_2,embedding
1002,0.6931471805599453,0.67349577,train,p15,dataset_2,embedding
777,0.6931471805599453,0.6872246,train,p15,dataset_2,embedding
1150,0.6931471805599453,0.7022122,train,p15,dataset_2,embedding
760,0.6931471805599453,0.66060305,train,p15,dataset_2,embedding
147,0.6931471805599453,0.7026359,train,p15,dataset_2,embedding
612,0.6931471805599453,0.6315373,train,p15,dataset_2,embedding
511,0.6931471805599453,0.72973984,train,p15,dataset_2,embedding
1299,0.6931471805599453,0.6399961,train,p15,dataset_2,embedding
974,0.6931471805599453,0.68814415,train,p15,dataset_2,embedding
599,0.6931471805599453,0.7192911,train,p15,dataset_2,embedding
368,0.6931471805599453,0.6081508,train,p15,dataset_2,embedding
441,0.6931471805599453,0.76282287,train,p15,dataset_2,embedding
360,0.6931471805599453,0.7106929,train,p15,dataset_2,embedding
581,0.6931471805599453,0.65821254,train,p15,dataset_2,embedding
1314,0.6931471805599453,0.9204993,train,p15,dataset_2,embedding
801,0.6931471805599453,0.7759229,train,p15,dataset_2,embedding
808,0.6931471805599453,0.6811001,train,p15,dataset_2,embedding
1115,0.6931471805599453,0.7053401,train,p15,dataset_2,embedding
657,0.6931471805599453,0.978722,train,p15,dataset_2,embedding
695,0.6931471805599453,0.6838651,train,p15,dataset_2,embedding
201,0.6931471805599453,0.729257,train,p15,dataset_2,embedding
1007,0.6931471805599453,0.6839427,train,p15,dataset_2,embedding
1401,0.6931471805599453,0.7285958,train,p15,dataset_2,embedding
669,1.0986122886681098,0.80369633,train,p15,dataset_2,embedding
1347,0.6931471805599453,0.73913586,train,p15,dataset_2,embedding
1267,0.6931471805599453,0.6571003,train,p15,dataset_2,embedding
1117,0.6931471805599453,0.70070165,train,p15,dataset_2,embedding
1218,0.6931471805599453,0.6878753,train,p15,dataset_2,embedding
638,0.6931471805599453,1.0151258,train,p15,dataset_2,embedding
74,0.6931471805599453,0.7114568,train,p15,dataset_2,embedding
1011,0.6931471805599453,0.7128134,train,p15,dataset_2,embedding
576,0.6931471805599453,0.67091346,train,p15,dataset_2,embedding
233,0.6931471805599453,0.74863803,train,p15,dataset_2,embedding
1216,0.6931471805599453,0.74426687,train,p15,dataset_2,embedding
97,0.6931471805599453,0.69623995,train,p15,dataset_2,embedding
1440,0.6931471805599453,0.6971769,train,p15,dataset_2,embedding
862,0.6931471805599453,0.7332159,train,p15,dataset_2,embedding
171,0.6931471805599453,0.6892614,train,p15,dataset_2,embedding
1146,0.6931471805599453,0.73132193,train,p15,dataset_2,embedding
395,2.0794415416798357,1.9917295,train,p15,dataset_2,embedding
629,3.044522437723423,3.005874,train,p15,dataset_2,embedding
467,0.6931471805599453,0.628118,train,p15,dataset_2,embedding
59,0.6931471805599453,0.6754072,train,p15,dataset_2,embedding
623,1.9459101490553132,1.4152182,train,p15,dataset_2,embedding
432,1.3862943611198906,1.481136,train,p15,dataset_2,embedding
1078,0.6931471805599453,0.73338807,train,p15,dataset_2,embedding
972,0.6931471805599453,0.74056864,train,p15,dataset_2,embedding
1017,0.6931471805599453,0.7297542,train,p15,dataset_2,embedding
1001,0.6931471805599453,0.7902521,train,p15,dataset_2,embedding
734,0.6931471805599453,0.755352,train,p15,dataset_2,embedding
681,0.6931471805599453,0.73454994,train,p15,dataset_2,embedding
703,0.6931471805599453,0.71531606,train,p15,dataset_2,embedding
1071,0.6931471805599453,0.7046422,train,p15,dataset_2,embedding
444,0.6931471805599453,0.8230258,train,p15,dataset_2,embedding
622,0.6931471805599453,0.7678088,train,p15,dataset_2,embedding
1312,0.6931471805599453,0.6822698,train,p15,dataset_2,embedding
89,0.6931471805599453,0.63914454,train,p15,dataset_2,embedding
17,1.0986122886681098,0.9257008,train,p15,dataset_2,embedding
406,0.6931471805599453,0.7374189,train,p15,dataset_2,embedding
391,1.3862943611198906,0.83379877,train,p15,dataset_2,embedding
328,0.6931471805599453,0.6725324,train,p15,dataset_2,embedding
178,0.6931471805599453,0.73005825,train,p15,dataset_2,embedding
550,0.6931471805599453,0.69335276,train,p15,dataset_2,embedding
1280,0.6931471805599453,0.67326283,train,p15,dataset_2,embedding
138,0.6931471805599453,0.72937965,train,p15,dataset_2,embedding
1428,0.6931471805599453,0.627855,train,p15,dataset_2,embedding
96,0.6931471805599453,0.690566,train,p15,dataset_2,embedding
1291,0.6931471805599453,0.68254244,train,p15,dataset_2,embedding
273,0.6931471805599453,0.6725186,train,p15,dataset_2,embedding
1196,0.6931471805599453,0.69361216,train,p15,dataset_2,embedding
1307,0.6931471805599453,0.74279463,train,p15,dataset_2,embedding
1119,0.6931471805599453,0.85651183,train,p15,dataset_2,embedding
1283,0.6931471805599453,0.7324356,train,p15,dataset_2,embedding
885,0.6931471805599453,0.7229148,train,p15,dataset_2,embedding
851,0.6931471805599453,0.7373028,train,p15,dataset_2,embedding
1204,0.6931471805599453,0.6319431,train,p15,dataset_2,embedding
746,0.6931471805599453,0.73930067,train,p15,dataset_2,embedding
167,0.6931471805599453,0.728145,train,p15,dataset_2,embedding
1221,0.6931471805599453,0.9812368,train,p15,dataset_2,embedding
613,0.6931471805599453,0.72284615,train,p15,dataset_2,embedding
667,0.6931471805599453,0.7027538,train,p15,dataset_2,embedding
1242,0.6931471805599453,0.67432487,train,p15,dataset_2,embedding
544,0.6931471805599453,0.65300876,train,p15,dataset_2,embedding
204,0.6931471805599453,0.6837073,train,p15,dataset_2,embedding
110,0.6931471805599453,0.7055655,train,p15,dataset_2,embedding
470,0.6931471805599453,0.6627053,train,p15,dataset_2,embedding
958,0.6931471805599453,0.67425936,train,p15,dataset_2,embedding
717,2.8903717578961645,2.133775,train,p15,dataset_2,embedding
221,0.6931471805599453,0.7918826,train,p15,dataset_2,embedding
1133,0.6931471805599453,1.0219249,train,p15,dataset_2,embedding
1132,0.6931471805599453,0.6900867,train,p15,dataset_2,embedding
486,0.6931471805599453,0.7241695,train,p15,dataset_2,embedding
137,0.6931471805599453,0.70087516,train,p15,dataset_2,embedding
789,0.6931471805599453,0.6852859,train,p15,dataset_2,embedding
92,0.6931471805599453,0.7386439,train,p15,dataset_2,embedding
230,0.6931471805599453,0.70617086,train,p15,dataset_2,embedding
16,0.6931471805599453,0.7112186,train,p15,dataset_2,embedding
764,0.6931471805599453,0.7450474,train,p15,dataset_2,embedding
645,1.3862943611198906,1.3720762,train,p15,dataset_2,embedding
1056,0.6931471805599453,0.7083173,train,p15,dataset_2,embedding
750,1.0986122886681098,0.9799315,train,p15,dataset_2,embedding
48,0.6931471805599453,0.7777281,train,p15,dataset_2,embedding
1194,0.6931471805599453,0.683741,train,p15,dataset_2,embedding
957,0.6931471805599453,0.7059375,train,p15,dataset_2,embedding
1374,0.6931471805599453,0.68664485,train,p15,dataset_2,embedding
266,0.6931471805599453,0.7289778,train,p15,dataset_2,embedding
108,0.6931471805599453,0.6717056,train,p15,dataset_2,embedding
727,0.6931471805599453,1.03928,train,p15,dataset_2,embedding
677,0.6931471805599453,0.74842846,train,p15,dataset_2,embedding
942,0.6931471805599453,0.7308749,train,p15,dataset_2,embedding
719,1.791759469228055,1.1977048,train,p15,dataset_2,embedding
211,3.713572066704308,1.9555299,train,p15,dataset_2,embedding
756,0.6931471805599453,0.6525783,train,p15,dataset_2,embedding
1212,0.6931471805599453,0.7656429,train,p15,dataset_2,embedding
1035,0.6931471805599453,0.75778997,train,p15,dataset_2,embedding
20,0.6931471805599453,0.67116106,train,p15,dataset_2,embedding
561,0.6931471805599453,0.69787806,train,p15,dataset_2,embedding
759,0.6931471805599453,0.69864225,train,p15,dataset_2,embedding
1416,0.6931471805599453,0.7257347,train,p15,dataset_2,embedding
670,0.6931471805599453,0.7569699,train,p15,dataset_2,embedding
443,0.6931471805599453,0.6906682,train,p15,dataset_2,embedding
225,0.6931471805599453,0.7328905,train,p15,dataset_2,embedding
1148,0.6931471805599453,0.7005503,train,p15,dataset_2,embedding
1168,1.3862943611198906,1.5202018,train,p15,dataset_2,embedding
1294,0.6931471805599453,0.718487,train,p15,dataset_2,embedding
700,0.6931471805599453,0.6774364,train,p15,dataset_2,embedding
716,2.4849066497880004,2.449532,train,p15,dataset_2,embedding
1180,1.0986122886681098,0.9316993,train,p15,dataset_2,embedding
250,0.6931471805599453,0.659804,train,p15,dataset_2,embedding
439,0.6931471805599453,0.73648053,train,p15,dataset_2,embedding
805,0.6931471805599453,0.73054004,train,p15,dataset_2,embedding
595,1.9459101490553132,1.7313302,train,p15,dataset_2,embedding
119,0.6931471805599453,0.711697,train,p15,dataset_2,embedding
1044,0.6931471805599453,0.7594909,train,p15,dataset_2,embedding
774,0.6931471805599453,0.71376455,train,p15,dataset_2,embedding
372,0.6931471805599453,0.73012316,train,p15,dataset_2,embedding
726,0.6931471805599453,0.8759012,train,p15,dataset_2,embedding
736,1.0986122886681098,0.80604565,train,p15,dataset_2,embedding
809,0.6931471805599453,0.6733185,train,p15,dataset_2,embedding
1356,0.6931471805599453,0.590451,train,p15,dataset_2,embedding
1320,0.6931471805599453,1.0227075,train,p15,dataset_2,embedding
294,0.6931471805599453,0.74488926,train,p15,dataset_2,embedding
569,0.6931471805599453,0.6818736,train,p15,dataset_2,embedding
1072,0.6931471805599453,0.7223458,train,p15,dataset_2,embedding
335,0.6931471805599453,0.7960509,train,p15,dataset_2,embedding
1260,0.6931471805599453,0.6744032,train,p15,dataset_2,embedding
1140,0.6931471805599453,0.70556253,train,p15,dataset_2,embedding
609,0.6931471805599453,0.7208335,train,p15,dataset_2,embedding
1184,0.6931471805599453,0.7318176,train,p15,dataset_2,embedding
383,0.6931471805599453,0.6721524,train,p15,dataset_2,embedding
1145,0.6931471805599453,0.7170439,train,p15,dataset_2,embedding
508,0.6931471805599453,0.6122296,train,p15,dataset_2,embedding
359,0.6931471805599453,0.68160105,train,p15,dataset_2,embedding
940,0.6931471805599453,0.7361373,train,p15,dataset_2,embedding
928,0.6931471805599453,0.67852455,train,p15,dataset_2,embedding
156,0.6931471805599453,0.6146141,train,p15,dataset_2,embedding
1408,0.6931471805599453,0.78960174,train,p15,dataset_2,embedding
1249,0.6931471805599453,0.73088145,train,p15,dataset_2,embedding
534,0.6931471805599453,0.6835767,train,p15,dataset_2,embedding
296,0.6931471805599453,0.76497006,train,p15,dataset_2,embedding
487,0.6931471805599453,0.67227626,train,p15,dataset_2,embedding
22,0.6931471805599453,0.64406043,train,p15,dataset_2,embedding
962,0.6931471805599453,0.71826303,train,p15,dataset_2,embedding
1110,0.6931471805599453,0.63641244,train,p15,dataset_2,embedding
880,0.6931471805599453,0.6846365,train,p15,dataset_2,embedding
336,0.6931471805599453,0.72917765,train,p15,dataset_2,embedding
426,0.6931471805599453,0.7720083,train,p15,dataset_2,embedding
84,0.6931471805599453,0.77045643,train,p15,dataset_2,embedding
992,0.6931471805599453,0.68468434,train,p15,dataset_2,embedding
1439,0.6931471805599453,0.7200738,train,p15,dataset_2,embedding
1386,0.6931471805599453,0.7588651,train,p15,dataset_2,embedding
1033,0.6931471805599453,0.72005606,train,p15,dataset_2,embedding
1349,0.6931471805599453,0.72922266,train,p15,dataset_2,embedding
220,0.6931471805599453,0.77015734,train,p15,dataset_2,embedding
1328,0.6931471805599453,0.7276938,train,p15,dataset_2,embedding
565,0.6931471805599453,0.6661622,train,p15,dataset_2,embedding
434,0.6931471805599453,0.72915876,train,p15,dataset_2,embedding
515,0.6931471805599453,0.67593694,train,p15,dataset_2,embedding
761,0.6931471805599453,0.71460277,train,p15,dataset_2,embedding
1222,0.6931471805599453,0.612778,train,p15,dataset_2,embedding
52,0.6931471805599453,0.7540331,train,p15,dataset_2,embedding
589,0.6931471805599453,0.693685,train,p15,dataset_2,embedding
975,0.6931471805599453,0.69247484,train,p15,dataset_2,embedding
281,0.6931471805599453,0.65770864,train,p15,dataset_2,embedding
1271,0.6931471805599453,0.6128871,train,p15,dataset_2,embedding
562,0.6931471805599453,0.83301055,train,p15,dataset_2,embedding
10,0.6931471805599453,0.7723808,train,p15,dataset_2,embedding
738,1.0986122886681098,0.9088426,train,p15,dataset_2,embedding
1229,0.6931471805599453,0.7101556,train,p15,dataset_2,embedding
352,0.6931471805599453,0.73403496,train,p15,dataset_2,embedding
1371,0.6931471805599453,0.6780682,train,p15,dataset_2,embedding
1041,0.6931471805599453,0.6673769,train,p15,dataset_2,embedding
660,0.6931471805599453,0.7674134,train,p15,dataset_2,embedding
1205,0.6931471805599453,0.7290494,train,p15,dataset_2,embedding
624,0.6931471805599453,0.7327057,train,p15,dataset_2,embedding
21,0.6931471805599453,0.7060678,train,p15,dataset_2,embedding
448,0.6931471805599453,0.74158,train,p15,dataset_2,embedding
923,0.6931471805599453,0.72229743,train,p15,dataset_2,embedding
800,0.6931471805599453,0.674786,train,p15,dataset_2,embedding
94,0.6931471805599453,0.7123814,train,p15,dataset_2,embedding
966,0.6931471805599453,0.6466108,train,p15,dataset_2,embedding
146,0.6931471805599453,0.729401,train,p15,dataset_2,embedding
993,0.6931471805599453,0.78561467,train,p15,dataset_2,embedding
829,0.6931471805599453,0.7307999,train,p15,dataset_2,embedding
644,0.6931471805599453,0.80613554,train,p15,dataset_2,embedding
331,0.6931471805599453,0.7284269,train,p15,dataset_2,embedding
366,0.6931471805599453,0.7296474,train,p15,dataset_2,embedding
768,0.6931471805599453,0.7157331,train,p15,dataset_2,embedding
1046,0.6931471805599453,0.6115978,train,p15,dataset_2,embedding
725,1.0986122886681098,0.89070207,train,p15,dataset_2,embedding
422,0.6931471805599453,0.81774807,train,p15,dataset_2,embedding
1067,0.6931471805599453,0.6739223,train,p15,dataset_2,embedding
954,0.6931471805599453,0.72435486,train,p15,dataset_2,embedding
207,4.143134726391533,4.593272,train,p15,dataset_2,embedding
249,0.6931471805599453,0.6888945,train,p15,dataset_2,embedding
353,0.6931471805599453,0.6591823,train,p15,dataset_2,embedding
883,0.6931471805599453,0.6389395,train,p15,dataset_2,embedding
525,1.0986122886681098,0.8179295,train,p15,dataset_2,embedding
1345,0.6931471805599453,0.68907326,train,p15,dataset_2,embedding
390,0.6931471805599453,0.68972015,train,p15,dataset_2,embedding
526,0.6931471805599453,0.68053675,train,p15,dataset_2,embedding
1262,0.6931471805599453,0.71686643,train,p15,dataset_2,embedding
1370,0.6931471805599453,0.70689607,train,p15,dataset_2,embedding
1183,0.6931471805599453,0.6745347,train,p15,dataset_2,embedding
1375,0.6931471805599453,0.70221215,train,p15,dataset_2,embedding
8,0.6931471805599453,0.6753205,train,p15,dataset_2,embedding
298,0.6931471805599453,0.7050169,train,p15,dataset_2,embedding
1230,0.6931471805599453,0.6153145,train,p15,dataset_2,embedding
344,0.6931471805599453,0.75138384,train,p15,dataset_2,embedding
320,0.6931471805599453,0.7363106,train,p15,dataset_2,embedding
1252,0.6931471805599453,0.72930026,train,p15,dataset_2,embedding
452,0.6931471805599453,0.67348343,train,p15,dataset_2,embedding
1153,0.6931471805599453,0.6677145,train,p15,dataset_2,embedding
166,0.6931471805599453,0.6511134,train,p15,dataset_2,embedding
388,0.6931471805599453,0.7133548,train,p15,dataset_2,embedding
446,0.6931471805599453,0.7037419,train,p15,dataset_2,embedding
1287,0.6931471805599453,0.711845,train,p15,dataset_2,embedding
1327,0.6931471805599453,0.7292335,train,p15,dataset_2,embedding
1268,0.6931471805599453,0.69814634,train,p15,dataset_2,embedding
4,0.6931471805599453,0.69455874,train,p15,dataset_2,embedding
1372,0.6931471805599453,0.6068134,train,p15,dataset_2,embedding
767,1.0986122886681098,0.88233364,train,p15,dataset_2,embedding
574,0.6931471805599453,0.6838814,train,p15,dataset_2,embedding
524,0.6931471805599453,0.8576857,train,p15,dataset_2,embedding
989,0.6931471805599453,0.691461,train,p15,dataset_2,embedding
882,0.6931471805599453,0.68997955,train,p15,dataset_2,embedding
236,0.6931471805599453,0.7071905,train,p15,dataset_2,embedding
1419,0.6931471805599453,0.6976771,train,p15,dataset_2,embedding
1096,0.6931471805599453,0.69118685,train,p15,dataset_2,embedding
182,0.6931471805599453,0.68659663,train,p15,dataset_2,embedding
952,0.6931471805599453,0.6902874,train,p15,dataset_2,embedding
604,0.6931471805599453,0.67042476,train,p15,dataset_2,embedding
453,0.6931471805599453,0.73193645,train,p15,dataset_2,embedding
350,0.6931471805599453,0.72868097,train,p15,dataset_2,embedding
278,0.6931471805599453,0.6723737,train,p15,dataset_2,embedding
635,3.6635616461296463,2.184312,train,p15,dataset_2,embedding
226,0.6931471805599453,0.7160535,train,p15,dataset_2,embedding
1074,0.6931471805599453,0.65915793,train,p15,dataset_2,embedding
1277,0.6931471805599453,0.7298893,train,p15,dataset_2,embedding
269,0.6931471805599453,0.66728204,train,p15,dataset_2,embedding
1368,0.6931471805599453,0.7036004,train,p15,dataset_2,embedding
1128,0.6931471805599453,0.9033143,train,p15,dataset_2,embedding
568,0.6931471805599453,0.7099128,train,p15,dataset_2,embedding
1319,0.6931471805599453,0.6622574,train,p15,dataset_2,embedding
517,0.6931471805599453,0.68404484,train,p15,dataset_2,embedding
822,0.6931471805599453,0.6827482,train,p15,dataset_2,embedding
1062,0.6931471805599453,0.7540098,train,p15,dataset_2,embedding
191,0.6931471805599453,0.69872504,train,p15,dataset_2,embedding
895,0.6931471805599453,0.82002544,train,p15,dataset_2,embedding
917,0.6931471805599453,0.70564884,train,p15,dataset_2,embedding
606,0.6931471805599453,0.7338861,train,p15,dataset_2,embedding
1182,1.3862943611198906,0.98949766,train,p15,dataset_2,embedding
797,0.6931471805599453,0.67053485,train,p15,dataset_2,embedding
183,0.6931471805599453,0.7149707,train,p15,dataset_2,embedding
311,0.6931471805599453,0.7298677,train,p15,dataset_2,embedding
73,0.6931471805599453,0.63835335,train,p15,dataset_2,embedding
687,0.6931471805599453,0.67761666,train,p15,dataset_2,embedding
134,0.6931471805599453,0.7004118,train,p15,dataset_2,embedding
1322,0.6931471805599453,0.6111704,train,p15,dataset_2,embedding
349,0.6931471805599453,0.72466964,train,p15,dataset_2,embedding
1089,0.6931471805599453,0.7285837,train,p15,dataset_2,embedding
1275,0.6931471805599453,0.66867435,train,p15,dataset_2,embedding
489,0.6931471805599453,0.7306528,train,p15,dataset_2,embedding
445,0.6931471805599453,0.6631609,train,p15,dataset_2,embedding
580,0.6931471805599453,0.75422037,train,p15,dataset_2,embedding
504,0.6931471805599453,0.7022972,train,p15,dataset_2,embedding
342,0.6931471805599453,0.6925796,train,p15,dataset_2,embedding
807,0.6931471805599453,0.7305634,train,p15,dataset_2,embedding
79,0.6931471805599453,0.7111224,train,p15,dataset_2,embedding
998,0.6931471805599453,0.7269827,train,p15,dataset_2,embedding
953,0.6931471805599453,0.6900537,train,p15,dataset_2,embedding
773,0.6931471805599453,0.719563,train,p15,dataset_2,embedding
241,1.6094379124341005,1.5229868,train,p15,dataset_2,embedding
1142,0.6931471805599453,0.7355495,train,p15,dataset_2,embedding
1139,0.6931471805599453,0.7110443,train,p15,dataset_2,embedding
647,0.6931471805599453,1.2102644,train,p15,dataset_2,embedding
180,0.6931471805599453,0.6489558,train,p15,dataset_2,embedding
23,0.6931471805599453,0.70490193,train,p15,dataset_2,embedding
1424,0.6931471805599453,0.7254386,train,p15,dataset_2,embedding
154,0.6931471805599453,0.7296686,train,p15,dataset_2,embedding
144,0.6931471805599453,0.67176265,train,p15,dataset_2,embedding
724,1.3862943611198906,1.564166,train,p15,dataset_2,embedding
643,1.0986122886681098,0.88942826,train,p15,dataset_2,embedding
120,0.6931471805599453,0.7831813,train,p15,dataset_2,embedding
1127,0.6931471805599453,0.75213,train,p15,dataset_2,embedding
948,0.6931471805599453,0.67418486,train,p15,dataset_2,embedding
633,1.0986122886681098,1.2464235,train,p15,dataset_2,embedding
1309,0.6931471805599453,0.6894194,train,p15,dataset_2,embedding
41,0.6931471805599453,0.7319518,train,p15,dataset_2,embedding
255,0.6931471805599453,0.7366908,train,p15,dataset_2,embedding
455,0.6931471805599453,0.72703147,train,p15,dataset_2,embedding
491,0.6931471805599453,0.7413926,train,p15,dataset_2,embedding
185,0.6931471805599453,0.6838287,train,p15,dataset_2,embedding
540,0.6931471805599453,0.6103872,train,p15,dataset_2,embedding
459,0.6931471805599453,0.69574153,train,p15,dataset_2,embedding
1124,0.6931471805599453,0.81601965,train,p15,dataset_2,embedding
1245,0.6931471805599453,0.73026276,train,p15,dataset_2,embedding
1195,0.6931471805599453,0.6598675,train,p15,dataset_2,embedding
476,0.6931471805599453,0.6839206,train,p15,dataset_2,embedding
321,0.6931471805599453,0.7039827,train,p15,dataset_2,embedding
591,0.6931471805599453,0.657797,train,p15,dataset_2,embedding
26,0.6931471805599453,0.69756305,train,p15,dataset_2,embedding
1186,0.6931471805599453,0.75228035,train,p15,dataset_2,embedding
1010,0.6931471805599453,0.73336184,train,p15,dataset_2,embedding
1059,0.6931471805599453,0.74040115,train,p15,dataset_2,embedding
911,0.6931471805599453,0.70003545,train,p15,dataset_2,embedding
616,0.6931471805599453,0.7293713,train,p15,dataset_2,embedding
1170,1.3862943611198906,1.2539974,train,p15,dataset_2,embedding
428,0.6931471805599453,0.6642391,train,p15,dataset_2,embedding
778,0.6931471805599453,0.70477426,train,p15,dataset_2,embedding
393,1.0986122886681098,0.9362184,train,p15,dataset_2,embedding
1274,0.6931471805599453,0.65827936,train,p15,dataset_2,embedding
728,0.6931471805599453,0.75863934,train,p15,dataset_2,embedding
430,0.6931471805599453,0.6954068,train,p15,dataset_2,embedding
1415,0.6931471805599453,0.6893604,train,p15,dataset_2,embedding
272,0.6931471805599453,0.6894594,train,p15,dataset_2,embedding
488,0.6931471805599453,0.6690712,train,p15,dataset_2,embedding
187,0.6931471805599453,0.71418965,train,p15,dataset_2,embedding
823,0.6931471805599453,0.7396707,train,p15,dataset_2,embedding
1095,0.6931471805599453,0.6825505,train,p15,dataset_2,embedding
39,0.6931471805599453,0.6684821,train,p15,dataset_2,embedding
755,0.6931471805599453,0.6640414,train,p15,dataset_2,embedding
153,0.6931471805599453,0.73298895,train,p15,dataset_2,embedding
987,0.6931471805599453,0.73099554,train,p15,dataset_2,embedding
1018,0.6931471805599453,0.66858935,train,p15,dataset_2,embedding
37,0.6931471805599453,0.7349593,train,p15,dataset_2,embedding
1435,0.6931471805599453,0.71685827,train,p15,dataset_2,embedding
900,0.6931471805599453,0.759804,train,p15,dataset_2,embedding
1253,0.6931471805599453,0.6844948,train,p15,dataset_2,embedding
86,0.6931471805599453,0.66861224,train,p15,dataset_2,embedding
1019,0.6931471805599453,0.73256993,train,p15,dataset_2,embedding
1105,0.6931471805599453,0.6968967,train,p15,dataset_2,embedding
1220,0.6931471805599453,0.67431796,train,p15,dataset_2,embedding
941,0.6931471805599453,0.68421626,train,p15,dataset_2,embedding
881,0.6931471805599453,0.6173823,train,p15,dataset_2,embedding
696,0.6931471805599453,0.7266635,train,p15,dataset_2,embedding
1385,0.6931471805599453,0.72473174,train,p15,dataset_2,embedding
915,0.6931471805599453,0.77383673,train,p15,dataset_2,embedding
1334,0.6931471805599453,0.6710746,train,p15,dataset_2,embedding
1198,0.6931471805599453,0.60038245,train,p15,dataset_2,embedding
1094,0.6931471805599453,0.6721484,train,p15,dataset_2,embedding
1049,0.6931471805599453,0.68205637,train,p15,dataset_2,embedding
967,0.6931471805599453,0.67515516,train,p15,dataset_2,embedding
1063,0.6931471805599453,0.6731528,train,p15,dataset_2,embedding
875,0.6931471805599453,0.7087295,train,p15,dataset_2,embedding
826,0.6931471805599453,0.7298236,train,p15,dataset_2,embedding
305,0.6931471805599453,0.73330164,train,p15,dataset_2,embedding
831,0.6931471805599453,0.73085725,train,p15,dataset_2,embedding
1335,0.6931471805599453,0.69061065,train,p15,dataset_2,embedding
849,0.6931471805599453,0.7345933,train,p15,dataset_2,embedding
90,0.6931471805599453,0.6751753,train,p15,dataset_2,embedding
642,0.6931471805599453,1.2938933,train,p15,dataset_2,embedding
1091,0.6931471805599453,0.84282976,train,p15,dataset_2,embedding
1149,0.6931471805599453,0.69819534,train,p15,dataset_2,embedding
676,0.6931471805599453,0.73173445,train,p15,dataset_2,embedding
125,0.6931471805599453,0.6577842,train,p15,dataset_2,embedding
1225,0.6931471805599453,0.734367,train,p15,dataset_2,embedding
1364,0.6931471805599453,0.7182635,train,p15,dataset_2,embedding
902,0.6931471805599453,0.7055093,train,p15,dataset_2,embedding
243,0.6931471805599453,0.6780481,train,p15,dataset_2,embedding
11,0.6931471805599453,0.70737195,train,p15,dataset_2,embedding
1032,0.6931471805599453,0.70488524,train,p15,dataset_2,embedding
1084,0.6931471805599453,0.7292793,train,p15,dataset_2,embedding
694,1.0986122886681098,1.3066348,train,p15,dataset_2,embedding
246,1.3862943611198906,1.1399704,train,p15,dataset_2,embedding
1050,0.6931471805599453,0.6633659,train,p15,dataset_2,embedding
814,0.6931471805599453,0.6703122,train,p15,dataset_2,embedding
1137,0.6931471805599453,0.69197756,train,p15,dataset_2,embedding
897,0.6931471805599453,0.7353552,train,p15,dataset_2,embedding
495,0.6931471805599453,0.72281116,train,p15,dataset_2,embedding
437,0.6931471805599453,0.7135705,train,p15,dataset_2,embedding
821,0.6931471805599453,0.7052289,train,p15,dataset_2,embedding
155,0.6931471805599453,0.67509276,train,p15,dataset_2,embedding
530,0.6931471805599453,0.58990556,train,p15,dataset_2,embedding
66,0.6931471805599453,0.7049404,train,p15,dataset_2,embedding
538,0.6931471805599453,1.1710137,train,p15,dataset_2,embedding
364,0.6931471805599453,0.7353411,train,p15,dataset_2,embedding
1269,0.6931471805599453,0.6924916,train,p15,dataset_2,embedding
521,0.6931471805599453,0.6622383,train,p15,dataset_2,embedding
1306,0.6931471805599453,0.7201561,train,p15,dataset_2,embedding
977,0.6931471805599453,0.66752255,train,p15,dataset_2,embedding
114,0.6931471805599453,0.67109656,train,p15,dataset_2,embedding
634,3.6375861597263857,1.826069,train,p15,dataset_2,embedding
1004,0.6931471805599453,0.7344727,train,p15,dataset_2,embedding
984,0.6931471805599453,0.70146775,train,p15,dataset_2,embedding
386,0.6931471805599453,0.72259605,train,p15,dataset_2,embedding
1208,0.6931471805599453,0.7343428,train,p15,dataset_2,embedding
1433,0.6931471805599453,0.6582317,train,p15,dataset_2,embedding
907,0.6931471805599453,0.7122606,train,p15,dataset_2,embedding
40,0.6931471805599453,0.6926392,train,p15,dataset_2,embedding
712,1.0986122886681098,0.898952,train,p15,dataset_2,embedding
608,0.6931471805599453,0.7249173,train,p15,dataset_2,embedding
1265,0.6931471805599453,0.68504465,train,p15,dataset_2,embedding
996,0.6931471805599453,0.7288338,train,p15,dataset_2,embedding
399,2.302585092994046,1.990239,train,p15,dataset_2,embedding
692,0.6931471805599453,0.68171585,train,p15,dataset_2,embedding
1111,0.6931471805599453,0.7056812,train,p15,dataset_2,embedding
542,0.6931471805599453,0.7294103,train,p15,dataset_2,embedding
262,0.6931471805599453,0.6671269,train,p15,dataset_2,embedding
626,2.0794415416798357,2.5476658,train,p15,dataset_2,embedding
477,0.6931471805599453,0.6772358,train,p15,dataset_2,embedding
535,0.6931471805599453,0.6785098,train,p15,dataset_2,embedding
1264,0.6931471805599453,0.733971,train,p15,dataset_2,embedding
357,0.6931471805599453,0.6712581,train,p15,dataset_2,embedding
1388,0.6931471805599453,0.68499255,train,p15,dataset_2,embedding
903,0.6931471805599453,0.6878367,train,p15,dataset_2,embedding
1155,0.6931471805599453,0.70549774,train,p15,dataset_2,embedding
245,0.6931471805599453,0.82020926,train,p15,dataset_2,embedding
1052,0.6931471805599453,0.64004254,train,p15,dataset_2,embedding
834,0.6931471805599453,0.70913875,train,p15,dataset_2,embedding
1405,0.6931471805599453,0.66491306,train,p15,dataset_2,embedding
314,0.6931471805599453,0.6863046,train,p15,dataset_2,embedding
387,0.6931471805599453,0.6724762,train,p15,dataset_2,embedding
1350,0.6931471805599453,0.6693174,train,p15,dataset_2,embedding
334,0.6931471805599453,0.7569697,train,p15,dataset_2,embedding
944,0.6931471805599453,0.6838876,train,p15,dataset_2,embedding
27,0.6931471805599453,0.71638644,train,p15,dataset_2,embedding
1359,0.6931471805599453,0.766768,train,p15,dataset_2,embedding
1158,1.0986122886681098,0.97142553,train,p15,dataset_2,embedding
548,0.6931471805599453,0.594076,train,p15,dataset_2,embedding
793,0.6931471805599453,0.68413687,train,p15,dataset_2,embedding
162,0.6931471805599453,0.8681728,train,p15,dataset_2,embedding
1213,0.6931471805599453,0.6362169,train,p15,dataset_2,embedding
356,0.6931471805599453,0.7837002,train,p15,dataset_2,embedding
1279,0.6931471805599453,0.69119763,train,p15,dataset_2,embedding
431,1.0986122886681098,0.8058749,train,p15,dataset_2,embedding
870,0.6931471805599453,0.65942305,train,p15,dataset_2,embedding
25,0.6931471805599453,0.7551352,train,p15,dataset_2,embedding
1015,0.6931471805599453,0.6809766,train,p15,dataset_2,embedding
991,0.6931471805599453,0.7055931,train,p15,dataset_2,embedding
118,0.6931471805599453,0.7217024,train,p15,dataset_2,embedding
675,0.6931471805599453,0.7855835,train,p15,dataset_2,embedding
392,0.6931471805599453,0.9749342,train,p15,dataset_2,embedding
658,0.6931471805599453,0.91274107,train,p15,dataset_2,embedding
367,0.6931471805599453,0.7157245,train,p15,dataset_2,embedding
199,0.6931471805599453,0.73097837,train,p15,dataset_2,embedding
762,1.0986122886681098,0.7060267,train,p15,dataset_2,embedding
159,0.6931471805599453,0.6894513,train,p15,dataset_2,embedding
502,0.6931471805599453,0.6895146,train,p15,dataset_2,embedding
1038,0.6931471805599453,0.7025754,train,p15,dataset_2,embedding
753,0.6931471805599453,0.7304727,train,p15,dataset_2,embedding
1332,0.6931471805599453,0.76019984,train,p15,dataset_2,embedding
1167,0.6931471805599453,0.6938399,train,p15,dataset_2,embedding
678,0.6931471805599453,0.69261056,train,p15,dataset_2,embedding
1397,0.6931471805599453,0.6575022,train,p15,dataset_2,embedding
516,0.6931471805599453,0.6306859,train,p15,dataset_2,embedding
740,0.6931471805599453,0.6870848,train,p15,dataset_2,embedding
852,0.6931471805599453,0.7308224,train,p15,dataset_2,embedding
1234,0.6931471805599453,0.72965825,train,p15,dataset_2,embedding
995,0.6931471805599453,0.6591885,train,p15,dataset_2,embedding
132,0.6931471805599453,0.7528124,train,p15,dataset_2,embedding
854,0.6931471805599453,0.62029934,train,p15,dataset_2,embedding
186,0.6931471805599453,0.7294047,train,p15,dataset_2,embedding
1437,0.6931471805599453,0.6579272,train,p15,dataset_2,embedding
1363,0.6931471805599453,0.7527937,train,p15,dataset_2,embedding
1164,1.0986122886681098,0.8802482,train,p15,dataset_2,embedding
284,2.0794415416798357,1.4141866,train,p15,dataset_2,embedding
1165,2.4849066497880004,2.9452484,train,p15,dataset_2,embedding
1436,0.6931471805599453,0.7025716,train,p15,dataset_2,embedding
325,0.6931471805599453,0.6858368,train,p15,dataset_2,embedding
287,0.6931471805599453,0.7513989,train,p15,dataset_2,embedding
1060,0.6931471805599453,0.66739535,train,p15,dataset_2,embedding
955,0.6931471805599453,0.7006872,train,p15,dataset_2,embedding
1101,0.6931471805599453,0.74091494,train,p15,dataset_2,embedding
1200,0.6931471805599453,0.65805125,train,p15,dataset_2,embedding
252,0.6931471805599453,0.66193396,train,p15,dataset_2,embedding
157,0.6931471805599453,0.7005102,train,p15,dataset_2,embedding
1113,0.6931471805599453,0.6849619,train,p15,dataset_2,embedding
435,0.6931471805599453,0.8699554,train,p15,dataset_2,embedding
1340,0.6931471805599453,0.6166551,train,p15,dataset_2,embedding
785,0.6931471805599453,0.70937145,train,p15,dataset_2,embedding
1316,0.6931471805599453,0.7107677,train,p15,dataset_2,embedding
709,0.6931471805599453,0.7069074,train,p15,dataset_2,embedding
81,1.0986122886681098,1.1688268,train,p15,dataset_2,embedding
735,0.6931471805599453,1.0064582,train,p15,dataset_2,embedding
98,0.6931471805599453,0.6953917,train,p15,dataset_2,embedding
640,1.791759469228055,1.6156477,train,p15,dataset_2,embedding
976,0.6931471805599453,0.67700666,train,p15,dataset_2,embedding
918,0.6931471805599453,0.7432686,train,p15,dataset_2,embedding
1219,0.6931471805599453,0.7431674,train,p15,dataset_2,embedding
982,0.6931471805599453,0.6720193,train,p15,dataset_2,embedding
292,1.0986122886681098,0.7890906,train,p15,dataset_2,embedding
556,0.6931471805599453,0.7302144,train,p15,dataset_2,embedding
1005,0.6931471805599453,0.72951365,train,p15,dataset_2,embedding
1058,0.6931471805599453,0.7047398,train,p15,dataset_2,embedding
1103,0.6931471805599453,0.7318728,train,p15,dataset_2,embedding
514,0.6931471805599453,0.7048651,train,p15,dataset_2,embedding
129,0.6931471805599453,0.6893393,train,p15,dataset_2,embedding
389,0.6931471805599453,0.71653754,train,p15,dataset_2,embedding
436,0.6931471805599453,0.7411715,train,p15,dataset_2,embedding
338,0.6931471805599453,0.6724388,train,p15,dataset_2,embedding
1367,0.6931471805599453,0.7294843,train,p15,dataset_2,embedding
473,0.6931471805599453,0.69343245,train,p15,dataset_2,embedding
293,0.6931471805599453,0.7021258,train,p15,dataset_2,embedding
302,0.6931471805599453,0.7351353,train,p15,dataset_2,embedding
189,0.6931471805599453,0.6408458,train,p15,dataset_2,embedding
348,0.6931471805599453,0.69777846,train,p15,dataset_2,embedding
663,0.6931471805599453,0.7039249,train,p15,dataset_2,embedding
416,1.0986122886681098,0.95635116,train,p15,dataset_2,embedding
1122,0.6931471805599453,0.7560262,train,p15,dataset_2,embedding
410,1.9459101490553132,1.069502,train,p15,dataset_2,embedding
310,0.6931471805599453,0.72664964,train,p15,dataset_2,embedding
327,0.6931471805599453,0.68725705,train,p15,dataset_2,embedding
13,0.6931471805599453,0.72930616,train,p15,dataset_2,embedding
1293,0.6931471805599453,0.7179018,train,p15,dataset_2,embedding
699,0.6931471805599453,0.6734148,train,p15,dataset_2,embedding
227,0.6931471805599453,0.6818031,train,p15,dataset_2,embedding
1296,0.6931471805599453,0.6678972,train,p15,dataset_2,embedding
1354,2.0794415416798357,2.0006363,train,p15,dataset_2,embedding
652,1.0986122886681098,0.9910471,train,p15,dataset_2,embedding
547,0.6931471805599453,0.68557835,train,p15,dataset_2,embedding
1215,0.6931471805599453,0.7329158,train,p15,dataset_2,embedding
1377,1.3862943611198906,1.4777774,train,p15,dataset_2,embedding
908,0.6931471805599453,0.69729584,train,p15,dataset_2,embedding
313,0.6931471805599453,0.7092502,train,p15,dataset_2,embedding
1270,0.6931471805599453,0.7342683,train,p15,dataset_2,embedding
385,0.6931471805599453,0.69977665,train,p15,dataset_2,embedding
222,0.6931471805599453,0.7152934,train,p15,dataset_2,embedding
196,0.6931471805599453,0.65713966,train,p15,dataset_2,embedding
181,0.6931471805599453,0.722137,train,p15,dataset_2,embedding
1016,0.6931471805599453,0.67709476,train,p15,dataset_2,embedding
323,0.6931471805599453,0.89461666,train,p15,dataset_2,embedding
64,0.6931471805599453,0.6951634,train,p15,dataset_2,embedding
216,0.6931471805599453,0.8155662,train,p15,dataset_2,embedding
1240,0.6931471805599453,0.6755003,train,p15,dataset_2,embedding
1102,0.6931471805599453,0.7030246,train,p15,dataset_2,embedding
1376,0.6931471805599453,0.72215825,train,p15,dataset_2,embedding
197,0.6931471805599453,0.7280288,train,p15,dataset_2,embedding
343,0.6931471805599453,0.70025814,train,p15,dataset_2,embedding
929,0.6931471805599453,0.696686,train,p15,dataset_2,embedding
267,0.6931471805599453,0.7562126,train,p15,dataset_2,embedding
1106,0.6931471805599453,0.7437477,train,p15,dataset_2,embedding
411,0.6931471805599453,0.69149697,train,p15,dataset_2,embedding
842,0.6931471805599453,0.7150479,train,p15,dataset_2,embedding
469,0.6931471805599453,0.7227217,train,p15,dataset_2,embedding
401,0.6931471805599453,0.7366241,train,p15,dataset_2,embedding
170,0.6931471805599453,0.619433,train,p15,dataset_2,embedding
1351,0.6931471805599453,0.6895154,train,p15,dataset_2,embedding
884,0.6931471805599453,0.72947717,train,p15,dataset_2,embedding
219,0.6931471805599453,0.67905533,train,p15,dataset_2,embedding
1077,0.6931471805599453,0.7150517,train,p15,dataset_2,embedding
19,0.6931471805599453,0.6450945,train,p15,dataset_2,embedding
685,0.6931471805599453,0.72933406,train,p15,dataset_2,embedding
860,0.6931471805599453,0.73086363,train,p15,dataset_2,embedding
286,0.6931471805599453,0.7239612,train,p15,dataset_2,embedding
288,0.6931471805599453,0.70171857,train,p15,dataset_2,embedding
384,0.6931471805599453,0.6725,train,p15,dataset_2,embedding
82,1.0986122886681098,0.9055923,train,p15,dataset_2,embedding
1420,0.6931471805599453,0.67274344,train,p15,dataset_2,embedding
597,0.6931471805599453,0.85831976,train,p15,dataset_2,embedding
1315,0.6931471805599453,0.7635609,train,p15,dataset_2,embedding
790,0.6931471805599453,0.7382791,train,p15,dataset_2,embedding
83,1.0986122886681098,0.8388562,train,p15,dataset_2,embedding
668,1.3862943611198906,1.268712,train,p15,dataset_2,embedding
72,0.6931471805599453,0.72942275,train,p15,dataset_2,embedding
160,0.6931471805599453,0.7374327,train,p15,dataset_2,embedding
475,0.6931471805599453,0.72903657,train,p15,dataset_2,embedding
142,0.6931471805599453,0.72927284,train,p15,dataset_2,embedding
1076,0.6931471805599453,0.6684369,train,p15,dataset_2,embedding
980,0.6931471805599453,0.69950974,train,p15,dataset_2,embedding
1169,3.6375861597263857,1.6577904,train,p15,dataset_2,embedding
1134,0.6931471805599453,0.6732558,train,p15,dataset_2,embedding
965,0.6931471805599453,0.7308499,train,p15,dataset_2,embedding
650,0.6931471805599453,0.9456291,train,p15,dataset_2,embedding
781,0.6931471805599453,0.67401767,train,p15,dataset_2,embedding
943,0.6931471805599453,0.7331895,train,p15,dataset_2,embedding
1021,0.6931471805599453,0.7259423,train,p15,dataset_2,embedding
1361,0.6931471805599453,0.7148224,train,p15,dataset_2,embedding
402,2.772588722239781,2.0116878,train,p15,dataset_2,embedding
994,0.6931471805599453,0.61393666,train,p15,dataset_2,embedding
124,0.6931471805599453,0.683253,train,p15,dataset_2,embedding
684,0.6931471805599453,0.72914064,train,p15,dataset_2,embedding
577,0.6931471805599453,0.7021525,train,p15,dataset_2,embedding
304,0.6931471805599453,0.7436925,train,p15,dataset_2,embedding
1129,1.0986122886681098,0.98658717,train,p15,dataset_2,embedding
1365,0.6931471805599453,0.67160106,train,p15,dataset_2,embedding
930,0.6931471805599453,0.7173902,train,p15,dataset_2,embedding
1086,0.6931471805599453,0.8466954,train,p15,dataset_2,embedding
1383,0.6931471805599453,0.7378563,train,p15,dataset_2,embedding
1343,0.6931471805599453,0.68260217,train,p15,dataset_2,embedding
704,0.6931471805599453,0.7265942,train,p15,dataset_2,embedding
937,0.6931471805599453,0.7224737,train,p15,dataset_2,embedding
87,0.6931471805599453,0.6832816,train,p15,dataset_2,embedding
729,1.0986122886681098,0.86064166,train,p15,dataset_2,embedding
1317,0.6931471805599453,0.59078276,train,p15,dataset_2,embedding
301,0.6931471805599453,0.7030665,train,p15,dataset_2,embedding
117,0.6931471805599453,0.6444127,train,p15,dataset_2,embedding
683,0.6931471805599453,0.7214755,train,p15,dataset_2,embedding
1093,0.6931471805599453,0.67283154,train,p15,dataset_2,embedding
630,2.772588722239781,2.8015025,train,p15,dataset_2,embedding
749,0.6931471805599453,0.7392146,train,p15,dataset_2,embedding
815,0.6931471805599453,0.76563543,train,p15,dataset_2,embedding
421,0.6931471805599453,0.752998,train,p15,dataset_2,embedding
1176,0.6931471805599453,0.81203836,train,p15,dataset_2,embedding
573,0.6931471805599453,0.68927443,train,p15,dataset_2,embedding
843,0.6931471805599453,0.73042107,train,p15,dataset_2,embedding
100,0.6931471805599453,0.81047153,train,p15,dataset_2,embedding
688,0.6931471805599453,0.6666517,train,p15,dataset_2,embedding
1143,1.3862943611198906,1.4917809,train,p15,dataset_2,embedding
939,0.6931471805599453,0.71849823,train,p15,dataset_2,embedding
149,0.6931471805599453,0.7168496,train,p15,dataset_2,embedding
1289,0.6931471805599453,0.7251903,train,p15,dataset_2,embedding
1083,0.6931471805599453,0.6993743,train,p15,dataset_2,embedding
779,0.6931471805599453,0.7242762,train,p15,dataset_2,embedding
1172,0.6931471805599453,0.7578642,train,p15,dataset_2,embedding
425,0.6931471805599453,0.758618,train,p15,dataset_2,embedding
614,0.6931471805599453,0.5907206,train,p15,dataset_2,embedding
1008,0.6931471805599453,0.6961734,train,p15,dataset_2,embedding
1342,0.6931471805599453,0.6113557,train,p15,dataset_2,embedding
775,0.6931471805599453,0.69118434,train,p15,dataset_2,embedding
1301,0.6931471805599453,0.6639179,train,p15,dataset_2,embedding
830,0.6931471805599453,0.7296696,train,p15,dataset_2,embedding
857,0.6931471805599453,0.71182394,train,p15,dataset_2,embedding
786,0.6931471805599453,0.6804994,train,p15,dataset_2,embedding
1326,0.6931471805599453,0.7618814,train,p15,dataset_2,embedding
932,0.6931471805599453,0.7321977,train,p15,dataset_2,embedding
483,0.6931471805599453,0.72546935,train,p15,dataset_2,embedding
1404,0.6931471805599453,0.6774588,train,p15,dataset_2,embedding
1369,0.6931471805599453,0.6825624,train,p15,dataset_2,embedding
519,0.6931471805599453,0.729392,train,p15,dataset_2,embedding
193,0.6931471805599453,0.7401506,train,p15,dataset_2,embedding
378,0.6931471805599453,0.6814848,train,p15,dataset_2,embedding
1263,0.6931471805599453,0.69034505,train,p15,dataset_2,embedding
1174,1.3862943611198906,1.0314656,train,p15,dataset_2,embedding
850,0.6931471805599453,0.7349362,train,p15,dataset_2,embedding
913,0.6931471805599453,0.6594993,train,p15,dataset_2,embedding
637,1.791759469228055,1.413179,train,p15,dataset_2,embedding
450,0.6931471805599453,0.6902001,train,p15,dataset_2,embedding
856,0.6931471805599453,0.66975087,train,p15,dataset_2,embedding
14,0.6931471805599453,0.7023252,train,p15,dataset_2,embedding
841,0.6931471805599453,0.7974625,train,p15,dataset_2,embedding
803,0.6931471805599453,0.7107303,train,p15,dataset_2,embedding
1171,1.0986122886681098,1.3032572,train,p15,dataset_2,embedding
501,0.6931471805599453,0.672467,train,p15,dataset_2,embedding
234,0.6931471805599453,0.6982434,train,p15,dataset_2,embedding
329,0.6931471805599453,0.6836716,train,p15,dataset_2,embedding
104,0.6931471805599453,0.6616991,train,p15,dataset_2,embedding
317,0.6931471805599453,0.63939524,train,p15,dataset_2,embedding
1391,0.6931471805599453,0.8843347,train,p15,dataset_2,embedding
1302,0.6931471805599453,0.75654656,train,p15,dataset_2,embedding
492,0.6931471805599453,0.7848154,train,p15,dataset_2,embedding
235,1.9459101490553132,1.7785298,train,p15,dataset_2,embedding
1318,0.6931471805599453,0.7045293,train,p15,dataset_2,embedding
1147,0.6931471805599453,0.7237917,train,p15,dataset_2,embedding
1393,0.6931471805599453,0.7062318,train,p15,dataset_2,embedding
1331,0.6931471805599453,0.66883916,train,p15,dataset_2,embedding
866,0.6931471805599453,0.657589,train,p15,dataset_2,embedding
653,0.6931471805599453,0.9302402,train,p15,dataset_2,embedding
1358,1.0986122886681098,1.290012,train,p15,dataset_2,embedding
158,0.6931471805599453,0.68466485,train,p15,dataset_2,embedding
6,0.6931471805599453,0.74263144,train,p15,dataset_2,embedding
42,0.6931471805599453,0.6997484,train,p15,dataset_2,embedding
1003,0.6931471805599453,0.666606,train,p15,dataset_2,embedding
215,0.6931471805599453,0.72832876,train,p15,dataset_2,embedding
1352,1.0986122886681098,1.2686113,train,p15,dataset_2,embedding
592,0.6931471805599453,0.63092923,train,p15,dataset_2,embedding
279,0.6931471805599453,0.685179,train,p15,dataset_2,embedding
414,0.6931471805599453,0.770002,train,p15,dataset_2,embedding
408,0.6931471805599453,0.7372602,train,p15,dataset_2,embedding
1329,0.6931471805599453,0.6208365,train,p15,dataset_2,embedding
1305,0.6931471805599453,0.7005033,train,p15,dataset_2,embedding
214,0.6931471805599453,0.9078512,train,p15,dataset_2,embedding
188,0.6931471805599453,0.80169857,train,p15,dataset_2,embedding
1185,0.6931471805599453,0.6672316,train,p15,dataset_2,embedding
256,0.6931471805599453,0.7289702,train,p15,dataset_2,embedding
839,0.6931471805599453,0.7318014,train,p15,dataset_2,embedding
1012,0.6931471805599453,0.72537637,train,p15,dataset_2,embedding
1323,1.6094379124341005,1.3487258,train,p15,dataset_2,embedding
496,0.6931471805599453,0.7575767,train,p15,dataset_2,embedding
1382,0.6931471805599453,0.7453464,train,p15,dataset_2,embedding
718,2.4849066497880004,2.081221,train,p15,dataset_2,embedding
743,0.6931471805599453,0.69629675,train,p15,dataset_2,embedding
1304,0.6931471805599453,0.72667766,train,p15,dataset_2,embedding
111,0.6931471805599453,0.68763334,train,p15,dataset_2,embedding
659,0.6931471805599453,0.8648176,train,p15,dataset_2,embedding
1400,0.6931471805599453,0.6823875,train,p15,dataset_2,embedding
617,0.6931471805599453,0.69292146,train,p15,dataset_2,embedding
1362,0.6931471805599453,0.7174058,train,p15,dataset_2,embedding
1273,0.6931471805599453,0.66894394,train,p15,dataset_2,embedding
2,0.6931471805599453,0.7296258,train,p15,dataset_2,embedding
440,0.6931471805599453,0.6864494,train,p15,dataset_2,embedding
1020,0.6931471805599453,0.7002214,train,p15,dataset_2,embedding
300,0.6931471805599453,0.6959622,train,p15,dataset_2,embedding
404,1.3862943611198906,1.4170873,train,p15,dataset_2,embedding
1177,0.6931471805599453,0.7360296,train,p15,dataset_2,embedding
1070,0.6931471805599453,0.7829021,train,p15,dataset_2,embedding
632,2.0794415416798357,1.9066111,train,p15,dataset_2,embedding
1055,0.6931471805599453,0.6894555,train,p15,dataset_2,embedding
85,0.6931471805599453,0.82383126,train,p15,dataset_2,embedding
291,0.6931471805599453,0.6493889,train,p15,dataset_2,embedding
375,0.6931471805599453,0.6915877,train,p15,dataset_2,embedding
596,1.6094379124341005,1.271248,train,p15,dataset_2,embedding
396,0.6931471805599453,1.7521402,train,p15,dataset_2,embedding
1266,0.6931471805599453,0.72476256,train,p15,dataset_2,embedding
837,0.6931471805599453,0.7090172,train,p15,dataset_2,embedding
904,0.6931471805599453,0.68018425,train,p15,dataset_2,embedding
232,0.6931471805599453,0.677253,train,p15,dataset_2,embedding
458,0.6931471805599453,0.64870197,train,p15,dataset_2,embedding
1355,1.9459101490553132,1.8435895,train,p15,dataset_2,embedding
1141,0.6931471805599453,0.6726806,train,p15,dataset_2,embedding
1357,1.9459101490553132,1.4401125,train,p15,dataset_2,embedding
615,0.6931471805599453,0.70262706,train,p15,dataset_2,embedding
896,0.6931471805599453,0.7309508,train,p15,dataset_2,embedding
707,0.6931471805599453,0.69303584,train,p15,dataset_2,embedding
355,0.6931471805599453,0.729946,train,p15,dataset_2,embedding
879,0.6931471805599453,0.7065876,train,p15,dataset_2,embedding
1325,0.6931471805599453,0.77824366,train,p15,dataset_2,embedding
938,0.6931471805599453,0.6593249,train,p15,dataset_2,embedding
1152,0.6931471805599453,0.7075016,train,p15,dataset_2,embedding
874,0.6931471805599453,0.7057804,train,p15,dataset_2,embedding
1224,0.6931471805599453,0.73589474,train,p15,dataset_2,embedding
981,0.6931471805599453,0.70575976,train,p15,dataset_2,embedding
960,0.6931471805599453,0.733287,train,p15,dataset_2,embedding
620,0.6931471805599453,0.68396753,train,p15,dataset_2,embedding
128,0.6931471805599453,0.66667974,train,p15,dataset_2,embedding
601,0.6931471805599453,0.6672311,train,p15,dataset_2,embedding
772,0.6931471805599453,0.7550112,train,p15,dataset_2,embedding
769,0.6931471805599453,0.67202306,train,p15,dataset_2,embedding
31,0.6931471805599453,1.1016852,train,p15,dataset_2,embedding
35,0.6931471805599453,0.65773034,train,p15,dataset_2,embedding
697,0.6931471805599453,0.6844471,train,p15,dataset_2,embedding
969,0.6931471805599453,0.67273366,train,p15,dataset_2,embedding
1175,0.6931471805599453,0.6747398,train,p15,dataset_2,embedding
433,0.6931471805599453,0.70963484,train,p15,dataset_2,embedding
721,1.791759469228055,1.7971561,train,p15,dataset_2,embedding
212,0.6931471805599453,0.74674064,train,p15,dataset_2,embedding
925,0.6931471805599453,0.6750186,train,p15,dataset_2,embedding
209,1.0986122886681098,1.6276947,train,p15,dataset_2,embedding
1442,0.6931471805599453,0.68745816,train,p15,dataset_2,embedding
339,0.6931471805599453,0.67644835,train,p15,dataset_2,embedding
131,0.6931471805599453,0.7092939,train,p15,dataset_2,embedding
161,0.6931471805599453,0.6997006,train,p15,dataset_2,embedding
1160,0.6931471805599453,0.9109173,train,p15,dataset_2,embedding
177,0.6931471805599453,0.59343034,train,p15,dataset_2,embedding
474,0.6931471805599453,0.7308171,train,p15,dataset_2,embedding
1066,0.6931471805599453,0.75433135,train,p15,dataset_2,embedding
1232,0.6931471805599453,0.7063956,train,p15,dataset_2,embedding
990,0.6931471805599453,0.61162627,train,p15,dataset_2,embedding
509,0.6931471805599453,0.7277757,train,p15,dataset_2,embedding
468,0.6931471805599453,0.67196834,train,p15,dataset_2,embedding
457,0.6931471805599453,0.65930396,train,p15,dataset_2,embedding
748,1.0986122886681098,0.9157879,train,p15,dataset_2,embedding
102,0.6931471805599453,0.7319123,train,p15,dataset_2,embedding
656,0.6931471805599453,0.7563045,train,p15,dataset_2,embedding
1272,0.6931471805599453,0.6979522,train,p15,dataset_2,embedding
1303,0.6931471805599453,0.70305943,train,p15,dataset_2,embedding
1321,1.0986122886681098,1.1255302,train,p15,dataset_2,embedding
80,0.6931471805599453,0.690274,train,p15,dataset_2,embedding
1154,0.6931471805599453,0.647384,train,p15,dataset_2,embedding
285,1.3862943611198906,1.6031206,train,p15,dataset_2,embedding
1045,0.6931471805599453,0.7317598,train,p15,dataset_2,embedding
970,0.6931471805599453,0.7305708,train,p15,dataset_2,embedding
1226,0.6931471805599453,0.6856805,train,p15,dataset_2,embedding
136,0.6931471805599453,0.75746596,train,p15,dataset_2,embedding
825,0.6931471805599453,0.7207039,train,p15,dataset_2,embedding
1116,0.6931471805599453,0.6521212,train,p15,dataset_2,embedding
1255,0.6931471805599453,0.66502863,train,p15,dataset_2,embedding
418,1.0986122886681098,0.89087594,train,p15,dataset_2,embedding
493,0.6931471805599453,0.6830735,train,p15,dataset_2,embedding
503,0.6931471805599453,0.68371725,train,p15,dataset_2,embedding
248,0.6931471805599453,0.6537427,train,p15,dataset_2,embedding
1022,0.6931471805599453,0.69374496,train,p15,dataset_2,embedding
641,1.6094379124341005,1.2116436,train,p15,dataset_2,embedding
794,0.6931471805599453,0.7356608,train,p15,dataset_2,embedding
520,0.6931471805599453,0.6768714,train,p15,dataset_2,embedding
655,1.0986122886681098,0.8624162,train,p15,dataset_2,embedding
1162,0.6931471805599453,0.70902395,train,p15,dataset_2,embedding
112,0.6931471805599453,0.7226431,validation,p15,dataset_2,embedding
532,0.6931471805599453,0.69038963,validation,p15,dataset_2,embedding
1254,0.6931471805599453,0.7245256,validation,p15,dataset_2,embedding
1000,0.6931471805599453,0.7554807,validation,p15,dataset_2,embedding
1292,0.6931471805599453,0.71683496,validation,p15,dataset_2,embedding
1411,0.6931471805599453,0.67307234,validation,p15,dataset_2,embedding
1097,0.6931471805599453,0.76296383,validation,p15,dataset_2,embedding
710,0.6931471805599453,0.69165117,validation,p15,dataset_2,embedding
1373,0.6931471805599453,0.6838728,validation,p15,dataset_2,embedding
533,0.6931471805599453,0.7240763,validation,p15,dataset_2,embedding
454,0.6931471805599453,0.7005052,validation,p15,dataset_2,embedding
1104,0.6931471805599453,0.66254556,validation,p15,dataset_2,embedding
564,0.6931471805599453,0.6840446,validation,p15,dataset_2,embedding
36,0.6931471805599453,0.8345685,validation,p15,dataset_2,embedding
179,0.6931471805599453,0.67572504,validation,p15,dataset_2,embedding
963,0.6931471805599453,0.67392874,validation,p15,dataset_2,embedding
1181,0.6931471805599453,0.96251434,validation,p15,dataset_2,embedding
318,0.6931471805599453,0.7458708,validation,p15,dataset_2,embedding
140,0.6931471805599453,0.7048913,validation,p15,dataset_2,embedding
113,0.6931471805599453,0.8795856,validation,p15,dataset_2,embedding
505,0.6931471805599453,0.6578063,validation,p15,dataset_2,embedding
95,0.6931471805599453,0.7295674,validation,p15,dataset_2,embedding
1189,0.6931471805599453,0.67291725,validation,p15,dataset_2,embedding
1233,0.6931471805599453,0.7029022,validation,p15,dataset_2,embedding
766,0.6931471805599453,0.7348455,validation,p15,dataset_2,embedding
1410,0.6931471805599453,0.7238892,validation,p15,dataset_2,embedding
510,0.6931471805599453,0.8973329,validation,p15,dataset_2,embedding
1295,0.6931471805599453,0.694478,validation,p15,dataset_2,embedding
490,0.6931471805599453,0.6292027,validation,p15,dataset_2,embedding
1126,0.6931471805599453,0.86257577,validation,p15,dataset_2,embedding
579,0.6931471805599453,0.7046728,validation,p15,dataset_2,embedding
1238,0.6931471805599453,0.816777,validation,p15,dataset_2,embedding
1080,0.6931471805599453,0.70525324,validation,p15,dataset_2,embedding
1300,0.6931471805599453,0.6671593,validation,p15,dataset_2,embedding
315,0.6931471805599453,0.65731716,validation,p15,dataset_2,embedding
62,0.6931471805599453,0.7254483,validation,p15,dataset_2,embedding
872,0.6931471805599453,0.67048955,validation,p15,dataset_2,embedding
202,0.6931471805599453,0.66049767,validation,p15,dataset_2,embedding
618,0.6931471805599453,0.7013104,validation,p15,dataset_2,embedding
682,0.6931471805599453,0.68649244,validation,p15,dataset_2,embedding
997,0.6931471805599453,0.70065916,validation,p15,dataset_2,embedding
732,0.6931471805599453,0.9045348,validation,p15,dataset_2,embedding
91,0.6931471805599453,0.8309508,validation,p15,dataset_2,embedding
127,0.6931471805599453,0.6806841,validation,p15,dataset_2,embedding
539,0.6931471805599453,0.9475626,validation,p15,dataset_2,embedding
739,0.6931471805599453,0.7553238,validation,p15,dataset_2,embedding
1421,0.6931471805599453,0.7152012,validation,p15,dataset_2,embedding
832,0.6931471805599453,0.73444414,validation,p15,dataset_2,embedding
927,0.6931471805599453,0.7067462,validation,p15,dataset_2,embedding
811,0.6931471805599453,0.68606323,validation,p15,dataset_2,embedding
1441,0.6931471805599453,0.649797,validation,p15,dataset_2,embedding
582,0.6931471805599453,0.69384015,validation,p15,dataset_2,embedding
148,0.6931471805599453,0.72943354,validation,p15,dataset_2,embedding
1341,0.6931471805599453,0.76525867,validation,p15,dataset_2,embedding
38,0.6931471805599453,0.71599454,validation,p15,dataset_2,embedding
268,1.0986122886681098,1.6326165,validation,p15,dataset_2,embedding
1069,0.6931471805599453,0.6580619,validation,p15,dataset_2,embedding
1190,0.6931471805599453,0.72427505,validation,p15,dataset_2,embedding
330,0.6931471805599453,0.7010894,validation,p15,dataset_2,embedding
833,0.6931471805599453,0.6682138,validation,p15,dataset_2,embedding
1337,0.6931471805599453,0.71947104,validation,p15,dataset_2,embedding
545,0.6931471805599453,0.6984956,validation,p15,dataset_2,embedding
1379,1.0986122886681098,1.3948728,validation,p15,dataset_2,embedding
1100,0.6931471805599453,0.72382766,validation,p15,dataset_2,embedding
1286,0.6931471805599453,0.729709,validation,p15,dataset_2,embedding
571,0.6931471805599453,0.69421077,validation,p15,dataset_2,embedding
784,0.6931471805599453,0.6621245,validation,p15,dataset_2,embedding
708,0.6931471805599453,0.69229186,validation,p15,dataset_2,embedding
1191,0.6931471805599453,0.68309885,validation,p15,dataset_2,embedding
1130,0.6931471805599453,0.7254654,validation,p15,dataset_2,embedding
1028,0.6931471805599453,0.7065605,validation,p15,dataset_2,embedding
763,0.6931471805599453,0.6649964,validation,p15,dataset_2,embedding
625,2.302585092994046,2.9900324,validation,p15,dataset_2,embedding
983,0.6931471805599453,0.70442504,validation,p15,dataset_2,embedding
283,0.6931471805599453,0.84852546,validation,p15,dataset_2,embedding
1151,0.6931471805599453,0.7306232,validation,p15,dataset_2,embedding
587,0.6931471805599453,0.66424775,validation,p15,dataset_2,embedding
471,0.6931471805599453,0.70525825,validation,p15,dataset_2,embedding
265,0.6931471805599453,0.7298751,validation,p15,dataset_2,embedding
1228,0.6931471805599453,0.6912751,validation,p15,dataset_2,embedding
1112,0.6931471805599453,0.67504334,validation,p15,dataset_2,embedding
795,0.6931471805599453,0.71376765,validation,p15,dataset_2,embedding
1338,0.6931471805599453,0.7377009,validation,p15,dataset_2,embedding
1048,0.6931471805599453,0.7945428,validation,p15,dataset_2,embedding
780,0.6931471805599453,0.7183734,validation,p15,dataset_2,embedding
959,0.6931471805599453,0.69273317,validation,p15,dataset_2,embedding
878,1.0986122886681098,0.6886286,validation,p15,dataset_2,embedding
174,0.6931471805599453,0.6919557,validation,p15,dataset_2,embedding
93,0.6931471805599453,0.7312294,validation,p15,dataset_2,embedding
122,0.6931471805599453,0.61481696,validation,p15,dataset_2,embedding
961,0.6931471805599453,0.6850322,validation,p15,dataset_2,embedding
1026,0.6931471805599453,0.68983686,validation,p15,dataset_2,embedding
57,0.6931471805599453,0.6178336,validation,p15,dataset_2,embedding
106,1.0986122886681098,0.8727547,validation,p15,dataset_2,embedding
518,0.6931471805599453,0.71783894,validation,p15,dataset_2,embedding
345,0.6931471805599453,0.7024846,validation,p15,dataset_2,embedding
1231,0.6931471805599453,0.90807354,validation,p15,dataset_2,embedding
34,1.0986122886681098,1.0463867,validation,p15,dataset_2,embedding
405,1.0986122886681098,1.0864385,validation,p15,dataset_2,embedding
1432,0.6931471805599453,0.7045274,validation,p15,dataset_2,embedding
126,0.6931471805599453,0.7055077,validation,p15,dataset_2,embedding
217,0.6931471805599453,0.791789,validation,p15,dataset_2,embedding
914,0.6931471805599453,0.70579785,validation,p15,dataset_2,embedding
787,0.6931471805599453,0.60069466,validation,p15,dataset_2,embedding
24,0.6931471805599453,0.72931397,validation,p15,dataset_2,embedding
424,0.6931471805599453,0.88956153,validation,p15,dataset_2,embedding
403,3.610917912644224,3.9498537,validation,p15,dataset_2,embedding
1131,0.6931471805599453,0.70402133,validation,p15,dataset_2,embedding
733,0.6931471805599453,0.9903829,validation,p15,dataset_2,embedding
666,0.6931471805599453,0.6630018,validation,p15,dataset_2,embedding
77,0.6931471805599453,0.7484475,validation,p15,dataset_2,embedding
1396,0.6931471805599453,0.7247108,validation,p15,dataset_2,embedding
438,0.6931471805599453,0.87978506,validation,p15,dataset_2,embedding
912,0.6931471805599453,0.66100234,validation,p15,dataset_2,embedding
173,0.6931471805599453,0.66420895,validation,p15,dataset_2,embedding
28,0.6931471805599453,0.75270575,validation,p15,dataset_2,embedding
1009,0.6931471805599453,0.6729975,validation,p15,dataset_2,embedding
409,0.6931471805599453,1.0535885,validation,p15,dataset_2,embedding
686,0.6931471805599453,0.7293148,validation,p15,dataset_2,embedding
1065,0.6931471805599453,0.5745584,validation,p15,dataset_2,embedding
1251,0.6931471805599453,0.73411894,validation,p15,dataset_2,embedding
195,0.6931471805599453,0.7011006,validation,p15,dataset_2,embedding
419,1.0986122886681098,0.6878256,validation,p15,dataset_2,embedding
662,0.6931471805599453,1.0166337,validation,p15,dataset_2,embedding
690,0.6931471805599453,0.7634503,validation,p15,dataset_2,embedding
813,0.6931471805599453,0.74464524,validation,p15,dataset_2,embedding
242,1.6094379124341005,1.2187239,validation,p15,dataset_2,embedding
558,0.6931471805599453,0.78757596,validation,p15,dataset_2,embedding
251,0.6931471805599453,0.6836135,validation,p15,dataset_2,embedding
806,0.6931471805599453,0.7850693,validation,p15,dataset_2,embedding
276,0.6931471805599453,0.6856599,validation,p15,dataset_2,embedding
1121,0.6931471805599453,0.8252041,validation,p15,dataset_2,embedding
673,1.0986122886681098,1.0935245,validation,p15,dataset_2,embedding
1014,0.6931471805599453,0.92547446,validation,p15,dataset_2,embedding
950,0.6931471805599453,0.73348725,validation,p15,dataset_2,embedding
447,0.6931471805599453,0.7029763,validation,p15,dataset_2,embedding
68,0.6931471805599453,0.72604907,validation,p15,dataset_2,embedding
229,0.6931471805599453,0.7371231,validation,p15,dataset_2,embedding
934,0.6931471805599453,0.71454465,validation,p15,dataset_2,embedding
770,0.6931471805599453,0.6442537,validation,p15,dataset_2,embedding
1123,0.6931471805599453,0.6883117,validation,p15,dataset_2,embedding
751,1.0986122886681098,0.84799427,validation,p15,dataset_2,embedding
1298,0.6931471805599453,0.70705223,validation,p15,dataset_2,embedding
1087,0.6931471805599453,0.91122276,validation,p15,dataset_2,embedding
611,0.6931471805599453,0.6620257,validation,p15,dataset_2,embedding
949,0.6931471805599453,0.73045135,validation,p15,dataset_2,embedding
1179,0.6931471805599453,0.8383193,validation,p15,dataset_2,embedding
1422,0.6931471805599453,0.7301862,validation,p15,dataset_2,embedding
47,0.6931471805599453,0.75191665,validation,p15,dataset_2,embedding
1258,0.6931471805599453,0.6678633,validation,p15,dataset_2,embedding
607,0.6931471805599453,0.7318685,validation,p15,dataset_2,embedding
1199,0.6931471805599453,0.68740404,validation,p15,dataset_2,embedding
1246,0.6931471805599453,0.6903994,validation,p15,dataset_2,embedding
1,0.6931471805599453,0.87233454,validation,p15,dataset_2,embedding
257,1.9459101490553132,1.1322535,validation,p15,dataset_2,embedding
60,0.6931471805599453,0.6840927,validation,p15,dataset_2,embedding
407,0.6931471805599453,0.75819147,validation,p15,dataset_2,embedding
1281,0.6931471805599453,0.70236206,validation,p15,dataset_2,embedding
804,0.6931471805599453,0.68427885,validation,p15,dataset_2,embedding
639,1.9459101490553132,1.5999064,validation,p15,dataset_2,embedding
0,0.6931471805599453,0.6832149,validation,p15,dataset_2,embedding
560,1.0986122886681098,0.82061255,validation,p15,dataset_2,embedding
12,0.6931471805599453,1.2186536,validation,p15,dataset_2,embedding
1250,0.6931471805599453,0.7193339,validation,p15,dataset_2,embedding
61,0.6931471805599453,0.7296026,validation,p15,dataset_2,embedding
116,0.6931471805599453,0.7058903,validation,p15,dataset_2,embedding
702,0.6931471805599453,0.701211,validation,p15,dataset_2,embedding
1025,0.6931471805599453,0.6935675,validation,p15,dataset_2,embedding
869,0.6931471805599453,0.7323805,validation,p15,dataset_2,embedding
1193,0.6931471805599453,0.7189764,validation,p15,dataset_2,embedding
1290,0.6931471805599453,0.6748637,validation,p15,dataset_2,embedding
551,1.0986122886681098,1.7275702,validation,p15,dataset_2,embedding
1311,0.6931471805599453,0.7160791,validation,p15,dataset_2,embedding
819,0.6931471805599453,0.67294335,validation,p15,dataset_2,embedding
18,1.0986122886681098,0.7563611,validation,p15,dataset_2,embedding
417,0.6931471805599453,0.7027392,validation,p15,dataset_2,embedding
1297,0.6931471805599453,0.72398424,validation,p15,dataset_2,embedding
121,0.6931471805599453,0.64252216,validation,p15,dataset_2,embedding
513,0.6931471805599453,0.6939932,validation,p15,dataset_2,embedding
1414,0.6931471805599453,0.6806402,validation,p15,dataset_2,embedding
848,0.6931471805599453,0.73056847,validation,p15,dataset_2,embedding
362,0.6931471805599453,0.71306264,validation,p15,dataset_2,embedding
679,0.6931471805599453,0.83392954,validation,p15,dataset_2,embedding
863,0.6931471805599453,0.70758426,validation,p15,dataset_2,embedding
978,0.6931471805599453,0.71047187,validation,p15,dataset_2,embedding
308,0.6931471805599453,0.69929624,validation,p15,dataset_2,embedding
290,0.6931471805599453,0.68575406,validation,p15,dataset_2,embedding
71,0.6931471805599453,0.7524664,validation,p15,dataset_2,embedding
376,0.6931471805599453,0.62772393,validation,p15,dataset_2,embedding
135,0.6931471805599453,0.68241465,validation,p15,dataset_2,embedding
463,0.6931471805599453,0.6577805,validation,p15,dataset_2,embedding
1120,0.6931471805599453,0.86143684,validation,p15,dataset_2,embedding
1156,0.6931471805599453,0.7294685,validation,p15,dataset_2,embedding
282,1.6094379124341005,1.2167802,validation,p15,dataset_2,embedding
88,0.6931471805599453,0.6817979,validation,p15,dataset_2,embedding
1402,0.6931471805599453,0.6706766,validation,p15,dataset_2,embedding
494,0.6931471805599453,0.65868676,validation,p15,dataset_2,embedding
465,0.6931471805599453,0.61333036,validation,p15,dataset_2,embedding
103,0.6931471805599453,0.67487216,validation,p15,dataset_2,embedding
1346,0.6931471805599453,0.71593493,validation,p15,dataset_2,embedding
1288,0.6931471805599453,0.71538603,validation,p15,dataset_2,embedding
507,0.6931471805599453,0.7000194,validation,p15,dataset_2,embedding
627,2.3978952727983707,0.9309978,validation,p15,dataset_2,embedding
968,0.6931471805599453,0.7027522,validation,p15,dataset_2,embedding
765,0.6931471805599453,0.9351455,validation,p15,dataset_2,embedding
916,0.6931471805599453,0.70128334,validation,p15,dataset_2,embedding
53,0.6931471805599453,0.7304555,validation,p15,dataset_2,embedding
871,0.6931471805599453,0.7102216,validation,p15,dataset_2,embedding
713,3.332204510175204,3.5583565,validation,p15,dataset_2,embedding
910,0.6931471805599453,0.7062284,validation,p15,dataset_2,embedding
400,1.791759469228055,1.4401795,validation,p15,dataset_2,embedding
853,0.6931471805599453,0.6775348,validation,p15,dataset_2,embedding
714,3.5553480614894135,3.524071,validation,p15,dataset_2,embedding
164,0.6931471805599453,0.6424532,validation,p15,dataset_2,embedding
499,0.6931471805599453,0.70487696,validation,p15,dataset_2,embedding
1138,0.6931471805599453,0.72999704,validation,p15,dataset_2,embedding
776,0.6931471805599453,0.70169616,validation,p15,dataset_2,embedding
413,0.6931471805599453,0.67954975,test,p15,dataset_2,embedding
316,0.6931471805599453,0.65911853,test,p15,dataset_2,embedding
1034,0.6931471805599453,0.7446852,test,p15,dataset_2,embedding
65,0.6931471805599453,0.82455844,test,p15,dataset_2,embedding
1024,0.6931471805599453,0.6725896,test,p15,dataset_2,embedding
661,0.6931471805599453,0.76802343,test,p15,dataset_2,embedding
175,0.6931471805599453,0.7110469,test,p15,dataset_2,embedding
824,0.6931471805599453,0.6774097,test,p15,dataset_2,embedding
649,0.6931471805599453,0.74753046,test,p15,dataset_2,embedding
231,0.6931471805599453,0.70805156,test,p15,dataset_2,embedding
198,0.6931471805599453,0.689119,test,p15,dataset_2,embedding
845,0.6931471805599453,0.6913238,test,p15,dataset_2,embedding
1108,0.6931471805599453,0.71837157,test,p15,dataset_2,embedding
1394,0.6931471805599453,0.6586376,test,p15,dataset_2,embedding
358,0.6931471805599453,0.7294198,test,p15,dataset_2,embedding
1088,2.302585092994046,1.2566617,test,p15,dataset_2,embedding
394,3.5263605246161616,2.6018438,test,p15,dataset_2,embedding
275,0.6931471805599453,0.7151382,test,p15,dataset_2,embedding
782,0.6931471805599453,0.6813868,test,p15,dataset_2,embedding
715,2.1972245773362196,2.2140496,test,p15,dataset_2,embedding
239,0.6931471805599453,0.9855251,test,p15,dataset_2,embedding
240,2.0794415416798357,2.111382,test,p15,dataset_2,embedding
420,0.6931471805599453,0.69946706,test,p15,dataset_2,embedding
1259,0.6931471805599453,0.7300358,test,p15,dataset_2,embedding
986,0.6931471805599453,0.7157819,test,p15,dataset_2,embedding
752,0.6931471805599453,0.7417495,test,p15,dataset_2,embedding
590,0.6931471805599453,0.73546773,test,p15,dataset_2,embedding
1398,0.6931471805599453,0.6667718,test,p15,dataset_2,embedding
51,0.6931471805599453,0.7317435,test,p15,dataset_2,embedding
680,0.6931471805599453,0.68310744,test,p15,dataset_2,embedding
374,0.6931471805599453,0.6282244,test,p15,dataset_2,embedding
168,0.6931471805599453,0.72998595,test,p15,dataset_2,embedding
244,0.6931471805599453,0.63955367,test,p15,dataset_2,embedding
585,0.6931471805599453,0.7230443,test,p15,dataset_2,embedding
1412,0.6931471805599453,0.65284944,test,p15,dataset_2,embedding
598,0.6931471805599453,0.75060505,test,p15,dataset_2,embedding
49,0.6931471805599453,0.6812625,test,p15,dataset_2,embedding
462,0.6931471805599453,0.70632386,test,p15,dataset_2,embedding
1223,0.6931471805599453,0.611759,test,p15,dataset_2,embedding
29,0.6931471805599453,0.8744413,test,p15,dataset_2,embedding
192,0.6931471805599453,0.67346436,test,p15,dataset_2,embedding
922,0.6931471805599453,0.71436375,test,p15,dataset_2,embedding
1434,0.6931471805599453,0.6583017,test,p15,dataset_2,embedding
621,0.6931471805599453,0.72857034,test,p15,dataset_2,embedding
1027,0.6931471805599453,0.6980694,test,p15,dataset_2,embedding
730,0.6931471805599453,0.9854945,test,p15,dataset_2,embedding
67,0.6931471805599453,0.70050883,test,p15,dataset_2,embedding
1313,0.6931471805599453,0.7029406,test,p15,dataset_2,embedding
527,0.6931471805599453,0.72210073,test,p15,dataset_2,embedding
812,0.6931471805599453,0.7425846,test,p15,dataset_2,embedding
1261,0.6931471805599453,0.7304294,test,p15,dataset_2,embedding
741,1.3862943611198906,0.8507104,test,p15,dataset_2,embedding
1227,0.6931471805599453,0.70846486,test,p15,dataset_2,embedding
261,0.6931471805599453,0.6932256,test,p15,dataset_2,embedding
836,0.6931471805599453,0.726961,test,p15,dataset_2,embedding
123,0.6931471805599453,0.7497235,test,p15,dataset_2,embedding
1384,0.6931471805599453,0.86108726,test,p15,dataset_2,embedding
605,0.6931471805599453,0.7544362,test,p15,dataset_2,embedding
973,0.6931471805599453,0.7172658,test,p15,dataset_2,embedding
594,0.6931471805599453,0.7317747,test,p15,dataset_2,embedding
184,0.6931471805599453,0.62373906,test,p15,dataset_2,embedding
946,0.6931471805599453,0.70576113,test,p15,dataset_2,embedding
888,0.6931471805599453,0.70763284,test,p15,dataset_2,embedding
141,0.6931471805599453,0.73025835,test,p15,dataset_2,embedding
964,0.6931471805599453,0.7321855,test,p15,dataset_2,embedding
816,0.6931471805599453,0.6715333,test,p15,dataset_2,embedding
1239,0.6931471805599453,0.71565545,test,p15,dataset_2,embedding
44,0.6931471805599453,0.7295872,test,p15,dataset_2,embedding
799,0.6931471805599453,0.68952066,test,p15,dataset_2,embedding
566,0.6931471805599453,0.70451134,test,p15,dataset_2,embedding
1144,0.6931471805599453,0.70560515,test,p15,dataset_2,embedding
802,0.6931471805599453,0.62964106,test,p15,dataset_2,embedding
1030,0.6931471805599453,0.7304397,test,p15,dataset_2,embedding
76,1.3862943611198906,1.1669354,test,p15,dataset_2,embedding
361,0.6931471805599453,0.6632596,test,p15,dataset_2,embedding
1333,0.6931471805599453,0.7111194,test,p15,dataset_2,embedding
270,0.6931471805599453,0.73955834,test,p15,dataset_2,embedding
1098,0.6931471805599453,0.74299926,test,p15,dataset_2,embedding
1197,0.6931471805599453,0.6390877,test,p15,dataset_2,embedding
1036,0.6931471805599453,0.72254163,test,p15,dataset_2,embedding
1039,0.6931471805599453,0.6686348,test,p15,dataset_2,embedding
78,0.6931471805599453,0.72757804,test,p15,dataset_2,embedding
745,0.6931471805599453,0.71592677,test,p15,dataset_2,embedding
271,0.6931471805599453,0.7249281,test,p15,dataset_2,embedding
575,0.6931471805599453,0.6307261,test,p15,dataset_2,embedding
1285,0.6931471805599453,0.7392254,test,p15,dataset_2,embedding
1023,0.6931471805599453,0.6797285,test,p15,dataset_2,embedding
651,0.6931471805599453,0.79655826,test,p15,dataset_2,embedding
70,0.6931471805599453,0.66572154,test,p15,dataset_2,embedding
15,0.6931471805599453,0.88260835,test,p15,dataset_2,embedding
1438,0.6931471805599453,0.6591629,test,p15,dataset_2,embedding
351,0.6931471805599453,0.6571829,test,p15,dataset_2,embedding
115,0.6931471805599453,0.72865784,test,p15,dataset_2,embedding
303,0.6931471805599453,0.73341376,test,p15,dataset_2,embedding
1075,0.6931471805599453,0.6840967,test,p15,dataset_2,embedding
796,0.6931471805599453,0.6985305,test,p15,dataset_2,embedding
528,0.6931471805599453,0.7065077,test,p15,dataset_2,embedding
901,0.6931471805599453,0.7074222,test,p15,dataset_2,embedding
479,0.6931471805599453,0.87570775,test,p15,dataset_2,embedding
905,0.6931471805599453,0.67373514,test,p15,dataset_2,embedding
415,0.6931471805599453,0.94462955,test,p15,dataset_2,embedding
711,0.6931471805599453,0.7061437,test,p15,dataset_2,embedding
309,0.6931471805599453,0.90673685,test,p15,dataset_2,embedding
1053,0.6931471805599453,0.7389525,test,p15,dataset_2,embedding
788,0.6931471805599453,0.7070363,test,p15,dataset_2,embedding
1236,0.6931471805599453,0.78531706,test,p15,dataset_2,embedding
887,0.6931471805599453,0.73188233,test,p15,dataset_2,embedding
1399,0.6931471805599453,0.6280254,test,p15,dataset_2,embedding
1068,0.6931471805599453,0.71177286,test,p15,dataset_2,embedding
478,0.6931471805599453,0.67842126,test,p15,dataset_2,embedding
999,0.6931471805599453,0.70541,test,p15,dataset_2,embedding
873,0.6931471805599453,0.7285005,test,p15,dataset_2,embedding
818,0.6931471805599453,0.91158384,test,p15,dataset_2,embedding
1090,1.791759469228055,1.3981398,test,p15,dataset_2,embedding
757,0.6931471805599453,0.7289229,test,p15,dataset_2,embedding
1031,0.6931471805599453,0.7296045,test,p15,dataset_2,embedding
322,0.6931471805599453,0.72895634,test,p15,dataset_2,embedding
332,0.6931471805599453,0.7125988,test,p15,dataset_2,embedding
567,0.6931471805599453,0.7257277,test,p15,dataset_2,embedding
892,0.6931471805599453,0.7308241,test,p15,dataset_2,embedding
610,0.6931471805599453,0.70034945,test,p15,dataset_2,embedding
529,0.6931471805599453,0.89205134,test,p15,dataset_2,embedding
570,0.6931471805599453,0.72851384,test,p15,dataset_2,embedding
429,0.6931471805599453,0.7253058,test,p15,dataset_2,embedding
985,0.6931471805599453,0.69584453,test,p15,dataset_2,embedding
43,0.6931471805599453,0.7265362,test,p15,dataset_2,embedding
497,0.6931471805599453,0.67858845,test,p15,dataset_2,embedding
451,0.6931471805599453,0.7318373,test,p15,dataset_2,embedding
1085,0.6931471805599453,0.7293435,test,p15,dataset_2,embedding
1423,0.6931471805599453,0.70443124,test,p15,dataset_2,embedding
101,0.6931471805599453,0.7091013,test,p15,dataset_2,embedding
889,0.6931471805599453,0.7325192,test,p15,dataset_2,embedding
289,0.6931471805599453,0.7017558,test,p15,dataset_2,embedding
1006,0.6931471805599453,0.7012953,test,p15,dataset_2,embedding
1443,0.6931471805599453,0.72372544,test,p15,dataset_2,embedding
1308,0.6931471805599453,0.67902076,test,p15,dataset_2,embedding
1330,0.6931471805599453,0.7591298,test,p15,dataset_2,embedding
381,0.6931471805599453,0.7293327,test,p15,dataset_2,embedding
847,0.6931471805599453,0.77030355,test,p15,dataset_2,embedding
1057,0.6931471805599453,0.77782,test,p15,dataset_2,embedding
602,0.6931471805599453,0.70488715,test,p15,dataset_2,embedding
898,0.6931471805599453,0.60895234,test,p15,dataset_2,embedding
636,1.9459101490553132,2.3702388,test,p15,dataset_2,embedding
665,1.0986122886681098,1.0883003,test,p15,dataset_2,embedding
588,1.0986122886681098,0.93571925,test,p15,dataset_2,embedding
163,0.6931471805599453,0.6894611,test,p15,dataset_2,embedding
32,0.6931471805599453,0.8966268,test,p15,dataset_2,embedding
619,0.6931471805599453,0.6579305,test,p15,dataset_2,embedding
672,0.6931471805599453,0.71034336,test,p15,dataset_2,embedding
324,0.6931471805599453,0.6980345,test,p15,dataset_2,embedding
382,0.6931471805599453,0.67290187,test,p15,dataset_2,embedding
306,0.6931471805599453,0.6728745,test,p15,dataset_2,embedding
1163,0.6931471805599453,0.7299681,test,p15,dataset_2,embedding
855,0.6931471805599453,0.65795285,test,p15,dataset_2,embedding
722,1.0986122886681098,1.1055901,test,p15,dataset_2,embedding
365,0.6931471805599453,0.6720047,test,p15,dataset_2,embedding
423,0.6931471805599453,0.6827446,test,p15,dataset_2,embedding
933,0.6931471805599453,0.7597909,test,p15,dataset_2,embedding
247,0.6931471805599453,0.69802827,test,p15,dataset_2,embedding
427,0.6931471805599453,0.79940945,test,p15,dataset_2,embedding
1380,1.0986122886681098,1.0894312,test,p15,dataset_2,embedding
543,0.6931471805599453,0.6696226,test,p15,dataset_2,embedding
218,0.6931471805599453,0.7614733,test,p15,dataset_2,embedding
864,0.6931471805599453,0.6898694,test,p15,dataset_2,embedding
274,0.6931471805599453,0.6141653,test,p15,dataset_2,embedding
628,3.9889840465642745,2.6271393,test,p15,dataset_2,embedding
1237,0.6931471805599453,0.88648236,test,p15,dataset_2,embedding
1431,0.6931471805599453,0.6724282,test,p15,dataset_2,embedding
63,0.6931471805599453,0.6401976,test,p15,dataset_2,embedding
1178,0.6931471805599453,0.68993247,test,p15,dataset_2,embedding
380,0.6931471805599453,0.6870295,test,p15,dataset_2,embedding
1203,0.6931471805599453,0.73722523,test,p15,dataset_2,embedding
1235,0.6931471805599453,0.7083443,test,p15,dataset_2,embedding
485,0.6931471805599453,0.7047994,test,p15,dataset_2,embedding
674,1.0986122886681098,0.8388443,test,p15,dataset_2,embedding
1201,0.6931471805599453,0.71585697,test,p15,dataset_2,embedding
931,0.6931471805599453,0.6417087,test,p15,dataset_2,embedding
203,0.6931471805599453,0.68428946,test,p15,dataset_2,embedding
522,0.6931471805599453,0.68943506,test,p15,dataset_2,embedding
894,0.6931471805599453,0.6588351,test,p15,dataset_2,embedding
30,1.9459101490553132,1.1495764,test,p15,dataset_2,embedding
56,0.6931471805599453,0.66257936,test,p15,dataset_2,embedding
1166,2.6390573296152584,3.2852974,test,p15,dataset_2,embedding
1092,0.6931471805599453,0.6724244,test,p15,dataset_2,embedding
371,0.6931471805599453,0.6805452,test,p15,dataset_2,embedding
945,0.6931471805599453,0.6871113,test,p15,dataset_2,embedding
1378,0.6931471805599453,0.68375266,test,p15,dataset_2,embedding
1192,0.6931471805599453,0.78656495,test,p15,dataset_2,embedding
858,0.6931471805599453,0.7302236,test,p15,dataset_2,embedding
464,0.6931471805599453,0.7290897,test,p15,dataset_2,embedding
363,0.6931471805599453,0.7388941,test,p15,dataset_2,embedding
1187,0.6931471805599453,0.7452894,test,p15,dataset_2,embedding
578,0.6931471805599453,0.61515516,test,p15,dataset_2,embedding
237,1.3862943611198906,1.1217661,test,p15,dataset_2,embedding
1390,0.6931471805599453,0.66420686,test,p15,dataset_2,embedding
99,0.6931471805599453,0.6822013,test,p15,dataset_2,embedding
461,0.6931471805599453,0.88475466,test,p15,dataset_2,embedding
259,0.6931471805599453,0.6778376,test,p15,dataset_2,embedding
481,0.6931471805599453,0.7261974,test,p15,dataset_2,embedding
583,0.6931471805599453,0.72852975,test,p15,dataset_2,embedding
861,0.6931471805599453,0.73944116,test,p15,dataset_2,embedding
1043,0.6931471805599453,0.71551365,test,p15,dataset_2,embedding
277,0.6931471805599453,0.67227125,test,p15,dataset_2,embedding
744,0.6931471805599453,0.75623006,test,p15,dataset_2,embedding
584,0.6931471805599453,0.6771449,test,p15,dataset_2,embedding
1037,0.6931471805599453,0.6843115,test,p15,dataset_2,embedding
906,0.6931471805599453,0.6149425,test,p15,dataset_2,embedding
377,0.6931471805599453,0.66534984,test,p15,dataset_2,embedding
549,0.6931471805599453,0.7151544,test,p15,dataset_2,embedding
1417,0.6931471805599453,0.65757334,test,p15,dataset_2,embedding
771,0.6931471805599453,0.7431696,test,p15,dataset_2,embedding
691,1.0986122886681098,1.0411386,test,p15,dataset_2,embedding
706,0.6931471805599453,0.7053632,test,p15,dataset_2,embedding
297,0.6931471805599453,0.740115,test,p15,dataset_2,embedding
1247,0.6931471805599453,0.6849564,test,p15,dataset_2,embedding
893,0.6931471805599453,0.713914,test,p15,dataset_2,embedding
947,0.6931471805599453,0.67889786,test,p15,dataset_2,embedding
505,0.6931471805599453,0.71575785,train,p20,dataset_2,embedding
1162,0.6931471805599453,0.6986565,train,p20,dataset_2,embedding
112,0.6931471805599453,0.7107332,train,p20,dataset_2,embedding
701,1.0986122886681098,1.0562176,train,p20,dataset_2,embedding
456,0.6931471805599453,0.72390914,train,p20,dataset_2,embedding
1325,0.6931471805599453,0.79293066,train,p20,dataset_2,embedding
891,0.6931471805599453,0.60169894,train,p20,dataset_2,embedding
426,0.6931471805599453,0.6911847,train,p20,dataset_2,embedding
1274,0.6931471805599453,0.716019,train,p20,dataset_2,embedding
219,0.6931471805599453,0.70834327,train,p20,dataset_2,embedding
73,0.6931471805599453,0.7104516,train,p20,dataset_2,embedding
1269,0.6931471805599453,0.7271903,train,p20,dataset_2,embedding
387,0.6931471805599453,0.68264085,train,p20,dataset_2,embedding
849,0.6931471805599453,0.78498405,train,p20,dataset_2,embedding
1091,0.6931471805599453,0.8474491,train,p20,dataset_2,embedding
1243,0.6931471805599453,0.6769008,train,p20,dataset_2,embedding
1064,0.6931471805599453,0.77944,train,p20,dataset_2,embedding
1231,0.6931471805599453,0.770907,train,p20,dataset_2,embedding
75,0.6931471805599453,0.7925586,train,p20,dataset_2,embedding
748,1.0986122886681098,0.91242933,train,p20,dataset_2,embedding
307,0.6931471805599453,0.73445493,train,p20,dataset_2,embedding
944,0.6931471805599453,0.64183336,train,p20,dataset_2,embedding
301,0.6931471805599453,0.70757467,train,p20,dataset_2,embedding
1358,1.3862943611198906,1.2939118,train,p20,dataset_2,embedding
572,0.6931471805599453,0.6872738,train,p20,dataset_2,embedding
375,0.6931471805599453,0.7449581,train,p20,dataset_2,embedding
803,0.6931471805599453,0.70139724,train,p20,dataset_2,embedding
846,0.6931471805599453,0.63087875,train,p20,dataset_2,embedding
1428,0.6931471805599453,0.7394442,train,p20,dataset_2,embedding
269,0.6931471805599453,0.68221784,train,p20,dataset_2,embedding
448,0.6931471805599453,0.70933425,train,p20,dataset_2,embedding
318,0.6931471805599453,0.68793505,train,p20,dataset_2,embedding
969,0.6931471805599453,0.682488,train,p20,dataset_2,embedding
686,0.6931471805599453,0.6807903,train,p20,dataset_2,embedding
1171,1.0986122886681098,1.2247266,train,p20,dataset_2,embedding
534,0.6931471805599453,0.68731487,train,p20,dataset_2,embedding
362,0.6931471805599453,0.74969506,train,p20,dataset_2,embedding
734,0.6931471805599453,0.8950946,train,p20,dataset_2,embedding
110,0.6931471805599453,0.7017482,train,p20,dataset_2,embedding
1408,0.6931471805599453,0.66522473,train,p20,dataset_2,embedding
868,0.6931471805599453,0.74093086,train,p20,dataset_2,embedding
763,0.6931471805599453,0.66674453,train,p20,dataset_2,embedding
314,0.6931471805599453,0.6845202,train,p20,dataset_2,embedding
1421,0.6931471805599453,0.68604064,train,p20,dataset_2,embedding
826,0.6931471805599453,0.6939417,train,p20,dataset_2,embedding
424,0.6931471805599453,0.83907634,train,p20,dataset_2,embedding
724,1.3862943611198906,1.4565175,train,p20,dataset_2,embedding
1319,0.6931471805599453,0.66709733,train,p20,dataset_2,embedding
209,1.0986122886681098,1.6553075,train,p20,dataset_2,embedding
1371,0.6931471805599453,0.69973695,train,p20,dataset_2,embedding
1044,0.6931471805599453,0.6702879,train,p20,dataset_2,embedding
1184,0.6931471805599453,0.7316323,train,p20,dataset_2,embedding
613,0.6931471805599453,0.7344435,train,p20,dataset_2,embedding
1284,0.6931471805599453,0.69719565,train,p20,dataset_2,embedding
899,0.6931471805599453,0.7173148,train,p20,dataset_2,embedding
755,0.6931471805599453,0.6900806,train,p20,dataset_2,embedding
1265,0.6931471805599453,0.6987092,train,p20,dataset_2,embedding
1419,0.6931471805599453,0.6820286,train,p20,dataset_2,embedding
843,0.6931471805599453,0.6820716,train,p20,dataset_2,embedding
1202,0.6931471805599453,0.67393374,train,p20,dataset_2,embedding
853,0.6931471805599453,0.6835473,train,p20,dataset_2,embedding
435,0.6931471805599453,0.8865395,train,p20,dataset_2,embedding
778,0.6931471805599453,0.6643309,train,p20,dataset_2,embedding
1113,0.6931471805599453,0.6875509,train,p20,dataset_2,embedding
1079,0.6931471805599453,0.6805822,train,p20,dataset_2,embedding
881,0.6931471805599453,0.6881959,train,p20,dataset_2,embedding
1415,0.6931471805599453,0.66626126,train,p20,dataset_2,embedding
1287,0.6931471805599453,0.67692477,train,p20,dataset_2,embedding
1294,0.6931471805599453,0.6903103,train,p20,dataset_2,embedding
971,0.6931471805599453,0.6827334,train,p20,dataset_2,embedding
335,0.6931471805599453,0.7208431,train,p20,dataset_2,embedding
1226,0.6931471805599453,0.6815298,train,p20,dataset_2,embedding
833,0.6931471805599453,0.6845376,train,p20,dataset_2,embedding
1071,0.6931471805599453,0.670724,train,p20,dataset_2,embedding
685,0.6931471805599453,0.6807992,train,p20,dataset_2,embedding
444,0.6931471805599453,0.8453141,train,p20,dataset_2,embedding
81,1.0986122886681098,1.1234393,train,p20,dataset_2,embedding
1363,0.6931471805599453,0.6967197,train,p20,dataset_2,embedding
990,0.6931471805599453,0.6877095,train,p20,dataset_2,embedding
1382,0.6931471805599453,0.87313646,train,p20,dataset_2,embedding
1207,0.6931471805599453,0.66687894,train,p20,dataset_2,embedding
1397,0.6931471805599453,0.7177236,train,p20,dataset_2,embedding
1002,0.6931471805599453,0.6705229,train,p20,dataset_2,embedding
254,0.6931471805599453,0.682038,train,p20,dataset_2,embedding
319,0.6931471805599453,0.7483166,train,p20,dataset_2,embedding
463,0.6931471805599453,0.716213,train,p20,dataset_2,embedding
180,0.6931471805599453,0.7308979,train,p20,dataset_2,embedding
333,0.6931471805599453,0.7113809,train,p20,dataset_2,embedding
133,0.6931471805599453,0.66622835,train,p20,dataset_2,embedding
1251,0.6931471805599453,0.7126581,train,p20,dataset_2,embedding
34,1.0986122886681098,1.0276151,train,p20,dataset_2,embedding
1080,0.6931471805599453,0.70026314,train,p20,dataset_2,embedding
671,0.6931471805599453,0.7131262,train,p20,dataset_2,embedding
287,0.6931471805599453,0.7754212,train,p20,dataset_2,embedding
196,0.6931471805599453,0.7234961,train,p20,dataset_2,embedding
257,1.9459101490553132,1.3545433,train,p20,dataset_2,embedding
791,0.6931471805599453,0.6825398,train,p20,dataset_2,embedding
981,0.6931471805599453,0.7005631,train,p20,dataset_2,embedding
1170,1.6094379124341005,1.2719566,train,p20,dataset_2,embedding
140,0.6931471805599453,0.7002793,train,p20,dataset_2,embedding
697,0.6931471805599453,0.68736,train,p20,dataset_2,embedding
388,0.6931471805599453,0.73028284,train,p20,dataset_2,embedding
1282,0.6931471805599453,0.7124285,train,p20,dataset_2,embedding
620,0.6931471805599453,0.68718284,train,p20,dataset_2,embedding
355,0.6931471805599453,0.72196394,train,p20,dataset_2,embedding
1271,0.6931471805599453,0.7669436,train,p20,dataset_2,embedding
634,3.713572066704308,1.6398801,train,p20,dataset_2,embedding
1103,0.6931471805599453,0.71276325,train,p20,dataset_2,embedding
934,0.6931471805599453,0.70474094,train,p20,dataset_2,embedding
113,0.6931471805599453,0.7800067,train,p20,dataset_2,embedding
1299,0.6931471805599453,0.6661989,train,p20,dataset_2,embedding
353,0.6931471805599453,0.72271734,train,p20,dataset_2,embedding
136,0.6931471805599453,0.72420615,train,p20,dataset_2,embedding
1338,0.6931471805599453,0.69350743,train,p20,dataset_2,embedding
1065,0.6931471805599453,0.5720019,train,p20,dataset_2,embedding
399,2.3978952727983707,2.284163,train,p20,dataset_2,embedding
186,0.6931471805599453,0.68061167,train,p20,dataset_2,embedding
762,1.0986122886681098,0.72074455,train,p20,dataset_2,embedding
531,0.6931471805599453,0.6900889,train,p20,dataset_2,embedding
25,0.6931471805599453,0.845521,train,p20,dataset_2,embedding
521,0.6931471805599453,0.6920858,train,p20,dataset_2,embedding
1160,0.6931471805599453,0.7276085,train,p20,dataset_2,embedding
958,0.6931471805599453,0.682845,train,p20,dataset_2,embedding
658,1.0986122886681098,0.90593594,train,p20,dataset_2,embedding
785,0.6931471805599453,0.70081943,train,p20,dataset_2,embedding
1411,0.6931471805599453,0.6827409,train,p20,dataset_2,embedding
347,0.6931471805599453,0.7942987,train,p20,dataset_2,embedding
161,0.6931471805599453,0.66976845,train,p20,dataset_2,embedding
1343,0.6931471805599453,0.6876627,train,p20,dataset_2,embedding
1188,0.6931471805599453,0.8827041,train,p20,dataset_2,embedding
1364,0.6931471805599453,0.6938191,train,p20,dataset_2,embedding
642,0.6931471805599453,1.1593161,train,p20,dataset_2,embedding
573,0.6931471805599453,0.66629624,train,p20,dataset_2,embedding
143,0.6931471805599453,0.6817971,train,p20,dataset_2,embedding
1176,0.6931471805599453,0.77293944,train,p20,dataset_2,embedding
1232,0.6931471805599453,0.7009416,train,p20,dataset_2,embedding
111,0.6931471805599453,0.6855178,train,p20,dataset_2,embedding
1167,0.6931471805599453,0.63063806,train,p20,dataset_2,embedding
488,0.6931471805599453,0.6556079,train,p20,dataset_2,embedding
564,0.6931471805599453,0.6894693,train,p20,dataset_2,embedding
647,1.3862943611198906,1.3138932,train,p20,dataset_2,embedding
955,0.6931471805599453,0.6838345,train,p20,dataset_2,embedding
693,0.6931471805599453,0.59348935,train,p20,dataset_2,embedding
22,0.6931471805599453,0.7037979,train,p20,dataset_2,embedding
304,0.6931471805599453,0.7449086,train,p20,dataset_2,embedding
58,0.6931471805599453,0.6649901,train,p20,dataset_2,embedding
677,0.6931471805599453,0.68060905,train,p20,dataset_2,embedding
517,0.6931471805599453,0.698584,train,p20,dataset_2,embedding
560,1.0986122886681098,1.0139688,train,p20,dataset_2,embedding
100,0.6931471805599453,0.7010531,train,p20,dataset_2,embedding
1054,0.6931471805599453,0.7104278,train,p20,dataset_2,embedding
582,0.6931471805599453,0.71575326,train,p20,dataset_2,embedding
1135,0.6931471805599453,0.76261055,train,p20,dataset_2,embedding
1175,0.6931471805599453,0.69128674,train,p20,dataset_2,embedding
1331,0.6931471805599453,0.6816295,train,p20,dataset_2,embedding
17,1.0986122886681098,0.7970138,train,p20,dataset_2,embedding
1260,0.6931471805599453,0.68267107,train,p20,dataset_2,embedding
1186,0.6931471805599453,0.6928956,train,p20,dataset_2,embedding
1033,0.6931471805599453,0.8393521,train,p20,dataset_2,embedding
988,0.6931471805599453,0.76819706,train,p20,dataset_2,embedding
738,1.0986122886681098,0.8364115,train,p20,dataset_2,embedding
596,1.9459101490553132,1.2877034,train,p20,dataset_2,embedding
86,0.6931471805599453,0.69327956,train,p20,dataset_2,embedding
872,0.6931471805599453,0.6841057,train,p20,dataset_2,embedding
299,0.6931471805599453,0.88872445,train,p20,dataset_2,embedding
1214,0.6931471805599453,0.6806374,train,p20,dataset_2,embedding
195,0.6931471805599453,0.6977801,train,p20,dataset_2,embedding
350,0.6931471805599453,0.71804625,train,p20,dataset_2,embedding
373,0.6931471805599453,0.6822553,train,p20,dataset_2,embedding
956,0.6931471805599453,0.6828887,train,p20,dataset_2,embedding
1430,0.6931471805599453,0.6806407,train,p20,dataset_2,embedding
385,0.6931471805599453,0.6698198,train,p20,dataset_2,embedding
1321,1.0986122886681098,1.1821938,train,p20,dataset_2,embedding
978,0.6931471805599453,0.69665617,train,p20,dataset_2,embedding
336,0.6931471805599453,0.68064874,train,p20,dataset_2,embedding
1094,0.6931471805599453,0.6822348,train,p20,dataset_2,embedding
994,0.6931471805599453,0.689414,train,p20,dataset_2,embedding
157,0.6931471805599453,0.67035335,train,p20,dataset_2,embedding
474,0.6931471805599453,0.8787308,train,p20,dataset_2,embedding
1109,0.6931471805599453,0.65442157,train,p20,dataset_2,embedding
221,0.6931471805599453,0.7270683,train,p20,dataset_2,embedding
329,0.6931471805599453,0.68732953,train,p20,dataset_2,embedding
154,0.6931471805599453,0.6809141,train,p20,dataset_2,embedding
384,0.6931471805599453,0.68263644,train,p20,dataset_2,embedding
721,1.791759469228055,1.8008062,train,p20,dataset_2,embedding
559,0.6931471805599453,0.7142755,train,p20,dataset_2,embedding
1373,0.6931471805599453,0.6985498,train,p20,dataset_2,embedding
1161,1.791759469228055,1.3222734,train,p20,dataset_2,embedding
1441,0.6931471805599453,0.6831859,train,p20,dataset_2,embedding
1145,0.6931471805599453,0.84024924,train,p20,dataset_2,embedding
667,0.6931471805599453,0.69484496,train,p20,dataset_2,embedding
284,2.0794415416798357,1.5880591,train,p20,dataset_2,embedding
1296,0.6931471805599453,0.82629913,train,p20,dataset_2,embedding
1310,0.6931471805599453,0.6660885,train,p20,dataset_2,embedding
42,0.6931471805599453,0.6698831,train,p20,dataset_2,embedding
863,0.6931471805599453,0.7874219,train,p20,dataset_2,embedding
783,0.6931471805599453,0.7263431,train,p20,dataset_2,embedding
1152,0.6931471805599453,0.7017284,train,p20,dataset_2,embedding
4,0.6931471805599453,0.6797747,train,p20,dataset_2,embedding
28,0.6931471805599453,0.709497,train,p20,dataset_2,embedding
1015,0.6931471805599453,0.75984496,train,p20,dataset_2,embedding
434,0.6931471805599453,0.56708795,train,p20,dataset_2,embedding
895,0.6931471805599453,0.7104209,train,p20,dataset_2,embedding
166,0.6931471805599453,0.7305918,train,p20,dataset_2,embedding
923,0.6931471805599453,0.6899516,train,p20,dataset_2,embedding
1263,0.6931471805599453,0.66623825,train,p20,dataset_2,embedding
91,0.6931471805599453,0.8355792,train,p20,dataset_2,embedding
764,0.6931471805599453,0.7512854,train,p20,dataset_2,embedding
308,0.6931471805599453,0.69351774,train,p20,dataset_2,embedding
918,0.6931471805599453,0.68687457,train,p20,dataset_2,embedding
223,0.6931471805599453,0.59895873,train,p20,dataset_2,embedding
1138,0.6931471805599453,0.68119633,train,p20,dataset_2,embedding
447,0.6931471805599453,0.67242754,train,p20,dataset_2,embedding
1093,0.6931471805599453,0.6702788,train,p20,dataset_2,embedding
1283,0.6931471805599453,0.7113015,train,p20,dataset_2,embedding
431,1.0986122886681098,0.9794106,train,p20,dataset_2,embedding
759,0.6931471805599453,0.63483894,train,p20,dataset_2,embedding
118,0.6931471805599453,0.690795,train,p20,dataset_2,embedding
924,0.6931471805599453,0.6594666,train,p20,dataset_2,embedding
1362,0.6931471805599453,0.8385965,train,p20,dataset_2,embedding
839,0.6931471805599453,0.72119665,train,p20,dataset_2,embedding
419,1.0986122886681098,0.74361306,train,p20,dataset_2,embedding
511,0.6931471805599453,0.68294454,train,p20,dataset_2,embedding
452,0.6931471805599453,0.71585196,train,p20,dataset_2,embedding
1267,0.6931471805599453,0.7385967,train,p20,dataset_2,embedding
852,0.6931471805599453,0.56859255,train,p20,dataset_2,embedding
579,0.6931471805599453,0.70106894,train,p20,dataset_2,embedding
860,0.6931471805599453,0.5687161,train,p20,dataset_2,embedding
654,0.6931471805599453,0.71346885,train,p20,dataset_2,embedding
1381,0.6931471805599453,0.72973603,train,p20,dataset_2,embedding
369,0.6931471805599453,0.7068669,train,p20,dataset_2,embedding
498,0.6931471805599453,0.699905,train,p20,dataset_2,embedding
874,0.6931471805599453,0.6657682,train,p20,dataset_2,embedding
496,0.6931471805599453,0.72425044,train,p20,dataset_2,embedding
172,0.6931471805599453,0.6741683,train,p20,dataset_2,embedding
1072,0.6931471805599453,0.7101974,train,p20,dataset_2,embedding
238,0.6931471805599453,0.96262443,train,p20,dataset_2,embedding
50,0.6931471805599453,0.7897616,train,p20,dataset_2,embedding
98,0.6931471805599453,0.67018116,train,p20,dataset_2,embedding
298,0.6931471805599453,0.70498973,train,p20,dataset_2,embedding
330,0.6931471805599453,0.6516181,train,p20,dataset_2,embedding
1249,0.6931471805599453,0.6811043,train,p20,dataset_2,embedding
1087,0.6931471805599453,1.1400591,train,p20,dataset_2,embedding
283,0.6931471805599453,1.0639149,train,p20,dataset_2,embedding
601,0.6931471805599453,0.6817854,train,p20,dataset_2,embedding
841,0.6931471805599453,0.6664564,train,p20,dataset_2,embedding
1114,0.6931471805599453,0.69454086,train,p20,dataset_2,embedding
682,0.6931471805599453,0.69602054,train,p20,dataset_2,embedding
1217,0.6931471805599453,0.68242204,train,p20,dataset_2,embedding
1055,0.6931471805599453,0.7449265,train,p20,dataset_2,embedding
827,0.6931471805599453,0.6827952,train,p20,dataset_2,embedding
532,0.6931471805599453,0.7453602,train,p20,dataset_2,embedding
125,0.6931471805599453,0.67529523,train,p20,dataset_2,embedding
265,0.6931471805599453,0.6810838,train,p20,dataset_2,embedding
417,0.6931471805599453,0.6820108,train,p20,dataset_2,embedding
1320,0.6931471805599453,0.9449506,train,p20,dataset_2,embedding
492,0.6931471805599453,0.71829146,train,p20,dataset_2,embedding
1185,0.6931471805599453,0.6678317,train,p20,dataset_2,embedding
1360,0.6931471805599453,0.7484029,train,p20,dataset_2,embedding
38,0.6931471805599453,0.688455,train,p20,dataset_2,embedding
1047,0.6931471805599453,0.77566046,train,p20,dataset_2,embedding
438,0.6931471805599453,0.9255313,train,p20,dataset_2,embedding
486,0.6931471805599453,0.71166426,train,p20,dataset_2,embedding
1349,0.6931471805599453,0.6808608,train,p20,dataset_2,embedding
996,0.6931471805599453,0.629859,train,p20,dataset_2,embedding
1402,0.6931471805599453,0.6814103,train,p20,dataset_2,embedding
617,0.6931471805599453,0.727436,train,p20,dataset_2,embedding
185,0.6931471805599453,0.68718666,train,p20,dataset_2,embedding
235,1.9459101490553132,1.7811521,train,p20,dataset_2,embedding
326,0.6931471805599453,0.6947678,train,p20,dataset_2,embedding
1400,0.6931471805599453,0.6798808,train,p20,dataset_2,embedding
210,1.791759469228055,1.8357027,train,p20,dataset_2,embedding
1379,1.0986122886681098,1.2997986,train,p20,dataset_2,embedding
1356,0.6931471805599453,0.7476952,train,p20,dataset_2,embedding
563,0.6931471805599453,0.6582576,train,p20,dataset_2,embedding
925,0.6931471805599453,0.68317515,train,p20,dataset_2,embedding
1427,0.6931471805599453,0.6807446,train,p20,dataset_2,embedding
962,0.6931471805599453,0.68730927,train,p20,dataset_2,embedding
1147,0.6931471805599453,0.73069257,train,p20,dataset_2,embedding
1368,0.6931471805599453,0.7199932,train,p20,dataset_2,embedding
61,0.6931471805599453,0.6808777,train,p20,dataset_2,embedding
130,0.6931471805599453,0.6711331,train,p20,dataset_2,embedding
1298,0.6931471805599453,0.70190555,train,p20,dataset_2,embedding
518,0.6931471805599453,0.73915267,train,p20,dataset_2,embedding
128,0.6931471805599453,0.7014647,train,p20,dataset_2,embedding
749,0.6931471805599453,0.6863627,train,p20,dataset_2,embedding
1059,0.6931471805599453,0.6232941,train,p20,dataset_2,embedding
1100,0.6931471805599453,0.6657716,train,p20,dataset_2,embedding
1191,0.6931471805599453,0.7084462,train,p20,dataset_2,embedding
1290,0.6931471805599453,0.69350225,train,p20,dataset_2,embedding
1241,0.6931471805599453,0.7010107,train,p20,dataset_2,embedding
1324,0.6931471805599453,0.8024011,train,p20,dataset_2,embedding
1018,0.6931471805599453,0.6579998,train,p20,dataset_2,embedding
1316,0.6931471805599453,0.7135574,train,p20,dataset_2,embedding
1396,0.6931471805599453,0.7150866,train,p20,dataset_2,embedding
1074,0.6931471805599453,0.6979136,train,p20,dataset_2,embedding
1437,0.6931471805599453,0.71584284,train,p20,dataset_2,embedding
109,0.6931471805599453,0.6819393,train,p20,dataset_2,embedding
569,0.6931471805599453,0.6810326,train,p20,dataset_2,embedding
135,0.6931471805599453,0.6802048,train,p20,dataset_2,embedding
1139,0.6931471805599453,0.6978327,train,p20,dataset_2,embedding
712,1.0986122886681098,0.96280617,train,p20,dataset_2,embedding
1029,0.6931471805599453,0.6479979,train,p20,dataset_2,embedding
1293,0.6931471805599453,0.6907055,train,p20,dataset_2,embedding
389,0.6931471805599453,0.69942856,train,p20,dataset_2,embedding
1210,0.6931471805599453,0.68646926,train,p20,dataset_2,embedding
948,0.6931471805599453,0.670825,train,p20,dataset_2,embedding
965,0.6931471805599453,0.6812186,train,p20,dataset_2,embedding
545,0.6931471805599453,0.6822508,train,p20,dataset_2,embedding
1177,0.6931471805599453,0.77560955,train,p20,dataset_2,embedding
1206,0.6931471805599453,0.6895438,train,p20,dataset_2,embedding
1157,0.6931471805599453,0.7008778,train,p20,dataset_2,embedding
421,0.6931471805599453,0.70498735,train,p20,dataset_2,embedding
984,0.6931471805599453,0.65176255,train,p20,dataset_2,embedding
19,0.6931471805599453,0.7424225,train,p20,dataset_2,embedding
160,0.6931471805599453,0.7141114,train,p20,dataset_2,embedding
21,0.6931471805599453,0.7006574,train,p20,dataset_2,embedding
801,0.6931471805599453,0.71750546,train,p20,dataset_2,embedding
1281,0.6931471805599453,0.6346716,train,p20,dataset_2,embedding
1049,0.6931471805599453,0.7540986,train,p20,dataset_2,embedding
930,0.6931471805599453,0.68724066,train,p20,dataset_2,embedding
7,0.6931471805599453,0.68671554,train,p20,dataset_2,embedding
960,0.6931471805599453,0.7124869,train,p20,dataset_2,embedding
627,2.4849066497880004,3.261382,train,p20,dataset_2,embedding
1016,0.6931471805599453,0.6974465,train,p20,dataset_2,embedding
1314,0.6931471805599453,0.7578517,train,p20,dataset_2,embedding
1280,0.6931471805599453,0.6828341,train,p20,dataset_2,embedding
260,0.6931471805599453,0.7254973,train,p20,dataset_2,embedding
82,1.0986122886681098,1.0086429,train,p20,dataset_2,embedding
768,0.6931471805599453,0.73460096,train,p20,dataset_2,embedding
1245,0.6931471805599453,0.69572955,train,p20,dataset_2,embedding
121,0.6931471805599453,0.7032679,train,p20,dataset_2,embedding
951,0.6931471805599453,0.6252523,train,p20,dataset_2,embedding
1124,0.6931471805599453,0.8803267,train,p20,dataset_2,embedding
586,0.6931471805599453,0.7001316,train,p20,dataset_2,embedding
310,0.6931471805599453,0.6827877,train,p20,dataset_2,embedding
1212,0.6931471805599453,0.67860454,train,p20,dataset_2,embedding
900,0.6931471805599453,0.726299,train,p20,dataset_2,embedding
1199,0.6931471805599453,0.6885838,train,p20,dataset_2,embedding
1076,0.6931471805599453,0.6577665,train,p20,dataset_2,embedding
1182,1.3862943611198906,0.9881421,train,p20,dataset_2,embedding
800,0.6931471805599453,0.70131487,train,p20,dataset_2,embedding
1354,2.1972245773362196,2.1143217,train,p20,dataset_2,embedding
390,0.6931471805599453,0.6659418,train,p20,dataset_2,embedding
859,0.6931471805599453,0.6833606,train,p20,dataset_2,embedding
760,0.6931471805599453,0.72237486,train,p20,dataset_2,embedding
217,0.6931471805599453,0.80674887,train,p20,dataset_2,embedding
16,0.6931471805599453,0.7125391,train,p20,dataset_2,embedding
2,0.6931471805599453,0.68071777,train,p20,dataset_2,embedding
1073,0.6931471805599453,0.5664028,train,p20,dataset_2,embedding
1078,0.6931471805599453,0.7120986,train,p20,dataset_2,embedding
1116,0.6931471805599453,0.69299895,train,p20,dataset_2,embedding
12,0.6931471805599453,0.77735966,train,p20,dataset_2,embedding
950,0.6931471805599453,0.71302587,train,p20,dataset_2,embedding
1003,0.6931471805599453,0.6662753,train,p20,dataset_2,embedding
459,0.6931471805599453,0.738272,train,p20,dataset_2,embedding
542,0.6931471805599453,0.6809259,train,p20,dataset_2,embedding
1406,0.6931471805599453,0.72242147,train,p20,dataset_2,embedding
395,3.8918202981106265,2.5264268,train,p20,dataset_2,embedding
495,0.6931471805599453,0.7107184,train,p20,dataset_2,embedding
993,0.6931471805599453,0.6599491,train,p20,dataset_2,embedding
914,0.6931471805599453,0.66549474,train,p20,dataset_2,embedding
469,0.6931471805599453,0.66549176,train,p20,dataset_2,embedding
1367,0.6931471805599453,0.8009772,train,p20,dataset_2,embedding
536,0.6931471805599453,0.6756019,train,p20,dataset_2,embedding
189,0.6931471805599453,0.7350386,train,p20,dataset_2,embedding
327,0.6931471805599453,0.71772164,train,p20,dataset_2,embedding
669,1.0986122886681098,0.7975076,train,p20,dataset_2,embedding
1095,0.6931471805599453,0.6996111,train,p20,dataset_2,embedding
912,0.6931471805599453,0.7386028,train,p20,dataset_2,embedding
480,0.6931471805599453,0.69372237,train,p20,dataset_2,embedding
1153,0.6931471805599453,0.68240654,train,p20,dataset_2,embedding
483,0.6931471805599453,0.6720013,train,p20,dataset_2,embedding
952,0.6931471805599453,0.6664181,train,p20,dataset_2,embedding
595,1.9459101490553132,1.6916966,train,p20,dataset_2,embedding
212,0.6931471805599453,0.7164272,train,p20,dataset_2,embedding
440,0.6931471805599453,0.68861896,train,p20,dataset_2,embedding
281,0.6931471805599453,0.7158681,train,p20,dataset_2,embedding
1404,0.6931471805599453,0.6984889,train,p20,dataset_2,embedding
501,0.6931471805599453,0.6825284,train,p20,dataset_2,embedding
230,0.6931471805599453,0.66588724,train,p20,dataset_2,embedding
1337,0.6931471805599453,0.6887719,train,p20,dataset_2,embedding
477,0.6931471805599453,0.6974047,train,p20,dataset_2,embedding
739,0.6931471805599453,0.7669001,train,p20,dataset_2,embedding
286,0.6931471805599453,0.7091754,train,p20,dataset_2,embedding
718,2.70805020110221,2.1083877,train,p20,dataset_2,embedding
1035,0.6931471805599453,0.6762256,train,p20,dataset_2,embedding
1189,0.6931471805599453,0.68256634,train,p20,dataset_2,embedding
1323,1.6094379124341005,1.2341667,train,p20,dataset_2,embedding
107,0.6931471805599453,0.690895,train,p20,dataset_2,embedding
1142,0.6931471805599453,0.720279,train,p20,dataset_2,embedding
159,0.6931471805599453,0.66573316,train,p20,dataset_2,embedding
74,0.6931471805599453,0.67741746,train,p20,dataset_2,embedding
499,0.6931471805599453,0.700355,train,p20,dataset_2,embedding
331,0.6931471805599453,0.5665233,train,p20,dataset_2,embedding
983,0.6931471805599453,0.6526179,train,p20,dataset_2,embedding
653,1.0986122886681098,0.9717743,train,p20,dataset_2,embedding
124,0.6931471805599453,0.6805455,train,p20,dataset_2,embedding
436,0.6931471805599453,0.71804446,train,p20,dataset_2,embedding
52,0.6931471805599453,0.69910884,train,p20,dataset_2,embedding
814,0.6931471805599453,0.6841077,train,p20,dataset_2,embedding
979,0.6931471805599453,0.7165849,train,p20,dataset_2,embedding
795,0.6931471805599453,0.7039979,train,p20,dataset_2,embedding
1020,0.6931471805599453,0.6701043,train,p20,dataset_2,embedding
523,0.6931471805599453,0.6946461,train,p20,dataset_2,embedding
139,0.6931471805599453,0.6807816,train,p20,dataset_2,embedding
250,0.6931471805599453,0.71938807,train,p20,dataset_2,embedding
1181,1.0986122886681098,0.9261718,train,p20,dataset_2,embedding
1097,0.6931471805599453,0.7746235,train,p20,dataset_2,embedding
512,0.6931471805599453,0.68252045,train,p20,dataset_2,embedding
1262,0.6931471805599453,0.6864978,train,p20,dataset_2,embedding
276,0.6931471805599453,0.7232626,train,p20,dataset_2,embedding
292,1.0986122886681098,0.8266028,train,p20,dataset_2,embedding
561,0.6931471805599453,0.6797587,train,p20,dataset_2,embedding
249,0.6931471805599453,0.66737664,train,p20,dataset_2,embedding
593,0.6931471805599453,0.7379076,train,p20,dataset_2,embedding
165,0.6931471805599453,0.5668723,train,p20,dataset_2,embedding
1345,0.6931471805599453,0.6498229,train,p20,dataset_2,embedding
592,0.6931471805599453,0.7198193,train,p20,dataset_2,embedding
676,0.6931471805599453,0.68215686,train,p20,dataset_2,embedding
828,0.6931471805599453,0.70271134,train,p20,dataset_2,embedding
1008,0.6931471805599453,0.69781584,train,p20,dataset_2,embedding
736,1.0986122886681098,0.7504616,train,p20,dataset_2,embedding
418,1.0986122886681098,0.90113103,train,p20,dataset_2,embedding
1439,0.6931471805599453,0.69666356,train,p20,dataset_2,embedding
258,0.6931471805599453,0.65855706,train,p20,dataset_2,embedding
1123,0.6931471805599453,0.68256545,train,p20,dataset_2,embedding
939,0.6931471805599453,0.68752444,train,p20,dataset_2,embedding
391,1.3862943611198906,0.7691844,train,p20,dataset_2,embedding
340,1.0986122886681098,0.97560984,train,p20,dataset_2,embedding
1,0.6931471805599453,0.7188831,train,p20,dataset_2,embedding
1149,0.6931471805599453,0.718574,train,p20,dataset_2,embedding
1222,0.6931471805599453,0.6886007,train,p20,dataset_2,embedding
834,0.6931471805599453,0.73644286,train,p20,dataset_2,embedding
207,4.189654742026425,4.361055,train,p20,dataset_2,embedding
638,0.6931471805599453,1.023805,train,p20,dataset_2,embedding
40,0.6931471805599453,0.688913,train,p20,dataset_2,embedding
317,0.6931471805599453,0.66624254,train,p20,dataset_2,embedding
608,0.6931471805599453,0.71025366,train,p20,dataset_2,embedding
754,0.6931471805599453,0.76761025,train,p20,dataset_2,embedding
144,0.6931471805599453,0.6819485,train,p20,dataset_2,embedding
345,0.6931471805599453,0.7198859,train,p20,dataset_2,embedding
515,0.6931471805599453,0.69462353,train,p20,dataset_2,embedding
942,0.6931471805599453,0.68130976,train,p20,dataset_2,embedding
105,0.6931471805599453,0.7267819,train,p20,dataset_2,embedding
1046,0.6931471805599453,0.6875892,train,p20,dataset_2,embedding
1104,0.6931471805599453,0.7218178,train,p20,dataset_2,embedding
1022,0.6931471805599453,0.7158024,train,p20,dataset_2,embedding
5,0.6931471805599453,0.759612,train,p20,dataset_2,embedding
1056,0.6931471805599453,0.7839883,train,p20,dataset_2,embedding
126,0.6931471805599453,0.7012145,train,p20,dataset_2,embedding
1357,1.9459101490553132,1.6974508,train,p20,dataset_2,embedding
506,0.6931471805599453,0.6853874,train,p20,dataset_2,embedding
1328,0.6931471805599453,0.667486,train,p20,dataset_2,embedding
439,0.6931471805599453,0.6844572,train,p20,dataset_2,embedding
441,0.6931471805599453,0.6944466,train,p20,dataset_2,embedding
976,0.6931471805599453,0.69415826,train,p20,dataset_2,embedding
1216,0.6931471805599453,0.8518161,train,p20,dataset_2,embedding
1154,0.6931471805599453,0.76677877,train,p20,dataset_2,embedding
348,0.6931471805599453,0.7112577,train,p20,dataset_2,embedding
104,0.6931471805599453,0.7107491,train,p20,dataset_2,embedding
1355,1.9459101490553132,2.1126673,train,p20,dataset_2,embedding
1012,0.6931471805599453,0.71333915,train,p20,dataset_2,embedding
913,0.6931471805599453,0.6581617,train,p20,dataset_2,embedding
652,1.0986122886681098,0.80922383,train,p20,dataset_2,embedding
120,0.6931471805599453,0.7754186,train,p20,dataset_2,embedding
704,0.6931471805599453,0.7985216,train,p20,dataset_2,embedding
659,0.6931471805599453,0.82744294,train,p20,dataset_2,embedding
630,2.833213344056216,3.0112164,train,p20,dataset_2,embedding
687,0.6931471805599453,0.69786185,train,p20,dataset_2,embedding
877,0.6931471805599453,0.6966904,train,p20,dataset_2,embedding
502,0.6931471805599453,0.66607815,train,p20,dataset_2,embedding
366,0.6931471805599453,0.6807447,train,p20,dataset_2,embedding
37,0.6931471805599453,0.68325907,train,p20,dataset_2,embedding
1230,0.6931471805599453,0.6873763,train,p20,dataset_2,embedding
713,3.4657359027997265,3.3739839,train,p20,dataset_2,embedding
266,0.6931471805599453,0.680931,train,p20,dataset_2,embedding
710,0.6931471805599453,0.74675614,train,p20,dataset_2,embedding
1424,0.6931471805599453,0.77742094,train,p20,dataset_2,embedding
1377,1.3862943611198906,1.5531873,train,p20,dataset_2,embedding
626,2.1972245773362196,2.7039742,train,p20,dataset_2,embedding
1322,0.6931471805599453,0.6872041,train,p20,dataset_2,embedding
386,0.6931471805599453,0.7103911,train,p20,dataset_2,embedding
779,0.6931471805599453,0.70818216,train,p20,dataset_2,embedding
31,0.6931471805599453,1.1508625,train,p20,dataset_2,embedding
1440,0.6931471805599453,0.74193114,train,p20,dataset_2,embedding
142,0.6931471805599453,0.680649,train,p20,dataset_2,embedding
820,0.6931471805599453,0.6994725,train,p20,dataset_2,embedding
131,0.6931471805599453,0.69744915,train,p20,dataset_2,embedding
1426,0.6931471805599453,0.7159565,train,p20,dataset_2,embedding
285,1.3862943611198906,1.656904,train,p20,dataset_2,embedding
699,0.6931471805599453,0.670523,train,p20,dataset_2,embedding
1220,0.6931471805599453,0.6708577,train,p20,dataset_2,embedding
1272,0.6931471805599453,0.68177634,train,p20,dataset_2,embedding
35,0.6931471805599453,0.7158048,train,p20,dataset_2,embedding
1158,1.0986122886681098,0.9762499,train,p20,dataset_2,embedding
342,0.6931471805599453,0.8459024,train,p20,dataset_2,embedding
24,0.6931471805599453,0.68065566,train,p20,dataset_2,embedding
823,0.6931471805599453,0.7301666,train,p20,dataset_2,embedding
1122,0.6931471805599453,0.80340046,train,p20,dataset_2,embedding
1291,0.6931471805599453,0.6907659,train,p20,dataset_2,embedding
325,0.6931471805599453,0.67204076,train,p20,dataset_2,embedding
623,1.9459101490553132,1.4775938,train,p20,dataset_2,embedding
227,0.6931471805599453,0.6798965,train,p20,dataset_2,embedding
1121,0.6931471805599453,0.9609357,train,p20,dataset_2,embedding
974,0.6931471805599453,0.7246273,train,p20,dataset_2,embedding
1107,0.6931471805599453,0.6872369,train,p20,dataset_2,embedding
370,0.6931471805599453,0.72659385,train,p20,dataset_2,embedding
6,0.6931471805599453,0.6993728,train,p20,dataset_2,embedding
216,0.6931471805599453,0.9258577,train,p20,dataset_2,embedding
940,0.6931471805599453,0.7701188,train,p20,dataset_2,embedding
1120,0.6931471805599453,0.79167664,train,p20,dataset_2,embedding
1211,0.6931471805599453,0.69508654,train,p20,dataset_2,embedding
129,0.6931471805599453,0.66618776,train,p20,dataset_2,embedding
702,0.6931471805599453,0.6514299,train,p20,dataset_2,embedding
468,0.6931471805599453,0.7023217,train,p20,dataset_2,embedding
1365,0.6931471805599453,0.686693,train,p20,dataset_2,embedding
1242,0.6931471805599453,0.65884715,train,p20,dataset_2,embedding
201,0.6931471805599453,0.68058777,train,p20,dataset_2,embedding
825,0.6931471805599453,0.6890034,train,p20,dataset_2,embedding
1386,0.6931471805599453,0.7404099,train,p20,dataset_2,embedding
615,0.6931471805599453,0.69468623,train,p20,dataset_2,embedding
147,0.6931471805599453,0.6947525,train,p20,dataset_2,embedding
751,1.0986122886681098,0.89158463,train,p20,dataset_2,embedding
876,0.6931471805599453,0.68331176,train,p20,dataset_2,embedding
1061,0.6931471805599453,0.6807465,train,p20,dataset_2,embedding
233,0.6931471805599453,0.5984618,train,p20,dataset_2,embedding
248,0.6931471805599453,0.6779863,train,p20,dataset_2,embedding
170,0.6931471805599453,0.69298977,train,p20,dataset_2,embedding
1279,0.6931471805599453,0.7262252,train,p20,dataset_2,embedding
214,1.3862943611198906,1.0228733,train,p20,dataset_2,embedding
684,0.6931471805599453,0.68078494,train,p20,dataset_2,embedding
941,0.6931471805599453,0.6808688,train,p20,dataset_2,embedding
1159,0.6931471805599453,0.68923426,train,p20,dataset_2,embedding
302,0.6931471805599453,0.68595856,train,p20,dataset_2,embedding
580,0.6931471805599453,0.7282445,train,p20,dataset_2,embedding
987,0.6931471805599453,0.68117285,train,p20,dataset_2,embedding
148,0.6931471805599453,0.6806708,train,p20,dataset_2,embedding
870,0.6931471805599453,0.71742606,train,p20,dataset_2,embedding
1111,0.6931471805599453,0.7007889,train,p20,dataset_2,embedding
176,0.6931471805599453,0.6836304,train,p20,dataset_2,embedding
243,0.6931471805599453,0.69315666,train,p20,dataset_2,embedding
616,0.6931471805599453,0.6807535,train,p20,dataset_2,embedding
720,1.6094379124341005,1.5457323,train,p20,dataset_2,embedding
622,0.6931471805599453,0.69669354,train,p20,dataset_2,embedding
411,0.6931471805599453,0.7844848,train,p20,dataset_2,embedding
1042,0.6931471805599453,0.6939487,train,p20,dataset_2,embedding
513,0.6931471805599453,0.7389158,train,p20,dataset_2,embedding
756,0.6931471805599453,0.74574775,train,p20,dataset_2,embedding
273,0.6931471805599453,0.68255055,train,p20,dataset_2,embedding
108,0.6931471805599453,0.68204373,train,p20,dataset_2,embedding
1089,0.6931471805599453,0.5672467,train,p20,dataset_2,embedding
551,1.0986122886681098,1.4007541,train,p20,dataset_2,embedding
587,0.6931471805599453,0.7515259,train,p20,dataset_2,embedding
679,0.6931471805599453,0.78747064,train,p20,dataset_2,embedding
1081,0.6931471805599453,0.69836825,train,p20,dataset_2,embedding
428,0.6931471805599453,0.72395533,train,p20,dataset_2,embedding
169,0.6931471805599453,0.637721,train,p20,dataset_2,embedding
1340,0.6931471805599453,0.6910048,train,p20,dataset_2,embedding
1329,0.6931471805599453,0.6893773,train,p20,dataset_2,embedding
968,0.6931471805599453,0.6951683,train,p20,dataset_2,embedding
158,0.6931471805599453,0.6985334,train,p20,dataset_2,embedding
992,0.6931471805599453,0.7444181,train,p20,dataset_2,embedding
66,0.6931471805599453,0.7000993,train,p20,dataset_2,embedding
504,0.6931471805599453,0.6941735,train,p20,dataset_2,embedding
1193,0.6931471805599453,0.7063319,train,p20,dataset_2,embedding
943,0.6931471805599453,0.68186843,train,p20,dataset_2,embedding
343,0.6931471805599453,0.75794894,train,p20,dataset_2,embedding
1007,0.6931471805599453,0.69852513,train,p20,dataset_2,embedding
548,0.6931471805599453,0.75081414,train,p20,dataset_2,embedding
581,0.6931471805599453,0.7159344,train,p20,dataset_2,embedding
740,0.6931471805599453,0.67463,train,p20,dataset_2,embedding
510,0.6931471805599453,0.84595996,train,p20,dataset_2,embedding
145,0.6931471805599453,0.6816489,train,p20,dataset_2,embedding
809,0.6931471805599453,0.8277071,train,p20,dataset_2,embedding
600,0.6931471805599453,0.7044063,train,p20,dataset_2,embedding
1062,0.6931471805599453,0.72812915,train,p20,dataset_2,embedding
1244,0.6931471805599453,0.8381216,train,p20,dataset_2,embedding
618,0.6931471805599453,0.779352,train,p20,dataset_2,embedding
433,0.6931471805599453,0.66961646,train,p20,dataset_2,embedding
1347,0.6931471805599453,0.7391697,train,p20,dataset_2,embedding
152,0.6931471805599453,0.6656757,train,p20,dataset_2,embedding
79,0.6931471805599453,0.7122002,train,p20,dataset_2,embedding
354,0.6931471805599453,0.7188129,train,p20,dataset_2,embedding
291,0.6931471805599453,0.6833516,train,p20,dataset_2,embedding
204,0.6931471805599453,0.6983952,train,p20,dataset_2,embedding
494,0.6931471805599453,0.6987776,train,p20,dataset_2,embedding
1026,0.6931471805599453,0.6660131,train,p20,dataset_2,embedding
997,0.6931471805599453,0.67031235,train,p20,dataset_2,embedding
1032,0.6931471805599453,0.69395655,train,p20,dataset_2,embedding
47,0.6931471805599453,0.73258024,train,p20,dataset_2,embedding
282,1.6094379124341005,1.3308586,train,p20,dataset_2,embedding
850,0.6931471805599453,0.68266994,train,p20,dataset_2,embedding
1238,0.6931471805599453,0.7130856,train,p20,dataset_2,embedding
328,0.6931471805599453,0.67019826,train,p20,dataset_2,embedding
520,0.6931471805599453,0.6972254,train,p20,dataset_2,embedding
471,0.6931471805599453,0.7003109,train,p20,dataset_2,embedding
632,2.3978952727983707,2.0515509,train,p20,dataset_2,embedding
1407,0.6931471805599453,0.6815106,train,p20,dataset_2,embedding
670,0.6931471805599453,0.74504143,train,p20,dataset_2,embedding
703,0.6931471805599453,0.6856529,train,p20,dataset_2,embedding
919,0.6931471805599453,0.68786246,train,p20,dataset_2,embedding
995,0.6931471805599453,0.6754791,train,p20,dataset_2,embedding
1289,0.6931471805599453,0.64011407,train,p20,dataset_2,embedding
482,0.6931471805599453,0.70026094,train,p20,dataset_2,embedding
953,0.6931471805599453,0.666394,train,p20,dataset_2,embedding
770,0.6931471805599453,0.7315899,train,p20,dataset_2,embedding
83,1.0986122886681098,0.93284196,train,p20,dataset_2,embedding
245,0.6931471805599453,0.8008066,train,p20,dataset_2,embedding
1250,0.6931471805599453,0.68764395,train,p20,dataset_2,embedding
84,0.6931471805599453,0.8283094,train,p20,dataset_2,embedding
903,0.6931471805599453,0.72118455,train,p20,dataset_2,embedding
1028,0.6931471805599453,0.66512674,train,p20,dataset_2,embedding
1276,0.6931471805599453,0.6972769,train,p20,dataset_2,embedding
789,0.6931471805599453,0.68211013,train,p20,dataset_2,embedding
26,0.6931471805599453,0.68148607,train,p20,dataset_2,embedding
1004,0.6931471805599453,0.7127057,train,p20,dataset_2,embedding
409,0.6931471805599453,0.8730661,train,p20,dataset_2,embedding
251,0.6931471805599453,0.69003564,train,p20,dataset_2,embedding
293,0.6931471805599453,0.70588064,train,p20,dataset_2,embedding
1058,0.6931471805599453,0.6937924,train,p20,dataset_2,embedding
743,0.6931471805599453,0.67960715,train,p20,dataset_2,embedding
604,0.6931471805599453,0.72523934,train,p20,dataset_2,embedding
830,0.6931471805599453,0.6675942,train,p20,dataset_2,embedding
232,0.6931471805599453,0.6972727,train,p20,dataset_2,embedding
1352,1.0986122886681098,1.2740275,train,p20,dataset_2,embedding
116,0.6931471805599453,0.69510496,train,p20,dataset_2,embedding
197,0.6931471805599453,0.68231165,train,p20,dataset_2,embedding
664,0.6931471805599453,0.67657715,train,p20,dataset_2,embedding
902,0.6931471805599453,0.69558066,train,p20,dataset_2,embedding
1246,0.6931471805599453,0.6667947,train,p20,dataset_2,embedding
398,3.367295829986474,2.5503993,train,p20,dataset_2,embedding
1164,1.0986122886681098,0.63350016,train,p20,dataset_2,embedding
915,0.6931471805599453,0.70327324,train,p20,dataset_2,embedding
1248,0.6931471805599453,0.73762435,train,p20,dataset_2,embedding
813,0.6931471805599453,0.70914954,train,p20,dataset_2,embedding
656,0.6931471805599453,0.7100686,train,p20,dataset_2,embedding
473,0.6931471805599453,0.63056487,train,p20,dataset_2,embedding
625,2.302585092994046,2.9813218,train,p20,dataset_2,embedding
1341,0.6931471805599453,0.67994404,train,p20,dataset_2,embedding
278,0.6931471805599453,0.6701276,train,p20,dataset_2,embedding
0,0.6931471805599453,0.68049926,train,p20,dataset_2,embedding
786,0.6931471805599453,0.6840947,train,p20,dataset_2,embedding
777,0.6931471805599453,0.69031507,train,p20,dataset_2,embedding
1350,0.6931471805599453,0.67938083,train,p20,dataset_2,embedding
364,0.6931471805599453,0.7137582,train,p20,dataset_2,embedding
865,0.6931471805599453,0.70186335,train,p20,dataset_2,embedding
805,0.6931471805599453,0.80295676,train,p20,dataset_2,embedding
41,0.6931471805599453,0.68157065,train,p20,dataset_2,embedding
1208,0.6931471805599453,0.68261987,train,p20,dataset_2,embedding
1205,0.6931471805599453,0.6913147,train,p20,dataset_2,embedding
822,0.6931471805599453,0.71264404,train,p20,dataset_2,embedding
1374,0.6931471805599453,0.71872634,train,p20,dataset_2,embedding
1297,0.6931471805599453,0.713854,train,p20,dataset_2,embedding
1165,2.4849066497880004,3.0661387,train,p20,dataset_2,embedding
629,3.091042453358316,2.7845044,train,p20,dataset_2,embedding
844,0.6931471805599453,0.6721905,train,p20,dataset_2,embedding
14,0.6931471805599453,0.65615255,train,p20,dataset_2,embedding
780,0.6931471805599453,0.68868375,train,p20,dataset_2,embedding
190,0.6931471805599453,0.66568756,train,p20,dataset_2,embedding
648,0.6931471805599453,0.7343645,train,p20,dataset_2,embedding
454,0.6931471805599453,0.67078424,train,p20,dataset_2,embedding
920,0.6931471805599453,0.70115644,train,p20,dataset_2,embedding
94,0.6931471805599453,0.78145075,train,p20,dataset_2,embedding
840,0.6931471805599453,0.68152666,train,p20,dataset_2,embedding
1311,0.6931471805599453,0.7091958,train,p20,dataset_2,embedding
457,0.6931471805599453,0.6982544,train,p20,dataset_2,embedding
539,0.6931471805599453,0.8061398,train,p20,dataset_2,embedding
450,0.6931471805599453,0.6681394,train,p20,dataset_2,embedding
1134,0.6931471805599453,0.6703862,train,p20,dataset_2,embedding
729,1.0986122886681098,0.87273675,train,p20,dataset_2,embedding
352,0.6931471805599453,0.71463567,train,p20,dataset_2,embedding
890,1.0986122886681098,0.9236997,train,p20,dataset_2,embedding
1256,0.6931471805599453,0.6692535,train,p20,dataset_2,embedding
267,0.6931471805599453,0.7716551,train,p20,dataset_2,embedding
89,0.6931471805599453,0.7298525,train,p20,dataset_2,embedding
668,1.3862943611198906,1.3137165,train,p20,dataset_2,embedding
153,0.6931471805599453,0.7673696,train,p20,dataset_2,embedding
776,0.6931471805599453,0.6734137,train,p20,dataset_2,embedding
213,1.0986122886681098,1.1341286,train,p20,dataset_2,embedding
1010,0.6931471805599453,0.7120096,train,p20,dataset_2,embedding
1258,0.6931471805599453,0.6823156,train,p20,dataset_2,embedding
1106,0.6931471805599453,0.7186225,train,p20,dataset_2,embedding
733,0.6931471805599453,0.9309492,train,p20,dataset_2,embedding
36,0.6931471805599453,0.88449544,train,p20,dataset_2,embedding
775,0.6931471805599453,0.7049187,train,p20,dataset_2,embedding
460,0.6931471805599453,0.66630447,train,p20,dataset_2,embedding
690,0.6931471805599453,0.8750091,train,p20,dataset_2,embedding
1019,0.6931471805599453,0.7114847,train,p20,dataset_2,embedding
1327,0.6931471805599453,0.7096517,train,p20,dataset_2,embedding
819,0.6931471805599453,0.6821545,train,p20,dataset_2,embedding
296,0.6931471805599453,0.6977777,train,p20,dataset_2,embedding
879,0.6931471805599453,0.70137626,train,p20,dataset_2,embedding
867,0.6931471805599453,0.69081515,train,p20,dataset_2,embedding
1305,0.6931471805599453,0.67410755,train,p20,dataset_2,embedding
503,0.6931471805599453,0.6872961,train,p20,dataset_2,embedding
1361,0.6931471805599453,0.68743396,train,p20,dataset_2,embedding
1264,0.6931471805599453,0.71135,train,p20,dataset_2,embedding
1300,0.6931471805599453,0.6816693,train,p20,dataset_2,embedding
88,0.6931471805599453,0.73841137,train,p20,dataset_2,embedding
224,3.091042453358316,2.0785725,train,p20,dataset_2,embedding
149,0.6931471805599453,0.6864007,train,p20,dataset_2,embedding
1168,1.6094379124341005,1.6003181,train,p20,dataset_2,embedding
357,0.6931471805599453,0.6846136,train,p20,dataset_2,embedding
1346,0.6931471805599453,0.6860761,train,p20,dataset_2,embedding
1388,0.6931471805599453,0.6980884,train,p20,dataset_2,embedding
1312,0.6931471805599453,0.7417286,train,p20,dataset_2,embedding
222,0.6931471805599453,0.68065983,train,p20,dataset_2,embedding
766,0.6931471805599453,0.7162581,train,p20,dataset_2,embedding
866,0.6931471805599453,0.6528576,train,p20,dataset_2,embedding
490,0.6931471805599453,0.6949559,train,p20,dataset_2,embedding
458,0.6931471805599453,0.72958654,train,p20,dataset_2,embedding
1255,0.6931471805599453,0.69247955,train,p20,dataset_2,embedding
206,0.6931471805599453,0.72733074,train,p20,dataset_2,embedding
179,0.6931471805599453,0.6937305,train,p20,dataset_2,embedding
1275,0.6931471805599453,0.65796125,train,p20,dataset_2,embedding
555,0.6931471805599453,0.8781037,train,p20,dataset_2,embedding
422,0.6931471805599453,0.81934685,train,p20,dataset_2,embedding
410,1.9459101490553132,1.1421708,train,p20,dataset_2,embedding
1119,0.6931471805599453,0.8104847,train,p20,dataset_2,embedding
489,0.6931471805599453,0.68104976,train,p20,dataset_2,embedding
525,1.0986122886681098,0.7678713,train,p20,dataset_2,embedding
20,0.6931471805599453,0.8291352,train,p20,dataset_2,embedding
662,0.6931471805599453,0.9958727,train,p20,dataset_2,embedding
1344,0.6931471805599453,0.7161777,train,p20,dataset_2,embedding
412,0.6931471805599453,0.7201328,train,p20,dataset_2,embedding
541,0.6931471805599453,0.94861925,train,p20,dataset_2,embedding
334,0.6931471805599453,0.72383636,train,p20,dataset_2,embedding
396,0.6931471805599453,2.112884,train,p20,dataset_2,embedding
114,0.6931471805599453,0.68160063,train,p20,dataset_2,embedding
645,1.3862943611198906,1.2119848,train,p20,dataset_2,embedding
911,0.6931471805599453,0.6837624,train,p20,dataset_2,embedding
655,1.0986122886681098,0.9488894,train,p20,dataset_2,embedding
660,0.6931471805599453,0.69887227,train,p20,dataset_2,embedding
562,0.6931471805599453,0.71939737,train,p20,dataset_2,embedding
1130,0.6931471805599453,0.68832034,train,p20,dataset_2,embedding
1385,0.6931471805599453,0.6997798,train,p20,dataset_2,embedding
1410,0.6931471805599453,0.7130025,train,p20,dataset_2,embedding
220,0.6931471805599453,0.7715499,train,p20,dataset_2,embedding
234,0.6931471805599453,0.70715314,train,p20,dataset_2,embedding
929,0.6931471805599453,0.74011004,train,p20,dataset_2,embedding
514,0.6931471805599453,0.7013277,train,p20,dataset_2,embedding
829,0.6931471805599453,0.6827144,train,p20,dataset_2,embedding
1067,0.6931471805599453,0.6829272,train,p20,dataset_2,embedding
1051,0.6931471805599453,0.7114894,train,p20,dataset_2,embedding
1304,0.6931471805599453,0.6620987,train,p20,dataset_2,embedding
45,0.6931471805599453,0.7114415,train,p20,dataset_2,embedding
1150,0.6931471805599453,0.7190702,train,p20,dataset_2,embedding
957,0.6931471805599453,0.6945408,train,p20,dataset_2,embedding
1063,0.6931471805599453,0.6827896,train,p20,dataset_2,embedding
408,0.6931471805599453,0.7067461,train,p20,dataset_2,embedding
137,0.6931471805599453,0.6706671,train,p20,dataset_2,embedding
1141,0.6931471805599453,0.6826456,train,p20,dataset_2,embedding
878,1.0986122886681098,0.7539898,train,p20,dataset_2,embedding
90,0.6931471805599453,0.67127913,train,p20,dataset_2,embedding
1014,0.6931471805599453,0.80726904,train,p20,dataset_2,embedding
194,0.6931471805599453,0.6820007,train,p20,dataset_2,embedding
966,0.6931471805599453,0.6649281,train,p20,dataset_2,embedding
1372,0.6931471805599453,0.68155426,train,p20,dataset_2,embedding
557,0.6931471805599453,0.6957701,train,p20,dataset_2,embedding
698,0.6931471805599453,0.7802363,train,p20,dataset_2,embedding
808,0.6931471805599453,0.6996915,train,p20,dataset_2,embedding
842,0.6931471805599453,0.67862046,train,p20,dataset_2,embedding
339,0.6931471805599453,0.73702973,train,p20,dataset_2,embedding
1000,0.6931471805599453,0.5771938,train,p20,dataset_2,embedding
493,0.6931471805599453,0.6875904,train,p20,dataset_2,embedding
346,0.6931471805599453,0.599355,train,p20,dataset_2,embedding
379,1.0986122886681098,0.85711455,train,p20,dataset_2,embedding
467,0.6931471805599453,0.7395297,train,p20,dataset_2,embedding
338,0.6931471805599453,0.67020047,train,p20,dataset_2,embedding
807,0.6931471805599453,0.68169755,train,p20,dataset_2,embedding
404,1.3862943611198906,1.2623664,train,p20,dataset_2,embedding
989,0.6931471805599453,0.7255966,train,p20,dataset_2,embedding
146,0.6931471805599453,0.68071496,train,p20,dataset_2,embedding
773,0.6931471805599453,0.80840427,train,p20,dataset_2,embedding
416,1.0986122886681098,0.96081144,train,p20,dataset_2,embedding
1180,1.0986122886681098,1.0502198,train,p20,dataset_2,embedding
1001,0.6931471805599453,0.7390637,train,p20,dataset_2,embedding
1155,0.6931471805599453,0.70045257,train,p20,dataset_2,embedding
758,0.6931471805599453,0.7149622,train,p20,dataset_2,embedding
535,0.6931471805599453,0.6972519,train,p20,dataset_2,embedding
1213,0.6931471805599453,0.7243137,train,p20,dataset_2,embedding
255,0.6931471805599453,0.71299535,train,p20,dataset_2,embedding
1436,0.6931471805599453,0.69442517,train,p20,dataset_2,embedding
151,0.6931471805599453,0.68262804,train,p20,dataset_2,embedding
599,0.6931471805599453,0.6936781,train,p20,dataset_2,embedding
848,0.6931471805599453,0.6821952,train,p20,dataset_2,embedding
1392,0.6931471805599453,0.6827494,train,p20,dataset_2,embedding
1435,0.6931471805599453,0.8740732,train,p20,dataset_2,embedding
127,0.6931471805599453,0.6973232,train,p20,dataset_2,embedding
236,0.6931471805599453,0.70392615,train,p20,dataset_2,embedding
475,0.6931471805599453,0.5666964,train,p20,dataset_2,embedding
631,1.791759469228055,1.8360544,train,p20,dataset_2,embedding
393,1.0986122886681098,1.014074,train,p20,dataset_2,embedding
932,0.6931471805599453,0.6814259,train,p20,dataset_2,embedding
991,0.6931471805599453,0.67204446,train,p20,dataset_2,embedding
1387,0.6931471805599453,0.7202722,train,p20,dataset_2,embedding
963,0.6931471805599453,0.67071456,train,p20,dataset_2,embedding
372,0.6931471805599453,0.6815343,train,p20,dataset_2,embedding
85,0.6931471805599453,0.936675,train,p20,dataset_2,embedding
1021,0.6931471805599453,0.748063,train,p20,dataset_2,embedding
359,0.6931471805599453,0.68953055,train,p20,dataset_2,embedding
1401,0.6931471805599453,0.68162733,train,p20,dataset_2,embedding
290,0.6931471805599453,0.6704021,train,p20,dataset_2,embedding
1169,3.713572066704308,1.5313963,train,p20,dataset_2,embedding
681,0.6931471805599453,0.83716685,train,p20,dataset_2,embedding
837,0.6931471805599453,0.70641917,train,p20,dataset_2,embedding
639,1.9459101490553132,1.4896137,train,p20,dataset_2,embedding
1420,0.6931471805599453,0.6703031,train,p20,dataset_2,embedding
392,0.6931471805599453,0.96999896,train,p20,dataset_2,embedding
119,0.6931471805599453,0.6776481,train,p20,dataset_2,embedding
838,0.6931471805599453,0.6908496,train,p20,dataset_2,embedding
589,0.6931471805599453,0.71570224,train,p20,dataset_2,embedding
695,0.6931471805599453,0.6871886,train,p20,dataset_2,embedding
1143,1.3862943611198906,1.5368513,train,p20,dataset_2,embedding
727,0.6931471805599453,0.97859865,train,p20,dataset_2,embedding
470,0.6931471805599453,0.70728195,train,p20,dataset_2,embedding
970,0.6931471805599453,0.68113863,train,p20,dataset_2,embedding
1277,0.6931471805599453,0.6807465,train,p20,dataset_2,embedding
1416,0.6931471805599453,0.7789684,train,p20,dataset_2,embedding
1302,0.6931471805599453,0.7239651,train,p20,dataset_2,embedding
211,3.784189633918261,2.1012821,train,p20,dataset_2,embedding
1052,0.6931471805599453,0.6653738,train,p20,dataset_2,embedding
432,1.3862943611198906,1.3093911,train,p20,dataset_2,embedding
524,0.6931471805599453,0.9472744,train,p20,dataset_2,embedding
835,0.6931471805599453,0.65462404,train,p20,dataset_2,embedding
1317,0.6931471805599453,0.7486612,train,p20,dataset_2,embedding
982,0.6931471805599453,0.7210149,train,p20,dataset_2,embedding
311,0.6931471805599453,0.6945169,train,p20,dataset_2,embedding
772,0.6931471805599453,0.7248265,train,p20,dataset_2,embedding
23,0.6931471805599453,0.7002912,train,p20,dataset_2,embedding
320,0.6931471805599453,0.685756,train,p20,dataset_2,embedding
832,0.6931471805599453,0.6826364,train,p20,dataset_2,embedding
519,0.6931471805599453,0.6806185,train,p20,dataset_2,embedding
1099,0.6931471805599453,1.0329487,train,p20,dataset_2,embedding
716,2.5649493574615367,2.4734986,train,p20,dataset_2,embedding
48,0.6931471805599453,0.7162493,train,p20,dataset_2,embedding
509,0.6931471805599453,0.76244,train,p20,dataset_2,embedding
705,0.6931471805599453,0.6861002,train,p20,dataset_2,embedding
1432,0.6931471805599453,0.6940023,train,p20,dataset_2,embedding
972,0.6931471805599453,0.74279046,train,p20,dataset_2,embedding
1309,0.6931471805599453,0.66580546,train,p20,dataset_2,embedding
607,0.6931471805599453,0.68260604,train,p20,dataset_2,embedding
1133,0.6931471805599453,1.027334,train,p20,dataset_2,embedding
1200,0.6931471805599453,0.67515546,train,p20,dataset_2,embedding
315,0.6931471805599453,0.71788067,train,p20,dataset_2,embedding
831,0.6931471805599453,0.683232,train,p20,dataset_2,embedding
10,0.6931471805599453,0.7668931,train,p20,dataset_2,embedding
882,0.6931471805599453,0.66708654,train,p20,dataset_2,embedding
1295,0.6931471805599453,0.59780604,train,p20,dataset_2,embedding
305,0.6931471805599453,0.68542063,train,p20,dataset_2,embedding
516,0.6931471805599453,0.7198412,train,p20,dataset_2,embedding
1306,0.6931471805599453,0.84371895,train,p20,dataset_2,embedding
173,0.6931471805599453,0.7523647,train,p20,dataset_2,embedding
949,0.6931471805599453,0.7006877,train,p20,dataset_2,embedding
1101,0.6931471805599453,0.6915677,train,p20,dataset_2,embedding
689,0.6931471805599453,0.66191435,train,p20,dataset_2,embedding
767,1.0986122886681098,0.7978214,train,p20,dataset_2,embedding
896,0.6931471805599453,0.68177134,train,p20,dataset_2,embedding
692,0.6931471805599453,0.8296456,train,p20,dataset_2,embedding
565,0.6931471805599453,0.7965372,train,p20,dataset_2,embedding
1172,0.6931471805599453,0.802208,train,p20,dataset_2,embedding
383,0.6931471805599453,0.6700996,train,p20,dataset_2,embedding
1140,0.6931471805599453,0.7004698,train,p20,dataset_2,embedding
1240,0.6931471805599453,0.68330604,train,p20,dataset_2,embedding
781,0.6931471805599453,0.70217425,train,p20,dataset_2,embedding
959,0.6931471805599453,0.74755794,train,p20,dataset_2,embedding
1278,0.6931471805599453,0.68068,train,p20,dataset_2,embedding
102,0.6931471805599453,0.70808774,train,p20,dataset_2,embedding
597,0.6931471805599453,0.93740684,train,p20,dataset_2,embedding
624,0.6931471805599453,0.6818484,train,p20,dataset_2,embedding
883,0.6931471805599453,0.72505337,train,p20,dataset_2,embedding
437,0.6931471805599453,0.6996855,train,p20,dataset_2,embedding
810,0.6931471805599453,0.70308065,train,p20,dataset_2,embedding
191,0.6931471805599453,0.6838798,train,p20,dataset_2,embedding
442,0.6931471805599453,0.77979386,train,p20,dataset_2,embedding
93,0.6931471805599453,0.6850686,train,p20,dataset_2,embedding
1117,0.6931471805599453,0.70586795,train,p20,dataset_2,embedding
731,0.6931471805599453,0.9510789,train,p20,dataset_2,embedding
117,0.6931471805599453,0.66620225,train,p20,dataset_2,embedding
880,0.6931471805599453,0.6881339,train,p20,dataset_2,embedding
1221,0.6931471805599453,0.8215443,train,p20,dataset_2,embedding
550,0.6931471805599453,0.7372428,train,p20,dataset_2,embedding
666,0.6931471805599453,0.7513355,train,p20,dataset_2,embedding
1127,0.6931471805599453,0.74620414,train,p20,dataset_2,embedding
811,0.6931471805599453,0.76418424,train,p20,dataset_2,embedding
188,0.6931471805599453,0.7293554,train,p20,dataset_2,embedding
1413,0.6931471805599453,0.6701935,train,p20,dataset_2,embedding
54,0.6931471805599453,0.69637537,train,p20,dataset_2,embedding
1433,0.6931471805599453,0.7157684,train,p20,dataset_2,embedding
466,0.6931471805599453,0.858554,train,p20,dataset_2,embedding
804,0.6931471805599453,0.7037694,train,p20,dataset_2,embedding
1050,0.6931471805599453,0.6920245,train,p20,dataset_2,embedding
1069,0.6931471805599453,0.7158635,train,p20,dataset_2,embedding
977,0.6931471805599453,0.68223244,train,p20,dataset_2,embedding
556,0.6931471805599453,0.68148404,train,p20,dataset_2,embedding
821,0.6931471805599453,0.6535903,train,p20,dataset_2,embedding
774,0.6931471805599453,0.6934587,train,p20,dataset_2,embedding
199,0.6931471805599453,0.6817866,train,p20,dataset_2,embedding
445,0.6931471805599453,0.74906605,train,p20,dataset_2,embedding
1353,0.6931471805599453,0.7712707,train,p20,dataset_2,embedding
71,0.6931471805599453,0.7379541,train,p20,dataset_2,embedding
487,0.6931471805599453,0.67008835,train,p20,dataset_2,embedding
1335,0.6931471805599453,0.66673166,train,p20,dataset_2,embedding
167,0.6931471805599453,0.66827595,train,p20,dataset_2,embedding
1179,0.6931471805599453,0.7099791,train,p20,dataset_2,embedding
59,0.6931471805599453,0.683095,train,p20,dataset_2,embedding
360,0.6931471805599453,0.77506405,train,p20,dataset_2,embedding
1215,0.6931471805599453,0.6819634,train,p20,dataset_2,embedding
401,0.6931471805599453,0.7153928,train,p20,dataset_2,embedding
1391,0.6931471805599453,0.8970799,train,p20,dataset_2,embedding
508,0.6931471805599453,0.69022024,train,p20,dataset_2,embedding
1389,0.6931471805599453,0.6645239,train,p20,dataset_2,embedding
1040,0.6931471805599453,0.66962916,train,p20,dataset_2,embedding
707,0.6931471805599453,0.7479056,train,p20,dataset_2,embedding
3,0.6931471805599453,0.7708299,train,p20,dataset_2,embedding
1084,0.6931471805599453,0.68056405,train,p20,dataset_2,embedding
156,0.6931471805599453,0.68706256,train,p20,dataset_2,embedding
1366,0.6931471805599453,0.73440784,train,p20,dataset_2,embedding
1303,0.6931471805599453,0.69496936,train,p20,dataset_2,embedding
1126,0.6931471805599453,0.8621414,train,p20,dataset_2,embedding
637,1.791759469228055,1.2712754,train,p20,dataset_2,embedding
1204,0.6931471805599453,0.69543225,train,p20,dataset_2,embedding
871,0.6931471805599453,0.7026108,train,p20,dataset_2,embedding
574,0.6931471805599453,0.6994688,train,p20,dataset_2,embedding
937,0.6931471805599453,0.6678658,train,p20,dataset_2,embedding
1393,0.6931471805599453,0.7005747,train,p20,dataset_2,embedding
262,0.6931471805599453,0.6824482,train,p20,dataset_2,embedding
295,0.6931471805599453,0.7577129,train,p20,dataset_2,embedding
576,0.6931471805599453,0.7216938,train,p20,dataset_2,embedding
507,0.6931471805599453,0.67000216,train,p20,dataset_2,embedding
1225,0.6931471805599453,0.7773134,train,p20,dataset_2,embedding
1376,0.6931471805599453,0.66709566,train,p20,dataset_2,embedding
1254,0.6931471805599453,0.7334381,train,p20,dataset_2,embedding
92,0.6931471805599453,0.6305111,train,p20,dataset_2,embedding
1011,0.6931471805599453,0.6771988,train,p20,dataset_2,embedding
476,0.6931471805599453,0.6872218,train,p20,dataset_2,embedding
643,1.0986122886681098,1.092701,train,p20,dataset_2,embedding
568,0.6931471805599453,0.6953308,train,p20,dataset_2,embedding
854,0.6931471805599453,0.68917257,train,p20,dataset_2,embedding
675,0.6931471805599453,0.7432831,train,p20,dataset_2,embedding
1060,0.6931471805599453,0.68200094,train,p20,dataset_2,embedding
646,0.6931471805599453,1.0679029,train,p20,dataset_2,embedding
547,0.6931471805599453,0.7819417,train,p20,dataset_2,embedding
1228,0.6931471805599453,0.66702724,train,p20,dataset_2,embedding
998,0.6931471805599453,0.7490257,train,p20,dataset_2,embedding
1252,0.6931471805599453,0.6807416,train,p20,dataset_2,embedding
253,0.6931471805599453,0.7517362,train,p20,dataset_2,embedding
869,0.6931471805599453,0.68181074,train,p20,dataset_2,embedding
1045,0.6931471805599453,0.68303096,train,p20,dataset_2,embedding
726,0.6931471805599453,1.0131034,train,p20,dataset_2,embedding
13,0.6931471805599453,0.6806377,train,p20,dataset_2,embedding
171,0.6931471805599453,0.6670468,train,p20,dataset_2,embedding
875,0.6931471805599453,0.6976811,train,p20,dataset_2,embedding
683,0.6931471805599453,0.7105338,train,p20,dataset_2,embedding
246,1.3862943611198906,1.1882846,train,p20,dataset_2,embedding
1257,0.6931471805599453,0.6827905,train,p20,dataset_2,embedding
225,0.6931471805599453,0.72298324,train,p20,dataset_2,embedding
1136,0.6931471805599453,0.7098444,train,p20,dataset_2,embedding
174,0.6931471805599453,0.69125336,train,p20,dataset_2,embedding
917,0.6931471805599453,0.69692767,train,p20,dataset_2,embedding
792,0.6931471805599453,0.6840297,train,p20,dataset_2,embedding
500,0.6931471805599453,0.76198816,train,p20,dataset_2,embedding
1318,0.6931471805599453,0.69370586,train,p20,dataset_2,embedding
68,0.6931471805599453,0.71240693,train,p20,dataset_2,embedding
737,0.6931471805599453,0.71381766,train,p20,dataset_2,embedding
178,0.6931471805599453,0.68088853,train,p20,dataset_2,embedding
229,0.6931471805599453,0.6832052,train,p20,dataset_2,embedding
967,0.6931471805599453,0.67063695,train,p20,dataset_2,embedding
268,1.0986122886681098,1.6665887,train,p20,dataset_2,embedding
53,0.6931471805599453,0.6816374,train,p20,dataset_2,embedding
1132,0.6931471805599453,0.64291286,train,p20,dataset_2,embedding
8,0.6931471805599453,0.7086528,train,p20,dataset_2,embedding
1286,0.6931471805599453,0.6810356,train,p20,dataset_2,embedding
215,0.6931471805599453,0.8701324,train,p20,dataset_2,embedding
554,2.5649493574615367,2.4277627,train,p20,dataset_2,embedding
678,0.6931471805599453,0.68450814,train,p20,dataset_2,embedding
1173,1.3862943611198906,1.292703,train,p20,dataset_2,embedding
1218,0.6931471805599453,0.64841306,train,p20,dataset_2,embedding
908,0.6931471805599453,0.63284934,train,p20,dataset_2,embedding
57,0.6931471805599453,0.7024202,train,p20,dataset_2,embedding
797,0.6931471805599453,0.68648964,train,p20,dataset_2,embedding
719,1.9459101490553132,1.0147508,train,p20,dataset_2,embedding
177,0.6931471805599453,0.75025624,train,p20,dataset_2,embedding
794,0.6931471805599453,0.68335205,train,p20,dataset_2,embedding
793,0.6931471805599453,0.67497224,train,p20,dataset_2,embedding
530,0.6931471805599453,0.6355862,train,p20,dataset_2,embedding
1129,1.0986122886681098,0.97210795,train,p20,dataset_2,embedding
907,0.6931471805599453,0.6755978,train,p20,dataset_2,embedding
87,0.6931471805599453,0.72211087,train,p20,dataset_2,embedding
886,0.6931471805599453,0.6816392,train,p20,dataset_2,embedding
96,0.6931471805599453,0.6973128,train,p20,dataset_2,embedding
181,0.6931471805599453,0.6668564,train,p20,dataset_2,embedding
1156,0.6931471805599453,0.68086284,train,p20,dataset_2,embedding
1110,0.6931471805599453,0.742305,train,p20,dataset_2,embedding
1009,0.6931471805599453,0.67034954,train,p20,dataset_2,embedding
183,0.6931471805599453,0.68544334,train,p20,dataset_2,embedding
1190,0.6931471805599453,0.7105852,train,p20,dataset_2,embedding
294,0.6931471805599453,0.7510994,train,p20,dataset_2,embedding
641,1.6094379124341005,0.9263798,train,p20,dataset_2,embedding
1339,0.6931471805599453,0.6845861,train,p20,dataset_2,embedding
150,0.6931471805599453,0.68074876,train,p20,dataset_2,embedding
650,0.6931471805599453,1.0481455,train,p20,dataset_2,embedding
80,0.6931471805599453,0.6812932,train,p20,dataset_2,embedding
455,0.6931471805599453,0.69253623,train,p20,dataset_2,embedding
39,0.6931471805599453,0.68186915,train,p20,dataset_2,embedding
1224,0.6931471805599453,0.7141098,train,p20,dataset_2,embedding
202,0.6931471805599453,0.7002181,train,p20,dataset_2,embedding
884,0.6931471805599453,0.7821299,train,p20,dataset_2,embedding
1405,0.6931471805599453,0.66727906,train,p20,dataset_2,embedding
1315,0.6931471805599453,0.69224894,validation,p20,dataset_2,embedding
27,0.6931471805599453,0.83999723,validation,p20,dataset_2,embedding
747,0.6931471805599453,0.68940085,validation,p20,dataset_2,embedding
1375,0.6931471805599453,0.7811233,validation,p20,dataset_2,embedding
1253,0.6931471805599453,0.6987118,validation,p20,dataset_2,embedding
1083,0.6931471805599453,0.6303188,validation,p20,dataset_2,embedding
769,0.6931471805599453,0.8308267,validation,p20,dataset_2,embedding
611,0.6931471805599453,0.6921569,validation,p20,dataset_2,embedding
1425,0.6931471805599453,0.62932885,validation,p20,dataset_2,embedding
162,0.6931471805599453,0.76119167,validation,p20,dataset_2,embedding
1196,0.6931471805599453,0.67360365,validation,p20,dataset_2,embedding
376,0.6931471805599453,0.71454114,validation,p20,dataset_2,embedding
540,0.6931471805599453,0.69910043,validation,p20,dataset_2,embedding
378,0.6931471805599453,0.67941374,validation,p20,dataset_2,embedding
55,0.6931471805599453,0.65693736,validation,p20,dataset_2,embedding
885,0.6931471805599453,0.8819233,validation,p20,dataset_2,embedding
356,0.6931471805599453,0.8346679,validation,p20,dataset_2,embedding
1183,0.6931471805599453,0.69703525,validation,p20,dataset_2,embedding
321,0.6931471805599453,0.6972479,validation,p20,dataset_2,embedding
916,0.6931471805599453,0.6850048,validation,p20,dataset_2,embedding
897,0.6931471805599453,0.6829627,validation,p20,dataset_2,embedding
717,2.9444389791664403,2.3071566,validation,p20,dataset_2,embedding
11,0.6931471805599453,0.6976016,validation,p20,dataset_2,embedding
1048,0.6931471805599453,0.6849622,validation,p20,dataset_2,embedding
367,0.6931471805599453,0.78020716,validation,p20,dataset_2,embedding
1102,0.6931471805599453,0.6381493,validation,p20,dataset_2,embedding
633,1.0986122886681098,1.7811755,validation,p20,dataset_2,embedding
790,0.6931471805599453,0.685447,validation,p20,dataset_2,embedding
337,0.6931471805599453,0.7137536,validation,p20,dataset_2,embedding
279,0.6931471805599453,0.731676,validation,p20,dataset_2,embedding
425,0.6931471805599453,0.8225885,validation,p20,dataset_2,embedding
1351,0.6931471805599453,0.6659059,validation,p20,dataset_2,embedding
938,0.6931471805599453,0.7173393,validation,p20,dataset_2,embedding
402,2.833213344056216,2.3933692,validation,p20,dataset_2,embedding
1332,0.6931471805599453,0.6699403,validation,p20,dataset_2,embedding
226,0.6931471805599453,0.75179106,validation,p20,dataset_2,embedding
1128,0.6931471805599453,0.90798914,validation,p20,dataset_2,embedding
708,0.6931471805599453,0.73666626,validation,p20,dataset_2,embedding
558,0.6931471805599453,0.76001084,validation,p20,dataset_2,embedding
1442,0.6931471805599453,0.70721436,validation,p20,dataset_2,embedding
1125,1.0986122886681098,0.99258614,validation,p20,dataset_2,embedding
1096,0.6931471805599453,0.66818064,validation,p20,dataset_2,embedding
761,0.6931471805599453,0.82934755,validation,p20,dataset_2,embedding
591,0.6931471805599453,0.7157565,validation,p20,dataset_2,embedding
205,0.6931471805599453,0.8173297,validation,p20,dataset_2,embedding
97,0.6931471805599453,0.67156696,validation,p20,dataset_2,embedding
904,0.6931471805599453,0.6773491,validation,p20,dataset_2,embedding
614,0.6931471805599453,0.7471897,validation,p20,dataset_2,embedding
1268,0.6931471805599453,0.68205005,validation,p20,dataset_2,embedding
138,0.6931471805599453,0.6808227,validation,p20,dataset_2,embedding
344,1.0986122886681098,0.7447701,validation,p20,dataset_2,embedding
927,0.6931471805599453,0.7012004,validation,p20,dataset_2,embedding
95,0.6931471805599453,0.7076307,validation,p20,dataset_2,embedding
928,0.6931471805599453,0.69447404,validation,p20,dataset_2,embedding
77,0.6931471805599453,0.7561749,validation,p20,dataset_2,embedding
746,0.6931471805599453,0.69162685,validation,p20,dataset_2,embedding
403,3.688879454113936,3.4406977,validation,p20,dataset_2,embedding
1105,0.6931471805599453,0.6791629,validation,p20,dataset_2,embedding
1118,0.6931471805599453,0.68438965,validation,p20,dataset_2,embedding
122,0.6931471805599453,0.6898746,validation,p20,dataset_2,embedding
798,0.6931471805599453,0.7040586,validation,p20,dataset_2,embedding
657,0.6931471805599453,0.87436974,validation,p20,dataset_2,embedding
1422,0.6931471805599453,0.68085676,validation,p20,dataset_2,embedding
313,0.6931471805599453,0.7415952,validation,p20,dataset_2,embedding
397,2.9444389791664403,2.215581,validation,p20,dataset_2,embedding
526,0.6931471805599453,0.7013276,validation,p20,dataset_2,embedding
954,0.6931471805599453,0.7098513,validation,p20,dataset_2,embedding
414,0.6931471805599453,0.71789753,validation,p20,dataset_2,embedding
544,0.6931471805599453,0.6516442,validation,p20,dataset_2,embedding
1194,0.6931471805599453,0.70287097,validation,p20,dataset_2,embedding
1082,0.6931471805599453,0.7437509,validation,p20,dataset_2,embedding
1025,0.6931471805599453,0.83362323,validation,p20,dataset_2,embedding
961,0.6931471805599453,0.6876731,validation,p20,dataset_2,embedding
103,0.6931471805599453,0.6956845,validation,p20,dataset_2,embedding
1383,0.6931471805599453,0.733465,validation,p20,dataset_2,embedding
709,0.6931471805599453,0.6955094,validation,p20,dataset_2,embedding
732,0.6931471805599453,0.9281172,validation,p20,dataset_2,embedding
612,0.6931471805599453,0.71965724,validation,p20,dataset_2,embedding
694,1.0986122886681098,1.3116318,validation,p20,dataset_2,embedding
1307,0.6931471805599453,0.8424982,validation,p20,dataset_2,embedding
406,0.6931471805599453,0.68634844,validation,p20,dataset_2,embedding
700,0.6931471805599453,0.697588,validation,p20,dataset_2,embedding
1429,0.6931471805599453,0.680692,validation,p20,dataset_2,embedding
1409,0.6931471805599453,0.89754367,validation,p20,dataset_2,embedding
400,1.791759469228055,1.861761,validation,p20,dataset_2,embedding
1395,0.6931471805599453,0.6814192,validation,p20,dataset_2,embedding
280,0.6931471805599453,0.65160793,validation,p20,dataset_2,embedding
72,0.6931471805599453,0.56686866,validation,p20,dataset_2,embedding
663,0.6931471805599453,0.7322236,validation,p20,dataset_2,embedding
465,0.6931471805599453,0.76751965,validation,p20,dataset_2,embedding
784,0.6931471805599453,0.6560033,validation,p20,dataset_2,embedding
856,0.6931471805599453,0.6802685,validation,p20,dataset_2,embedding
64,0.6931471805599453,0.7372647,validation,p20,dataset_2,embedding
187,0.6931471805599453,0.6675269,validation,p20,dataset_2,embedding
134,0.6931471805599453,0.6703425,validation,p20,dataset_2,embedding
1086,0.6931471805599453,0.76500523,validation,p20,dataset_2,embedding
1288,0.6931471805599453,0.7228231,validation,p20,dataset_2,embedding
1334,0.6931471805599453,0.7021093,validation,p20,dataset_2,embedding
446,0.6931471805599453,0.59554905,validation,p20,dataset_2,embedding
1418,0.6931471805599453,0.682446,validation,p20,dataset_2,embedding
18,1.0986122886681098,0.76723284,validation,p20,dataset_2,embedding
1219,0.6931471805599453,0.6849379,validation,p20,dataset_2,embedding
264,0.6931471805599453,0.67059004,validation,p20,dataset_2,embedding
1151,0.6931471805599453,0.80296856,validation,p20,dataset_2,embedding
263,0.6931471805599453,0.6812485,validation,p20,dataset_2,embedding
208,3.295836866004329,2.8046432,validation,p20,dataset_2,embedding
1326,0.6931471805599453,0.7823524,validation,p20,dataset_2,embedding
571,0.6931471805599453,0.6903506,validation,p20,dataset_2,embedding
453,0.6931471805599453,0.70140636,validation,p20,dataset_2,embedding
1198,0.6931471805599453,0.7564196,validation,p20,dataset_2,embedding
603,0.6931471805599453,0.6846415,validation,p20,dataset_2,embedding
609,0.6931471805599453,0.68937737,validation,p20,dataset_2,embedding
935,0.6931471805599453,0.66590655,validation,p20,dataset_2,embedding
491,0.6931471805599453,0.7233886,validation,p20,dataset_2,embedding
696,0.6931471805599453,0.7156616,validation,p20,dataset_2,embedding
750,1.0986122886681098,0.9530676,validation,p20,dataset_2,embedding
132,0.6931471805599453,0.67679584,validation,p20,dataset_2,embedding
851,0.6931471805599453,0.68331236,validation,p20,dataset_2,embedding
538,0.6931471805599453,1.1166453,validation,p20,dataset_2,embedding
1148,0.6931471805599453,0.6704059,validation,p20,dataset_2,embedding
1146,0.6931471805599453,0.6813999,validation,p20,dataset_2,embedding
241,1.6094379124341005,1.6669708,validation,p20,dataset_2,embedding
368,0.6931471805599453,0.6812552,validation,p20,dataset_2,embedding
484,0.6931471805599453,0.6971634,validation,p20,dataset_2,embedding
910,0.6931471805599453,0.6970356,validation,p20,dataset_2,embedding
242,1.6094379124341005,1.3973281,validation,p20,dataset_2,embedding
155,0.6931471805599453,0.6937204,validation,p20,dataset_2,embedding
1209,0.6931471805599453,0.7643209,validation,p20,dataset_2,embedding
288,0.6931471805599453,0.70279664,validation,p20,dataset_2,embedding
9,0.6931471805599453,0.7297276,validation,p20,dataset_2,embedding
725,1.0986122886681098,0.89487314,validation,p20,dataset_2,embedding
1077,0.6931471805599453,0.68535775,validation,p20,dataset_2,embedding
1414,0.6931471805599453,0.6746102,validation,p20,dataset_2,embedding
533,0.6931471805599453,0.712556,validation,p20,dataset_2,embedding
407,0.6931471805599453,0.9419623,validation,p20,dataset_2,embedding
1403,0.6931471805599453,0.688125,validation,p20,dataset_2,embedding
256,0.6931471805599453,0.68144125,validation,p20,dataset_2,embedding
349,0.6931471805599453,0.68368536,validation,p20,dataset_2,embedding
815,0.6931471805599453,0.8602369,validation,p20,dataset_2,embedding
1131,0.6931471805599453,0.692301,validation,p20,dataset_2,embedding
1137,0.6931471805599453,0.6898003,validation,p20,dataset_2,embedding
635,3.713572066704308,2.1551237,validation,p20,dataset_2,embedding
1112,0.6931471805599453,0.6937648,validation,p20,dataset_2,embedding
606,0.6931471805599453,0.7153408,validation,p20,dataset_2,embedding
1013,0.6931471805599453,0.7004636,validation,p20,dataset_2,embedding
765,0.6931471805599453,0.7761466,validation,p20,dataset_2,embedding
806,0.6931471805599453,0.6289924,validation,p20,dataset_2,embedding
164,0.6931471805599453,0.6972899,validation,p20,dataset_2,embedding
1348,0.6931471805599453,0.65149397,validation,p20,dataset_2,embedding
1270,0.6931471805599453,0.7122832,validation,p20,dataset_2,embedding
1292,0.6931471805599453,0.6809624,validation,p20,dataset_2,embedding
300,0.6931471805599453,0.7178239,validation,p20,dataset_2,embedding
980,0.6931471805599453,0.7608659,validation,p20,dataset_2,embedding
909,0.6931471805599453,0.68161494,validation,p20,dataset_2,embedding
62,0.6931471805599453,0.79780847,validation,p20,dataset_2,embedding
106,1.0986122886681098,0.92949885,validation,p20,dataset_2,embedding
252,0.6931471805599453,0.7189667,validation,p20,dataset_2,embedding
714,3.610917912644224,3.214436,validation,p20,dataset_2,embedding
449,0.6931471805599453,0.5674195,validation,p20,dataset_2,embedding
688,0.6931471805599453,0.69287187,validation,p20,dataset_2,embedding
673,1.0986122886681098,0.90176666,validation,p20,dataset_2,embedding
644,0.6931471805599453,0.90084916,validation,p20,dataset_2,embedding
200,0.6931471805599453,0.738865,validation,p20,dataset_2,embedding
472,0.6931471805599453,0.6947074,validation,p20,dataset_2,embedding
1066,0.6931471805599453,0.5762278,validation,p20,dataset_2,embedding
69,0.6931471805599453,0.6876239,validation,p20,dataset_2,embedding
1369,0.6931471805599453,0.7014064,validation,p20,dataset_2,embedding
1266,0.6931471805599453,0.7094663,validation,p20,dataset_2,embedding
936,0.6931471805599453,0.68362886,validation,p20,dataset_2,embedding
728,0.6931471805599453,0.9955226,validation,p20,dataset_2,embedding
552,0.6931471805599453,0.7720301,validation,p20,dataset_2,embedding
1359,0.6931471805599453,0.7104677,validation,p20,dataset_2,embedding
1195,0.6931471805599453,0.7033563,validation,p20,dataset_2,embedding
405,1.0986122886681098,1.0014457,validation,p20,dataset_2,embedding
975,0.6931471805599453,0.68457025,validation,p20,dataset_2,embedding
640,1.9459101490553132,1.478832,validation,p20,dataset_2,embedding
735,0.6931471805599453,0.9212279,validation,p20,dataset_2,embedding
1174,1.3862943611198906,0.8426177,validation,p20,dataset_2,embedding
228,0.6931471805599453,0.50067556,validation,p20,dataset_2,embedding
60,0.6931471805599453,0.6873409,validation,p20,dataset_2,embedding
33,0.6931471805599453,0.9488094,validation,p20,dataset_2,embedding
341,0.6931471805599453,0.7416831,validation,p20,dataset_2,embedding
817,0.6931471805599453,0.71746165,validation,p20,dataset_2,embedding
537,1.0986122886681098,0.79007673,validation,p20,dataset_2,embedding
1070,0.6931471805599453,0.6571198,validation,p20,dataset_2,embedding
1115,0.6931471805599453,0.7003122,validation,p20,dataset_2,embedding
1005,0.6931471805599453,0.68086535,validation,p20,dataset_2,embedding
753,0.6931471805599453,0.6952509,validation,p20,dataset_2,embedding
1229,0.6931471805599453,0.6766302,validation,p20,dataset_2,embedding
46,0.6931471805599453,0.65472037,validation,p20,dataset_2,embedding
1038,0.6931471805599453,0.6943317,validation,p20,dataset_2,embedding
577,0.6931471805599453,0.6949544,validation,p20,dataset_2,embedding
1041,0.6931471805599453,0.6819634,validation,p20,dataset_2,embedding
862,0.6931471805599453,0.71426064,validation,p20,dataset_2,embedding
1301,0.6931471805599453,0.76380664,validation,p20,dataset_2,embedding
1017,0.6931471805599453,0.6808551,validation,p20,dataset_2,embedding
546,0.6931471805599453,0.70191866,validation,p20,dataset_2,embedding
857,0.6931471805599453,0.6780297,validation,p20,dataset_2,embedding
272,0.6931471805599453,0.6662353,validation,p20,dataset_2,embedding
742,0.6931471805599453,0.77551574,validation,p20,dataset_2,embedding
193,0.6931471805599453,0.7420591,validation,p20,dataset_2,embedding
430,0.6931471805599453,0.7485968,validation,p20,dataset_2,embedding
723,0.6931471805599453,0.71337056,validation,p20,dataset_2,embedding
926,0.6931471805599453,0.69720215,validation,p20,dataset_2,embedding
1273,0.6931471805599453,0.65803117,validation,p20,dataset_2,embedding
323,0.6931471805599453,0.6402501,validation,p20,dataset_2,embedding
182,0.6931471805599453,0.68339866,validation,p20,dataset_2,embedding
1370,0.6931471805599453,0.70211214,validation,p20,dataset_2,embedding
921,0.6931471805599453,0.7209638,validation,p20,dataset_2,embedding
553,0.6931471805599453,0.93689805,validation,p20,dataset_2,embedding
312,0.6931471805599453,0.70327806,validation,p20,dataset_2,embedding
1342,0.6931471805599453,0.6873781,validation,p20,dataset_2,embedding
1233,0.6931471805599453,0.69533813,validation,p20,dataset_2,embedding
787,0.6931471805599453,0.76073104,validation,p20,dataset_2,embedding
1336,0.6931471805599453,0.6982371,validation,p20,dataset_2,embedding
1234,0.6931471805599453,0.680898,validation,p20,dataset_2,embedding
443,0.6931471805599453,0.66750425,validation,p20,dataset_2,embedding
413,0.6931471805599453,0.69301564,test,p20,dataset_2,embedding
316,0.6931471805599453,0.7184157,test,p20,dataset_2,embedding
1034,0.6931471805599453,0.68523043,test,p20,dataset_2,embedding
65,0.6931471805599453,0.79626644,test,p20,dataset_2,embedding
1024,0.6931471805599453,0.6702347,test,p20,dataset_2,embedding
661,0.6931471805599453,0.79970366,test,p20,dataset_2,embedding
175,0.6931471805599453,0.678788,test,p20,dataset_2,embedding
824,0.6931471805599453,0.6955498,test,p20,dataset_2,embedding
649,0.6931471805599453,0.720269,test,p20,dataset_2,embedding
231,0.6931471805599453,0.7360024,test,p20,dataset_2,embedding
198,0.6931471805599453,0.6667443,test,p20,dataset_2,embedding
845,0.6931471805599453,0.6874089,test,p20,dataset_2,embedding
1108,0.6931471805599453,0.6878926,test,p20,dataset_2,embedding
1394,0.6931471805599453,0.65371865,test,p20,dataset_2,embedding
358,0.6931471805599453,0.68271285,test,p20,dataset_2,embedding
1088,2.302585092994046,1.2442484,test,p20,dataset_2,embedding
394,3.610917912644224,3.3690214,test,p20,dataset_2,embedding
275,0.6931471805599453,0.68574923,test,p20,dataset_2,embedding
782,0.6931471805599453,0.68174016,test,p20,dataset_2,embedding
715,2.1972245773362196,2.315721,test,p20,dataset_2,embedding
239,0.6931471805599453,1.0480384,test,p20,dataset_2,embedding
240,2.0794415416798357,1.9964058,test,p20,dataset_2,embedding
420,0.6931471805599453,0.6967161,test,p20,dataset_2,embedding
1259,0.6931471805599453,0.680993,test,p20,dataset_2,embedding
986,0.6931471805599453,0.73268324,test,p20,dataset_2,embedding
752,0.6931471805599453,0.6860169,test,p20,dataset_2,embedding
590,0.6931471805599453,0.6874941,test,p20,dataset_2,embedding
1398,0.6931471805599453,0.68355185,test,p20,dataset_2,embedding
51,0.6931471805599453,0.6791992,test,p20,dataset_2,embedding
680,0.6931471805599453,0.6800084,test,p20,dataset_2,embedding
374,0.6931471805599453,0.7177895,test,p20,dataset_2,embedding
168,0.6931471805599453,0.6807959,test,p20,dataset_2,embedding
244,0.6931471805599453,0.6747083,test,p20,dataset_2,embedding
585,0.6931471805599453,0.7107189,test,p20,dataset_2,embedding
1412,0.6931471805599453,0.6507303,test,p20,dataset_2,embedding
598,0.6931471805599453,0.75809044,test,p20,dataset_2,embedding
49,0.6931471805599453,0.67314243,test,p20,dataset_2,embedding
462,0.6931471805599453,0.7007663,test,p20,dataset_2,embedding
1223,0.6931471805599453,0.6876785,test,p20,dataset_2,embedding
29,1.0986122886681098,1.0928556,test,p20,dataset_2,embedding
192,0.6931471805599453,0.68144065,test,p20,dataset_2,embedding
922,0.6931471805599453,0.7572121,test,p20,dataset_2,embedding
1434,0.6931471805599453,0.71602434,test,p20,dataset_2,embedding
621,0.6931471805599453,0.5663583,test,p20,dataset_2,embedding
1027,0.6931471805599453,0.68182766,test,p20,dataset_2,embedding
730,0.6931471805599453,0.7752288,test,p20,dataset_2,embedding
67,0.6931471805599453,0.67199093,test,p20,dataset_2,embedding
1313,0.6931471805599453,0.6948002,test,p20,dataset_2,embedding
527,0.6931471805599453,0.7158497,test,p20,dataset_2,embedding
812,0.6931471805599453,0.6861616,test,p20,dataset_2,embedding
1261,0.6931471805599453,0.68097204,test,p20,dataset_2,embedding
741,1.3862943611198906,0.9359155,test,p20,dataset_2,embedding
1227,0.6931471805599453,0.6963323,test,p20,dataset_2,embedding
261,0.6931471805599453,0.6314084,test,p20,dataset_2,embedding
836,0.6931471805599453,0.6683926,test,p20,dataset_2,embedding
123,0.6931471805599453,0.59911716,test,p20,dataset_2,embedding
1384,0.6931471805599453,0.9812362,test,p20,dataset_2,embedding
605,0.6931471805599453,0.6354093,test,p20,dataset_2,embedding
973,0.6931471805599453,0.68668205,test,p20,dataset_2,embedding
594,0.6931471805599453,0.7108596,test,p20,dataset_2,embedding
184,0.6931471805599453,0.71513814,test,p20,dataset_2,embedding
946,0.6931471805599453,0.6530891,test,p20,dataset_2,embedding
888,0.6931471805599453,0.69802666,test,p20,dataset_2,embedding
141,0.6931471805599453,0.68105245,test,p20,dataset_2,embedding
964,0.6931471805599453,0.68152094,test,p20,dataset_2,embedding
816,0.6931471805599453,0.7092806,test,p20,dataset_2,embedding
1239,0.6931471805599453,0.6860346,test,p20,dataset_2,embedding
44,0.6931471805599453,0.68081135,test,p20,dataset_2,embedding
799,0.6931471805599453,0.6755909,test,p20,dataset_2,embedding
566,0.6931471805599453,0.7021039,test,p20,dataset_2,embedding
1144,0.6931471805599453,0.67447525,test,p20,dataset_2,embedding
802,0.6931471805599453,0.78732204,test,p20,dataset_2,embedding
1030,0.6931471805599453,0.68089956,test,p20,dataset_2,embedding
76,1.3862943611198906,1.0202696,test,p20,dataset_2,embedding
361,0.6931471805599453,0.7136753,test,p20,dataset_2,embedding
1333,0.6931471805599453,0.6771043,test,p20,dataset_2,embedding
270,0.6931471805599453,0.68392813,test,p20,dataset_2,embedding
1098,0.6931471805599453,0.69127244,test,p20,dataset_2,embedding
1197,0.6931471805599453,0.7238911,test,p20,dataset_2,embedding
1036,0.6931471805599453,0.71043974,test,p20,dataset_2,embedding
1039,0.6931471805599453,0.6581664,test,p20,dataset_2,embedding
78,0.6931471805599453,0.729634,test,p20,dataset_2,embedding
745,0.6931471805599453,0.675846,test,p20,dataset_2,embedding
271,0.6931471805599453,0.64170164,test,p20,dataset_2,embedding
575,0.6931471805599453,0.7208732,test,p20,dataset_2,embedding
1285,0.6931471805599453,0.7404949,test,p20,dataset_2,embedding
1023,0.6931471805599453,0.6719219,test,p20,dataset_2,embedding
651,0.6931471805599453,0.8484461,test,p20,dataset_2,embedding
70,0.6931471805599453,0.61279786,test,p20,dataset_2,embedding
15,0.6931471805599453,0.8368768,test,p20,dataset_2,embedding
1438,0.6931471805599453,0.67499834,test,p20,dataset_2,embedding
351,0.6931471805599453,0.71724343,test,p20,dataset_2,embedding
115,0.6931471805599453,0.6676931,test,p20,dataset_2,embedding
303,0.6931471805599453,0.72204345,test,p20,dataset_2,embedding
1075,0.6931471805599453,0.6872036,test,p20,dataset_2,embedding
796,0.6931471805599453,0.6719369,test,p20,dataset_2,embedding
528,0.6931471805599453,0.748969,test,p20,dataset_2,embedding
901,0.6931471805599453,0.68846345,test,p20,dataset_2,embedding
479,0.6931471805599453,0.82022446,test,p20,dataset_2,embedding
905,0.6931471805599453,0.68273187,test,p20,dataset_2,embedding
415,0.6931471805599453,1.0604202,test,p20,dataset_2,embedding
711,0.6931471805599453,0.704964,test,p20,dataset_2,embedding
309,0.6931471805599453,0.7859818,test,p20,dataset_2,embedding
1053,0.6931471805599453,0.5933468,test,p20,dataset_2,embedding
788,0.6931471805599453,0.7009195,test,p20,dataset_2,embedding
1236,0.6931471805599453,0.66008776,test,p20,dataset_2,embedding
887,0.6931471805599453,0.6819102,test,p20,dataset_2,embedding
1399,0.6931471805599453,0.72325605,test,p20,dataset_2,embedding
1068,0.6931471805599453,0.67674214,test,p20,dataset_2,embedding
478,0.6931471805599453,0.6724141,test,p20,dataset_2,embedding
999,0.6931471805599453,0.6942036,test,p20,dataset_2,embedding
873,0.6931471805599453,0.7111541,test,p20,dataset_2,embedding
818,0.6931471805599453,0.8252799,test,p20,dataset_2,embedding
1090,2.302585092994046,1.2819704,test,p20,dataset_2,embedding
757,0.6931471805599453,0.70934594,test,p20,dataset_2,embedding
1031,0.6931471805599453,0.6806838,test,p20,dataset_2,embedding
322,0.6931471805599453,0.68117374,test,p20,dataset_2,embedding
332,0.6931471805599453,0.6782532,test,p20,dataset_2,embedding
567,0.6931471805599453,0.6728677,test,p20,dataset_2,embedding
892,0.6931471805599453,0.6814119,test,p20,dataset_2,embedding
610,0.6931471805599453,0.74307436,test,p20,dataset_2,embedding
529,0.6931471805599453,0.9431047,test,p20,dataset_2,embedding
570,0.6931471805599453,0.6816023,test,p20,dataset_2,embedding
429,0.6931471805599453,0.6983507,test,p20,dataset_2,embedding
985,0.6931471805599453,0.71690714,test,p20,dataset_2,embedding
43,0.6931471805599453,0.7766837,test,p20,dataset_2,embedding
497,0.6931471805599453,0.7660003,test,p20,dataset_2,embedding
451,0.6931471805599453,0.6845951,test,p20,dataset_2,embedding
1085,0.6931471805599453,0.6805563,test,p20,dataset_2,embedding
1423,0.6931471805599453,0.6646281,test,p20,dataset_2,embedding
101,0.6931471805599453,0.6982588,test,p20,dataset_2,embedding
889,0.6931471805599453,0.71136063,test,p20,dataset_2,embedding
289,0.6931471805599453,0.70683515,test,p20,dataset_2,embedding
1006,0.6931471805599453,0.6707606,test,p20,dataset_2,embedding
1443,0.6931471805599453,0.6996215,test,p20,dataset_2,embedding
1308,0.6931471805599453,0.6735254,test,p20,dataset_2,embedding
1330,0.6931471805599453,0.92777115,test,p20,dataset_2,embedding
381,0.6931471805599453,0.6806581,test,p20,dataset_2,embedding
847,0.6931471805599453,0.6798947,test,p20,dataset_2,embedding
1057,0.6931471805599453,0.69288665,test,p20,dataset_2,embedding
602,0.6931471805599453,0.70113754,test,p20,dataset_2,embedding
898,0.6931471805599453,0.68767554,test,p20,dataset_2,embedding
636,1.9459101490553132,2.3278544,test,p20,dataset_2,embedding
665,1.0986122886681098,1.0655974,test,p20,dataset_2,embedding
588,1.0986122886681098,0.82023674,test,p20,dataset_2,embedding
163,0.6931471805599453,0.66561526,test,p20,dataset_2,embedding
32,0.6931471805599453,0.9940441,test,p20,dataset_2,embedding
619,0.6931471805599453,0.7157714,test,p20,dataset_2,embedding
672,0.6931471805599453,0.7175061,test,p20,dataset_2,embedding
324,0.6931471805599453,0.6830291,test,p20,dataset_2,embedding
382,0.6931471805599453,0.68271744,test,p20,dataset_2,embedding
306,0.6931471805599453,0.6986423,test,p20,dataset_2,embedding
1163,0.6931471805599453,0.68079966,test,p20,dataset_2,embedding
855,0.6931471805599453,0.6583527,test,p20,dataset_2,embedding
722,1.0986122886681098,1.1279025,test,p20,dataset_2,embedding
365,0.6931471805599453,0.6821144,test,p20,dataset_2,embedding
423,0.6931471805599453,0.68014294,test,p20,dataset_2,embedding
933,0.6931471805599453,0.7257232,test,p20,dataset_2,embedding
247,0.6931471805599453,0.7173846,test,p20,dataset_2,embedding
427,0.6931471805599453,0.70564157,test,p20,dataset_2,embedding
1380,1.3862943611198906,1.1673219,test,p20,dataset_2,embedding
543,0.6931471805599453,0.6649243,test,p20,dataset_2,embedding
218,0.6931471805599453,0.738684,test,p20,dataset_2,embedding
864,0.6931471805599453,0.6666214,test,p20,dataset_2,embedding
274,0.6931471805599453,0.6871162,test,p20,dataset_2,embedding
628,4.060443010546419,2.6659026,test,p20,dataset_2,embedding
1237,0.6931471805599453,0.62369704,test,p20,dataset_2,embedding
1431,0.6931471805599453,0.68255967,test,p20,dataset_2,embedding
63,0.6931471805599453,0.6650098,test,p20,dataset_2,embedding
1178,0.6931471805599453,0.6660671,test,p20,dataset_2,embedding
380,0.6931471805599453,0.64797777,test,p20,dataset_2,embedding
1203,0.6931471805599453,0.68317807,test,p20,dataset_2,embedding
1235,0.6931471805599453,0.7206401,test,p20,dataset_2,embedding
485,0.6931471805599453,0.6652291,test,p20,dataset_2,embedding
674,1.0986122886681098,0.9815493,test,p20,dataset_2,embedding
1201,0.6931471805599453,0.6868337,test,p20,dataset_2,embedding
931,0.6931471805599453,0.66620356,test,p20,dataset_2,embedding
203,0.6931471805599453,0.6476962,test,p20,dataset_2,embedding
522,0.6931471805599453,0.6659013,test,p20,dataset_2,embedding
894,0.6931471805599453,0.7172987,test,p20,dataset_2,embedding
30,1.9459101490553132,1.0058106,test,p20,dataset_2,embedding
56,0.6931471805599453,0.7195455,test,p20,dataset_2,embedding
1166,2.833213344056216,3.3755193,test,p20,dataset_2,embedding
1092,0.6931471805599453,0.68244034,test,p20,dataset_2,embedding
371,0.6931471805599453,0.6727756,test,p20,dataset_2,embedding
945,0.6931471805599453,0.68255466,test,p20,dataset_2,embedding
1378,0.6931471805599453,0.6872676,test,p20,dataset_2,embedding
1192,0.6931471805599453,0.737302,test,p20,dataset_2,embedding
858,0.6931471805599453,0.5681209,test,p20,dataset_2,embedding
464,0.6931471805599453,0.68157345,test,p20,dataset_2,embedding
363,0.6931471805599453,0.6820802,test,p20,dataset_2,embedding
1187,0.6931471805599453,0.6876759,test,p20,dataset_2,embedding
578,0.6931471805599453,0.6875083,test,p20,dataset_2,embedding
237,1.3862943611198906,1.0554496,test,p20,dataset_2,embedding
1390,0.6931471805599453,0.6917307,test,p20,dataset_2,embedding
99,0.6931471805599453,0.70155835,test,p20,dataset_2,embedding
461,0.6931471805599453,0.6225755,test,p20,dataset_2,embedding
259,0.6931471805599453,0.69774145,test,p20,dataset_2,embedding
481,0.6931471805599453,0.7149319,test,p20,dataset_2,embedding
583,0.6931471805599453,0.5665938,test,p20,dataset_2,embedding
861,0.6931471805599453,0.7431003,test,p20,dataset_2,embedding
1043,0.6931471805599453,0.6857032,test,p20,dataset_2,embedding
277,0.6931471805599453,0.6824607,test,p20,dataset_2,embedding
744,0.6931471805599453,0.9224391,test,p20,dataset_2,embedding
584,0.6931471805599453,0.69736135,test,p20,dataset_2,embedding
1037,0.6931471805599453,0.6987392,test,p20,dataset_2,embedding
906,0.6931471805599453,0.76925737,test,p20,dataset_2,embedding
377,0.6931471805599453,0.6120536,test,p20,dataset_2,embedding
549,0.6931471805599453,0.68563014,test,p20,dataset_2,embedding
1417,0.6931471805599453,0.7162767,test,p20,dataset_2,embedding
771,0.6931471805599453,0.76642686,test,p20,dataset_2,embedding
691,1.0986122886681098,1.2868347,test,p20,dataset_2,embedding
706,0.6931471805599453,0.7005955,test,p20,dataset_2,embedding
297,0.6931471805599453,0.7472505,test,p20,dataset_2,embedding
1247,0.6931471805599453,0.6876585,test,p20,dataset_2,embedding
893,0.6931471805599453,0.69900924,test,p20,dataset_2,embedding
947,0.6931471805599453,0.69449985,test,p20,dataset_2,embedding
1369,0.6931471805599453,0.69881773,train,p25,dataset_2,embedding
1301,0.6931471805599453,0.6700994,train,p25,dataset_2,embedding
895,0.6931471805599453,0.7877176,train,p25,dataset_2,embedding
876,0.6931471805599453,0.6805891,train,p25,dataset_2,embedding
1441,0.6931471805599453,0.6852969,train,p25,dataset_2,embedding
939,0.6931471805599453,0.6816424,train,p25,dataset_2,embedding
651,0.6931471805599453,0.7759913,train,p25,dataset_2,embedding
1032,0.6931471805599453,0.6686312,train,p25,dataset_2,embedding
465,0.6931471805599453,0.72340035,train,p25,dataset_2,embedding
706,0.6931471805599453,0.69187605,train,p25,dataset_2,embedding
772,0.6931471805599453,0.68065464,train,p25,dataset_2,embedding
549,0.6931471805599453,0.67767596,train,p25,dataset_2,embedding
1241,0.6931471805599453,0.6930771,train,p25,dataset_2,embedding
1059,0.6931471805599453,0.6846273,train,p25,dataset_2,embedding
43,0.6931471805599453,0.7494184,train,p25,dataset_2,embedding
1436,0.6931471805599453,0.69432473,train,p25,dataset_2,embedding
127,0.6931471805599453,0.69398916,train,p25,dataset_2,embedding
154,0.6931471805599453,0.6748117,train,p25,dataset_2,embedding
351,0.6931471805599453,0.704878,train,p25,dataset_2,embedding
951,0.6931471805599453,0.6183484,train,p25,dataset_2,embedding
271,0.6931471805599453,0.7854506,train,p25,dataset_2,embedding
468,0.6931471805599453,0.7453841,train,p25,dataset_2,embedding
345,0.6931471805599453,0.68959606,train,p25,dataset_2,embedding
214,1.3862943611198906,0.88885176,train,p25,dataset_2,embedding
667,0.6931471805599453,0.6943536,train,p25,dataset_2,embedding
1297,0.6931471805599453,0.6097251,train,p25,dataset_2,embedding
820,0.6931471805599453,0.6964737,train,p25,dataset_2,embedding
1285,0.6931471805599453,0.7186005,train,p25,dataset_2,embedding
156,0.6931471805599453,0.6883099,train,p25,dataset_2,embedding
319,0.6931471805599453,0.68045855,train,p25,dataset_2,embedding
1083,0.6931471805599453,0.77010405,train,p25,dataset_2,embedding
199,0.6931471805599453,0.6753706,train,p25,dataset_2,embedding
163,0.6931471805599453,0.68213856,train,p25,dataset_2,embedding
1021,0.6931471805599453,0.7484865,train,p25,dataset_2,embedding
1002,0.6931471805599453,0.6984596,train,p25,dataset_2,embedding
1413,0.6931471805599453,0.6982583,train,p25,dataset_2,embedding
479,0.6931471805599453,0.8520961,train,p25,dataset_2,embedding
263,0.6931471805599453,0.6738149,train,p25,dataset_2,embedding
409,0.6931471805599453,0.84302497,train,p25,dataset_2,embedding
1042,0.6931471805599453,0.66904783,train,p25,dataset_2,embedding
250,0.6931471805599453,0.70667887,train,p25,dataset_2,embedding
272,0.6931471805599453,0.6823541,train,p25,dataset_2,embedding
1427,0.6931471805599453,0.674546,train,p25,dataset_2,embedding
469,0.6931471805599453,0.72522974,train,p25,dataset_2,embedding
247,0.6931471805599453,0.62387276,train,p25,dataset_2,embedding
476,0.6931471805599453,0.6726892,train,p25,dataset_2,embedding
403,3.713572066704308,3.7328575,train,p25,dataset_2,embedding
1286,0.6931471805599453,0.67462337,train,p25,dataset_2,embedding
824,0.6931471805599453,0.7422209,train,p25,dataset_2,embedding
604,0.6931471805599453,0.709412,train,p25,dataset_2,embedding
585,0.6931471805599453,0.6108036,train,p25,dataset_2,embedding
736,1.0986122886681098,0.9439647,train,p25,dataset_2,embedding
1255,0.6931471805599453,0.72578704,train,p25,dataset_2,embedding
1270,0.6931471805599453,0.6720303,train,p25,dataset_2,embedding
344,1.0986122886681098,0.7683526,train,p25,dataset_2,embedding
570,0.6931471805599453,0.6715132,train,p25,dataset_2,embedding
1389,0.6931471805599453,0.6893506,train,p25,dataset_2,embedding
970,0.6931471805599453,0.6759125,train,p25,dataset_2,embedding
393,1.0986122886681098,0.95892274,train,p25,dataset_2,embedding
1010,0.6931471805599453,0.671545,train,p25,dataset_2,embedding
1403,0.6931471805599453,0.6735529,train,p25,dataset_2,embedding
442,0.6931471805599453,0.7490511,train,p25,dataset_2,embedding
1041,0.6931471805599453,0.71738183,train,p25,dataset_2,embedding
873,0.6931471805599453,0.7146419,train,p25,dataset_2,embedding
575,0.6931471805599453,0.69930613,train,p25,dataset_2,embedding
586,0.6931471805599453,0.69219124,train,p25,dataset_2,embedding
659,0.6931471805599453,0.9425849,train,p25,dataset_2,embedding
609,0.6931471805599453,0.6813829,train,p25,dataset_2,embedding
1132,0.6931471805599453,0.7057277,train,p25,dataset_2,embedding
1348,0.6931471805599453,0.7157787,train,p25,dataset_2,embedding
644,0.6931471805599453,0.8548815,train,p25,dataset_2,embedding
960,0.6931471805599453,0.6713667,train,p25,dataset_2,embedding
201,0.6931471805599453,0.67473125,train,p25,dataset_2,embedding
313,0.6931471805599453,0.70847344,train,p25,dataset_2,embedding
289,0.6931471805599453,0.7233516,train,p25,dataset_2,embedding
1275,0.6931471805599453,0.662179,train,p25,dataset_2,embedding
1156,0.6931471805599453,0.67464733,train,p25,dataset_2,embedding
136,0.6931471805599453,0.67658675,train,p25,dataset_2,embedding
129,0.6931471805599453,0.6826688,train,p25,dataset_2,embedding
376,0.6931471805599453,0.68073213,train,p25,dataset_2,embedding
1114,0.6931471805599453,0.6696383,train,p25,dataset_2,embedding
173,0.6931471805599453,0.776343,train,p25,dataset_2,embedding
317,0.6931471805599453,0.6736305,train,p25,dataset_2,embedding
1284,0.6931471805599453,0.6937132,train,p25,dataset_2,embedding
171,0.6931471805599453,0.68346083,train,p25,dataset_2,embedding
297,0.6931471805599453,0.6680752,train,p25,dataset_2,embedding
508,0.6931471805599453,0.7215787,train,p25,dataset_2,embedding
175,0.6931471805599453,0.69190323,train,p25,dataset_2,embedding
1216,0.6931471805599453,0.6691712,train,p25,dataset_2,embedding
1100,0.6931471805599453,0.72633636,train,p25,dataset_2,embedding
291,0.6931471805599453,0.6840905,train,p25,dataset_2,embedding
251,0.6931471805599453,0.6747302,train,p25,dataset_2,embedding
481,0.6931471805599453,0.61392224,train,p25,dataset_2,embedding
482,0.6931471805599453,0.69216144,train,p25,dataset_2,embedding
760,0.6931471805599453,0.7098558,train,p25,dataset_2,embedding
76,1.3862943611198906,1.429178,train,p25,dataset_2,embedding
602,0.6931471805599453,0.68903196,train,p25,dataset_2,embedding
821,0.6931471805599453,0.71923935,train,p25,dataset_2,embedding
595,1.9459101490553132,1.7280324,train,p25,dataset_2,embedding
1341,0.6931471805599453,0.67670727,train,p25,dataset_2,embedding
973,0.6931471805599453,0.6799903,train,p25,dataset_2,embedding
1142,0.6931471805599453,0.6963259,train,p25,dataset_2,embedding
1442,0.6931471805599453,0.71109176,train,p25,dataset_2,embedding
912,0.6931471805599453,0.756238,train,p25,dataset_2,embedding
789,0.6931471805599453,0.7048595,train,p25,dataset_2,embedding
676,0.6931471805599453,0.6759509,train,p25,dataset_2,embedding
211,3.80666248977032,2.3239267,train,p25,dataset_2,embedding
811,0.6931471805599453,0.7384521,train,p25,dataset_2,embedding
328,0.6931471805599453,0.6982838,train,p25,dataset_2,embedding
1195,0.6931471805599453,0.6718811,train,p25,dataset_2,embedding
791,0.6931471805599453,0.6864228,train,p25,dataset_2,embedding
593,0.6931471805599453,0.7046821,train,p25,dataset_2,embedding
86,0.6931471805599453,0.7191205,train,p25,dataset_2,embedding
293,0.6931471805599453,0.67617476,train,p25,dataset_2,embedding
75,0.6931471805599453,0.7607775,train,p25,dataset_2,embedding
634,3.737669618283368,1.9655492,train,p25,dataset_2,embedding
350,0.6931471805599453,0.7189071,train,p25,dataset_2,embedding
737,0.6931471805599453,0.76493204,train,p25,dataset_2,embedding
369,0.6931471805599453,0.66239226,train,p25,dataset_2,embedding
566,0.6931471805599453,0.6906991,train,p25,dataset_2,embedding
1404,0.6931471805599453,0.6953639,train,p25,dataset_2,embedding
443,0.6931471805599453,0.6847043,train,p25,dataset_2,embedding
100,0.6931471805599453,0.9733429,train,p25,dataset_2,embedding
1288,0.6931471805599453,0.65162396,train,p25,dataset_2,embedding
1069,0.6931471805599453,0.7029555,train,p25,dataset_2,embedding
368,0.6931471805599453,0.715793,train,p25,dataset_2,embedding
484,0.6931471805599453,0.69368684,train,p25,dataset_2,embedding
278,0.6931471805599453,0.6980243,train,p25,dataset_2,embedding
1287,0.6931471805599453,0.69318926,train,p25,dataset_2,embedding
616,0.6931471805599453,0.67463326,train,p25,dataset_2,embedding
624,0.6931471805599453,0.6783178,train,p25,dataset_2,embedding
153,0.6931471805599453,0.8831556,train,p25,dataset_2,embedding
316,0.6931471805599453,0.7061993,train,p25,dataset_2,embedding
177,0.6931471805599453,0.7506318,train,p25,dataset_2,embedding
742,0.6931471805599453,0.6774895,train,p25,dataset_2,embedding
15,0.6931471805599453,0.8908138,train,p25,dataset_2,embedding
786,0.6931471805599453,0.6905941,train,p25,dataset_2,embedding
782,0.6931471805599453,0.70380235,train,p25,dataset_2,embedding
1385,0.6931471805599453,0.74520457,train,p25,dataset_2,embedding
851,0.6931471805599453,0.6833137,train,p25,dataset_2,embedding
694,1.3862943611198906,1.5324872,train,p25,dataset_2,embedding
1253,0.6931471805599453,0.6643747,train,p25,dataset_2,embedding
1212,0.6931471805599453,0.71734846,train,p25,dataset_2,embedding
1031,0.6931471805599453,0.6751472,train,p25,dataset_2,embedding
418,1.0986122886681098,0.9302714,train,p25,dataset_2,embedding
1233,0.6931471805599453,0.6943561,train,p25,dataset_2,embedding
1107,0.6931471805599453,0.67303205,train,p25,dataset_2,embedding
654,0.6931471805599453,0.72655106,train,p25,dataset_2,embedding
342,0.6931471805599453,0.72988665,train,p25,dataset_2,embedding
949,0.6931471805599453,0.74515414,train,p25,dataset_2,embedding
1204,0.6931471805599453,0.69124067,train,p25,dataset_2,embedding
788,0.6931471805599453,0.6975554,train,p25,dataset_2,embedding
29,1.0986122886681098,1.0576541,train,p25,dataset_2,embedding
968,0.6931471805599453,0.6941395,train,p25,dataset_2,embedding
560,1.0986122886681098,1.0561246,train,p25,dataset_2,embedding
501,0.6931471805599453,0.68425,train,p25,dataset_2,embedding
1342,0.6931471805599453,0.6652088,train,p25,dataset_2,embedding
27,0.6931471805599453,0.6826935,train,p25,dataset_2,embedding
1265,0.6931471805599453,0.66473067,train,p25,dataset_2,embedding
3,0.6931471805599453,0.7445427,train,p25,dataset_2,embedding
132,0.6931471805599453,0.6702758,train,p25,dataset_2,embedding
284,2.0794415416798357,1.5380152,train,p25,dataset_2,embedding
673,1.0986122886681098,0.94912004,train,p25,dataset_2,embedding
1252,0.6931471805599453,0.67453444,train,p25,dataset_2,embedding
621,0.6931471805599453,0.73427236,train,p25,dataset_2,embedding
526,0.6931471805599453,0.69877696,train,p25,dataset_2,embedding
796,0.6931471805599453,0.69181585,train,p25,dataset_2,embedding
756,0.6931471805599453,0.72394454,train,p25,dataset_2,embedding
487,0.6931471805599453,0.697845,train,p25,dataset_2,embedding
1215,0.6931471805599453,0.6783726,train,p25,dataset_2,embedding
1076,0.6931471805599453,0.66157854,train,p25,dataset_2,embedding
135,0.6931471805599453,0.7030816,train,p25,dataset_2,embedding
506,0.6931471805599453,0.6780151,train,p25,dataset_2,embedding
1199,0.6931471805599453,0.67470384,train,p25,dataset_2,embedding
308,0.6931471805599453,0.6819345,train,p25,dataset_2,embedding
1273,0.6931471805599453,0.66230404,train,p25,dataset_2,embedding
74,0.6931471805599453,0.69272816,train,p25,dataset_2,embedding
671,0.6931471805599453,0.80989397,train,p25,dataset_2,embedding
1058,0.6931471805599453,0.66860104,train,p25,dataset_2,embedding
610,0.6931471805599453,0.76995456,train,p25,dataset_2,embedding
662,0.6931471805599453,0.8914813,train,p25,dataset_2,embedding
305,0.6931471805599453,0.6727302,train,p25,dataset_2,embedding
849,0.6931471805599453,0.759452,train,p25,dataset_2,embedding
411,0.6931471805599453,0.7621056,train,p25,dataset_2,embedding
640,1.9459101490553132,1.8468206,train,p25,dataset_2,embedding
955,0.6931471805599453,0.6497965,train,p25,dataset_2,embedding
744,0.6931471805599453,0.8163544,train,p25,dataset_2,embedding
398,3.4011973816621555,2.9647555,train,p25,dataset_2,embedding
138,0.6931471805599453,0.674541,train,p25,dataset_2,embedding
318,0.6931471805599453,0.7443321,train,p25,dataset_2,embedding
134,0.6931471805599453,0.7052119,train,p25,dataset_2,embedding
719,1.9459101490553132,1.2020493,train,p25,dataset_2,embedding
843,0.6931471805599453,0.67403674,train,p25,dataset_2,embedding
321,0.6931471805599453,0.69506013,train,p25,dataset_2,embedding
725,1.0986122886681098,0.9531981,train,p25,dataset_2,embedding
324,0.6931471805599453,0.64544404,train,p25,dataset_2,embedding
355,0.6931471805599453,0.6119685,train,p25,dataset_2,embedding
1116,0.6931471805599453,0.72238445,train,p25,dataset_2,embedding
1411,0.6931471805599453,0.6847718,train,p25,dataset_2,embedding
34,1.0986122886681098,0.94249904,train,p25,dataset_2,embedding
1133,0.6931471805599453,0.95181036,train,p25,dataset_2,embedding
941,0.6931471805599453,0.70386934,train,p25,dataset_2,embedding
771,0.6931471805599453,0.7227986,train,p25,dataset_2,embedding
483,0.6931471805599453,0.73055005,train,p25,dataset_2,embedding
1250,0.6931471805599453,0.68272245,train,p25,dataset_2,embedding
32,0.6931471805599453,0.94404054,train,p25,dataset_2,embedding
1346,0.6931471805599453,0.6779059,train,p25,dataset_2,embedding
1062,0.6931471805599453,0.8094835,train,p25,dataset_2,embedding
243,0.6931471805599453,0.6773001,train,p25,dataset_2,embedding
649,0.6931471805599453,0.7898449,train,p25,dataset_2,embedding
857,0.6931471805599453,0.69266605,train,p25,dataset_2,embedding
1274,0.6931471805599453,0.70304704,train,p25,dataset_2,embedding
530,0.6931471805599453,0.7272439,train,p25,dataset_2,embedding
975,0.6931471805599453,0.73724174,train,p25,dataset_2,embedding
80,0.6931471805599453,0.70498705,train,p25,dataset_2,embedding
1181,1.0986122886681098,0.9018568,train,p25,dataset_2,embedding
1148,0.6931471805599453,0.70550215,train,p25,dataset_2,embedding
1127,0.6931471805599453,0.7015153,train,p25,dataset_2,embedding
617,0.6931471805599453,0.69726515,train,p25,dataset_2,embedding
370,0.6931471805599453,0.6742296,train,p25,dataset_2,embedding
915,0.6931471805599453,0.6833286,train,p25,dataset_2,embedding
294,0.6931471805599453,0.6715177,train,p25,dataset_2,embedding
1388,0.6931471805599453,0.7459333,train,p25,dataset_2,embedding
1272,0.6931471805599453,0.647086,train,p25,dataset_2,embedding
491,0.6931471805599453,0.6730299,train,p25,dataset_2,embedding
891,0.6931471805599453,0.6992922,train,p25,dataset_2,embedding
1318,0.6931471805599453,0.66824436,train,p25,dataset_2,embedding
60,0.6931471805599453,0.6727772,train,p25,dataset_2,embedding
119,0.6931471805599453,0.69277656,train,p25,dataset_2,embedding
707,0.6931471805599453,0.6685741,train,p25,dataset_2,embedding
561,0.6931471805599453,0.69575775,train,p25,dataset_2,embedding
1347,0.6931471805599453,0.7185894,train,p25,dataset_2,embedding
890,1.0986122886681098,0.96811295,train,p25,dataset_2,embedding
1050,0.6931471805599453,0.7252909,train,p25,dataset_2,embedding
1172,0.6931471805599453,0.6543658,train,p25,dataset_2,embedding
275,0.6931471805599453,0.677639,train,p25,dataset_2,embedding
120,0.6931471805599453,0.7297833,train,p25,dataset_2,embedding
785,0.6931471805599453,0.70127046,train,p25,dataset_2,embedding
1087,0.6931471805599453,1.0542499,train,p25,dataset_2,embedding
5,0.6931471805599453,0.66631603,train,p25,dataset_2,embedding
750,1.0986122886681098,1.0363598,train,p25,dataset_2,embedding
122,0.6931471805599453,0.6679796,train,p25,dataset_2,embedding
1364,0.6931471805599453,0.6781199,train,p25,dataset_2,embedding
107,0.6931471805599453,0.6777905,train,p25,dataset_2,embedding
140,0.6931471805599453,0.691923,train,p25,dataset_2,embedding
1392,0.6931471805599453,0.6688037,train,p25,dataset_2,embedding
848,0.6931471805599453,0.6741538,train,p25,dataset_2,embedding
971,0.6931471805599453,0.68098307,train,p25,dataset_2,embedding
219,0.6931471805599453,0.7073319,train,p25,dataset_2,embedding
1048,0.6931471805599453,0.7742512,train,p25,dataset_2,embedding
1245,0.6931471805599453,0.66544414,train,p25,dataset_2,embedding
1193,0.6931471805599453,0.7119483,train,p25,dataset_2,embedding
885,0.6931471805599453,0.732193,train,p25,dataset_2,embedding
1408,0.6931471805599453,0.80844057,train,p25,dataset_2,embedding
909,0.6931471805599453,0.677053,train,p25,dataset_2,embedding
1122,0.6931471805599453,0.9302188,train,p25,dataset_2,embedding
1103,0.6931471805599453,0.68539214,train,p25,dataset_2,embedding
473,0.6931471805599453,0.693413,train,p25,dataset_2,embedding
346,0.6931471805599453,0.6935146,train,p25,dataset_2,embedding
894,0.6931471805599453,0.70444655,train,p25,dataset_2,embedding
143,0.6931471805599453,0.71461,train,p25,dataset_2,embedding
927,0.6931471805599453,0.692507,train,p25,dataset_2,embedding
423,0.6931471805599453,0.70314825,train,p25,dataset_2,embedding
990,0.6931471805599453,0.66539633,train,p25,dataset_2,embedding
884,0.6931471805599453,0.75378144,train,p25,dataset_2,embedding
1176,0.6931471805599453,0.7596531,train,p25,dataset_2,embedding
326,0.6931471805599453,0.722376,train,p25,dataset_2,embedding
1192,0.6931471805599453,0.7824565,train,p25,dataset_2,embedding
1170,1.791759469228055,1.3310082,train,p25,dataset_2,embedding
806,0.6931471805599453,0.6258868,train,p25,dataset_2,embedding
58,0.6931471805599453,0.67606485,train,p25,dataset_2,embedding
718,2.70805020110221,2.3721104,train,p25,dataset_2,embedding
1079,0.6931471805599453,0.6747595,train,p25,dataset_2,embedding
464,0.6931471805599453,0.67268014,train,p25,dataset_2,embedding
1421,0.6931471805599453,0.6776167,train,p25,dataset_2,embedding
601,0.6931471805599453,0.71736157,train,p25,dataset_2,embedding
26,0.6931471805599453,0.646734,train,p25,dataset_2,embedding
37,0.6931471805599453,0.67936885,train,p25,dataset_2,embedding
818,0.6931471805599453,0.81525445,train,p25,dataset_2,embedding
863,0.6931471805599453,0.7043755,train,p25,dataset_2,embedding
603,0.6931471805599453,0.71825504,train,p25,dataset_2,embedding
1266,0.6931471805599453,0.71283627,train,p25,dataset_2,embedding
1036,0.6931471805599453,0.6107954,train,p25,dataset_2,embedding
416,1.0986122886681098,0.89925766,train,p25,dataset_2,embedding
335,0.6931471805599453,0.76441836,train,p25,dataset_2,embedding
1358,1.3862943611198906,1.4713238,train,p25,dataset_2,embedding
1030,0.6931471805599453,0.67615926,train,p25,dataset_2,embedding
341,0.6931471805599453,0.7248477,train,p25,dataset_2,embedding
825,0.6931471805599453,0.6827662,train,p25,dataset_2,embedding
310,0.6931471805599453,0.667029,train,p25,dataset_2,embedding
1023,0.6931471805599453,0.7018919,train,p25,dataset_2,embedding
1298,0.6931471805599453,0.6649796,train,p25,dataset_2,embedding
102,0.6931471805599453,0.70045125,train,p25,dataset_2,embedding
1305,0.6931471805599453,0.7039652,train,p25,dataset_2,embedding
619,0.6931471805599453,0.7029177,train,p25,dataset_2,embedding
1007,0.6931471805599453,0.66406167,train,p25,dataset_2,embedding
172,0.6931471805599453,0.70850194,train,p25,dataset_2,embedding
357,0.6931471805599453,0.7190963,train,p25,dataset_2,embedding
1097,0.6931471805599453,0.67238855,train,p25,dataset_2,embedding
1240,0.6931471805599453,0.68665266,train,p25,dataset_2,embedding
1047,0.6931471805599453,0.82436526,train,p25,dataset_2,embedding
1399,0.6931471805599453,0.6999029,train,p25,dataset_2,embedding
139,0.6931471805599453,0.6752348,train,p25,dataset_2,embedding
281,0.6931471805599453,0.7030698,train,p25,dataset_2,embedding
580,0.6931471805599453,0.81004393,train,p25,dataset_2,embedding
674,1.0986122886681098,0.92342544,train,p25,dataset_2,embedding
158,0.6931471805599453,0.6645614,train,p25,dataset_2,embedding
918,0.6931471805599453,0.6873677,train,p25,dataset_2,embedding
1264,0.6931471805599453,0.6709639,train,p25,dataset_2,embedding
144,0.6931471805599453,0.683805,train,p25,dataset_2,embedding
452,0.6931471805599453,0.70440483,train,p25,dataset_2,embedding
1395,0.6931471805599453,0.6719223,train,p25,dataset_2,embedding
386,0.6931471805599453,0.61095226,train,p25,dataset_2,embedding
1160,0.6931471805599453,0.7125335,train,p25,dataset_2,embedding
44,0.6931471805599453,0.6749356,train,p25,dataset_2,embedding
802,0.6931471805599453,0.74176717,train,p25,dataset_2,embedding
1221,0.6931471805599453,0.9072951,train,p25,dataset_2,embedding
1370,0.6931471805599453,0.71538925,train,p25,dataset_2,embedding
740,0.6931471805599453,0.7177129,train,p25,dataset_2,embedding
749,0.6931471805599453,0.68063664,train,p25,dataset_2,embedding
836,0.6931471805599453,0.72857344,train,p25,dataset_2,embedding
709,0.6931471805599453,0.6688813,train,p25,dataset_2,embedding
897,0.6931471805599453,0.6807573,train,p25,dataset_2,embedding
402,2.8903717578961645,2.912758,train,p25,dataset_2,embedding
845,0.6931471805599453,0.69913924,train,p25,dataset_2,embedding
1249,0.6931471805599453,0.67652166,train,p25,dataset_2,embedding
215,0.6931471805599453,0.78386164,train,p25,dataset_2,embedding
1009,0.6931471805599453,0.6982578,train,p25,dataset_2,embedding
954,0.6931471805599453,0.7129952,train,p25,dataset_2,embedding
1291,0.6931471805599453,0.6749548,train,p25,dataset_2,embedding
587,0.6931471805599453,0.795141,train,p25,dataset_2,embedding
666,0.6931471805599453,0.71999955,train,p25,dataset_2,embedding
1262,0.6931471805599453,0.67967284,train,p25,dataset_2,embedding
872,0.6931471805599453,0.7188599,train,p25,dataset_2,embedding
1228,0.6931471805599453,0.68433225,train,p25,dataset_2,embedding
79,0.6931471805599453,0.6921836,train,p25,dataset_2,embedding
1089,0.6931471805599453,0.7344767,train,p25,dataset_2,embedding
186,0.6931471805599453,0.6749388,train,p25,dataset_2,embedding
496,0.6931471805599453,0.7846408,train,p25,dataset_2,embedding
650,0.6931471805599453,1.0356933,train,p25,dataset_2,embedding
1182,1.3862943611198906,0.97873485,train,p25,dataset_2,embedding
185,0.6931471805599453,0.6726581,train,p25,dataset_2,embedding
720,1.791759469228055,1.7909578,train,p25,dataset_2,embedding
969,0.6931471805599453,0.6844977,train,p25,dataset_2,embedding
61,0.6931471805599453,0.67477465,train,p25,dataset_2,embedding
187,0.6931471805599453,0.7328919,train,p25,dataset_2,embedding
618,0.6931471805599453,0.69527674,train,p25,dataset_2,embedding
331,0.6931471805599453,0.734257,train,p25,dataset_2,embedding
757,0.6931471805599453,0.67840016,train,p25,dataset_2,embedding
72,0.6931471805599453,0.73441017,train,p25,dataset_2,embedding
1340,0.6931471805599453,0.66942763,train,p25,dataset_2,embedding
1406,0.6931471805599453,0.69965255,train,p25,dataset_2,embedding
881,0.6931471805599453,0.6884868,train,p25,dataset_2,embedding
77,0.6931471805599453,0.6669861,train,p25,dataset_2,embedding
327,0.6931471805599453,0.8355335,train,p25,dataset_2,embedding
277,0.6931471805599453,0.68413734,train,p25,dataset_2,embedding
462,0.6931471805599453,0.692634,train,p25,dataset_2,embedding
304,0.6931471805599453,0.7681973,train,p25,dataset_2,embedding
641,1.6094379124341005,1.3444763,train,p25,dataset_2,embedding
198,0.6931471805599453,0.683251,train,p25,dataset_2,embedding
377,0.6931471805599453,0.7170737,train,p25,dataset_2,embedding
972,0.6931471805599453,0.7202412,train,p25,dataset_2,embedding
1390,0.6931471805599453,0.71878886,train,p25,dataset_2,embedding
590,0.6931471805599453,0.67423284,train,p25,dataset_2,embedding
56,0.6931471805599453,0.705999,train,p25,dataset_2,embedding
1312,0.6931471805599453,0.73497844,train,p25,dataset_2,embedding
1419,0.6931471805599453,0.64616716,train,p25,dataset_2,embedding
926,0.6931471805599453,0.74166274,train,p25,dataset_2,embedding
358,0.6931471805599453,0.6710335,train,p25,dataset_2,embedding
906,0.6931471805599453,0.7250054,train,p25,dataset_2,embedding
25,0.6931471805599453,0.751279,train,p25,dataset_2,embedding
1396,0.6931471805599453,0.61007774,train,p25,dataset_2,embedding
1282,0.6931471805599453,0.79364467,train,p25,dataset_2,embedding
322,0.6931471805599453,0.67307055,train,p25,dataset_2,embedding
1161,1.791759469228055,1.2840503,train,p25,dataset_2,embedding
1417,0.6931471805599453,0.7035967,train,p25,dataset_2,embedding
1371,0.6931471805599453,0.69686425,train,p25,dataset_2,embedding
1210,0.6931471805599453,0.65330315,train,p25,dataset_2,embedding
923,0.6931471805599453,0.68213236,train,p25,dataset_2,embedding
517,0.6931471805599453,0.66421306,train,p25,dataset_2,embedding
121,0.6931471805599453,0.7490685,train,p25,dataset_2,embedding
1177,0.6931471805599453,0.75077903,train,p25,dataset_2,embedding
964,0.6931471805599453,0.6779432,train,p25,dataset_2,embedding
1269,0.6931471805599453,0.696803,train,p25,dataset_2,embedding
9,0.6931471805599453,0.61348623,train,p25,dataset_2,embedding
721,1.791759469228055,1.7818438,train,p25,dataset_2,embedding
916,0.6931471805599453,0.6507145,train,p25,dataset_2,embedding
405,1.0986122886681098,1.0532442,train,p25,dataset_2,embedding
635,3.713572066704308,2.4134903,train,p25,dataset_2,embedding
1310,0.6931471805599453,0.7359688,train,p25,dataset_2,embedding
280,0.6931471805599453,0.7158667,train,p25,dataset_2,embedding
917,0.6931471805599453,0.6973144,train,p25,dataset_2,embedding
779,0.6931471805599453,0.6937648,train,p25,dataset_2,embedding
498,0.6931471805599453,0.66523695,train,p25,dataset_2,embedding
290,0.6931471805599453,0.69316447,train,p25,dataset_2,embedding
1405,0.6931471805599453,0.6500033,train,p25,dataset_2,embedding
548,0.6931471805599453,0.7491126,train,p25,dataset_2,embedding
924,0.6931471805599453,0.6629369,train,p25,dataset_2,embedding
977,0.6931471805599453,0.7174555,train,p25,dataset_2,embedding
850,0.6931471805599453,0.68045795,train,p25,dataset_2,embedding
1335,0.6931471805599453,0.68286204,train,p25,dataset_2,embedding
800,0.6931471805599453,0.68396866,train,p25,dataset_2,embedding
1091,0.6931471805599453,0.8891772,train,p25,dataset_2,embedding
690,0.6931471805599453,0.819631,train,p25,dataset_2,embedding
436,0.6931471805599453,0.7226794,train,p25,dataset_2,embedding
1035,0.6931471805599453,0.7146883,train,p25,dataset_2,embedding
170,0.6931471805599453,0.67108977,train,p25,dataset_2,embedding
739,0.6931471805599453,0.8245549,train,p25,dataset_2,embedding
1362,0.6931471805599453,0.7730732,train,p25,dataset_2,embedding
1208,0.6931471805599453,0.67954004,train,p25,dataset_2,embedding
1372,0.6931471805599453,0.7140745,train,p25,dataset_2,embedding
230,0.6931471805599453,0.69013345,train,p25,dataset_2,embedding
1151,0.6931471805599453,0.6923641,train,p25,dataset_2,embedding
258,0.6931471805599453,0.6628909,train,p25,dataset_2,embedding
1359,0.6931471805599453,0.6887157,train,p25,dataset_2,embedding
221,0.6931471805599453,0.727491,train,p25,dataset_2,embedding
1248,0.6931471805599453,0.7592437,train,p25,dataset_2,embedding
633,1.0986122886681098,1.5700591,train,p25,dataset_2,embedding
776,0.6931471805599453,0.6946136,train,p25,dataset_2,embedding
947,0.6931471805599453,0.7406608,train,p25,dataset_2,embedding
365,0.6931471805599453,0.68404806,train,p25,dataset_2,embedding
1084,0.6931471805599453,0.6748158,train,p25,dataset_2,embedding
239,0.6931471805599453,0.8443259,train,p25,dataset_2,embedding
1400,0.6931471805599453,0.7029209,train,p25,dataset_2,embedding
440,0.6931471805599453,0.6743525,train,p25,dataset_2,embedding
499,0.6931471805599453,0.6915487,train,p25,dataset_2,embedding
1117,0.6931471805599453,0.6729058,train,p25,dataset_2,embedding
48,0.6931471805599453,0.77618635,train,p25,dataset_2,embedding
632,2.4849066497880004,2.4721453,train,p25,dataset_2,embedding
989,0.6931471805599453,0.7272209,train,p25,dataset_2,embedding
176,0.6931471805599453,0.68776095,train,p25,dataset_2,embedding
1415,0.6931471805599453,0.6825758,train,p25,dataset_2,embedding
1443,0.6931471805599453,0.6443541,train,p25,dataset_2,embedding
460,0.6931471805599453,0.6831919,train,p25,dataset_2,embedding
629,3.1354942159291497,3.2695434,train,p25,dataset_2,embedding
991,0.6931471805599453,0.657868,train,p25,dataset_2,embedding
678,0.6931471805599453,0.7371776,train,p25,dataset_2,embedding
669,1.0986122886681098,0.9098849,train,p25,dataset_2,embedding
1244,0.6931471805599453,0.75780356,train,p25,dataset_2,embedding
87,0.6931471805599453,0.6798885,train,p25,dataset_2,embedding
747,0.6931471805599453,0.72099185,train,p25,dataset_2,embedding
1134,0.6931471805599453,0.6984438,train,p25,dataset_2,embedding
1243,0.6931471805599453,0.70577216,train,p25,dataset_2,embedding
665,1.0986122886681098,1.2277974,train,p25,dataset_2,embedding
1155,0.6931471805599453,0.6922784,train,p25,dataset_2,embedding
70,0.6931471805599453,0.7168615,train,p25,dataset_2,embedding
854,0.6931471805599453,0.6898711,train,p25,dataset_2,embedding
787,0.6931471805599453,0.7580991,train,p25,dataset_2,embedding
1034,0.6931471805599453,0.6923317,train,p25,dataset_2,embedding
1330,0.6931471805599453,0.7050873,train,p25,dataset_2,embedding
992,0.6931471805599453,0.7331904,train,p25,dataset_2,embedding
285,1.6094379124341005,1.5349412,train,p25,dataset_2,embedding
1067,0.6931471805599453,0.68549776,train,p25,dataset_2,embedding
1163,0.6931471805599453,0.67555916,train,p25,dataset_2,embedding
337,0.6931471805599453,0.67187345,train,p25,dataset_2,embedding
104,0.6931471805599453,0.6643312,train,p25,dataset_2,embedding
688,0.6931471805599453,0.7262778,train,p25,dataset_2,embedding
1112,0.6931471805599453,0.7395222,train,p25,dataset_2,embedding
315,0.6931471805599453,0.7056321,train,p25,dataset_2,embedding
512,0.6931471805599453,0.6843544,train,p25,dataset_2,embedding
1236,0.6931471805599453,0.80364454,train,p25,dataset_2,embedding
224,3.1780538303479458,2.2656918,train,p25,dataset_2,embedding
798,0.6931471805599453,0.70179904,train,p25,dataset_2,embedding
1219,0.6931471805599453,0.69028425,train,p25,dataset_2,embedding
1004,0.6931471805599453,0.6722586,train,p25,dataset_2,embedding
96,0.6931471805599453,0.74522114,train,p25,dataset_2,embedding
428,0.6931471805599453,0.7104783,train,p25,dataset_2,embedding
550,0.6931471805599453,0.75838983,train,p25,dataset_2,embedding
207,4.219507705176107,4.5249085,train,p25,dataset_2,embedding
392,0.6931471805599453,0.9788526,train,p25,dataset_2,embedding
378,0.6931471805599453,0.7024869,train,p25,dataset_2,embedding
613,0.6931471805599453,0.7501657,train,p25,dataset_2,embedding
814,0.6931471805599453,0.71912,train,p25,dataset_2,embedding
1324,0.6931471805599453,0.90263057,train,p25,dataset_2,embedding
223,0.6931471805599453,0.6942408,train,p25,dataset_2,embedding
639,1.9459101490553132,1.6757617,train,p25,dataset_2,embedding
1187,0.6931471805599453,0.6885165,train,p25,dataset_2,embedding
180,0.6931471805599453,0.7675687,train,p25,dataset_2,embedding
982,1.0986122886681098,0.73284245,train,p25,dataset_2,embedding
30,1.9459101490553132,1.333657,train,p25,dataset_2,embedding
210,1.791759469228055,1.9434117,train,p25,dataset_2,embedding
1280,0.6931471805599453,0.6848943,train,p25,dataset_2,embedding
1254,0.6931471805599453,0.8024479,train,p25,dataset_2,embedding
155,0.6931471805599453,0.7394147,train,p25,dataset_2,embedding
147,0.6931471805599453,0.6939341,train,p25,dataset_2,embedding
563,0.6931471805599453,0.72406197,train,p25,dataset_2,embedding
1316,0.6931471805599453,0.64485085,train,p25,dataset_2,embedding
1071,0.6931471805599453,0.6569127,train,p25,dataset_2,embedding
1401,0.6931471805599453,0.6715746,train,p25,dataset_2,embedding
343,0.6931471805599453,0.7935003,train,p25,dataset_2,embedding
208,3.332204510175204,2.96286,train,p25,dataset_2,embedding
559,0.6931471805599453,0.66101587,train,p25,dataset_2,embedding
1430,0.6931471805599453,0.6745454,train,p25,dataset_2,embedding
1115,0.6931471805599453,0.6923597,train,p25,dataset_2,embedding
38,0.6931471805599453,0.6781187,train,p25,dataset_2,embedding
1366,0.6931471805599453,0.67743087,train,p25,dataset_2,embedding
1124,0.6931471805599453,0.8286923,train,p25,dataset_2,embedding
953,0.6931471805599453,0.6829108,train,p25,dataset_2,embedding
646,0.6931471805599453,1.2151096,train,p25,dataset_2,embedding
330,0.6931471805599453,0.7158326,train,p25,dataset_2,embedding
333,0.6931471805599453,0.6707566,train,p25,dataset_2,embedding
1033,0.6931471805599453,0.68411744,train,p25,dataset_2,embedding
627,2.5649493574615367,2.820178,train,p25,dataset_2,embedding
980,0.6931471805599453,0.7495978,train,p25,dataset_2,embedding
755,0.6931471805599453,0.7181659,train,p25,dataset_2,embedding
184,0.6931471805599453,0.7405704,train,p25,dataset_2,embedding
614,0.6931471805599453,0.74738145,train,p25,dataset_2,embedding
733,0.6931471805599453,0.7647371,train,p25,dataset_2,embedding
576,0.6931471805599453,0.69274795,train,p25,dataset_2,embedding
1394,0.6931471805599453,0.72792315,train,p25,dataset_2,embedding
1162,0.6931471805599453,0.70151675,train,p25,dataset_2,embedding
853,0.6931471805599453,0.6885885,train,p25,dataset_2,embedding
412,0.6931471805599453,0.7027526,train,p25,dataset_2,embedding
1080,0.6931471805599453,0.69242144,train,p25,dataset_2,embedding
1242,0.6931471805599453,0.8338685,train,p25,dataset_2,embedding
220,0.6931471805599453,0.7923331,train,p25,dataset_2,embedding
958,0.6931471805599453,0.6859255,train,p25,dataset_2,embedding
381,0.6931471805599453,0.6747223,train,p25,dataset_2,embedding
113,0.6931471805599453,0.7858316,train,p25,dataset_2,embedding
1075,0.6931471805599453,0.6727079,train,p25,dataset_2,embedding
178,0.6931471805599453,0.67553127,train,p25,dataset_2,embedding
73,0.6931471805599453,0.6555158,train,p25,dataset_2,embedding
1005,0.6931471805599453,0.6746931,train,p25,dataset_2,embedding
735,0.6931471805599453,0.7760786,train,p25,dataset_2,embedding
858,0.6931471805599453,0.73474085,train,p25,dataset_2,embedding
780,0.6931471805599453,0.67976785,train,p25,dataset_2,embedding
1234,0.6931471805599453,0.6748992,train,p25,dataset_2,embedding
691,1.0986122886681098,1.2593063,train,p25,dataset_2,embedding
309,0.6931471805599453,0.8181039,train,p25,dataset_2,embedding
1232,0.6931471805599453,0.69264185,train,p25,dataset_2,embedding
1354,2.1972245773362196,2.537852,train,p25,dataset_2,embedding
793,0.6931471805599453,0.70428467,train,p25,dataset_2,embedding
1289,0.6931471805599453,0.782663,train,p25,dataset_2,embedding
682,0.6931471805599453,0.7391143,train,p25,dataset_2,embedding
1044,0.6931471805599453,0.7657831,train,p25,dataset_2,embedding
675,0.6931471805599453,0.903898,train,p25,dataset_2,embedding
861,0.6931471805599453,0.7195444,train,p25,dataset_2,embedding
292,1.0986122886681098,0.76545405,train,p25,dataset_2,embedding
82,1.0986122886681098,0.84421396,train,p25,dataset_2,embedding
547,0.6931471805599453,0.73814344,train,p25,dataset_2,embedding
567,0.6931471805599453,0.7317425,train,p25,dataset_2,embedding
1129,1.0986122886681098,1.1186496,train,p25,dataset_2,embedding
1317,0.6931471805599453,0.74610305,train,p25,dataset_2,embedding
241,1.6094379124341005,1.6862688,train,p25,dataset_2,embedding
388,0.6931471805599453,0.7078247,train,p25,dataset_2,embedding
607,0.6931471805599453,0.67548144,train,p25,dataset_2,embedding
340,1.0986122886681098,0.83245695,train,p25,dataset_2,embedding
477,0.6931471805599453,0.6939987,train,p25,dataset_2,embedding
545,0.6931471805599453,0.64754224,train,p25,dataset_2,embedding
157,0.6931471805599453,0.7055987,train,p25,dataset_2,embedding
302,0.6931471805599453,0.6746752,train,p25,dataset_2,embedding
698,0.6931471805599453,0.6959958,train,p25,dataset_2,embedding
979,0.6931471805599453,0.70054436,train,p25,dataset_2,embedding
252,0.6931471805599453,0.7058456,train,p25,dataset_2,embedding
1128,0.6931471805599453,0.9353399,train,p25,dataset_2,embedding
382,0.6931471805599453,0.6846187,train,p25,dataset_2,embedding
339,0.6931471805599453,0.83434534,train,p25,dataset_2,embedding
206,0.6931471805599453,0.697291,train,p25,dataset_2,embedding
300,0.6931471805599453,0.67088115,train,p25,dataset_2,embedding
253,0.6931471805599453,0.67357624,train,p25,dataset_2,embedding
78,0.6931471805599453,0.65887177,train,p25,dataset_2,embedding
1382,0.6931471805599453,0.78895104,train,p25,dataset_2,embedding
1222,0.6931471805599453,0.6663948,train,p25,dataset_2,embedding
45,0.6931471805599453,0.6707579,train,p25,dataset_2,embedding
527,0.6931471805599453,0.71527445,train,p25,dataset_2,embedding
904,0.6931471805599453,0.70254755,train,p25,dataset_2,embedding
504,0.6931471805599453,0.69400775,train,p25,dataset_2,embedding
1054,0.6931471805599453,0.6108687,train,p25,dataset_2,embedding
283,0.6931471805599453,0.76112187,train,p25,dataset_2,embedding
1332,0.6931471805599453,0.767324,train,p25,dataset_2,embedding
424,0.6931471805599453,0.97076225,train,p25,dataset_2,embedding
1209,0.6931471805599453,0.7545848,train,p25,dataset_2,embedding
731,0.6931471805599453,1.1356728,train,p25,dataset_2,embedding
865,0.6931471805599453,0.6937431,train,p25,dataset_2,embedding
540,0.6931471805599453,0.7233075,train,p25,dataset_2,embedding
1303,0.6931471805599453,0.6948004,train,p25,dataset_2,embedding
463,0.6931471805599453,0.7034396,train,p25,dataset_2,embedding
1104,0.6931471805599453,0.70809984,train,p25,dataset_2,embedding
693,0.6931471805599453,0.75359666,train,p25,dataset_2,embedding
658,1.0986122886681098,0.9308109,train,p25,dataset_2,embedding
63,0.6931471805599453,0.6768366,train,p25,dataset_2,embedding
996,0.6931471805599453,0.70357895,train,p25,dataset_2,embedding
93,0.6931471805599453,0.6703446,train,p25,dataset_2,embedding
903,0.6931471805599453,0.8046503,train,p25,dataset_2,embedding
1175,0.6931471805599453,0.67488635,train,p25,dataset_2,embedding
1153,0.6931471805599453,0.7175362,train,p25,dataset_2,embedding
1414,0.6931471805599453,0.70334435,train,p25,dataset_2,embedding
544,0.6931471805599453,0.72682536,train,p25,dataset_2,embedding
33,0.6931471805599453,0.8693539,train,p25,dataset_2,embedding
1438,0.6931471805599453,0.6180389,train,p25,dataset_2,embedding
260,0.6931471805599453,0.6774001,train,p25,dataset_2,embedding
623,1.9459101490553132,1.7312261,train,p25,dataset_2,embedding
808,0.6931471805599453,0.6968415,train,p25,dataset_2,embedding
1185,0.6931471805599453,0.76430345,train,p25,dataset_2,embedding
167,0.6931471805599453,0.72769487,train,p25,dataset_2,embedding
383,0.6931471805599453,0.6977856,train,p25,dataset_2,embedding
245,0.6931471805599453,0.95156527,train,p25,dataset_2,embedding
397,2.9444389791664403,2.7648792,train,p25,dataset_2,embedding
1135,0.6931471805599453,0.8462498,train,p25,dataset_2,embedding
1365,0.6931471805599453,0.72114396,train,p25,dataset_2,embedding
1183,0.6931471805599453,0.7214041,train,p25,dataset_2,embedding
882,0.6931471805599453,0.68276334,train,p25,dataset_2,embedding
1027,0.6931471805599453,0.64713144,train,p25,dataset_2,embedding
500,0.6931471805599453,0.7318573,train,p25,dataset_2,embedding
592,0.6931471805599453,0.69880414,train,p25,dataset_2,embedding
1426,0.6931471805599453,0.69975007,train,p25,dataset_2,embedding
1066,0.6931471805599453,0.75579536,train,p25,dataset_2,embedding
1278,0.6931471805599453,0.675187,train,p25,dataset_2,embedding
426,0.6931471805599453,0.7306614,train,p25,dataset_2,embedding
323,0.6931471805599453,0.70631695,train,p25,dataset_2,embedding
348,0.6931471805599453,0.6832398,train,p25,dataset_2,embedding
573,0.6931471805599453,0.68278134,train,p25,dataset_2,embedding
1302,0.6931471805599453,0.67618454,train,p25,dataset_2,embedding
126,0.6931471805599453,0.6922108,train,p25,dataset_2,embedding
1325,0.6931471805599453,0.87876654,train,p25,dataset_2,embedding
546,0.6931471805599453,0.6912992,train,p25,dataset_2,embedding
1106,0.6931471805599453,0.74221873,train,p25,dataset_2,embedding
1051,0.6931471805599453,0.6707374,train,p25,dataset_2,embedding
502,0.6931471805599453,0.682547,train,p25,dataset_2,embedding
1140,0.6931471805599453,0.69259953,train,p25,dataset_2,embedding
883,0.6931471805599453,0.70565915,train,p25,dataset_2,embedding
4,0.6931471805599453,0.7240764,train,p25,dataset_2,embedding
1194,0.6931471805599453,0.700457,train,p25,dataset_2,embedding
574,0.6931471805599453,0.6645465,train,p25,dataset_2,embedding
453,0.6931471805599453,0.67129815,train,p25,dataset_2,embedding
444,0.6931471805599453,0.7552167,train,p25,dataset_2,embedding
1190,0.6931471805599453,0.6879058,train,p25,dataset_2,embedding
1139,0.6931471805599453,0.6753913,train,p25,dataset_2,embedding
425,0.6931471805599453,0.65158355,train,p25,dataset_2,embedding
1001,0.6931471805599453,0.7586918,train,p25,dataset_2,embedding
1145,0.6931471805599453,0.68327916,train,p25,dataset_2,embedding
410,1.9459101490553132,1.2759882,train,p25,dataset_2,embedding
182,0.6931471805599453,0.73642457,train,p25,dataset_2,embedding
1119,0.6931471805599453,0.9484199,train,p25,dataset_2,embedding
1384,0.6931471805599453,0.86826706,train,p25,dataset_2,embedding
759,0.6931471805599453,0.7018353,train,p25,dataset_2,embedding
1053,0.6931471805599453,0.7672032,train,p25,dataset_2,embedding
116,0.6931471805599453,0.6678159,train,p25,dataset_2,embedding
715,2.1972245773362196,2.36153,train,p25,dataset_2,embedding
871,0.6931471805599453,0.69374335,train,p25,dataset_2,embedding
401,0.6931471805599453,0.6714816,train,p25,dataset_2,embedding
568,0.6931471805599453,0.6696297,train,p25,dataset_2,embedding
1191,0.6931471805599453,0.7039547,train,p25,dataset_2,embedding
455,0.6931471805599453,0.6903039,train,p25,dataset_2,embedding
584,0.6931471805599453,0.6939646,train,p25,dataset_2,embedding
569,0.6931471805599453,0.70391643,train,p25,dataset_2,embedding
71,0.6931471805599453,0.82492685,train,p25,dataset_2,embedding
1113,0.6931471805599453,0.67343044,train,p25,dataset_2,embedding
797,0.6931471805599453,0.7189971,train,p25,dataset_2,embedding
730,0.6931471805599453,1.0082941,train,p25,dataset_2,embedding
384,0.6931471805599453,0.68427455,train,p25,dataset_2,embedding
492,0.6931471805599453,0.7028352,train,p25,dataset_2,embedding
413,0.6931471805599453,0.6835742,train,p25,dataset_2,embedding
470,0.6931471805599453,0.66396964,train,p25,dataset_2,embedding
647,1.3862943611198906,1.4328966,train,p25,dataset_2,embedding
282,1.6094379124341005,1.4331449,train,p25,dataset_2,embedding
495,0.6931471805599453,0.61092114,train,p25,dataset_2,embedding
28,0.6931471805599453,0.80047417,train,p25,dataset_2,embedding
1015,0.6931471805599453,0.7042749,train,p25,dataset_2,embedding
1045,0.6931471805599453,0.67511,train,p25,dataset_2,embedding
1329,0.6931471805599453,0.68685734,train,p25,dataset_2,embedding
552,0.6931471805599453,0.6976936,train,p25,dataset_2,embedding
1110,0.6931471805599453,0.6537956,train,p25,dataset_2,embedding
940,0.6931471805599453,0.8869982,train,p25,dataset_2,embedding
1344,0.6931471805599453,0.70357597,train,p25,dataset_2,embedding
579,0.6931471805599453,0.69202936,train,p25,dataset_2,embedding
1334,0.6931471805599453,0.6797385,train,p25,dataset_2,embedding
516,0.6931471805599453,0.6989267,train,p25,dataset_2,embedding
868,0.6931471805599453,0.76329553,train,p25,dataset_2,embedding
524,1.0986122886681098,0.98869467,train,p25,dataset_2,embedding
553,0.6931471805599453,0.69671535,train,p25,dataset_2,embedding
84,0.6931471805599453,0.953024,train,p25,dataset_2,embedding
238,0.6931471805599453,1.0446988,train,p25,dataset_2,embedding
0,0.6931471805599453,0.70493686,train,p25,dataset_2,embedding
338,0.6931471805599453,0.69789505,train,p25,dataset_2,embedding
777,0.6931471805599453,0.6758411,train,p25,dataset_2,embedding
242,1.6094379124341005,1.4139581,train,p25,dataset_2,embedding
684,0.6931471805599453,0.67416024,train,p25,dataset_2,embedding
1038,0.6931471805599453,0.6942804,train,p25,dataset_2,embedding
537,1.0986122886681098,0.99295115,train,p25,dataset_2,embedding
689,0.6931471805599453,0.59375393,train,p25,dataset_2,embedding
1197,0.6931471805599453,0.7048503,train,p25,dataset_2,embedding
929,0.6931471805599453,0.76386094,train,p25,dataset_2,embedding
168,0.6931471805599453,0.67558503,train,p25,dataset_2,embedding
52,0.6931471805599453,0.71981764,train,p25,dataset_2,embedding
226,0.6931471805599453,0.78301394,train,p25,dataset_2,embedding
1281,0.6931471805599453,0.738696,train,p25,dataset_2,embedding
17,1.0986122886681098,0.81247437,train,p25,dataset_2,embedding
1024,0.6931471805599453,0.6979774,train,p25,dataset_2,embedding
754,0.6931471805599453,0.69263375,train,p25,dataset_2,embedding
287,0.6931471805599453,0.72993314,train,p25,dataset_2,embedding
1217,0.6931471805599453,0.6795372,train,p25,dataset_2,embedding
303,0.6931471805599453,0.72564304,train,p25,dataset_2,embedding
234,0.6931471805599453,0.66731775,train,p25,dataset_2,embedding
995,0.6931471805599453,0.6184499,train,p25,dataset_2,embedding
899,0.6931471805599453,0.70438695,train,p25,dataset_2,embedding
67,0.6931471805599453,0.705199,train,p25,dataset_2,embedding
40,0.6931471805599453,0.7006091,train,p25,dataset_2,embedding
591,0.6931471805599453,0.70292914,train,p25,dataset_2,embedding
248,0.6931471805599453,0.62055564,train,p25,dataset_2,embedding
1377,1.3862943611198906,1.6668313,train,p25,dataset_2,embedding
1328,0.6931471805599453,0.728711,train,p25,dataset_2,embedding
394,3.6375861597263857,3.8977668,train,p25,dataset_2,embedding
66,0.6931471805599453,0.69225955,train,p25,dataset_2,embedding
95,0.6931471805599453,0.6992352,train,p25,dataset_2,embedding
1435,0.6931471805599453,0.722973,train,p25,dataset_2,embedding
114,0.6931471805599453,0.6832292,train,p25,dataset_2,embedding
1109,0.6931471805599453,0.7300265,train,p25,dataset_2,embedding
1279,0.6931471805599453,0.72855365,train,p25,dataset_2,embedding
638,0.6931471805599453,1.0891333,train,p25,dataset_2,embedding
578,0.6931471805599453,0.68651533,train,p25,dataset_2,embedding
1052,0.6931471805599453,0.70394826,train,p25,dataset_2,embedding
1308,0.6931471805599453,0.7013066,train,p25,dataset_2,embedding
795,0.6931471805599453,0.6943363,train,p25,dataset_2,embedding
758,0.6931471805599453,0.7100394,train,p25,dataset_2,embedding
911,0.6931471805599453,0.64918387,train,p25,dataset_2,embedding
373,0.6931471805599453,0.6729429,train,p25,dataset_2,embedding
179,0.6931471805599453,0.73944473,train,p25,dataset_2,embedding
668,1.3862943611198906,1.3981259,train,p25,dataset_2,embedding
165,0.6931471805599453,0.734365,train,p25,dataset_2,embedding
1152,0.6931471805599453,0.69280887,train,p25,dataset_2,embedding
92,0.6931471805599453,0.8163388,train,p25,dataset_2,embedding
875,0.6931471805599453,0.67100894,train,p25,dataset_2,embedding
54,0.6931471805599453,0.66630185,train,p25,dataset_2,embedding
583,0.6931471805599453,0.73427474,train,p25,dataset_2,embedding
775,0.6931471805599453,0.66970646,train,p25,dataset_2,embedding
959,0.6931471805599453,0.66739666,train,p25,dataset_2,embedding
1072,0.6931471805599453,0.6106415,train,p25,dataset_2,embedding
605,0.6931471805599453,0.7011272,train,p25,dataset_2,embedding
181,0.6931471805599453,0.72636926,train,p25,dataset_2,embedding
1088,2.3978952727983707,1.2353601,train,p25,dataset_2,embedding
91,0.6931471805599453,0.8285986,train,p25,dataset_2,embedding
510,0.6931471805599453,0.8811531,train,p25,dataset_2,embedding
783,0.6931471805599453,0.7033622,train,p25,dataset_2,embedding
952,0.6931471805599453,0.68313456,train,p25,dataset_2,embedding
945,0.6931471805599453,0.7060412,train,p25,dataset_2,embedding
683,0.6931471805599453,0.7138035,train,p25,dataset_2,embedding
12,0.6931471805599453,1.0022848,train,p25,dataset_2,embedding
202,0.6931471805599453,0.66839063,train,p25,dataset_2,embedding
608,0.6931471805599453,0.71322525,train,p25,dataset_2,embedding
657,0.6931471805599453,0.98699224,train,p25,dataset_2,embedding
988,0.6931471805599453,0.7422284,train,p25,dataset_2,embedding
385,0.6931471805599453,0.7051729,train,p25,dataset_2,embedding
770,0.6931471805599453,0.710994,train,p25,dataset_2,embedding
1277,0.6931471805599453,0.67552304,train,p25,dataset_2,embedding
10,0.6931471805599453,0.76519275,train,p25,dataset_2,embedding
188,0.6931471805599453,0.7753533,train,p25,dataset_2,embedding
558,0.6931471805599453,0.6474438,train,p25,dataset_2,embedding
589,0.6931471805599453,0.63396776,train,p25,dataset_2,embedding
543,0.6931471805599453,0.7541243,train,p25,dataset_2,embedding
1227,0.6931471805599453,0.6720505,train,p25,dataset_2,embedding
711,0.6931471805599453,0.67027223,train,p25,dataset_2,embedding
557,0.6931471805599453,0.67201495,train,p25,dataset_2,embedding
703,0.6931471805599453,0.67806554,train,p25,dataset_2,embedding
232,0.6931471805599453,0.69384205,train,p25,dataset_2,embedding
1198,0.6931471805599453,0.7589501,train,p25,dataset_2,embedding
441,0.6931471805599453,0.70693505,train,p25,dataset_2,embedding
907,0.6931471805599453,0.6632011,train,p25,dataset_2,embedding
878,1.0986122886681098,0.79931307,train,p25,dataset_2,embedding
1387,0.6931471805599453,0.7168932,train,p25,dataset_2,embedding
1157,0.6931471805599453,0.69267035,train,p25,dataset_2,embedding
1029,0.6931471805599453,0.5469198,train,p25,dataset_2,embedding
85,1.0986122886681098,0.8448005,train,p25,dataset_2,embedding
461,0.6931471805599453,0.67767787,train,p25,dataset_2,embedding
835,0.6931471805599453,0.7292211,train,p25,dataset_2,embedding
387,0.6931471805599453,0.6842598,train,p25,dataset_2,embedding
1056,0.6931471805599453,0.70082605,train,p25,dataset_2,embedding
1349,0.6931471805599453,0.6741804,train,p25,dataset_2,embedding
847,0.6931471805599453,0.7184237,train,p25,dataset_2,embedding
503,0.6931471805599453,0.67266107,train,p25,dataset_2,embedding
1017,0.6931471805599453,0.6750908,train,p25,dataset_2,embedding
628,4.110873864173311,3.7169912,train,p25,dataset_2,embedding
809,0.6931471805599453,0.66463387,train,p25,dataset_2,embedding
826,0.6931471805599453,0.69242597,train,p25,dataset_2,embedding
1422,0.6931471805599453,0.6758355,train,p25,dataset_2,embedding
166,0.6931471805599453,0.7555276,train,p25,dataset_2,embedding
920,0.6931471805599453,0.69293606,train,p25,dataset_2,embedding
218,0.6931471805599453,0.7185346,train,p25,dataset_2,embedding
1096,0.6931471805599453,0.6833471,train,p25,dataset_2,embedding
648,0.6931471805599453,0.78978634,train,p25,dataset_2,embedding
805,0.6931471805599453,0.6908045,train,p25,dataset_2,embedding
670,0.6931471805599453,0.7608665,train,p25,dataset_2,embedding
889,0.6931471805599453,0.6709547,train,p25,dataset_2,embedding
1179,0.6931471805599453,0.70914435,train,p25,dataset_2,embedding
1055,0.6931471805599453,0.6654357,train,p25,dataset_2,embedding
249,0.6931471805599453,0.6840832,train,p25,dataset_2,embedding
655,1.0986122886681098,1.0163096,train,p25,dataset_2,embedding
475,0.6931471805599453,0.73437166,train,p25,dataset_2,embedding
1386,0.6931471805599453,0.6878474,train,p25,dataset_2,embedding
961,0.6931471805599453,0.67328084,train,p25,dataset_2,embedding
111,0.6931471805599453,0.7104535,train,p25,dataset_2,embedding
366,0.6931471805599453,0.6751274,train,p25,dataset_2,embedding
716,2.5649493574615367,2.5953777,train,p25,dataset_2,embedding
944,0.6931471805599453,0.72085655,train,p25,dataset_2,embedding
160,0.6931471805599453,0.6766374,train,p25,dataset_2,embedding
765,0.6931471805599453,0.7856469,train,p25,dataset_2,embedding
1137,0.6931471805599453,0.6767976,train,p25,dataset_2,embedding
103,0.6931471805599453,0.742025,train,p25,dataset_2,embedding
1093,0.6931471805599453,0.6984285,train,p25,dataset_2,embedding
950,0.6931471805599453,0.67133296,train,p25,dataset_2,embedding
1440,0.6931471805599453,0.7621101,train,p25,dataset_2,embedding
467,0.6931471805599453,0.6400769,train,p25,dataset_2,embedding
1258,0.6931471805599453,0.7175915,train,p25,dataset_2,embedding
762,1.0986122886681098,0.7263758,train,p25,dataset_2,embedding
391,1.3862943611198906,0.82173264,train,p25,dataset_2,embedding
1351,0.6931471805599453,0.6822232,train,p25,dataset_2,embedding
571,0.6931471805599453,0.67786384,train,p25,dataset_2,embedding
713,3.5263605246161616,3.7745407,train,p25,dataset_2,embedding
1373,0.6931471805599453,0.6640376,train,p25,dataset_2,embedding
152,0.6931471805599453,0.7253746,train,p25,dataset_2,embedding
998,0.6931471805599453,0.7498827,train,p25,dataset_2,embedding
507,0.6931471805599453,0.7052715,train,p25,dataset_2,embedding
677,0.6931471805599453,0.63101983,train,p25,dataset_2,embedding
47,0.6931471805599453,0.66786397,train,p25,dataset_2,embedding
596,1.9459101490553132,1.4348176,train,p25,dataset_2,embedding
1202,0.6931471805599453,0.6955632,train,p25,dataset_2,embedding
815,0.6931471805599453,0.7637558,train,p25,dataset_2,embedding
534,0.6931471805599453,0.6726303,train,p25,dataset_2,embedding
1434,0.6931471805599453,0.7030903,train,p25,dataset_2,embedding
1141,0.6931471805599453,0.68442583,train,p25,dataset_2,embedding
97,0.6931471805599453,0.68953454,train,p25,dataset_2,embedding
741,1.3862943611198906,1.0363506,train,p25,dataset_2,embedding
997,0.6931471805599453,0.7054279,train,p25,dataset_2,embedding
645,1.3862943611198906,1.6301341,train,p25,dataset_2,embedding
1319,0.6931471805599453,0.7398242,train,p25,dataset_2,embedding
1267,0.6931471805599453,0.77279305,train,p25,dataset_2,embedding
233,0.6931471805599453,0.6939976,train,p25,dataset_2,embedding
615,0.6931471805599453,0.69417226,train,p25,dataset_2,embedding
474,0.6931471805599453,0.7334299,train,p25,dataset_2,embedding
734,0.6931471805599453,0.7169559,train,p25,dataset_2,embedding
902,0.6931471805599453,0.66854024,train,p25,dataset_2,embedding
446,0.6931471805599453,0.7559198,train,p25,dataset_2,embedding
830,0.6931471805599453,0.73084724,train,p25,dataset_2,embedding
1309,0.6931471805599453,0.6823256,train,p25,dataset_2,embedding
1360,0.6931471805599453,0.7173046,train,p25,dataset_2,embedding
432,1.6094379124341005,1.5567682,train,p25,dataset_2,embedding
1296,0.6931471805599453,0.65769374,train,p25,dataset_2,embedding
1331,0.6931471805599453,0.7182338,train,p25,dataset_2,embedding
255,0.6931471805599453,0.6717361,train,p25,dataset_2,embedding
877,0.6931471805599453,0.6737231,train,p25,dataset_2,embedding
653,1.0986122886681098,1.0475564,train,p25,dataset_2,embedding
1065,0.6931471805599453,0.64318025,train,p25,dataset_2,embedding
1211,0.6931471805599453,0.69509566,train,p25,dataset_2,embedding
379,1.0986122886681098,0.8350725,train,p25,dataset_2,embedding
729,1.0986122886681098,0.86905575,train,p25,dataset_2,embedding
743,0.6931471805599453,0.6845261,train,p25,dataset_2,embedding
1178,0.6931471805599453,0.6825888,train,p25,dataset_2,embedding
2,0.6931471805599453,0.67512167,train,p25,dataset_2,embedding
1343,0.6931471805599453,0.67266536,train,p25,dataset_2,embedding
1188,0.6931471805599453,0.80597854,train,p25,dataset_2,embedding
521,0.6931471805599453,0.72438025,train,p25,dataset_2,embedding
1003,0.6931471805599453,0.6486567,train,p25,dataset_2,embedding
1063,0.6931471805599453,0.6847861,train,p25,dataset_2,embedding
1393,0.6931471805599453,0.6633059,train,p25,dataset_2,embedding
347,0.6931471805599453,0.766711,train,p25,dataset_2,embedding
963,0.6931471805599453,0.6987759,train,p25,dataset_2,embedding
69,0.6931471805599453,0.6783947,train,p25,dataset_2,embedding
686,0.6931471805599453,0.67443216,train,p25,dataset_2,embedding
866,0.6931471805599453,0.726913,train,p25,dataset_2,embedding
1167,0.6931471805599453,0.69441926,train,p25,dataset_2,embedding
1352,1.0986122886681098,1.1834118,train,p25,dataset_2,embedding
196,0.6931471805599453,0.7134919,train,p25,dataset_2,embedding
1299,0.6931471805599453,0.6747588,train,p25,dataset_2,embedding
471,0.6931471805599453,0.69223344,train,p25,dataset_2,embedding
145,0.6931471805599453,0.64624023,train,p25,dataset_2,embedding
1074,0.6931471805599453,0.6667886,train,p25,dataset_2,embedding
672,0.6931471805599453,0.6467718,train,p25,dataset_2,embedding
23,0.6931471805599453,0.6922016,train,p25,dataset_2,embedding
299,0.6931471805599453,0.82067895,train,p25,dataset_2,embedding
1311,0.6931471805599453,0.641613,train,p25,dataset_2,embedding
705,0.6931471805599453,0.65929806,train,p25,dataset_2,embedding
11,0.6931471805599453,0.7804929,train,p25,dataset_2,embedding
354,0.6931471805599453,0.69084287,train,p25,dataset_2,embedding
194,0.6931471805599453,0.67295086,train,p25,dataset_2,embedding
420,0.6931471805599453,0.71940124,train,p25,dataset_2,embedding
773,0.6931471805599453,0.7499888,train,p25,dataset_2,embedding
174,0.6931471805599453,0.7198137,train,p25,dataset_2,embedding
1402,0.6931471805599453,0.68301976,train,p25,dataset_2,embedding
270,0.6931471805599453,0.68596363,train,p25,dataset_2,embedding
888,0.6931471805599453,0.6995398,train,p25,dataset_2,embedding
1061,0.6931471805599453,0.6754582,train,p25,dataset_2,embedding
229,0.6931471805599453,0.6832236,train,p25,dataset_2,embedding
622,0.6931471805599453,0.71186996,train,p25,dataset_2,embedding
804,0.6931471805599453,0.7014905,train,p25,dataset_2,embedding
306,0.6931471805599453,0.74580514,train,p25,dataset_2,embedding
887,0.6931471805599453,0.67668605,train,p25,dataset_2,embedding
141,0.6931471805599453,0.6756141,train,p25,dataset_2,embedding
142,0.6931471805599453,0.674651,train,p25,dataset_2,embedding
50,0.6931471805599453,0.7684206,train,p25,dataset_2,embedding
267,0.6931471805599453,0.6461432,train,p25,dataset_2,embedding
842,0.6931471805599453,0.69434166,train,p25,dataset_2,embedding
819,0.6931471805599453,0.68482625,train,p25,dataset_2,embedding
1189,0.6931471805599453,0.6847676,train,p25,dataset_2,embedding
374,0.6931471805599453,0.7464944,train,p25,dataset_2,embedding
1425,0.6931471805599453,0.70248187,train,p25,dataset_2,embedding
1293,0.6931471805599453,0.68010473,train,p25,dataset_2,embedding
1320,1.0986122886681098,1.2373616,train,p25,dataset_2,embedding
511,0.6931471805599453,0.671016,train,p25,dataset_2,embedding
1295,0.6931471805599453,0.76203525,train,p25,dataset_2,embedding
893,0.6931471805599453,0.67581224,train,p25,dataset_2,embedding
846,0.6931471805599453,0.6967658,train,p25,dataset_2,embedding
965,0.6931471805599453,0.6762353,train,p25,dataset_2,embedding
864,0.6931471805599453,0.68339455,train,p25,dataset_2,embedding
974,0.6931471805599453,0.72443855,train,p25,dataset_2,embedding
1146,0.6931471805599453,0.67673206,train,p25,dataset_2,embedding
1136,0.6931471805599453,0.67453194,train,p25,dataset_2,embedding
1327,0.6931471805599453,0.6997137,train,p25,dataset_2,embedding
1073,0.6931471805599453,0.7343035,train,p25,dataset_2,embedding
380,0.6931471805599453,0.54705966,train,p25,dataset_2,embedding
1294,0.6931471805599453,0.68105865,train,p25,dataset_2,embedding
1125,1.0986122886681098,0.9481485,train,p25,dataset_2,embedding
458,0.6931471805599453,0.7134552,train,p25,dataset_2,embedding
600,0.6931471805599453,0.6942198,train,p25,dataset_2,embedding
1398,0.6931471805599453,0.67002296,train,p25,dataset_2,embedding
1246,0.6931471805599453,0.6835054,train,p25,dataset_2,embedding
329,0.6931471805599453,0.6726552,train,p25,dataset_2,embedding
531,0.6931471805599453,0.68042636,train,p25,dataset_2,embedding
1268,0.6931471805599453,0.64742625,train,p25,dataset_2,embedding
1013,0.6931471805599453,0.69240415,train,p25,dataset_2,embedding
353,0.6931471805599453,0.7101555,train,p25,dataset_2,embedding
799,0.6931471805599453,0.71077156,train,p25,dataset_2,embedding
1169,3.737669618283368,1.9132212,train,p25,dataset_2,embedding
984,0.6931471805599453,0.7162534,train,p25,dataset_2,embedding
946,0.6931471805599453,0.7184671,train,p25,dataset_2,embedding
1368,0.6931471805599453,0.6321038,train,p25,dataset_2,embedding
445,0.6931471805599453,0.77677464,train,p25,dataset_2,embedding
459,0.6931471805599453,0.7611215,train,p25,dataset_2,embedding
1039,0.6931471805599453,0.66201496,train,p25,dataset_2,embedding
986,0.6931471805599453,0.71087813,train,p25,dataset_2,embedding
838,1.0986122886681098,0.737911,train,p25,dataset_2,embedding
981,0.6931471805599453,0.69231963,train,p25,dataset_2,embedding
450,0.6931471805599453,0.68182886,train,p25,dataset_2,embedding
273,0.6931471805599453,0.6843542,train,p25,dataset_2,embedding
723,0.6931471805599453,0.67184794,train,p25,dataset_2,embedding
49,0.6931471805599453,0.7099545,train,p25,dataset_2,embedding
1420,0.6931471805599453,0.6982776,train,p25,dataset_2,embedding
438,0.6931471805599453,0.86768794,train,p25,dataset_2,embedding
447,0.6931471805599453,0.7069112,train,p25,dataset_2,embedding
1238,0.6931471805599453,0.7439107,train,p25,dataset_2,embedding
937,0.6931471805599453,0.7267858,train,p25,dataset_2,embedding
822,0.6931471805599453,0.8296268,train,p25,dataset_2,embedding
1171,1.0986122886681098,1.3635108,train,p25,dataset_2,embedding
396,0.6931471805599453,2.0181646,train,p25,dataset_2,embedding
1391,0.6931471805599453,0.99809396,train,p25,dataset_2,embedding
697,0.6931471805599453,0.6729568,train,p25,dataset_2,embedding
708,0.6931471805599453,0.757658,train,p25,dataset_2,embedding
1068,0.6931471805599453,0.69326305,train,p25,dataset_2,embedding
361,0.6931471805599453,0.703197,train,p25,dataset_2,embedding
562,0.6931471805599453,0.8005519,train,p25,dataset_2,embedding
753,0.6931471805599453,0.6891668,train,p25,dataset_2,embedding
520,0.6931471805599453,0.69375885,train,p25,dataset_2,embedding
359,0.6931471805599453,0.6737391,train,p25,dataset_2,embedding
852,0.6931471805599453,0.7347208,train,p25,dataset_2,embedding
555,0.6931471805599453,0.83966815,train,p25,dataset_2,embedding
197,0.6931471805599453,0.6694577,train,p25,dataset_2,embedding
1323,1.6094379124341005,1.3644722,train,p25,dataset_2,embedding
1397,0.6931471805599453,0.70557356,train,p25,dataset_2,embedding
752,0.6931471805599453,0.68574464,train,p25,dataset_2,embedding
712,1.0986122886681098,0.9769194,train,p25,dataset_2,embedding
406,0.6931471805599453,0.67911136,train,p25,dataset_2,embedding
24,0.6931471805599453,0.6747024,train,p25,dataset_2,embedding
514,0.6931471805599453,0.6888845,train,p25,dataset_2,embedding
480,0.6931471805599453,0.7419436,train,p25,dataset_2,embedding
922,0.6931471805599453,0.69572604,train,p25,dataset_2,embedding
59,0.6931471805599453,0.68657684,train,p25,dataset_2,embedding
1439,0.6931471805599453,0.6683476,train,p25,dataset_2,embedding
1220,0.6931471805599453,0.69883454,train,p25,dataset_2,embedding
542,0.6931471805599453,0.6744058,train,p25,dataset_2,embedding
837,0.6931471805599453,0.6720786,train,p25,dataset_2,embedding
434,0.6931471805599453,0.73437905,train,p25,dataset_2,embedding
83,1.0986122886681098,0.94161665,train,p25,dataset_2,embedding
663,0.6931471805599453,0.7226834,train,p25,dataset_2,embedding
1214,0.6931471805599453,0.70375896,train,p25,dataset_2,embedding
217,0.6931471805599453,0.834447,train,p25,dataset_2,embedding
276,0.6931471805599453,0.7204269,train,p25,dataset_2,embedding
395,3.912023005428146,2.9735649,train,p25,dataset_2,embedding
161,0.6931471805599453,0.70513713,train,p25,dataset_2,embedding
237,1.3862943611198906,1.270029,train,p25,dataset_2,embedding
829,0.6931471805599453,0.67350745,train,p25,dataset_2,embedding
1098,0.6931471805599453,0.6793655,train,p25,dataset_2,embedding
535,0.6931471805599453,0.6938211,train,p25,dataset_2,embedding
456,0.6931471805599453,0.67605627,train,p25,dataset_2,embedding
1173,1.6094379124341005,1.4297564,train,p25,dataset_2,embedding
1300,0.6931471805599453,0.7172911,train,p25,dataset_2,embedding
227,0.6931471805599453,0.7028743,train,p25,dataset_2,embedding
209,1.0986122886681098,1.876965,train,p25,dataset_2,embedding
612,0.6931471805599453,0.6991489,train,p25,dataset_2,embedding
910,0.6931471805599453,0.6981448,train,p25,dataset_2,embedding
999,0.6931471805599453,0.6688975,train,p25,dataset_2,embedding
1338,0.6931471805599453,0.6683252,train,p25,dataset_2,embedding
1226,0.6931471805599453,0.7046591,train,p25,dataset_2,embedding
16,0.6931471805599453,0.6437713,train,p25,dataset_2,embedding
1102,0.6931471805599453,0.70828605,train,p25,dataset_2,embedding
855,0.6931471805599453,0.6757269,train,p25,dataset_2,embedding
564,0.6931471805599453,0.67436767,train,p25,dataset_2,embedding
62,0.6931471805599453,0.68640816,train,p25,dataset_2,embedding
1000,0.6931471805599453,0.75669956,train,p25,dataset_2,embedding
661,0.6931471805599453,0.7654675,train,p25,dataset_2,embedding
485,0.6931471805599453,0.68941844,train,p25,dataset_2,embedding
1090,2.3978952727983707,1.5189576,train,p25,dataset_2,embedding
1184,1.0986122886681098,0.971436,train,p25,dataset_2,embedding
509,0.6931471805599453,0.777532,train,p25,dataset_2,embedding
1049,0.6931471805599453,0.7408196,train,p25,dataset_2,embedding
7,0.6931471805599453,0.66657805,train,p25,dataset_2,embedding
106,1.0986122886681098,0.78802085,train,p25,dataset_2,embedding
8,0.6931471805599453,0.7079209,train,p25,dataset_2,embedding
930,0.6931471805599453,0.67959,train,p25,dataset_2,embedding
390,0.6931471805599453,0.68257916,train,p25,dataset_2,embedding
159,0.6931471805599453,0.68218124,train,p25,dataset_2,embedding
88,0.6931471805599453,0.7220862,train,p25,dataset_2,embedding
269,0.6931471805599453,0.71750903,validation,p25,dataset_2,embedding
1018,0.6931471805599453,0.66197526,validation,p25,dataset_2,embedding
1159,0.6931471805599453,0.6768309,validation,p25,dataset_2,embedding
1101,0.6931471805599453,0.7484454,validation,p25,dataset_2,embedding
710,0.6931471805599453,0.6673465,validation,p25,dataset_2,embedding
236,0.6931471805599453,0.6622983,validation,p25,dataset_2,embedding
108,0.6931471805599453,0.6836684,validation,p25,dataset_2,embedding
985,0.6931471805599453,0.6359894,validation,p25,dataset_2,embedding
195,0.6931471805599453,0.69185734,validation,p25,dataset_2,embedding
1247,0.6931471805599453,0.6732583,validation,p25,dataset_2,embedding
839,0.6931471805599453,0.79529214,validation,p25,dataset_2,embedding
1437,0.6931471805599453,0.7029965,validation,p25,dataset_2,embedding
778,0.6931471805599453,0.68936455,validation,p25,dataset_2,embedding
620,0.6931471805599453,0.6726588,validation,p25,dataset_2,embedding
886,0.6931471805599453,0.67758465,validation,p25,dataset_2,embedding
109,0.6931471805599453,0.6853477,validation,p25,dataset_2,embedding
1094,0.6931471805599453,0.6841264,validation,p25,dataset_2,embedding
1307,0.6931471805599453,0.73971045,validation,p25,dataset_2,embedding
105,0.6931471805599453,0.67622685,validation,p25,dataset_2,embedding
1418,0.6931471805599453,0.71735144,validation,p25,dataset_2,embedding
162,0.6931471805599453,0.73295665,validation,p25,dataset_2,embedding
714,3.610917912644224,3.7093823,validation,p25,dataset_2,embedding
296,0.6931471805599453,0.70293665,validation,p25,dataset_2,embedding
57,0.6931471805599453,0.7271502,validation,p25,dataset_2,embedding
817,0.6931471805599453,0.6747538,validation,p25,dataset_2,embedding
914,0.6931471805599453,0.6899351,validation,p25,dataset_2,embedding
151,0.6931471805599453,0.68469477,validation,p25,dataset_2,embedding
222,0.6931471805599453,0.69692826,validation,p25,dataset_2,embedding
99,0.6931471805599453,0.6989937,validation,p25,dataset_2,embedding
532,0.6931471805599453,0.66581166,validation,p25,dataset_2,embedding
1433,0.6931471805599453,0.7030835,validation,p25,dataset_2,embedding
274,0.6931471805599453,0.6877636,validation,p25,dataset_2,embedding
1026,0.6931471805599453,0.6826011,validation,p25,dataset_2,embedding
1380,1.3862943611198906,1.1804774,validation,p25,dataset_2,embedding
89,0.6931471805599453,0.70916605,validation,p25,dataset_2,embedding
525,1.0986122886681098,0.7880194,validation,p25,dataset_2,embedding
679,0.6931471805599453,0.7265401,validation,p25,dataset_2,embedding
261,0.6931471805599453,0.69401205,validation,p25,dataset_2,embedding
728,0.6931471805599453,0.9173852,validation,p25,dataset_2,embedding
867,0.6931471805599453,0.7187537,validation,p25,dataset_2,embedding
536,0.6931471805599453,0.68173397,validation,p25,dataset_2,embedding
1259,0.6931471805599453,0.675315,validation,p25,dataset_2,embedding
931,0.6931471805599453,0.6781498,validation,p25,dataset_2,embedding
745,0.6931471805599453,0.695578,validation,p25,dataset_2,embedding
117,0.6931471805599453,0.6811665,validation,p25,dataset_2,embedding
681,0.6931471805599453,0.7309458,validation,p25,dataset_2,embedding
1375,0.6931471805599453,0.7001432,validation,p25,dataset_2,embedding
367,0.6931471805599453,0.75637126,validation,p25,dataset_2,embedding
265,0.6931471805599453,0.6748508,validation,p25,dataset_2,embedding
957,0.6931471805599453,0.66878784,validation,p25,dataset_2,embedding
1256,0.6931471805599453,0.7652081,validation,p25,dataset_2,embedding
726,1.0986122886681098,0.92886674,validation,p25,dataset_2,embedding
301,0.6931471805599453,0.6825757,validation,p25,dataset_2,embedding
1147,0.6931471805599453,0.7101569,validation,p25,dataset_2,embedding
320,0.6931471805599453,0.7037803,validation,p25,dataset_2,embedding
768,0.6931471805599453,0.71394885,validation,p25,dataset_2,embedding
1143,1.3862943611198906,1.6411934,validation,p25,dataset_2,embedding
792,0.6931471805599453,0.68348014,validation,p25,dataset_2,embedding
55,0.6931471805599453,0.76964843,validation,p25,dataset_2,embedding
901,0.6931471805599453,0.6400441,validation,p25,dataset_2,embedding
1429,0.6931471805599453,0.674538,validation,p25,dataset_2,embedding
372,0.6931471805599453,0.6744629,validation,p25,dataset_2,embedding
1108,0.6931471805599453,0.68087995,validation,p25,dataset_2,embedding
643,1.0986122886681098,1.0277257,validation,p25,dataset_2,embedding
625,2.3978952727983707,3.6545322,validation,p25,dataset_2,embedding
938,0.6931471805599453,0.7042017,validation,p25,dataset_2,embedding
439,0.6931471805599453,0.6796056,validation,p25,dataset_2,embedding
987,0.6931471805599453,0.6766015,validation,p25,dataset_2,embedding
833,0.6931471805599453,0.71799576,validation,p25,dataset_2,embedding
832,0.6931471805599453,0.6796771,validation,p25,dataset_2,embedding
636,1.9459101490553132,2.4218528,validation,p25,dataset_2,embedding
1367,0.6931471805599453,0.6363044,validation,p25,dataset_2,embedding
978,0.6931471805599453,0.670838,validation,p25,dataset_2,embedding
466,0.6931471805599453,0.83314407,validation,p25,dataset_2,embedding
1407,0.6931471805599453,0.6726383,validation,p25,dataset_2,embedding
522,0.6931471805599453,0.6823232,validation,p25,dataset_2,embedding
286,0.6931471805599453,0.6290095,validation,p25,dataset_2,embedding
46,0.6931471805599453,0.8369491,validation,p25,dataset_2,embedding
131,0.6931471805599453,0.6728518,validation,p25,dataset_2,embedding
1120,0.6931471805599453,0.67258275,validation,p25,dataset_2,embedding
518,0.6931471805599453,0.65785277,validation,p25,dataset_2,embedding
966,0.6931471805599453,0.76174223,validation,p25,dataset_2,embedding
325,0.6931471805599453,0.7078203,validation,p25,dataset_2,embedding
1263,0.6931471805599453,0.6830908,validation,p25,dataset_2,embedding
724,1.3862943611198906,1.8637469,validation,p25,dataset_2,embedding
183,0.6931471805599453,0.6776607,validation,p25,dataset_2,embedding
130,0.6931471805599453,0.7048745,validation,p25,dataset_2,embedding
1196,0.6931471805599453,0.67951846,validation,p25,dataset_2,embedding
898,0.6931471805599453,0.6908232,validation,p25,dataset_2,embedding
1235,0.6931471805599453,0.70887077,validation,p25,dataset_2,embedding
231,0.6931471805599453,0.75043774,validation,p25,dataset_2,embedding
128,0.6931471805599453,0.6686574,validation,p25,dataset_2,embedding
110,0.6931471805599453,0.68898106,validation,p25,dataset_2,embedding
781,0.6931471805599453,0.6835171,validation,p25,dataset_2,embedding
766,0.6931471805599453,0.6704649,validation,p25,dataset_2,embedding
36,0.6931471805599453,0.8676286,validation,p25,dataset_2,embedding
123,0.6931471805599453,0.6945069,validation,p25,dataset_2,embedding
704,0.6931471805599453,0.6875565,validation,p25,dataset_2,embedding
810,0.6931471805599453,0.69224346,validation,p25,dataset_2,embedding
1350,0.6931471805599453,0.68273973,validation,p25,dataset_2,embedding
1412,0.6931471805599453,0.7249721,validation,p25,dataset_2,embedding
64,0.6931471805599453,0.76036894,validation,p25,dataset_2,embedding
606,0.6931471805599453,0.6705842,validation,p25,dataset_2,embedding
528,0.6931471805599453,0.7643057,validation,p25,dataset_2,embedding
435,0.6931471805599453,0.8550297,validation,p25,dataset_2,embedding
626,2.302585092994046,3.746568,validation,p25,dataset_2,embedding
6,0.6931471805599453,1.0144585,validation,p25,dataset_2,embedding
1237,0.6931471805599453,0.6790428,validation,p25,dataset_2,embedding
1223,0.6931471805599453,0.6655669,validation,p25,dataset_2,embedding
1130,0.6931471805599453,0.722952,validation,p25,dataset_2,embedding
692,0.6931471805599453,0.67100704,validation,p25,dataset_2,embedding
1158,1.0986122886681098,1.1289268,validation,p25,dataset_2,embedding
118,0.6931471805599453,0.6846572,validation,p25,dataset_2,embedding
908,0.6931471805599453,0.696064,validation,p25,dataset_2,embedding
565,0.6931471805599453,0.80480325,validation,p25,dataset_2,embedding
150,0.6931471805599453,0.67430663,validation,p25,dataset_2,embedding
191,0.6931471805599453,0.6456317,validation,p25,dataset_2,embedding
1012,0.6931471805599453,0.613433,validation,p25,dataset_2,embedding
53,0.6931471805599453,0.67476594,validation,p25,dataset_2,embedding
360,0.6931471805599453,0.7198329,validation,p25,dataset_2,embedding
1099,0.6931471805599453,0.7273314,validation,p25,dataset_2,embedding
630,2.8903717578961645,3.8656898,validation,p25,dataset_2,embedding
112,0.6931471805599453,0.6106262,validation,p25,dataset_2,embedding
827,0.6931471805599453,0.67892873,validation,p25,dataset_2,embedding
493,0.6931471805599453,0.67262805,validation,p25,dataset_2,embedding
257,1.9459101490553132,1.4471829,validation,p25,dataset_2,embedding
1057,0.6931471805599453,0.71678364,validation,p25,dataset_2,embedding
451,0.6931471805599453,0.7016164,validation,p25,dataset_2,embedding
879,0.6931471805599453,0.6921345,validation,p25,dataset_2,embedding
68,0.6931471805599453,0.7144537,validation,p25,dataset_2,embedding
1070,0.6931471805599453,0.80080676,validation,p25,dataset_2,embedding
266,0.6931471805599453,0.6735792,validation,p25,dataset_2,embedding
1014,0.6931471805599453,0.85024464,validation,p25,dataset_2,embedding
1078,0.6931471805599453,0.67121696,validation,p25,dataset_2,embedding
529,0.6931471805599453,0.98530066,validation,p25,dataset_2,embedding
489,0.6931471805599453,0.6762445,validation,p25,dataset_2,embedding
1011,0.6931471805599453,0.69361126,validation,p25,dataset_2,embedding
823,0.6931471805599453,0.65492165,validation,p25,dataset_2,embedding
738,1.0986122886681098,0.85702705,validation,p25,dataset_2,embedding
1006,0.6931471805599453,0.70592344,validation,p25,dataset_2,embedding
1379,1.0986122886681098,1.6154344,validation,p25,dataset_2,embedding
1166,2.9444389791664403,3.6471984,validation,p25,dataset_2,embedding
1337,0.6931471805599453,0.68161917,validation,p25,dataset_2,embedding
371,0.6931471805599453,0.7081591,validation,p25,dataset_2,embedding
913,0.6931471805599453,0.6766926,validation,p25,dataset_2,embedding
254,0.6931471805599453,0.6841452,validation,p25,dataset_2,embedding
1313,0.6931471805599453,0.69438815,validation,p25,dataset_2,embedding
264,0.6931471805599453,0.7049855,validation,p25,dataset_2,embedding
1008,0.6931471805599453,0.7303723,validation,p25,dataset_2,embedding
933,0.6931471805599453,0.67854154,validation,p25,dataset_2,embedding
1205,0.6931471805599453,0.73774445,validation,p25,dataset_2,embedding
488,0.6931471805599453,0.83092356,validation,p25,dataset_2,embedding
1225,0.6931471805599453,0.75606346,validation,p25,dataset_2,embedding
577,0.6931471805599453,0.6937294,validation,p25,dataset_2,embedding
732,0.6931471805599453,0.86393917,validation,p25,dataset_2,embedding
538,0.6931471805599453,1.0960478,validation,p25,dataset_2,embedding
332,0.6931471805599453,0.6927676,validation,p25,dataset_2,embedding
631,1.9459101490553132,2.2390804,validation,p25,dataset_2,embedding
874,0.6931471805599453,0.6899619,validation,p25,dataset_2,embedding
687,0.6931471805599453,0.694595,validation,p25,dataset_2,embedding
216,0.6931471805599453,0.9239203,validation,p25,dataset_2,embedding
761,0.6931471805599453,0.7746612,validation,p25,dataset_2,embedding
803,0.6931471805599453,0.70100594,validation,p25,dataset_2,embedding
769,0.6931471805599453,0.66771936,validation,p25,dataset_2,embedding
51,0.6931471805599453,0.9880732,validation,p25,dataset_2,embedding
375,0.6931471805599453,0.6661619,validation,p25,dataset_2,embedding
18,1.0986122886681098,0.7381352,validation,p25,dataset_2,embedding
279,0.6931471805599453,0.72491086,validation,p25,dataset_2,embedding
801,0.6931471805599453,0.7910073,validation,p25,dataset_2,embedding
193,0.6931471805599453,0.7197151,validation,p25,dataset_2,embedding
311,0.6931471805599453,0.6924237,validation,p25,dataset_2,embedding
19,0.6931471805599453,0.7447587,validation,p25,dataset_2,embedding
478,0.6931471805599453,0.7002785,validation,p25,dataset_2,embedding
1043,0.6931471805599453,0.6782936,validation,p25,dataset_2,embedding
1218,0.6931471805599453,0.5476179,validation,p25,dataset_2,embedding
404,1.3862943611198906,1.632778,validation,p25,dataset_2,embedding
1290,0.6931471805599453,0.67796946,validation,p25,dataset_2,embedding
81,1.3862943611198906,1.2595094,validation,p25,dataset_2,embedding
429,0.6931471805599453,0.6849803,validation,p25,dataset_2,embedding
932,0.6931471805599453,0.6781546,validation,p25,dataset_2,embedding
454,0.6931471805599453,0.7052146,validation,p25,dataset_2,embedding
976,0.6931471805599453,0.74011207,validation,p25,dataset_2,embedding
389,0.6931471805599453,0.68505573,validation,p25,dataset_2,embedding
983,0.6931471805599453,0.71782446,validation,p25,dataset_2,embedding
1121,0.6931471805599453,0.88976026,validation,p25,dataset_2,embedding
942,0.6931471805599453,0.6761272,validation,p25,dataset_2,embedding
31,0.6931471805599453,1.231616,validation,p25,dataset_2,embedding
1149,0.6931471805599453,0.64008427,validation,p25,dataset_2,embedding
457,0.6931471805599453,0.66702783,validation,p25,dataset_2,embedding
1028,0.6931471805599453,0.69028616,validation,p25,dataset_2,embedding
1432,0.6931471805599453,0.66796505,validation,p25,dataset_2,embedding
892,0.6931471805599453,0.6758765,validation,p25,dataset_2,embedding
148,0.6931471805599453,0.67486894,validation,p25,dataset_2,embedding
39,0.6931471805599453,0.7179872,validation,p25,dataset_2,embedding
862,0.6931471805599453,0.6706357,validation,p25,dataset_2,embedding
513,0.6931471805599453,0.7589458,validation,p25,dataset_2,embedding
419,1.0986122886681098,0.785017,validation,p25,dataset_2,embedding
1322,0.6931471805599453,0.6650578,validation,p25,dataset_2,embedding
1428,0.6931471805599453,0.6396421,validation,p25,dataset_2,embedding
448,0.6931471805599453,0.7021965,validation,p25,dataset_2,embedding
967,0.6931471805599453,0.7008468,validation,p25,dataset_2,embedding
1064,0.6931471805599453,0.6930224,validation,p25,dataset_2,embedding
934,0.6931471805599453,0.7440096,validation,p25,dataset_2,embedding
1424,0.6931471805599453,0.7487966,validation,p25,dataset_2,embedding
581,0.6931471805599453,0.7032441,validation,p25,dataset_2,embedding
656,0.6931471805599453,0.762246,validation,p25,dataset_2,embedding
363,0.6931471805599453,0.7395719,validation,p25,dataset_2,embedding
1201,0.6931471805599453,0.67824674,validation,p25,dataset_2,embedding
259,0.6931471805599453,0.69448733,validation,p25,dataset_2,embedding
1378,0.6931471805599453,0.67265844,validation,p25,dataset_2,embedding
1251,0.6931471805599453,0.6720127,validation,p25,dataset_2,embedding
352,0.6931471805599453,0.6703539,validation,p25,dataset_2,embedding
22,0.6931471805599453,0.6110624,validation,p25,dataset_2,embedding
364,0.6931471805599453,0.67208993,validation,p25,dataset_2,embedding
1339,0.6931471805599453,0.6719233,validation,p25,dataset_2,embedding
1283,0.6931471805599453,0.67114615,validation,p25,dataset_2,embedding
42,0.6931471805599453,0.7051127,validation,p25,dataset_2,embedding
1154,0.6931471805599453,0.7786634,test,p25,dataset_2,embedding
699,0.6931471805599453,0.69854534,test,p25,dataset_2,embedding
225,0.6931471805599453,0.6193111,test,p25,dataset_2,embedding
336,0.6931471805599453,0.6744758,test,p25,dataset_2,embedding
1260,0.6931471805599453,0.6862774,test,p25,dataset_2,embedding
1345,0.6931471805599453,0.5480852,test,p25,dataset_2,embedding
597,0.6931471805599453,0.8395703,test,p25,dataset_2,embedding
164,0.6931471805599453,0.74620605,test,p25,dataset_2,embedding
921,0.6931471805599453,0.6999918,test,p25,dataset_2,embedding
288,0.6931471805599453,0.6972009,test,p25,dataset_2,embedding
652,1.0986122886681098,0.89572084,test,p25,dataset_2,embedding
437,0.6931471805599453,0.6749227,test,p25,dataset_2,embedding
860,0.6931471805599453,0.73459923,test,p25,dataset_2,embedding
844,0.6931471805599453,0.702348,test,p25,dataset_2,embedding
497,0.6931471805599453,0.74071753,test,p25,dataset_2,embedding
1123,0.6931471805599453,0.71255636,test,p25,dataset_2,embedding
1333,0.6931471805599453,0.6926775,test,p25,dataset_2,embedding
1361,0.6931471805599453,0.6432661,test,p25,dataset_2,embedding
1410,0.6931471805599453,0.6104965,test,p25,dataset_2,embedding
334,0.6931471805599453,0.67637074,test,p25,dataset_2,embedding
1292,0.6931471805599453,0.69445777,test,p25,dataset_2,embedding
1431,0.6931471805599453,0.68423676,test,p25,dataset_2,embedding
228,0.6931471805599453,0.57102656,test,p25,dataset_2,embedding
137,0.6931471805599453,0.7055361,test,p25,dataset_2,embedding
1326,0.6931471805599453,0.72152996,test,p25,dataset_2,embedding
1144,0.6931471805599453,0.7077142,test,p25,dataset_2,embedding
1374,0.6931471805599453,0.83749855,test,p25,dataset_2,embedding
189,0.6931471805599453,0.7132566,test,p25,dataset_2,embedding
307,0.6931471805599453,0.6906321,test,p25,dataset_2,embedding
994,0.6931471805599453,0.6674402,test,p25,dataset_2,embedding
20,0.6931471805599453,0.66418636,test,p25,dataset_2,embedding
41,0.6931471805599453,0.6775619,test,p25,dataset_2,embedding
702,0.6931471805599453,0.7157532,test,p25,dataset_2,embedding
133,0.6931471805599453,0.6821145,test,p25,dataset_2,embedding
422,0.6931471805599453,0.86616063,test,p25,dataset_2,embedding
1046,0.6931471805599453,0.6654092,test,p25,dataset_2,embedding
956,0.6931471805599453,0.7187294,test,p25,dataset_2,embedding
1019,0.6931471805599453,0.6711565,test,p25,dataset_2,embedding
554,3.295836866004329,2.2712293,test,p25,dataset_2,embedding
859,0.6931471805599453,0.68792284,test,p25,dataset_2,embedding
115,0.6931471805599453,0.7287338,test,p25,dataset_2,embedding
490,0.6931471805599453,0.6987202,test,p25,dataset_2,embedding
65,0.6931471805599453,0.7273847,test,p25,dataset_2,embedding
1040,0.6931471805599453,0.76513624,test,p25,dataset_2,embedding
362,0.6931471805599453,0.6830969,test,p25,dataset_2,embedding
767,1.0986122886681098,0.9522122,test,p25,dataset_2,embedding
925,0.6931471805599453,0.6862383,test,p25,dataset_2,embedding
494,0.6931471805599453,0.66750336,test,p25,dataset_2,embedding
722,1.0986122886681098,1.2651185,test,p25,dataset_2,embedding
1082,0.6931471805599453,0.70175445,test,p25,dataset_2,embedding
200,0.6931471805599453,0.7583127,test,p25,dataset_2,embedding
1060,0.6931471805599453,0.7173538,test,p25,dataset_2,embedding
1037,0.6931471805599453,0.6643393,test,p25,dataset_2,embedding
813,0.6931471805599453,0.8252568,test,p25,dataset_2,embedding
1314,0.6931471805599453,0.8855313,test,p25,dataset_2,embedding
869,0.6931471805599453,0.6777724,test,p25,dataset_2,embedding
1165,2.4849066497880004,3.3045514,test,p25,dataset_2,embedding
1306,0.6931471805599453,0.6880975,test,p25,dataset_2,embedding
637,1.791759469228055,1.6299136,test,p25,dataset_2,embedding
685,0.6931471805599453,0.6744745,test,p25,dataset_2,embedding
1304,0.6931471805599453,0.729512,test,p25,dataset_2,embedding
856,0.6931471805599453,0.682577,test,p25,dataset_2,embedding
751,1.0986122886681098,0.956983,test,p25,dataset_2,embedding
433,0.6931471805599453,0.6920866,test,p25,dataset_2,embedding
582,0.6931471805599453,0.6337174,test,p25,dataset_2,embedding
125,0.6931471805599453,0.61820185,test,p25,dataset_2,embedding
794,0.6931471805599453,0.6803789,test,p25,dataset_2,embedding
235,2.1972245773362196,1.9362853,test,p25,dataset_2,embedding
213,1.0986122886681098,1.0637466,test,p25,dataset_2,embedding
1353,0.6931471805599453,0.7609279,test,p25,dataset_2,embedding
1257,0.6931471805599453,0.68509305,test,p25,dataset_2,embedding
1200,0.6931471805599453,0.6179681,test,p25,dataset_2,embedding
900,0.6931471805599453,0.6787633,test,p25,dataset_2,embedding
1207,0.6931471805599453,0.6905651,test,p25,dataset_2,embedding
660,0.6931471805599453,0.7083255,test,p25,dataset_2,embedding
1336,0.6931471805599453,0.6647277,test,p25,dataset_2,embedding
205,0.6931471805599453,0.71872497,test,p25,dataset_2,embedding
948,0.6931471805599453,0.6988497,test,p25,dataset_2,embedding
1206,0.6931471805599453,0.6757196,test,p25,dataset_2,embedding
94,0.6931471805599453,0.8356656,test,p25,dataset_2,embedding
414,0.6931471805599453,0.7336688,test,p25,dataset_2,embedding
244,0.6931471805599453,0.67086565,test,p25,dataset_2,embedding
701,1.0986122886681098,0.9979291,test,p25,dataset_2,embedding
556,0.6931471805599453,0.6747724,test,p25,dataset_2,embedding
1376,0.6931471805599453,0.7263695,test,p25,dataset_2,embedding
1356,0.6931471805599453,0.7462934,test,p25,dataset_2,embedding
746,0.6931471805599453,0.6731014,test,p25,dataset_2,embedding
21,0.6931471805599453,0.6924292,test,p25,dataset_2,embedding
763,0.6931471805599453,0.68840814,test,p25,dataset_2,embedding
1016,0.6931471805599453,0.6940752,test,p25,dataset_2,embedding
790,0.6931471805599453,0.6807997,test,p25,dataset_2,embedding
1105,0.6931471805599453,0.71386385,test,p25,dataset_2,embedding
1229,0.6931471805599453,0.7242842,test,p25,dataset_2,embedding
1355,2.0794415416798357,2.5161426,test,p25,dataset_2,embedding
717,2.9444389791664403,2.6012542,test,p25,dataset_2,embedding
146,0.6931471805599453,0.67473793,test,p25,dataset_2,embedding
407,0.6931471805599453,0.9444014,test,p25,dataset_2,embedding
1271,0.6931471805599453,0.7227782,test,p25,dataset_2,embedding
35,0.6931471805599453,0.7029865,test,p25,dataset_2,embedding
312,0.6931471805599453,0.72882164,test,p25,dataset_2,embedding
1363,0.6931471805599453,0.684996,test,p25,dataset_2,embedding
1315,0.6931471805599453,0.7111845,test,p25,dataset_2,embedding
880,0.6931471805599453,0.6734431,test,p25,dataset_2,embedding
399,2.3978952727983707,2.2386816,test,p25,dataset_2,embedding
572,0.6931471805599453,0.6788684,test,p25,dataset_2,embedding
246,1.3862943611198906,1.0991652,test,p25,dataset_2,embedding
192,0.6931471805599453,0.68708813,test,p25,dataset_2,embedding
1111,0.6931471805599453,0.6915145,test,p25,dataset_2,embedding
1168,1.6094379124341005,1.6837345,test,p25,dataset_2,embedding
816,0.6931471805599453,0.7094598,test,p25,dataset_2,embedding
594,0.6931471805599453,0.67081153,test,p25,dataset_2,embedding
943,0.6931471805599453,0.67901754,test,p25,dataset_2,embedding
1416,0.6931471805599453,0.74939346,test,p25,dataset_2,embedding
295,0.6931471805599453,0.73389614,test,p25,dataset_2,embedding
472,0.6931471805599453,0.6939039,test,p25,dataset_2,embedding
599,0.6931471805599453,0.6807747,test,p25,dataset_2,embedding
262,0.6931471805599453,0.7174406,test,p25,dataset_2,embedding
203,0.6931471805599453,0.546384,test,p25,dataset_2,embedding
212,0.6931471805599453,0.7169312,test,p25,dataset_2,embedding
1186,0.6931471805599453,0.6921114,test,p25,dataset_2,embedding
870,0.6931471805599453,0.70472527,test,p25,dataset_2,embedding
240,2.0794415416798357,1.8882179,test,p25,dataset_2,embedding
919,0.6931471805599453,0.68927944,test,p25,dataset_2,embedding
408,0.6931471805599453,0.7406814,test,p25,dataset_2,embedding
1409,0.6931471805599453,0.9587941,test,p25,dataset_2,embedding
1085,0.6931471805599453,0.67494524,test,p25,dataset_2,embedding
828,0.6931471805599453,0.6926055,test,p25,dataset_2,embedding
169,0.6931471805599453,0.7021164,test,p25,dataset_2,embedding
539,0.6931471805599453,0.92507374,test,p25,dataset_2,embedding
1131,0.6931471805599453,0.71021986,test,p25,dataset_2,embedding
905,0.6931471805599453,0.6853106,test,p25,dataset_2,embedding
696,0.6931471805599453,0.61276484,test,p25,dataset_2,embedding
748,1.0986122886681098,0.8626541,test,p25,dataset_2,embedding
14,0.6931471805599453,0.7193557,test,p25,dataset_2,embedding
1164,1.0986122886681098,0.87021184,test,p25,dataset_2,embedding
1025,0.6931471805599453,0.75339115,test,p25,dataset_2,embedding
486,0.6931471805599453,0.6125705,test,p25,dataset_2,embedding
1203,0.6931471805599453,0.68340886,test,p25,dataset_2,embedding
841,0.6931471805599453,0.8162395,test,p25,dataset_2,embedding
962,0.6931471805599453,0.6815983,test,p25,dataset_2,embedding
588,1.0986122886681098,0.81165195,test,p25,dataset_2,embedding
812,0.6931471805599453,0.6868378,test,p25,dataset_2,embedding
1086,0.6931471805599453,0.7588239,test,p25,dataset_2,embedding
314,0.6931471805599453,0.70820796,test,p25,dataset_2,embedding
1231,0.6931471805599453,0.8309189,test,p25,dataset_2,embedding
400,1.791759469228055,2.111739,test,p25,dataset_2,embedding
1092,0.6931471805599453,0.6842567,test,p25,dataset_2,embedding
784,0.6931471805599453,0.7311282,test,p25,dataset_2,embedding
1381,0.6931471805599453,0.7210556,test,p25,dataset_2,embedding
149,0.6931471805599453,0.6797545,test,p25,dataset_2,embedding
298,0.6931471805599453,0.6802888,test,p25,dataset_2,embedding
13,0.6931471805599453,0.6747289,test,p25,dataset_2,embedding
831,0.6931471805599453,0.6728971,test,p25,dataset_2,embedding
505,0.6931471805599453,0.70294523,test,p25,dataset_2,embedding
1357,1.9459101490553132,1.577001,test,p25,dataset_2,embedding
727,0.6931471805599453,1.0130314,test,p25,dataset_2,embedding
807,0.6931471805599453,0.6749234,test,p25,dataset_2,embedding
1213,0.6931471805599453,0.7037697,test,p25,dataset_2,embedding
1020,0.6931471805599453,0.70535016,test,p25,dataset_2,embedding
1174,1.3862943611198906,1.1249282,test,p25,dataset_2,embedding
1180,1.0986122886681098,0.8939302,test,p25,dataset_2,embedding
935,0.6931471805599453,0.67770433,test,p25,dataset_2,embedding
431,1.0986122886681098,0.7775663,test,p25,dataset_2,embedding
190,0.6931471805599453,0.68223715,test,p25,dataset_2,embedding
1224,0.6931471805599453,0.67292356,test,p25,dataset_2,embedding
834,0.6931471805599453,0.7519653,test,p25,dataset_2,embedding
204,0.6931471805599453,0.6638726,test,p25,dataset_2,embedding
664,0.6931471805599453,0.69622636,test,p25,dataset_2,embedding
764,0.6931471805599453,0.7261095,test,p25,dataset_2,embedding
449,0.6931471805599453,0.7343,test,p25,dataset_2,embedding
268,1.0986122886681098,2.0256336,test,p25,dataset_2,embedding
1150,0.6931471805599453,0.6761482,test,p25,dataset_2,embedding
417,0.6931471805599453,0.7204783,test,p25,dataset_2,embedding
1,0.6931471805599453,0.7627516,test,p25,dataset_2,embedding
598,0.6931471805599453,0.66887355,test,p25,dataset_2,embedding
1095,0.6931471805599453,0.6967342,test,p25,dataset_2,embedding
1230,0.6931471805599453,0.6885488,test,p25,dataset_2,embedding
415,0.6931471805599453,1.0243775,test,p25,dataset_2,embedding
642,1.0986122886681098,1.3765314,test,p25,dataset_2,embedding
611,0.6931471805599453,0.7244637,test,p25,dataset_2,embedding
541,0.6931471805599453,1.2384467,test,p25,dataset_2,embedding
1261,0.6931471805599453,0.6760094,test,p25,dataset_2,embedding
1276,0.6931471805599453,0.69382536,test,p25,dataset_2,embedding
90,0.6931471805599453,0.7000555,test,p25,dataset_2,embedding
349,0.6931471805599453,0.6632551,test,p25,dataset_2,embedding
1077,0.6931471805599453,0.67779374,test,p25,dataset_2,embedding
430,0.6931471805599453,0.8438202,test,p25,dataset_2,embedding
1081,0.6931471805599453,0.66394675,test,p25,dataset_2,embedding
700,0.6931471805599453,0.69426155,test,p25,dataset_2,embedding
1383,0.6931471805599453,0.612458,test,p25,dataset_2,embedding
356,0.6931471805599453,0.863884,test,p25,dataset_2,embedding
993,0.6931471805599453,0.80350184,test,p25,dataset_2,embedding
101,0.6931471805599453,0.6707165,test,p25,dataset_2,embedding
98,0.6931471805599453,0.6894437,test,p25,dataset_2,embedding
1118,0.6931471805599453,0.6940299,test,p25,dataset_2,embedding
519,0.6931471805599453,0.67490363,test,p25,dataset_2,embedding
936,0.6931471805599453,0.68756425,test,p25,dataset_2,embedding
928,0.6931471805599453,0.74064183,test,p25,dataset_2,embedding
1423,0.6931471805599453,0.6892078,test,p25,dataset_2,embedding
774,0.6931471805599453,0.6613177,test,p25,dataset_2,embedding
896,0.6931471805599453,0.67556036,test,p25,dataset_2,embedding
1126,0.6931471805599453,0.9201622,test,p25,dataset_2,embedding
533,0.6931471805599453,0.6108618,test,p25,dataset_2,embedding
515,0.6931471805599453,0.740814,test,p25,dataset_2,embedding
256,0.6931471805599453,0.67266774,test,p25,dataset_2,embedding
1321,1.0986122886681098,1.312917,test,p25,dataset_2,embedding
695,0.6931471805599453,0.67266345,test,p25,dataset_2,embedding
1022,0.6931471805599453,0.6342274,test,p25,dataset_2,embedding
840,0.6931471805599453,0.67481947,test,p25,dataset_2,embedding
680,0.6931471805599453,0.70325744,test,p25,dataset_2,embedding
1239,0.6931471805599453,0.6781492,test,p25,dataset_2,embedding
427,0.6931471805599453,0.7143475,test,p25,dataset_2,embedding
124,0.6931471805599453,0.70340157,test,p25,dataset_2,embedding
523,0.6931471805599453,0.693838,test,p25,dataset_2,embedding
1138,0.6931471805599453,0.67495275,test,p25,dataset_2,embedding
551,1.0986122886681098,1.9438772,test,p25,dataset_2,embedding
421,0.6931471805599453,0.7805859,test,p25,dataset_2,embedding
754,0.6931471805599453,0.6699914,train,p30,dataset_2,embedding
681,0.6931471805599453,0.731256,train,p30,dataset_2,embedding
990,0.6931471805599453,0.7436379,train,p30,dataset_2,embedding
648,0.6931471805599453,0.78458214,train,p30,dataset_2,embedding
128,0.6931471805599453,0.64694226,train,p30,dataset_2,embedding
276,0.6931471805599453,0.6769568,train,p30,dataset_2,embedding
1407,0.6931471805599453,0.70193577,train,p30,dataset_2,embedding
772,0.6931471805599453,0.7584287,train,p30,dataset_2,embedding
908,0.6931471805599453,0.65892553,train,p30,dataset_2,embedding
493,0.6931471805599453,0.6695334,train,p30,dataset_2,embedding
1401,0.6931471805599453,0.70092905,train,p30,dataset_2,embedding
1124,0.6931471805599453,0.8636271,train,p30,dataset_2,embedding
135,0.6931471805599453,0.6857872,train,p30,dataset_2,embedding
605,0.6931471805599453,0.7551434,train,p30,dataset_2,embedding
1434,0.6931471805599453,0.71541154,train,p30,dataset_2,embedding
1425,0.6931471805599453,0.7844392,train,p30,dataset_2,embedding
1269,0.6931471805599453,0.65909255,train,p30,dataset_2,embedding
609,0.6931471805599453,0.711849,train,p30,dataset_2,embedding
891,0.6931471805599453,0.75620747,train,p30,dataset_2,embedding
603,0.6931471805599453,0.7198436,train,p30,dataset_2,embedding
888,0.6931471805599453,0.7261418,train,p30,dataset_2,embedding
232,0.6931471805599453,0.7164197,train,p30,dataset_2,embedding
3,0.6931471805599453,0.864678,train,p30,dataset_2,embedding
1170,1.791759469228055,1.2739981,train,p30,dataset_2,embedding
311,0.6931471805599453,0.72133756,train,p30,dataset_2,embedding
342,0.6931471805599453,0.6995007,train,p30,dataset_2,embedding
1059,0.6931471805599453,0.7381302,train,p30,dataset_2,embedding
227,0.6931471805599453,0.6851913,train,p30,dataset_2,embedding
1382,0.6931471805599453,0.79550624,train,p30,dataset_2,embedding
354,0.6931471805599453,0.70494723,train,p30,dataset_2,embedding
542,0.6931471805599453,0.7014574,train,p30,dataset_2,embedding
988,0.6931471805599453,0.78680754,train,p30,dataset_2,embedding
1396,0.6931471805599453,0.7593155,train,p30,dataset_2,embedding
958,0.6931471805599453,0.6724764,train,p30,dataset_2,embedding
1017,0.6931471805599453,0.70121384,train,p30,dataset_2,embedding
501,0.6931471805599453,0.6708013,train,p30,dataset_2,embedding
1215,0.6931471805599453,0.70490015,train,p30,dataset_2,embedding
709,0.6931471805599453,0.7166368,train,p30,dataset_2,embedding
1076,0.6931471805599453,0.6693717,train,p30,dataset_2,embedding
606,0.6931471805599453,0.742134,train,p30,dataset_2,embedding
1376,0.6931471805599453,0.7529557,train,p30,dataset_2,embedding
105,0.6931471805599453,0.7529887,train,p30,dataset_2,embedding
107,0.6931471805599453,0.6782062,train,p30,dataset_2,embedding
75,0.6931471805599453,0.86313903,train,p30,dataset_2,embedding
1061,0.6931471805599453,0.7010081,train,p30,dataset_2,embedding
984,0.6931471805599453,0.7728238,train,p30,dataset_2,embedding
394,3.6635616461296463,2.9754686,train,p30,dataset_2,embedding
1112,0.6931471805599453,0.70173085,train,p30,dataset_2,embedding
283,0.6931471805599453,0.52864385,train,p30,dataset_2,embedding
132,0.6931471805599453,0.7268498,train,p30,dataset_2,embedding
728,0.6931471805599453,0.8328377,train,p30,dataset_2,embedding
327,0.6931471805599453,0.86555207,train,p30,dataset_2,embedding
1252,0.6931471805599453,0.70076334,train,p30,dataset_2,embedding
671,0.6931471805599453,0.7597269,train,p30,dataset_2,embedding
1069,0.6931471805599453,0.71510196,train,p30,dataset_2,embedding
1177,0.6931471805599453,0.80473554,train,p30,dataset_2,embedding
1077,0.6931471805599453,0.71103597,train,p30,dataset_2,embedding
263,0.6931471805599453,0.7016201,train,p30,dataset_2,embedding
737,0.6931471805599453,0.7094158,train,p30,dataset_2,embedding
856,0.6931471805599453,0.6721407,train,p30,dataset_2,embedding
144,0.6931471805599453,0.67121625,train,p30,dataset_2,embedding
787,0.6931471805599453,0.7305809,train,p30,dataset_2,embedding
466,0.6931471805599453,0.90784156,train,p30,dataset_2,embedding
253,0.6931471805599453,0.65784466,train,p30,dataset_2,embedding
86,0.6931471805599453,0.70880806,train,p30,dataset_2,embedding
545,0.6931471805599453,0.7064873,train,p30,dataset_2,embedding
1019,0.6931471805599453,0.7417023,train,p30,dataset_2,embedding
548,0.6931471805599453,0.7162179,train,p30,dataset_2,embedding
1057,0.6931471805599453,0.77173674,train,p30,dataset_2,embedding
43,0.6931471805599453,0.72404253,train,p30,dataset_2,embedding
490,0.6931471805599453,0.72497725,train,p30,dataset_2,embedding
413,0.6931471805599453,0.704038,train,p30,dataset_2,embedding
789,0.6931471805599453,0.68792415,train,p30,dataset_2,embedding
46,0.6931471805599453,0.6993644,train,p30,dataset_2,embedding
560,1.0986122886681098,0.9139967,train,p30,dataset_2,embedding
638,0.6931471805599453,1.1009651,train,p30,dataset_2,embedding
1185,0.6931471805599453,0.63797605,train,p30,dataset_2,embedding
975,0.6931471805599453,0.7186512,train,p30,dataset_2,embedding
1176,0.6931471805599453,0.8274728,train,p30,dataset_2,embedding
1294,0.6931471805599453,0.710819,train,p30,dataset_2,embedding
790,0.6931471805599453,0.7126936,train,p30,dataset_2,embedding
336,0.6931471805599453,0.70027065,train,p30,dataset_2,embedding
1213,0.6931471805599453,0.8082,train,p30,dataset_2,embedding
1195,0.6931471805599453,0.63933396,train,p30,dataset_2,embedding
424,0.6931471805599453,0.9918059,train,p30,dataset_2,embedding
696,0.6931471805599453,0.76364136,train,p30,dataset_2,embedding
443,0.6931471805599453,0.7283621,train,p30,dataset_2,embedding
218,0.6931471805599453,0.77884674,train,p30,dataset_2,embedding
1300,0.6931471805599453,0.71981573,train,p30,dataset_2,embedding
1370,0.6931471805599453,0.70707667,train,p30,dataset_2,embedding
219,0.6931471805599453,0.7099031,train,p30,dataset_2,embedding
64,0.6931471805599453,0.75377166,train,p30,dataset_2,embedding
669,1.0986122886681098,0.8187808,train,p30,dataset_2,embedding
1402,0.6931471805599453,0.67097473,train,p30,dataset_2,embedding
650,0.6931471805599453,1.0846878,train,p30,dataset_2,embedding
211,3.828641396489095,2.2123923,train,p30,dataset_2,embedding
380,0.6931471805599453,0.5351055,train,p30,dataset_2,embedding
1322,0.6931471805599453,0.7430105,train,p30,dataset_2,embedding
750,1.3862943611198906,0.9807695,train,p30,dataset_2,embedding
536,0.6931471805599453,0.69984305,train,p30,dataset_2,embedding
1043,0.6931471805599453,0.71128905,train,p30,dataset_2,embedding
797,0.6931471805599453,0.72048426,train,p30,dataset_2,embedding
1349,0.6931471805599453,0.7009469,train,p30,dataset_2,embedding
419,1.0986122886681098,0.7328931,train,p30,dataset_2,embedding
899,0.6931471805599453,0.71520436,train,p30,dataset_2,embedding
100,0.6931471805599453,0.81062305,train,p30,dataset_2,embedding
210,1.9459101490553132,2.0390825,train,p30,dataset_2,embedding
1298,0.6931471805599453,0.71472704,train,p30,dataset_2,embedding
117,0.6931471805599453,0.6909927,train,p30,dataset_2,embedding
855,0.6931471805599453,0.76617885,train,p30,dataset_2,embedding
911,0.6931471805599453,0.70789075,train,p30,dataset_2,embedding
293,0.6931471805599453,0.6919738,train,p30,dataset_2,embedding
615,0.6931471805599453,0.7219882,train,p30,dataset_2,embedding
1242,0.6931471805599453,0.75645244,train,p30,dataset_2,embedding
1151,0.6931471805599453,0.7238194,train,p30,dataset_2,embedding
1321,1.3862943611198906,1.0852244,train,p30,dataset_2,embedding
1160,0.6931471805599453,0.85693216,train,p30,dataset_2,embedding
578,0.6931471805599453,0.72663736,train,p30,dataset_2,embedding
815,0.6931471805599453,0.88180876,train,p30,dataset_2,embedding
1328,0.6931471805599453,0.8177643,train,p30,dataset_2,embedding
657,0.6931471805599453,0.96369994,train,p30,dataset_2,embedding
505,0.6931471805599453,0.71462476,train,p30,dataset_2,embedding
841,0.6931471805599453,0.6783769,train,p30,dataset_2,embedding
97,0.6931471805599453,0.7355124,train,p30,dataset_2,embedding
1202,0.6931471805599453,0.73950374,train,p30,dataset_2,embedding
729,1.0986122886681098,0.8226472,train,p30,dataset_2,embedding
550,0.6931471805599453,0.7519158,train,p30,dataset_2,embedding
905,0.6931471805599453,0.67232275,train,p30,dataset_2,embedding
663,0.6931471805599453,0.7697995,train,p30,dataset_2,embedding
1117,0.6931471805599453,0.6891819,train,p30,dataset_2,embedding
706,0.6931471805599453,0.6807009,train,p30,dataset_2,embedding
80,0.6931471805599453,0.716432,train,p30,dataset_2,embedding
802,0.6931471805599453,0.7428162,train,p30,dataset_2,embedding
646,0.6931471805599453,1.1564097,train,p30,dataset_2,embedding
894,0.6931471805599453,0.71537435,train,p30,dataset_2,embedding
1326,0.6931471805599453,0.7345027,train,p30,dataset_2,embedding
968,0.6931471805599453,0.7220762,train,p30,dataset_2,embedding
1003,0.6931471805599453,0.7619828,train,p30,dataset_2,embedding
924,0.6931471805599453,0.67122126,train,p30,dataset_2,embedding
559,0.6931471805599453,0.78980637,train,p30,dataset_2,embedding
1173,1.6094379124341005,1.191716,train,p30,dataset_2,embedding
292,1.0986122886681098,0.9053998,train,p30,dataset_2,embedding
338,0.6931471805599453,0.7006227,train,p30,dataset_2,embedding
1163,0.6931471805599453,0.7012389,train,p30,dataset_2,embedding
818,0.6931471805599453,0.7418364,train,p30,dataset_2,embedding
828,0.6931471805599453,0.6857947,train,p30,dataset_2,embedding
620,0.6931471805599453,0.66963255,train,p30,dataset_2,embedding
139,0.6931471805599453,0.70093274,train,p30,dataset_2,embedding
387,0.6931471805599453,0.6703154,train,p30,dataset_2,embedding
1116,0.6931471805599453,0.74148357,train,p30,dataset_2,embedding
1224,0.6931471805599453,0.7447673,train,p30,dataset_2,embedding
659,0.6931471805599453,0.8835038,train,p30,dataset_2,embedding
915,0.6931471805599453,0.7721931,train,p30,dataset_2,embedding
377,0.6931471805599453,0.64789534,train,p30,dataset_2,embedding
355,0.6931471805599453,0.7594675,train,p30,dataset_2,embedding
964,0.6931471805599453,0.70350707,train,p30,dataset_2,embedding
421,0.6931471805599453,0.76494896,train,p30,dataset_2,embedding
249,0.6931471805599453,0.7252263,train,p30,dataset_2,embedding
976,0.6931471805599453,0.7022008,train,p30,dataset_2,embedding
1136,0.6931471805599453,0.74168074,train,p30,dataset_2,embedding
833,0.6931471805599453,0.7184466,train,p30,dataset_2,embedding
402,2.8903717578961645,2.3110545,train,p30,dataset_2,embedding
807,0.6931471805599453,0.70354986,train,p30,dataset_2,embedding
1137,0.6931471805599453,0.6743462,train,p30,dataset_2,embedding
1399,0.6931471805599453,0.8011234,train,p30,dataset_2,embedding
1033,0.6931471805599453,0.859051,train,p30,dataset_2,embedding
585,0.6931471805599453,0.76372755,train,p30,dataset_2,embedding
497,0.6931471805599453,0.80300725,train,p30,dataset_2,embedding
1187,0.6931471805599453,0.72052383,train,p30,dataset_2,embedding
740,0.6931471805599453,0.689628,train,p30,dataset_2,embedding
779,0.6931471805599453,0.6939454,train,p30,dataset_2,embedding
743,0.6931471805599453,0.77018106,train,p30,dataset_2,embedding
665,1.0986122886681098,1.2199656,train,p30,dataset_2,embedding
526,0.6931471805599453,0.7163222,train,p30,dataset_2,embedding
446,0.6931471805599453,0.6489997,train,p30,dataset_2,embedding
426,0.6931471805599453,0.68168116,train,p30,dataset_2,embedding
1083,0.6931471805599453,0.67935336,train,p30,dataset_2,embedding
1237,0.6931471805599453,0.7270032,train,p30,dataset_2,embedding
51,0.6931471805599453,0.74418247,train,p30,dataset_2,embedding
334,0.6931471805599453,0.7699014,train,p30,dataset_2,embedding
1257,0.6931471805599453,0.67161334,train,p30,dataset_2,embedding
19,0.6931471805599453,0.72789,train,p30,dataset_2,embedding
813,0.6931471805599453,0.84393954,train,p30,dataset_2,embedding
1228,0.6931471805599453,0.73024666,train,p30,dataset_2,embedding
391,1.3862943611198906,0.88545096,train,p30,dataset_2,embedding
231,0.6931471805599453,0.70069635,train,p30,dataset_2,embedding
1074,0.6931471805599453,0.642146,train,p30,dataset_2,embedding
257,2.0794415416798357,1.3412696,train,p30,dataset_2,embedding
88,0.6931471805599453,0.74548316,train,p30,dataset_2,embedding
1337,0.6931471805599453,0.7124349,train,p30,dataset_2,embedding
1344,0.6931471805599453,0.7141565,train,p30,dataset_2,embedding
668,1.3862943611198906,1.3745626,train,p30,dataset_2,embedding
583,0.6931471805599453,0.62488043,train,p30,dataset_2,embedding
279,0.6931471805599453,0.64117765,train,p30,dataset_2,embedding
715,2.302585092994046,2.346145,train,p30,dataset_2,embedding
191,0.6931471805599453,0.7061424,train,p30,dataset_2,embedding
1032,0.6931471805599453,0.71603966,train,p30,dataset_2,embedding
343,0.6931471805599453,0.68701386,train,p30,dataset_2,embedding
1054,0.6931471805599453,0.7643317,train,p30,dataset_2,embedding
521,0.6931471805599453,0.7562146,train,p30,dataset_2,embedding
949,0.6931471805599453,0.68367374,train,p30,dataset_2,embedding
1270,0.6931471805599453,0.74308157,train,p30,dataset_2,embedding
1327,0.6931471805599453,0.6984205,train,p30,dataset_2,embedding
417,0.6931471805599453,0.7134125,train,p30,dataset_2,embedding
633,1.0986122886681098,0.9357153,train,p30,dataset_2,embedding
1430,0.6931471805599453,0.70031536,train,p30,dataset_2,embedding
414,0.6931471805599453,0.7397127,train,p30,dataset_2,embedding
608,0.6931471805599453,0.77798295,train,p30,dataset_2,embedding
1181,1.0986122886681098,0.90365636,train,p30,dataset_2,embedding
774,0.6931471805599453,0.7193047,train,p30,dataset_2,embedding
183,0.6931471805599453,0.71082604,train,p30,dataset_2,embedding
449,0.6931471805599453,0.6247277,train,p30,dataset_2,embedding
195,0.6931471805599453,0.72052526,train,p30,dataset_2,embedding
314,0.6931471805599453,0.83153284,train,p30,dataset_2,embedding
951,0.6931471805599453,0.7616861,train,p30,dataset_2,embedding
1374,0.6931471805599453,0.86590016,train,p30,dataset_2,embedding
1037,0.6931471805599453,0.72464895,train,p30,dataset_2,embedding
664,0.6931471805599453,0.74462664,train,p30,dataset_2,embedding
683,0.6931471805599453,0.7381222,train,p30,dataset_2,embedding
684,0.6931471805599453,0.7005284,train,p30,dataset_2,embedding
777,0.6931471805599453,0.67265165,train,p30,dataset_2,embedding
243,0.6931471805599453,0.6721003,train,p30,dataset_2,embedding
775,0.6931471805599453,0.72729516,train,p30,dataset_2,embedding
57,0.6931471805599453,0.71316946,train,p30,dataset_2,embedding
677,0.6931471805599453,0.7876868,train,p30,dataset_2,embedding
396,0.6931471805599453,1.5851573,train,p30,dataset_2,embedding
1249,0.6931471805599453,0.7021247,train,p30,dataset_2,embedding
519,0.6931471805599453,0.7004144,train,p30,dataset_2,embedding
531,0.6931471805599453,0.71039593,train,p30,dataset_2,embedding
547,0.6931471805599453,0.76250327,train,p30,dataset_2,embedding
63,0.6931471805599453,0.6824564,train,p30,dataset_2,embedding
412,0.6931471805599453,0.7670795,train,p30,dataset_2,embedding
1245,0.6931471805599453,0.74424875,train,p30,dataset_2,embedding
1140,0.6931471805599453,0.6804104,train,p30,dataset_2,embedding
1097,0.6931471805599453,0.72943926,train,p30,dataset_2,embedding
1206,0.6931471805599453,0.673419,train,p30,dataset_2,embedding
847,0.6931471805599453,0.677407,train,p30,dataset_2,embedding
1283,0.6931471805599453,0.74163175,train,p30,dataset_2,embedding
1259,0.6931471805599453,0.7016686,train,p30,dataset_2,embedding
746,0.6931471805599453,0.74470556,train,p30,dataset_2,embedding
539,0.6931471805599453,0.91296816,train,p30,dataset_2,embedding
194,0.6931471805599453,0.7035583,train,p30,dataset_2,embedding
39,0.6931471805599453,0.7213285,train,p30,dataset_2,embedding
359,0.6931471805599453,0.6706035,train,p30,dataset_2,embedding
1105,0.6931471805599453,0.71807253,train,p30,dataset_2,embedding
66,0.6931471805599453,0.6795927,train,p30,dataset_2,embedding
736,1.0986122886681098,0.7823646,train,p30,dataset_2,embedding
805,0.6931471805599453,0.7209158,train,p30,dataset_2,embedding
467,0.6931471805599453,0.6970793,train,p30,dataset_2,embedding
158,0.6931471805599453,0.7244991,train,p30,dataset_2,embedding
602,0.6931471805599453,0.6816673,train,p30,dataset_2,embedding
129,0.6931471805599453,0.72856987,train,p30,dataset_2,embedding
198,0.6931471805599453,0.7271464,train,p30,dataset_2,embedding
892,0.6931471805599453,0.70295393,train,p30,dataset_2,embedding
830,0.6931471805599453,0.8181282,train,p30,dataset_2,embedding
822,0.6931471805599453,0.7013247,train,p30,dataset_2,embedding
972,0.6931471805599453,0.8709793,train,p30,dataset_2,embedding
447,0.6931471805599453,0.7219217,train,p30,dataset_2,embedding
102,0.6931471805599453,0.6912192,train,p30,dataset_2,embedding
1247,0.6931471805599453,0.6706835,train,p30,dataset_2,embedding
1341,0.6931471805599453,0.73539305,train,p30,dataset_2,embedding
461,0.6931471805599453,0.7251097,train,p30,dataset_2,embedding
544,0.6931471805599453,0.6184478,train,p30,dataset_2,embedding
172,0.6931471805599453,0.72442245,train,p30,dataset_2,embedding
1275,0.6931471805599453,0.66982603,train,p30,dataset_2,embedding
50,0.6931471805599453,0.68126285,train,p30,dataset_2,embedding
973,0.6931471805599453,0.7123308,train,p30,dataset_2,embedding
321,0.6931471805599453,0.7230463,train,p30,dataset_2,embedding
718,2.772588722239781,2.068749,train,p30,dataset_2,embedding
365,0.6931471805599453,0.67104244,train,p30,dataset_2,embedding
197,0.6931471805599453,0.7010164,train,p30,dataset_2,embedding
1323,1.6094379124341005,1.3796226,train,p30,dataset_2,embedding
62,0.6931471805599453,0.7191489,train,p30,dataset_2,embedding
1371,0.6931471805599453,0.7142147,train,p30,dataset_2,embedding
489,0.6931471805599453,0.7019832,train,p30,dataset_2,embedding
1193,0.6931471805599453,0.73578477,train,p30,dataset_2,embedding
1220,0.6931471805599453,0.70229113,train,p30,dataset_2,embedding
386,0.6931471805599453,0.76449525,train,p30,dataset_2,embedding
928,0.6931471805599453,0.70330274,train,p30,dataset_2,embedding
1051,0.6931471805599453,0.7411684,train,p30,dataset_2,embedding
238,0.6931471805599453,1.0206127,train,p30,dataset_2,embedding
1035,0.6931471805599453,0.6727501,train,p30,dataset_2,embedding
1198,0.6931471805599453,0.72810495,train,p30,dataset_2,embedding
1108,0.6931471805599453,0.71231925,train,p30,dataset_2,embedding
344,1.0986122886681098,0.8736079,train,p30,dataset_2,embedding
636,2.0794415416798357,2.4319742,train,p30,dataset_2,embedding
1287,0.6931471805599453,0.7203177,train,p30,dataset_2,embedding
291,0.6931471805599453,0.7027557,train,p30,dataset_2,embedding
141,0.6931471805599453,0.7022282,train,p30,dataset_2,embedding
307,0.6931471805599453,0.77853656,train,p30,dataset_2,embedding
1139,0.6931471805599453,0.7225399,train,p30,dataset_2,embedding
165,0.6931471805599453,0.6253518,train,p30,dataset_2,embedding
867,0.6931471805599453,0.7134383,train,p30,dataset_2,embedding
971,0.6931471805599453,0.7091998,train,p30,dataset_2,embedding
444,0.6931471805599453,0.8048185,train,p30,dataset_2,embedding
680,0.6931471805599453,0.68757546,train,p30,dataset_2,embedding
1087,0.6931471805599453,1.0568724,train,p30,dataset_2,embedding
618,0.6931471805599453,0.71794355,train,p30,dataset_2,embedding
1207,0.6931471805599453,0.71603405,train,p30,dataset_2,embedding
1172,0.6931471805599453,0.7579986,train,p30,dataset_2,embedding
1100,0.6931471805599453,0.8167844,train,p30,dataset_2,embedding
983,0.6931471805599453,0.7758746,train,p30,dataset_2,embedding
693,0.6931471805599453,0.6480565,train,p30,dataset_2,embedding
870,0.6931471805599453,0.7159196,train,p30,dataset_2,embedding
1340,0.6931471805599453,0.74927497,train,p30,dataset_2,embedding
1119,0.6931471805599453,0.7773366,train,p30,dataset_2,embedding
1056,0.6931471805599453,0.72391355,train,p30,dataset_2,embedding
1308,0.6931471805599453,0.8239807,train,p30,dataset_2,embedding
1227,0.6931471805599453,0.71943295,train,p30,dataset_2,embedding
267,0.6931471805599453,0.67266965,train,p30,dataset_2,embedding
866,0.6931471805599453,0.6222241,train,p30,dataset_2,embedding
1089,0.6931471805599453,0.6256846,train,p30,dataset_2,embedding
513,0.6931471805599453,0.75039613,train,p30,dataset_2,embedding
123,0.6931471805599453,0.7532959,train,p30,dataset_2,embedding
1394,0.6931471805599453,0.6225611,train,p30,dataset_2,embedding
339,0.6931471805599453,0.68508124,train,p30,dataset_2,embedding
612,0.6931471805599453,0.8023261,train,p30,dataset_2,embedding
122,0.6931471805599453,0.74678004,train,p30,dataset_2,embedding
1246,0.6931471805599453,0.72996366,train,p30,dataset_2,embedding
622,0.6931471805599453,0.7655773,train,p30,dataset_2,embedding
770,0.6931471805599453,0.820258,train,p30,dataset_2,embedding
992,0.6931471805599453,0.6776216,train,p30,dataset_2,embedding
1277,0.6931471805599453,0.70107317,train,p30,dataset_2,embedding
537,1.3862943611198906,0.9271493,train,p30,dataset_2,embedding
580,0.6931471805599453,0.67005074,train,p30,dataset_2,embedding
887,0.6931471805599453,0.70391,train,p30,dataset_2,embedding
316,0.6931471805599453,0.7138419,train,p30,dataset_2,embedding
255,0.6931471805599453,0.74303496,train,p30,dataset_2,embedding
796,0.6931471805599453,0.73551106,train,p30,dataset_2,embedding
1296,0.6931471805599453,0.7536948,train,p30,dataset_2,embedding
943,0.6931471805599453,0.70490956,train,p30,dataset_2,embedding
735,0.6931471805599453,0.8895966,train,p30,dataset_2,embedding
457,0.6931471805599453,0.642131,train,p30,dataset_2,embedding
1307,0.6931471805599453,0.73481166,train,p30,dataset_2,embedding
142,0.6931471805599453,0.70047486,train,p30,dataset_2,embedding
1263,0.6931471805599453,0.7300997,train,p30,dataset_2,embedding
170,0.6931471805599453,0.75379944,train,p30,dataset_2,embedding
456,0.6931471805599453,0.7693325,train,p30,dataset_2,embedding
1125,1.0986122886681098,0.95008135,train,p30,dataset_2,embedding
902,0.6931471805599453,0.7163824,train,p30,dataset_2,embedding
1358,1.3862943611198906,1.3513448,train,p30,dataset_2,embedding
1361,0.6931471805599453,0.6987195,train,p30,dataset_2,embedding
241,1.6094379124341005,1.863011,train,p30,dataset_2,embedding
587,0.6931471805599453,0.7234347,train,p30,dataset_2,embedding
1254,0.6931471805599453,0.71543586,train,p30,dataset_2,embedding
379,1.0986122886681098,0.7932941,train,p30,dataset_2,embedding
1219,0.6931471805599453,0.7167436,train,p30,dataset_2,embedding
138,0.6931471805599453,0.7012023,train,p30,dataset_2,embedding
1393,0.6931471805599453,0.71318626,train,p30,dataset_2,embedding
182,0.6931471805599453,0.71696603,train,p30,dataset_2,embedding
839,0.6931471805599453,0.74595046,train,p30,dataset_2,embedding
1106,0.6931471805599453,0.75785184,train,p30,dataset_2,embedding
150,0.6931471805599453,0.700529,train,p30,dataset_2,embedding
1216,0.6931471805599453,0.7641883,train,p30,dataset_2,embedding
1031,0.6931471805599453,0.70070016,train,p30,dataset_2,embedding
1273,0.6931471805599453,0.67027545,train,p30,dataset_2,embedding
1001,0.6931471805599453,0.8134792,train,p30,dataset_2,embedding
942,0.6931471805599453,0.7025181,train,p30,dataset_2,embedding
721,1.9459101490553132,1.9024454,train,p30,dataset_2,embedding
1408,0.6931471805599453,0.6738899,train,p30,dataset_2,embedding
10,0.6931471805599453,0.78165305,train,p30,dataset_2,embedding
950,0.6931471805599453,0.74239194,train,p30,dataset_2,embedding
504,0.6931471805599453,0.7217257,train,p30,dataset_2,embedding
651,0.6931471805599453,0.8197135,train,p30,dataset_2,embedding
18,1.0986122886681098,0.8963859,train,p30,dataset_2,embedding
1147,0.6931471805599453,0.7709998,train,p30,dataset_2,embedding
985,0.6931471805599453,0.8162409,train,p30,dataset_2,embedding
265,0.6931471805599453,0.70151865,train,p30,dataset_2,embedding
710,0.6931471805599453,0.65392804,train,p30,dataset_2,embedding
177,0.6931471805599453,0.72155106,train,p30,dataset_2,embedding
136,0.6931471805599453,0.7705244,train,p30,dataset_2,embedding
259,0.6931471805599453,0.71685624,train,p30,dataset_2,embedding
747,0.6931471805599453,0.71660256,train,p30,dataset_2,embedding
1121,0.6931471805599453,0.8543149,train,p30,dataset_2,embedding
1377,1.3862943611198906,1.5187097,train,p30,dataset_2,embedding
12,0.6931471805599453,0.82805514,train,p30,dataset_2,embedding
166,0.6931471805599453,0.7235235,train,p30,dataset_2,embedding
1194,0.6931471805599453,0.72515166,train,p30,dataset_2,embedding
861,0.6931471805599453,0.8693316,train,p30,dataset_2,embedding
538,0.6931471805599453,1.1088092,train,p30,dataset_2,embedding
52,0.6931471805599453,0.70106864,train,p30,dataset_2,embedding
404,1.3862943611198906,1.5218761,train,p30,dataset_2,embedding
252,0.6931471805599453,0.71947956,train,p30,dataset_2,embedding
1253,0.6931471805599453,0.7249681,train,p30,dataset_2,embedding
649,0.6931471805599453,0.7928153,train,p30,dataset_2,embedding
717,2.995732273553991,2.3646011,train,p30,dataset_2,embedding
1080,0.6931471805599453,0.6799197,train,p30,dataset_2,embedding
254,0.6931471805599453,0.6715363,train,p30,dataset_2,embedding
224,3.218875824868201,2.1335282,train,p30,dataset_2,embedding
202,0.6931471805599453,0.64235723,train,p30,dataset_2,embedding
294,0.6931471805599453,0.7538464,train,p30,dataset_2,embedding
471,0.6931471805599453,0.67999196,train,p30,dataset_2,embedding
1233,0.6931471805599453,0.7221972,train,p30,dataset_2,embedding
230,0.6931471805599453,0.7156081,train,p30,dataset_2,embedding
570,0.6931471805599453,0.7011502,train,p30,dataset_2,embedding
222,0.6931471805599453,0.7407261,train,p30,dataset_2,embedding
869,0.6931471805599453,0.7045437,train,p30,dataset_2,embedding
946,0.6931471805599453,0.7769097,train,p30,dataset_2,embedding
1038,0.6931471805599453,0.7219579,train,p30,dataset_2,embedding
806,0.6931471805599453,0.76654804,train,p30,dataset_2,embedding
36,0.6931471805599453,0.7830572,train,p30,dataset_2,embedding
901,0.6931471805599453,0.70791554,train,p30,dataset_2,embedding
840,0.6931471805599453,0.7029159,train,p30,dataset_2,embedding
675,0.6931471805599453,0.8115419,train,p30,dataset_2,embedding
1336,0.6931471805599453,0.72528946,train,p30,dataset_2,embedding
333,0.6931471805599453,0.74115646,train,p30,dataset_2,embedding
910,0.6931471805599453,0.7249781,train,p30,dataset_2,embedding
452,0.6931471805599453,0.7106029,train,p30,dataset_2,embedding
475,0.6931471805599453,0.6254966,train,p30,dataset_2,embedding
914,0.6931471805599453,0.71499884,train,p30,dataset_2,embedding
347,0.6931471805599453,0.73242664,train,p30,dataset_2,embedding
1008,0.6931471805599453,0.6417587,train,p30,dataset_2,embedding
346,0.6931471805599453,0.7529535,train,p30,dataset_2,embedding
1432,0.6931471805599453,0.7155088,train,p30,dataset_2,embedding
1350,0.6931471805599453,0.6793152,train,p30,dataset_2,embedding
1443,0.6931471805599453,0.7153642,train,p30,dataset_2,embedding
1338,0.6931471805599453,0.7485924,train,p30,dataset_2,embedding
175,0.6931471805599453,0.7199743,train,p30,dataset_2,embedding
1299,0.6931471805599453,0.6803397,train,p30,dataset_2,embedding
989,0.6931471805599453,0.6825757,train,p30,dataset_2,embedding
360,0.6931471805599453,0.7642671,train,p30,dataset_2,embedding
331,0.6931471805599453,0.624786,train,p30,dataset_2,embedding
862,0.6931471805599453,0.74186444,train,p30,dataset_2,embedding
518,0.6931471805599453,0.7127985,train,p30,dataset_2,embedding
1060,0.6931471805599453,0.71994877,train,p30,dataset_2,embedding
196,0.6931471805599453,0.70254767,train,p30,dataset_2,embedding
168,0.6931471805599453,0.70111835,train,p30,dataset_2,embedding
1014,0.6931471805599453,0.7509749,train,p30,dataset_2,embedding
637,1.791759469228055,1.4572269,train,p30,dataset_2,embedding
1286,0.6931471805599453,0.7009853,train,p30,dataset_2,embedding
483,0.6931471805599453,0.75343645,train,p30,dataset_2,embedding
831,0.6931471805599453,0.70985925,train,p30,dataset_2,embedding
1188,0.6931471805599453,0.7736989,train,p30,dataset_2,embedding
986,0.6931471805599453,0.6585754,train,p30,dataset_2,embedding
626,3.5263605246161616,3.4719925,train,p30,dataset_2,embedding
226,0.6931471805599453,0.7633748,train,p30,dataset_2,embedding
733,0.6931471805599453,0.9663509,train,p30,dataset_2,embedding
529,0.6931471805599453,0.96321046,train,p30,dataset_2,embedding
533,0.6931471805599453,0.7621604,train,p30,dataset_2,embedding
667,0.6931471805599453,0.72208977,train,p30,dataset_2,embedding
441,0.6931471805599453,0.7554097,train,p30,dataset_2,embedding
783,0.6931471805599453,0.8077496,train,p30,dataset_2,embedding
871,0.6931471805599453,0.68406487,train,p30,dataset_2,embedding
1197,0.6931471805599453,0.8100145,train,p30,dataset_2,embedding
917,0.6931471805599453,0.7244867,train,p30,dataset_2,embedding
455,0.6931471805599453,0.72000384,train,p30,dataset_2,embedding
47,0.6931471805599453,0.74183345,train,p30,dataset_2,embedding
933,0.6931471805599453,0.7727618,train,p30,dataset_2,embedding
885,0.6931471805599453,0.93090725,train,p30,dataset_2,embedding
597,0.6931471805599453,0.9034276,train,p30,dataset_2,embedding
1199,0.6931471805599453,0.6740662,train,p30,dataset_2,embedding
694,1.3862943611198906,1.4470153,train,p30,dataset_2,embedding
920,0.6931471805599453,0.68124855,train,p30,dataset_2,embedding
918,0.6931471805599453,0.72550106,train,p30,dataset_2,embedding
1284,0.6931471805599453,0.7164322,train,p30,dataset_2,embedding
1285,0.6931471805599453,0.8684664,train,p30,dataset_2,embedding
96,0.6931471805599453,0.71100056,train,p30,dataset_2,embedding
376,0.6931471805599453,0.68933284,train,p30,dataset_2,embedding
1406,0.6931471805599453,0.8014008,train,p30,dataset_2,embedding
773,0.6931471805599453,0.7698271,train,p30,dataset_2,embedding
1438,0.6931471805599453,0.6770463,train,p30,dataset_2,embedding
397,3.091042453358316,2.400434,train,p30,dataset_2,embedding
886,0.6931471805599453,0.7044437,train,p30,dataset_2,embedding
499,0.6931471805599453,0.68020594,train,p30,dataset_2,embedding
922,0.6931471805599453,0.7036507,train,p30,dataset_2,embedding
678,0.6931471805599453,0.71886075,train,p30,dataset_2,embedding
604,0.6931471805599453,0.7331337,train,p30,dataset_2,embedding
515,0.6931471805599453,0.70323527,train,p30,dataset_2,embedding
719,1.9459101490553132,1.2665095,train,p30,dataset_2,embedding
566,0.6931471805599453,0.6862992,train,p30,dataset_2,embedding
236,0.6931471805599453,0.7126546,train,p30,dataset_2,embedding
809,0.6931471805599453,0.75954306,train,p30,dataset_2,embedding
229,0.6931471805599453,0.7098174,train,p30,dataset_2,embedding
569,0.6931471805599453,0.6833236,train,p30,dataset_2,embedding
323,0.6931471805599453,0.73647463,train,p30,dataset_2,embedding
235,2.1972245773362196,1.8155729,train,p30,dataset_2,embedding
734,0.6931471805599453,0.84218204,train,p30,dataset_2,embedding
974,0.6931471805599453,0.6808233,train,p30,dataset_2,embedding
442,0.6931471805599453,0.76203954,train,p30,dataset_2,embedding
628,4.143134726391533,3.4446888,train,p30,dataset_2,embedding
629,3.295836866004329,3.1412592,train,p30,dataset_2,embedding
744,0.6931471805599453,0.8041707,train,p30,dataset_2,embedding
1279,0.6931471805599453,0.68479013,train,p30,dataset_2,embedding
1250,0.6931471805599453,0.7144718,train,p30,dataset_2,embedding
897,0.6931471805599453,0.70917094,train,p30,dataset_2,embedding
1152,0.6931471805599453,0.6828885,train,p30,dataset_2,embedding
353,0.6931471805599453,0.7119651,train,p30,dataset_2,embedding
575,0.6931471805599453,0.8029506,train,p30,dataset_2,embedding
1243,0.6931471805599453,0.6695671,train,p30,dataset_2,embedding
1417,0.6931471805599453,0.71378386,train,p30,dataset_2,embedding
1355,2.1972245773362196,1.9312102,train,p30,dataset_2,embedding
1018,0.6931471805599453,0.6697116,train,p30,dataset_2,embedding
425,0.6931471805599453,0.7950816,train,p30,dataset_2,embedding
145,0.6931471805599453,0.70559764,train,p30,dataset_2,embedding
1293,0.6931471805599453,0.70957494,train,p30,dataset_2,embedding
564,0.6931471805599453,0.67233896,train,p30,dataset_2,embedding
56,0.6931471805599453,0.72082233,train,p30,dataset_2,embedding
1435,0.6931471805599453,0.9253676,train,p30,dataset_2,embedding
1047,0.6931471805599453,0.7591522,train,p30,dataset_2,embedding
119,0.6931471805599453,0.7200122,train,p30,dataset_2,embedding
812,0.6931471805599453,0.71703756,train,p30,dataset_2,embedding
1011,0.6931471805599453,0.72114754,train,p30,dataset_2,embedding
632,2.4849066497880004,2.214694,train,p30,dataset_2,embedding
708,0.6931471805599453,0.75218475,train,p30,dataset_2,embedding
140,0.6931471805599453,0.68011343,train,p30,dataset_2,embedding
889,0.6931471805599453,0.7414166,train,p30,dataset_2,embedding
27,0.6931471805599453,0.8598213,train,p30,dataset_2,embedding
1058,0.6931471805599453,0.715973,train,p30,dataset_2,embedding
1192,0.6931471805599453,0.7332307,train,p30,dataset_2,embedding
59,0.6931471805599453,0.6741352,train,p30,dataset_2,embedding
1167,0.6931471805599453,0.6517482,train,p30,dataset_2,embedding
748,1.0986122886681098,0.96798575,train,p30,dataset_2,embedding
69,0.6931471805599453,0.7098466,train,p30,dataset_2,embedding
1217,0.6931471805599453,0.7065815,train,p30,dataset_2,embedding
674,1.0986122886681098,1.0611176,train,p30,dataset_2,embedding
763,0.6931471805599453,0.7829906,train,p30,dataset_2,embedding
1268,0.6931471805599453,0.7065221,train,p30,dataset_2,embedding
369,0.6931471805599453,0.7267451,train,p30,dataset_2,embedding
555,0.6931471805599453,0.83933413,train,p30,dataset_2,embedding
895,0.6931471805599453,0.8192402,train,p30,dataset_2,embedding
1232,0.6931471805599453,0.6812092,train,p30,dataset_2,embedding
1067,0.6931471805599453,0.67189,train,p30,dataset_2,embedding
653,1.0986122886681098,0.98736763,train,p30,dataset_2,embedding
184,0.6931471805599453,0.7137221,train,p30,dataset_2,embedding
1209,0.6931471805599453,0.73987794,train,p30,dataset_2,embedding
1066,0.6931471805599453,0.6593056,train,p30,dataset_2,embedding
829,0.6931471805599453,0.70637,train,p30,dataset_2,embedding
1045,0.6931471805599453,0.71294403,train,p30,dataset_2,embedding
42,0.6931471805599453,0.72002137,train,p30,dataset_2,embedding
1391,0.6931471805599453,0.8381845,train,p30,dataset_2,embedding
1168,1.6094379124341005,1.8396484,train,p30,dataset_2,embedding
24,0.6931471805599453,0.7004435,train,p30,dataset_2,embedding
500,0.6931471805599453,0.79396164,train,p30,dataset_2,embedding
171,0.6931471805599453,0.72738624,train,p30,dataset_2,embedding
277,0.6931471805599453,0.6705978,train,p30,dataset_2,embedding
621,0.6931471805599453,0.62497747,train,p30,dataset_2,embedding
371,0.6931471805599453,0.69443893,train,p30,dataset_2,embedding
356,0.6931471805599453,0.7479441,train,p30,dataset_2,embedding
878,1.0986122886681098,0.83013153,train,p30,dataset_2,embedding
309,0.6931471805599453,0.8115704,train,p30,dataset_2,embedding
74,0.6931471805599453,0.7198851,train,p30,dataset_2,embedding
1272,0.6931471805599453,0.70617294,train,p30,dataset_2,embedding
1281,0.6931471805599453,0.7524302,train,p30,dataset_2,embedding
81,1.3862943611198906,1.1896948,train,p30,dataset_2,embedding
1113,0.6931471805599453,0.67270434,train,p30,dataset_2,embedding
1078,0.6931471805599453,0.7419864,train,p30,dataset_2,embedding
834,0.6931471805599453,0.70201504,train,p30,dataset_2,embedding
842,0.6931471805599453,0.72249997,train,p30,dataset_2,embedding
159,0.6931471805599453,0.72956383,train,p30,dataset_2,embedding
1012,0.6931471805599453,0.7665951,train,p30,dataset_2,embedding
326,0.6931471805599453,0.7574153,train,p30,dataset_2,embedding
1073,0.6931471805599453,0.62515926,train,p30,dataset_2,embedding
68,0.6931471805599453,0.77731097,train,p30,dataset_2,embedding
420,0.6931471805599453,0.7035855,train,p30,dataset_2,embedding
1387,0.6931471805599453,0.77043235,train,p30,dataset_2,embedding
1311,0.6931471805599453,0.65549314,train,p30,dataset_2,embedding
785,0.6931471805599453,0.72751606,train,p30,dataset_2,embedding
739,0.6931471805599453,0.7009479,train,p30,dataset_2,embedding
179,0.6931471805599453,0.7012348,train,p30,dataset_2,embedding
530,0.6931471805599453,0.6704333,train,p30,dataset_2,embedding
22,0.6931471805599453,0.6904253,train,p30,dataset_2,embedding
836,0.6931471805599453,0.8215909,train,p30,dataset_2,embedding
742,0.6931471805599453,0.7364354,train,p30,dataset_2,embedding
162,0.6931471805599453,0.8037938,train,p30,dataset_2,embedding
1356,0.6931471805599453,0.7163428,train,p30,dataset_2,embedding
1395,0.6931471805599453,0.7009536,train,p30,dataset_2,embedding
655,1.0986122886681098,0.95668995,train,p30,dataset_2,embedding
999,0.6931471805599453,0.71631956,train,p30,dataset_2,embedding
1196,0.6931471805599453,0.7593565,train,p30,dataset_2,embedding
611,0.6931471805599453,0.7549559,train,p30,dataset_2,embedding
757,0.6931471805599453,0.73761,train,p30,dataset_2,embedding
868,0.6931471805599453,0.7557534,train,p30,dataset_2,embedding
1239,0.6931471805599453,0.71088874,train,p30,dataset_2,embedding
1436,0.6931471805599453,0.7219502,train,p30,dataset_2,embedding
1291,0.6931471805599453,0.67114115,train,p30,dataset_2,embedding
527,0.6931471805599453,0.7729676,train,p30,dataset_2,embedding
295,0.6931471805599453,0.8384874,train,p30,dataset_2,embedding
948,0.6931471805599453,0.7017667,train,p30,dataset_2,embedding
643,1.0986122886681098,0.95597446,train,p30,dataset_2,embedding
392,0.6931471805599453,0.95205426,train,p30,dataset_2,embedding
114,0.6931471805599453,0.6712402,train,p30,dataset_2,embedding
819,0.6931471805599453,0.6724608,train,p30,dataset_2,embedding
1203,0.6931471805599453,0.70944846,train,p30,dataset_2,embedding
488,0.6931471805599453,0.7520244,train,p30,dataset_2,embedding
492,0.6931471805599453,0.765223,train,p30,dataset_2,embedding
1070,0.6931471805599453,0.66567266,train,p30,dataset_2,embedding
994,0.6931471805599453,0.74714243,train,p30,dataset_2,embedding
509,0.6931471805599453,0.7383331,train,p30,dataset_2,embedding
1375,0.6931471805599453,0.71947694,train,p30,dataset_2,embedding
482,0.6931471805599453,0.6800207,train,p30,dataset_2,embedding
110,0.6931471805599453,0.6830528,train,p30,dataset_2,embedding
640,1.9459101490553132,1.692617,train,p30,dataset_2,embedding
962,0.6931471805599453,0.71351266,train,p30,dataset_2,embedding
16,0.6931471805599453,0.65686786,train,p30,dataset_2,embedding
1433,0.6931471805599453,0.7150334,train,p30,dataset_2,embedding
251,0.6931471805599453,0.6727109,train,p30,dataset_2,embedding
1278,0.6931471805599453,0.7006446,train,p30,dataset_2,embedding
634,3.7612001156935624,1.6075724,train,p30,dataset_2,embedding
1134,0.6931471805599453,0.7015835,train,p30,dataset_2,embedding
272,0.6931471805599453,0.72985554,train,p30,dataset_2,embedding
927,0.6931471805599453,0.6816808,train,p30,dataset_2,embedding
29,1.0986122886681098,0.97086775,train,p30,dataset_2,embedding
511,0.6931471805599453,0.7036611,train,p30,dataset_2,embedding
610,0.6931471805599453,0.76398444,train,p30,dataset_2,embedding
517,0.6931471805599453,0.72422945,train,p30,dataset_2,embedding
571,0.6931471805599453,0.6758716,train,p30,dataset_2,embedding
1068,0.6931471805599453,0.7203224,train,p30,dataset_2,embedding
1251,0.6931471805599453,0.7431568,train,p30,dataset_2,embedding
345,0.6931471805599453,0.726009,train,p30,dataset_2,embedding
454,0.6931471805599453,0.71959627,train,p30,dataset_2,embedding
17,1.0986122886681098,0.8527236,train,p30,dataset_2,embedding
1238,0.6931471805599453,0.7930374,train,p30,dataset_2,embedding
1261,0.6931471805599453,0.70170105,train,p30,dataset_2,embedding
1231,0.6931471805599453,0.91388416,train,p30,dataset_2,embedding
318,0.6931471805599453,0.7712631,train,p30,dataset_2,embedding
187,0.6931471805599453,0.77316844,train,p30,dataset_2,embedding
1128,0.6931471805599453,0.92770183,train,p30,dataset_2,embedding
1201,0.6931471805599453,0.7103429,train,p30,dataset_2,embedding
716,2.6390573296152584,2.5561757,train,p30,dataset_2,embedding
1240,0.6931471805599453,0.6736343,train,p30,dataset_2,embedding
322,0.6931471805599453,0.70065415,train,p30,dataset_2,embedding
153,0.6931471805599453,0.62458646,train,p30,dataset_2,embedding
588,1.0986122886681098,0.8483046,train,p30,dataset_2,embedding
127,0.6931471805599453,0.7188196,train,p30,dataset_2,embedding
700,0.6931471805599453,0.71681607,train,p30,dataset_2,embedding
661,0.6931471805599453,0.76864874,train,p30,dataset_2,embedding
1005,0.6931471805599453,0.7013967,train,p30,dataset_2,embedding
586,0.6931471805599453,0.67967796,train,p30,dataset_2,embedding
969,0.6931471805599453,0.6714059,train,p30,dataset_2,embedding
865,0.6931471805599453,0.6822723,train,p30,dataset_2,embedding
1222,0.6931471805599453,0.7455088,train,p30,dataset_2,embedding
285,1.6094379124341005,1.7165804,train,p30,dataset_2,embedding
1309,0.6931471805599453,0.72919047,train,p30,dataset_2,embedding
980,0.6931471805599453,0.73556685,train,p30,dataset_2,embedding
1034,0.6931471805599453,0.71830297,train,p30,dataset_2,embedding
351,0.6931471805599453,0.7119558,train,p30,dataset_2,embedding
1132,0.6931471805599453,0.64427316,train,p30,dataset_2,embedding
1009,0.6931471805599453,0.7011379,train,p30,dataset_2,embedding
1090,2.3978952727983707,1.5136956,train,p30,dataset_2,embedding
429,0.6931471805599453,0.70942116,train,p30,dataset_2,embedding
1129,1.0986122886681098,0.9514383,train,p30,dataset_2,embedding
176,0.6931471805599453,0.67500913,train,p30,dataset_2,embedding
288,0.6931471805599453,0.695552,train,p30,dataset_2,embedding
781,0.6931471805599453,0.7350452,train,p30,dataset_2,embedding
1381,0.6931471805599453,0.84145856,train,p30,dataset_2,embedding
476,0.6931471805599453,0.66983414,train,p30,dataset_2,embedding
877,0.6931471805599453,0.72088814,train,p30,dataset_2,embedding
959,0.6931471805599453,0.65369153,train,p30,dataset_2,embedding
1318,0.6931471805599453,0.7156602,train,p30,dataset_2,embedding
465,0.6931471805599453,0.7242243,train,p30,dataset_2,embedding
341,0.6931471805599453,0.6957476,train,p30,dataset_2,embedding
1441,0.6931471805599453,0.69848907,train,p30,dataset_2,embedding
1305,0.6931471805599453,0.7141758,train,p30,dataset_2,embedding
1267,0.6931471805599453,0.79376006,train,p30,dataset_2,embedding
596,1.9459101490553132,1.3143902,train,p30,dataset_2,embedding
630,3.044522437723423,2.9578815,train,p30,dataset_2,embedding
1095,0.6931471805599453,0.7230402,train,p30,dataset_2,embedding
645,1.3862943611198906,1.3704251,train,p30,dataset_2,embedding
264,0.6931471805599453,0.71915996,train,p30,dataset_2,embedding
934,0.6931471805599453,0.65388334,train,p30,dataset_2,embedding
468,0.6931471805599453,0.7329372,train,p30,dataset_2,embedding
846,0.6931471805599453,0.65304434,train,p30,dataset_2,embedding
695,0.6931471805599453,0.66987896,train,p30,dataset_2,embedding
329,0.6931471805599453,0.6696054,train,p30,dataset_2,embedding
116,0.6931471805599453,0.7156658,train,p30,dataset_2,embedding
317,0.6931471805599453,0.67884207,train,p30,dataset_2,embedding
963,0.6931471805599453,0.7014444,train,p30,dataset_2,embedding
1053,0.6931471805599453,0.6965132,train,p30,dataset_2,embedding
617,0.6931471805599453,0.6595092,train,p30,dataset_2,embedding
926,0.6931471805599453,0.7898556,train,p30,dataset_2,embedding
1184,1.0986122886681098,0.8186109,train,p30,dataset_2,embedding
872,0.6931471805599453,0.72262,train,p30,dataset_2,embedding
535,0.6931471805599453,0.71754897,train,p30,dataset_2,embedding
1365,0.6931471805599453,0.7188455,train,p30,dataset_2,embedding
592,0.6931471805599453,0.80256903,train,p30,dataset_2,embedding
1403,0.6931471805599453,0.6705743,train,p30,dataset_2,embedding
641,1.791759469228055,1.0841858,train,p30,dataset_2,embedding
70,0.6931471805599453,0.64814913,train,p30,dataset_2,embedding
266,0.6931471805599453,0.7003869,train,p30,dataset_2,embedding
388,0.6931471805599453,0.6558939,train,p30,dataset_2,embedding
261,0.6931471805599453,0.65085053,train,p30,dataset_2,embedding
33,0.6931471805599453,0.7968632,train,p30,dataset_2,embedding
393,1.0986122886681098,0.93319345,train,p30,dataset_2,embedding
273,0.6931471805599453,0.67067575,train,p30,dataset_2,embedding
469,0.6931471805599453,0.8164213,train,p30,dataset_2,embedding
1111,0.6931471805599453,0.6808628,train,p30,dataset_2,embedding
1040,0.6931471805599453,0.6807736,train,p30,dataset_2,embedding
1292,0.6931471805599453,0.7231637,train,p30,dataset_2,embedding
656,0.6931471805599453,0.7534596,train,p30,dataset_2,embedding
174,0.6931471805599453,0.65024686,train,p30,dataset_2,embedding
79,0.6931471805599453,0.71361995,train,p30,dataset_2,embedding
1313,0.6931471805599453,0.72225296,train,p30,dataset_2,embedding
290,0.6931471805599453,0.71031594,train,p30,dataset_2,embedding
676,0.6931471805599453,0.7040725,train,p30,dataset_2,embedding
581,0.6931471805599453,0.71492517,train,p30,dataset_2,embedding
1002,0.6931471805599453,0.7017003,train,p30,dataset_2,embedding
440,0.6931471805599453,0.6720444,train,p30,dataset_2,embedding
436,0.6931471805599453,0.7936003,train,p30,dataset_2,embedding
271,0.6931471805599453,0.66643286,train,p30,dataset_2,embedding
912,0.6931471805599453,0.73802364,train,p30,dataset_2,embedding
720,1.791759469228055,1.8398015,train,p30,dataset_2,embedding
1303,0.6931471805599453,0.72234607,train,p30,dataset_2,embedding
625,2.3978952727983707,2.4663448,train,p30,dataset_2,embedding
1000,0.6931471805599453,0.65971005,train,p30,dataset_2,embedding
689,0.6931471805599453,0.8332112,train,p30,dataset_2,embedding
411,0.6931471805599453,0.87189317,train,p30,dataset_2,embedding
1071,0.6931471805599453,0.70234966,train,p30,dataset_2,embedding
270,0.6931471805599453,0.7120956,train,p30,dataset_2,embedding
1190,0.6931471805599453,0.73662865,train,p30,dataset_2,embedding
954,0.6931471805599453,0.7778828,train,p30,dataset_2,embedding
993,0.6931471805599453,0.6688522,train,p30,dataset_2,embedding
1426,0.6931471805599453,0.7105627,train,p30,dataset_2,embedding
1021,0.6931471805599453,0.67802465,train,p30,dataset_2,embedding
103,0.6931471805599453,0.70035195,train,p30,dataset_2,embedding
1415,0.6931471805599453,0.72899806,train,p30,dataset_2,embedding
982,1.0986122886681098,0.7194958,train,p30,dataset_2,embedding
25,0.6931471805599453,0.8707005,train,p30,dataset_2,embedding
340,1.0986122886681098,0.98877513,train,p30,dataset_2,embedding
724,1.3862943611198906,1.6644922,train,p30,dataset_2,embedding
916,0.6931471805599453,0.7092602,train,p30,dataset_2,embedding
1329,0.6931471805599453,0.7274425,train,p30,dataset_2,embedding
1367,0.6931471805599453,0.7745482,train,p30,dataset_2,embedding
1171,1.0986122886681098,1.2293813,train,p30,dataset_2,embedding
810,0.6931471805599453,0.6862893,train,p30,dataset_2,embedding
1225,0.6931471805599453,0.72819185,train,p30,dataset_2,embedding
961,0.6931471805599453,0.6706519,train,p30,dataset_2,embedding
1118,0.6931471805599453,0.6784842,train,p30,dataset_2,embedding
727,0.6931471805599453,0.9462172,train,p30,dataset_2,embedding
1079,0.6931471805599453,0.7002561,train,p30,dataset_2,embedding
479,0.6931471805599453,0.8278152,train,p30,dataset_2,embedding
741,1.3862943611198906,0.99670434,train,p30,dataset_2,embedding
120,0.6931471805599453,0.68419504,train,p30,dataset_2,embedding
1153,0.6931471805599453,0.71998334,train,p30,dataset_2,embedding
522,0.6931471805599453,0.72938395,train,p30,dataset_2,embedding
1398,0.6931471805599453,0.6949656,train,p30,dataset_2,embedding
1028,0.6931471805599453,0.71597564,train,p30,dataset_2,embedding
284,2.0794415416798357,1.5688996,train,p30,dataset_2,embedding
1397,0.6931471805599453,0.71158934,train,p30,dataset_2,embedding
1104,0.6931471805599453,0.7198323,train,p30,dataset_2,embedding
147,0.6931471805599453,0.7219945,train,p30,dataset_2,embedding
372,0.6931471805599453,0.70283675,train,p30,dataset_2,embedding
478,0.6931471805599453,0.8234881,train,p30,dataset_2,embedding
82,1.0986122886681098,0.8994504,train,p30,dataset_2,embedding
1046,0.6931471805599453,0.7436335,train,p30,dataset_2,embedding
472,0.6931471805599453,0.72192955,train,p30,dataset_2,embedding
453,0.6931471805599453,0.7465215,train,p30,dataset_2,embedding
481,0.6931471805599453,0.76644623,train,p30,dataset_2,embedding
896,0.6931471805599453,0.70503294,train,p30,dataset_2,embedding
616,0.6931471805599453,0.70082366,train,p30,dataset_2,embedding
1282,0.6931471805599453,0.7190714,train,p30,dataset_2,embedding
1440,0.6931471805599453,0.7501559,train,p30,dataset_2,embedding
953,0.6931471805599453,0.7301128,train,p30,dataset_2,embedding
1101,0.6931471805599453,0.76569355,train,p30,dataset_2,embedding
305,0.6931471805599453,0.7098198,train,p30,dataset_2,embedding
970,0.6931471805599453,0.70184445,train,p30,dataset_2,embedding
38,0.6931471805599453,0.708915,train,p30,dataset_2,embedding
562,0.6931471805599453,0.66683936,train,p30,dataset_2,embedding
995,0.6931471805599453,0.6780002,train,p30,dataset_2,embedding
589,0.6931471805599453,0.8131665,train,p30,dataset_2,embedding
652,1.0986122886681098,1.0380244,train,p30,dataset_2,embedding
707,0.6931471805599453,0.65516794,train,p30,dataset_2,embedding
906,0.6931471805599453,0.7258289,train,p30,dataset_2,embedding
71,0.6931471805599453,0.76817787,train,p30,dataset_2,embedding
451,0.6931471805599453,0.736269,train,p30,dataset_2,embedding
157,0.6931471805599453,0.720734,train,p30,dataset_2,embedding
658,1.0986122886681098,0.9256141,train,p30,dataset_2,embedding
1052,0.6931471805599453,0.672995,train,p30,dataset_2,embedding
470,0.6931471805599453,0.7279365,train,p30,dataset_2,embedding
320,0.6931471805599453,0.7415191,train,p30,dataset_2,embedding
1006,0.6931471805599453,0.72130454,train,p30,dataset_2,embedding
1004,0.6931471805599453,0.74349,train,p30,dataset_2,embedding
1166,3.044522437723423,3.7576294,train,p30,dataset_2,embedding
1315,0.6931471805599453,0.7410492,train,p30,dataset_2,embedding
607,0.6931471805599453,0.706349,train,p30,dataset_2,embedding
1347,0.6931471805599453,0.86735713,train,p30,dataset_2,embedding
384,0.6931471805599453,0.67039454,train,p30,dataset_2,embedding
58,0.6931471805599453,0.6817341,train,p30,dataset_2,embedding
991,0.6931471805599453,0.7037312,train,p30,dataset_2,embedding
1075,0.6931471805599453,0.6696937,train,p30,dataset_2,embedding
366,0.6931471805599453,0.70106435,train,p30,dataset_2,embedding
579,0.6931471805599453,0.6831435,train,p30,dataset_2,embedding
1221,0.6931471805599453,0.96931446,train,p30,dataset_2,embedding
751,1.0986122886681098,0.9348016,train,p30,dataset_2,embedding
60,0.6931471805599453,0.6697099,train,p30,dataset_2,embedding
503,0.6931471805599453,0.6697017,train,p30,dataset_2,embedding
593,0.6931471805599453,0.8340361,train,p30,dataset_2,embedding
95,0.6931471805599453,0.6907431,train,p30,dataset_2,embedding
381,0.6931471805599453,0.70038533,train,p30,dataset_2,embedding
462,0.6931471805599453,0.68066645,train,p30,dataset_2,embedding
1144,0.6931471805599453,0.72280717,train,p30,dataset_2,embedding
935,0.6931471805599453,0.6834314,train,p30,dataset_2,embedding
113,0.6931471805599453,0.81467915,train,p30,dataset_2,embedding
214,1.3862943611198906,0.9507283,train,p30,dataset_2,embedding
44,0.6931471805599453,0.7015103,train,p30,dataset_2,embedding
87,0.6931471805599453,0.66115487,train,p30,dataset_2,embedding
152,0.6931471805599453,0.81676805,train,p30,dataset_2,embedding
882,0.6931471805599453,0.73136544,train,p30,dataset_2,embedding
93,0.6931471805599453,0.71585107,train,p30,dataset_2,embedding
1157,0.6931471805599453,0.68093884,train,p30,dataset_2,embedding
118,0.6931471805599453,0.71431446,train,p30,dataset_2,embedding
1015,0.6931471805599453,0.7163013,train,p30,dataset_2,embedding
1210,0.6931471805599453,0.7113105,train,p30,dataset_2,embedding
1025,0.6931471805599453,0.89346004,train,p30,dataset_2,embedding
85,1.0986122886681098,0.95293474,train,p30,dataset_2,embedding
627,2.5649493574615367,1.112388,train,p30,dataset_2,embedding
1039,0.6931471805599453,0.6698562,train,p30,dataset_2,embedding
1424,0.6931471805599453,0.7237946,train,p30,dataset_2,embedding
623,2.0794415416798357,1.5592283,train,p30,dataset_2,embedding
53,0.6931471805599453,0.70252085,train,p30,dataset_2,embedding
1404,0.6931471805599453,0.71527123,train,p30,dataset_2,embedding
732,1.0986122886681098,0.8873663,train,p30,dataset_2,embedding
1439,0.6931471805599453,0.7259908,train,p30,dataset_2,embedding
121,0.6931471805599453,0.7065451,train,p30,dataset_2,embedding
931,0.6931471805599453,0.6838217,train,p30,dataset_2,embedding
639,1.9459101490553132,1.691542,train,p30,dataset_2,embedding
540,0.6931471805599453,0.7003875,train,p30,dataset_2,embedding
930,0.6931471805599453,0.7114903,train,p30,dataset_2,embedding
760,0.6931471805599453,0.71425176,train,p30,dataset_2,embedding
407,0.6931471805599453,0.8254986,train,p30,dataset_2,embedding
859,0.6931471805599453,0.6759325,train,p30,dataset_2,embedding
496,0.6931471805599453,0.8156208,train,p30,dataset_2,embedding
208,3.332204510175204,3.0790372,train,p30,dataset_2,embedding
286,0.6931471805599453,0.7466556,train,p30,dataset_2,embedding
410,2.0794415416798357,1.2923597,train,p30,dataset_2,embedding
325,0.6931471805599453,0.8261883,train,p30,dataset_2,embedding
99,0.6931471805599453,0.72079873,train,p30,dataset_2,embedding
460,0.6931471805599453,0.7294378,train,p30,dataset_2,embedding
143,0.6931471805599453,0.6967071,train,p30,dataset_2,embedding
826,0.6931471805599453,0.72165036,train,p30,dataset_2,embedding
614,0.6931471805599453,0.7170316,train,p30,dataset_2,embedding
1120,0.6931471805599453,0.8748627,train,p30,dataset_2,embedding
89,0.6931471805599453,0.81135535,train,p30,dataset_2,embedding
484,0.6931471805599453,0.7168163,train,p30,dataset_2,embedding
759,0.6931471805599453,0.65669954,train,p30,dataset_2,embedding
1155,0.6931471805599453,0.6802583,train,p30,dataset_2,embedding
403,3.737669618283368,3.3934815,train,p30,dataset_2,embedding
1149,0.6931471805599453,0.82352424,train,p30,dataset_2,embedding
1317,0.6931471805599453,0.7166225,train,p30,dataset_2,embedding
1150,0.6931471805599453,0.6730932,train,p30,dataset_2,embedding
378,0.6931471805599453,0.6854783,train,p30,dataset_2,embedding
298,0.6931471805599453,0.6884632,train,p30,dataset_2,embedding
1145,0.6931471805599453,0.8597572,train,p30,dataset_2,embedding
131,0.6931471805599453,0.7203728,train,p30,dataset_2,embedding
1384,0.6931471805599453,0.90710115,train,p30,dataset_2,embedding
31,0.6931471805599453,1.1546286,train,p30,dataset_2,embedding
821,0.6931471805599453,0.7776233,train,p30,dataset_2,embedding
814,0.6931471805599453,0.721702,train,p30,dataset_2,embedding
352,0.6931471805599453,0.7416619,train,p30,dataset_2,embedding
532,0.6931471805599453,0.6516323,train,p30,dataset_2,embedding
303,0.6931471805599453,0.749393,train,p30,dataset_2,embedding
594,0.6931471805599453,0.741065,train,p30,dataset_2,embedding
1389,0.6931471805599453,0.71434534,train,p30,dataset_2,embedding
1346,0.6931471805599453,0.71064866,train,p30,dataset_2,embedding
1156,0.6931471805599453,0.7016332,train,p30,dataset_2,embedding
1437,0.6931471805599453,0.7148125,train,p30,dataset_2,embedding
91,0.6931471805599453,0.8945173,train,p30,dataset_2,embedding
1094,0.6931471805599453,0.6710032,train,p30,dataset_2,embedding
804,0.6931471805599453,0.72609437,train,p30,dataset_2,embedding
173,0.6931471805599453,0.79773664,train,p30,dataset_2,embedding
389,0.6931471805599453,0.73248565,train,p30,dataset_2,embedding
61,0.6931471805599453,0.7009876,train,p30,dataset_2,embedding
274,0.6931471805599453,0.72713554,train,p30,dataset_2,embedding
108,0.6931471805599453,0.67102873,train,p30,dataset_2,embedding
1110,0.6931471805599453,0.70379627,train,p30,dataset_2,embedding
32,0.6931471805599453,1.0067431,train,p30,dataset_2,embedding
151,0.6931471805599453,0.67098,train,p30,dataset_2,embedding
898,0.6931471805599453,0.6484437,train,p30,dataset_2,embedding
332,0.6931471805599453,0.72421646,train,p30,dataset_2,embedding
756,0.6931471805599453,0.82468915,train,p30,dataset_2,embedding
1414,0.6931471805599453,0.8252176,train,p30,dataset_2,embedding
297,0.6931471805599453,0.7466148,train,p30,dataset_2,embedding
188,0.6931471805599453,0.7463461,train,p30,dataset_2,embedding
670,0.6931471805599453,0.77941704,train,p30,dataset_2,embedding
1030,0.6931471805599453,0.7015476,train,p30,dataset_2,embedding
691,1.0986122886681098,1.1894306,train,p30,dataset_2,embedding
880,0.6931471805599453,0.67041576,train,p30,dataset_2,embedding
1179,0.6931471805599453,0.79294884,train,p30,dataset_2,embedding
348,0.6931471805599453,0.7197676,train,p30,dataset_2,embedding
563,0.6931471805599453,0.7800306,train,p30,dataset_2,embedding
104,0.6931471805599453,0.724056,train,p30,dataset_2,embedding
485,0.6931471805599453,0.7142863,train,p30,dataset_2,embedding
1306,0.6931471805599453,0.85969293,train,p30,dataset_2,embedding
1226,0.6931471805599453,0.68977904,train,p30,dataset_2,embedding
723,0.6931471805599453,0.7326069,train,p30,dataset_2,embedding
508,0.6931471805599453,0.70258224,train,p30,dataset_2,embedding
1392,0.6931471805599453,0.70231855,train,p30,dataset_2,embedding
304,0.6931471805599453,0.76905525,train,p30,dataset_2,embedding
370,0.6931471805599453,0.75009155,train,p30,dataset_2,embedding
367,0.6931471805599453,0.7238672,train,p30,dataset_2,embedding
692,0.6931471805599453,0.7626587,train,p30,dataset_2,embedding
161,0.6931471805599453,0.7201716,train,p30,dataset_2,embedding
642,1.0986122886681098,1.0378733,train,p30,dataset_2,embedding
239,0.6931471805599453,0.8937862,train,p30,dataset_2,embedding
1295,0.6931471805599453,0.72332144,train,p30,dataset_2,embedding
260,0.6931471805599453,0.7690896,train,p30,dataset_2,embedding
782,0.6931471805599453,0.6818106,train,p30,dataset_2,embedding
405,1.0986122886681098,1.1053479,train,p30,dataset_2,embedding
1016,0.6931471805599453,0.71635735,train,p30,dataset_2,embedding
546,0.6931471805599453,0.6830418,train,p30,dataset_2,embedding
1133,0.6931471805599453,0.8776325,train,p30,dataset_2,embedding
957,0.6931471805599453,0.7163142,train,p30,dataset_2,embedding
1022,0.6931471805599453,0.8139404,train,p30,dataset_2,embedding
981,0.6931471805599453,0.68039095,train,p30,dataset_2,embedding
111,0.6931471805599453,0.83803666,train,p30,dataset_2,embedding
362,0.6931471805599453,0.6552056,train,p30,dataset_2,embedding
758,0.6931471805599453,0.7611022,train,p30,dataset_2,embedding
1255,0.6931471805599453,0.75657773,train,p30,dataset_2,embedding
385,0.6931471805599453,0.7202176,train,p30,dataset_2,embedding
850,0.6931471805599453,0.7070974,train,p30,dataset_2,embedding
220,0.6931471805599453,0.79600084,train,p30,dataset_2,embedding
1420,0.6931471805599453,0.70009804,train,p30,dataset_2,embedding
1413,0.6931471805599453,0.69970345,train,p30,dataset_2,embedding
1290,0.6931471805599453,0.67131305,train,p30,dataset_2,embedding
996,0.6931471805599453,0.7861774,train,p30,dataset_2,embedding
148,0.6931471805599453,0.70045877,train,p30,dataset_2,embedding
561,0.6931471805599453,0.74641204,train,p30,dataset_2,embedding
312,0.6931471805599453,0.73489714,train,p30,dataset_2,embedding
1431,0.6931471805599453,0.67054355,train,p30,dataset_2,embedding
528,0.6931471805599453,0.6865089,train,p30,dataset_2,embedding
1348,0.6931471805599453,0.7721064,train,p30,dataset_2,embedding
572,0.6931471805599453,0.71069896,train,p30,dataset_2,embedding
1161,2.0794415416798357,1.3178796,train,p30,dataset_2,embedding
823,0.6931471805599453,0.6869,train,p30,dataset_2,embedding
1288,0.6931471805599453,0.6719028,train,p30,dataset_2,embedding
1162,0.6931471805599453,0.727306,train,p30,dataset_2,embedding
364,0.6931471805599453,0.7436173,train,p30,dataset_2,embedding
1241,0.6931471805599453,0.681296,train,p30,dataset_2,embedding
1093,0.6931471805599453,0.70025635,train,p30,dataset_2,embedding
1007,0.6931471805599453,0.7243452,train,p30,dataset_2,embedding
711,0.6931471805599453,0.735474,train,p30,dataset_2,embedding
1316,0.6931471805599453,0.65866697,train,p30,dataset_2,embedding
310,0.6931471805599453,0.7007048,train,p30,dataset_2,embedding
512,0.6931471805599453,0.67089367,train,p30,dataset_2,embedding
1442,0.6931471805599453,0.70772886,train,p30,dataset_2,embedding
324,0.6931471805599453,0.7057276,train,p30,dataset_2,embedding
1141,0.6931471805599453,0.6707156,train,p30,dataset_2,embedding
1271,0.6931471805599453,0.724174,train,p30,dataset_2,embedding
919,0.6931471805599453,0.7279718,train,p30,dataset_2,embedding
28,0.6931471805599453,0.7125443,train,p30,dataset_2,embedding
1204,0.6931471805599453,0.7621225,train,p30,dataset_2,embedding
167,0.6931471805599453,0.81688416,train,p30,dataset_2,embedding
824,0.6931471805599453,0.7049422,train,p30,dataset_2,embedding
944,0.6931471805599453,0.6965033,train,p30,dataset_2,embedding
427,0.6931471805599453,0.8164532,train,p30,dataset_2,embedding
45,0.6931471805599453,0.74118316,train,p30,dataset_2,embedding
967,0.6931471805599453,0.701779,train,p30,dataset_2,embedding
1330,0.6931471805599453,0.85858417,train,p30,dataset_2,embedding
160,0.6931471805599453,0.7794651,train,p30,dataset_2,embedding
761,0.6931471805599453,0.71769154,train,p30,dataset_2,embedding
803,0.6931471805599453,0.7286687,train,p30,dataset_2,embedding
769,0.6931471805599453,0.7647302,train,p30,dataset_2,embedding
2,0.6931471805599453,0.7007921,train,p30,dataset_2,embedding
853,0.6931471805599453,0.67598844,train,p30,dataset_2,embedding
556,0.6931471805599453,0.7033863,train,p30,dataset_2,embedding
890,1.0986122886681098,0.7929585,train,p30,dataset_2,embedding
400,1.791759469228055,1.8063034,train,p30,dataset_2,embedding
827,0.6931471805599453,0.70763016,train,p30,dataset_2,embedding
1183,0.6931471805599453,0.7170446,train,p30,dataset_2,embedding
217,1.0986122886681098,0.7817384,train,p30,dataset_2,embedding
978,0.6931471805599453,0.71851635,train,p30,dataset_2,embedding
1189,0.6931471805599453,0.6712334,train,p30,dataset_2,embedding
1063,0.6931471805599453,0.6710998,train,p30,dataset_2,embedding
784,0.6931471805599453,0.6255971,train,p30,dataset_2,embedding
5,0.6931471805599453,0.72192705,train,p30,dataset_2,embedding
1055,0.6931471805599453,0.6519773,train,p30,dataset_2,embedding
185,0.6931471805599453,0.6699209,train,p30,dataset_2,embedding
1324,0.6931471805599453,0.7651156,train,p30,dataset_2,embedding
1364,0.6931471805599453,0.7051705,train,p30,dataset_2,embedding
223,0.6931471805599453,0.75279737,train,p30,dataset_2,embedding
406,0.6931471805599453,0.7279427,train,p30,dataset_2,embedding
1345,0.6931471805599453,0.53796715,train,p30,dataset_2,embedding
300,0.6931471805599453,0.72017443,train,p30,dataset_2,embedding
549,0.6931471805599453,0.71070683,train,p30,dataset_2,embedding
1368,0.6931471805599453,0.8140348,train,p30,dataset_2,embedding
1314,0.6931471805599453,0.754079,train,p30,dataset_2,embedding
595,1.9459101490553132,1.676517,train,p30,dataset_2,embedding
358,0.6931471805599453,0.7042897,train,p30,dataset_2,embedding
631,2.0794415416798357,2.1347785,train,p30,dataset_2,embedding
245,0.6931471805599453,0.8400612,train,p30,dataset_2,embedding
130,0.6931471805599453,0.71795106,train,p30,dataset_2,embedding
624,0.6931471805599453,0.7054024,train,p30,dataset_2,embedding
1049,0.6931471805599453,0.7936305,train,p30,dataset_2,embedding
701,1.791759469228055,1.0218688,train,p30,dataset_2,embedding
163,0.6931471805599453,0.72951937,train,p30,dataset_2,embedding
854,0.6931471805599453,0.72863483,train,p30,dataset_2,embedding
77,0.6931471805599453,0.7479005,train,p30,dataset_2,embedding
301,0.6931471805599453,0.70315576,train,p30,dataset_2,embedding
1102,0.6931471805599453,0.6621369,train,p30,dataset_2,embedding
55,0.6931471805599453,0.733498,train,p30,dataset_2,embedding
1013,0.6931471805599453,0.68030906,train,p30,dataset_2,embedding
26,0.6931471805599453,0.7059587,train,p30,dataset_2,embedding
1405,0.6931471805599453,0.75922215,train,p30,dataset_2,embedding
72,0.6931471805599453,0.6257324,train,p30,dataset_2,embedding
275,0.6931471805599453,0.71056926,train,p30,dataset_2,embedding
1048,0.6931471805599453,0.68374574,train,p30,dataset_2,embedding
373,0.6931471805599453,0.70449984,train,p30,dataset_2,embedding
248,0.6931471805599453,0.6801864,train,p30,dataset_2,embedding
0,0.6931471805599453,0.6873411,train,p30,dataset_2,embedding
883,0.6931471805599453,0.8102726,train,p30,dataset_2,embedding
1379,1.3862943611198906,1.494296,train,p30,dataset_2,embedding
1138,0.6931471805599453,0.70284355,train,p30,dataset_2,embedding
956,0.6931471805599453,0.72237694,train,p30,dataset_2,embedding
1372,0.6931471805599453,0.6967329,train,p30,dataset_2,embedding
494,0.6931471805599453,0.64146805,train,p30,dataset_2,embedding
250,0.6931471805599453,0.715431,train,p30,dataset_2,embedding
799,0.6931471805599453,0.7115934,train,p30,dataset_2,embedding
582,0.6931471805599453,0.8129542,train,p30,dataset_2,embedding
92,0.6931471805599453,0.6792439,train,p30,dataset_2,embedding
178,0.6931471805599453,0.7012981,train,p30,dataset_2,embedding
221,0.6931471805599453,0.72656536,train,p30,dataset_2,embedding
762,1.0986122886681098,0.7054113,validation,p30,dataset_2,embedding
837,0.6931471805599453,0.7370831,validation,p30,dataset_2,embedding
7,0.6931471805599453,0.70804834,validation,p30,dataset_2,embedding
576,0.6931471805599453,0.6774224,validation,p30,dataset_2,embedding
34,1.0986122886681098,0.90002596,validation,p30,dataset_2,embedding
1416,0.6931471805599453,0.7243527,validation,p30,dataset_2,embedding
1098,0.6931471805599453,0.7399744,validation,p30,dataset_2,embedding
941,0.6931471805599453,0.6880981,validation,p30,dataset_2,embedding
936,0.6931471805599453,0.67485976,validation,p30,dataset_2,embedding
11,0.6931471805599453,0.88685,validation,p30,dataset_2,embedding
54,0.6931471805599453,0.7147598,validation,p30,dataset_2,embedding
1342,0.6931471805599453,0.7432362,validation,p30,dataset_2,embedding
40,0.6931471805599453,0.68785,validation,p30,dataset_2,embedding
1146,0.6931471805599453,0.70308626,validation,p30,dataset_2,embedding
382,0.6931471805599453,0.670825,validation,p30,dataset_2,embedding
106,1.0986122886681098,0.8113662,validation,p30,dataset_2,embedding
843,0.6931471805599453,0.7046895,validation,p30,dataset_2,embedding
1126,0.6931471805599453,0.9223232,validation,p30,dataset_2,embedding
1200,0.6931471805599453,0.67712855,validation,p30,dataset_2,embedding
672,0.6931471805599453,0.66108716,validation,p30,dataset_2,embedding
688,0.6931471805599453,0.7568259,validation,p30,dataset_2,embedding
282,1.6094379124341005,1.3972101,validation,p30,dataset_2,embedding
1178,0.6931471805599453,0.73018515,validation,p30,dataset_2,embedding
233,0.6931471805599453,0.75295925,validation,p30,dataset_2,embedding
1386,0.6931471805599453,0.77675974,validation,p30,dataset_2,embedding
383,0.6931471805599453,0.70030224,validation,p30,dataset_2,embedding
280,0.6931471805599453,0.77206695,validation,p30,dataset_2,embedding
306,0.6931471805599453,0.6969371,validation,p30,dataset_2,embedding
435,0.6931471805599453,0.90993786,validation,p30,dataset_2,embedding
1378,0.6931471805599453,0.66972804,validation,p30,dataset_2,embedding
1260,0.6931471805599453,0.6728438,validation,p30,dataset_2,embedding
368,0.6931471805599453,0.6963185,validation,p30,dataset_2,embedding
660,0.6931471805599453,0.76744366,validation,p30,dataset_2,embedding
554,3.367295829986474,2.7743134,validation,p30,dataset_2,embedding
4,0.6931471805599453,0.6860968,validation,p30,dataset_2,embedding
1280,0.6931471805599453,0.6710887,validation,p30,dataset_2,embedding
573,0.6931471805599453,0.7282361,validation,p30,dataset_2,embedding
258,0.6931471805599453,0.6691098,validation,p30,dataset_2,embedding
502,0.6931471805599453,0.7292274,validation,p30,dataset_2,embedding
78,0.6931471805599453,0.7503543,validation,p30,dataset_2,embedding
557,0.6931471805599453,0.7192607,validation,p30,dataset_2,embedding
49,0.6931471805599453,0.69145536,validation,p30,dataset_2,embedding
699,0.6931471805599453,0.70094633,validation,p30,dataset_2,embedding
1421,0.6931471805599453,0.71031296,validation,p30,dataset_2,embedding
1334,0.6931471805599453,0.7033402,validation,p30,dataset_2,embedding
1159,0.6931471805599453,0.68071306,validation,p30,dataset_2,embedding
619,0.6931471805599453,0.7148682,validation,p30,dataset_2,embedding
857,0.6931471805599453,0.72065175,validation,p30,dataset_2,embedding
1107,0.6931471805599453,0.6725805,validation,p30,dataset_2,embedding
206,0.6931471805599453,0.65942776,validation,p30,dataset_2,embedding
448,0.6931471805599453,0.7526454,validation,p30,dataset_2,embedding
287,0.6931471805599453,0.8339907,validation,p30,dataset_2,embedding
792,0.6931471805599453,0.7108464,validation,p30,dataset_2,embedding
1428,0.6931471805599453,0.6968291,validation,p30,dataset_2,embedding
793,0.6931471805599453,0.7088289,validation,p30,dataset_2,embedding
480,0.6931471805599453,0.54022336,validation,p30,dataset_2,embedding
30,1.9459101490553132,1.1770393,validation,p30,dataset_2,embedding
67,0.6931471805599453,0.7180368,validation,p30,dataset_2,embedding
591,0.6931471805599453,0.7146362,validation,p30,dataset_2,embedding
281,0.6931471805599453,0.7143979,validation,p30,dataset_2,embedding
193,0.6931471805599453,0.8702544,validation,p30,dataset_2,embedding
1301,0.6931471805599453,0.7648704,validation,p30,dataset_2,embedding
1131,0.6931471805599453,0.70060813,validation,p30,dataset_2,embedding
464,0.6931471805599453,0.7027631,validation,p30,dataset_2,embedding
268,1.6094379124341005,1.8573622,validation,p30,dataset_2,embedding
673,1.0986122886681098,0.9318019,validation,p30,dataset_2,embedding
1082,0.6931471805599453,0.8239287,validation,p30,dataset_2,embedding
903,0.6931471805599453,0.7278763,validation,p30,dataset_2,embedding
712,1.0986122886681098,0.9272772,validation,p30,dataset_2,embedding
439,0.6931471805599453,0.7099465,validation,p30,dataset_2,embedding
76,1.3862943611198906,1.4022526,validation,p30,dataset_2,embedding
858,0.6931471805599453,0.62718844,validation,p30,dataset_2,embedding
216,0.6931471805599453,0.7416644,validation,p30,dataset_2,embedding
1400,0.6931471805599453,0.6863401,validation,p30,dataset_2,embedding
725,1.0986122886681098,0.9722358,validation,p30,dataset_2,embedding
1264,0.6931471805599453,0.74149525,validation,p30,dataset_2,embedding
523,0.6931471805599453,0.7216842,validation,p30,dataset_2,embedding
567,0.6931471805599453,0.7522019,validation,p30,dataset_2,embedding
1411,0.6931471805599453,0.67104137,validation,p30,dataset_2,embedding
156,0.6931471805599453,0.72768104,validation,p30,dataset_2,embedding
215,0.6931471805599453,0.7549962,validation,p30,dataset_2,embedding
1390,0.6931471805599453,0.70650935,validation,p30,dataset_2,embedding
1123,0.6931471805599453,0.6466001,validation,p30,dataset_2,embedding
552,0.6931471805599453,0.6690116,validation,p30,dataset_2,embedding
237,1.3862943611198906,1.2481395,validation,p30,dataset_2,embedding
987,0.6931471805599453,0.70246434,validation,p30,dataset_2,embedding
786,0.6931471805599453,0.6800207,validation,p30,dataset_2,embedding
1427,0.6931471805599453,0.7004868,validation,p30,dataset_2,embedding
525,1.0986122886681098,0.79290974,validation,p30,dataset_2,embedding
186,0.6931471805599453,0.70041347,validation,p30,dataset_2,embedding
647,1.3862943611198906,1.4017378,validation,p30,dataset_2,embedding
780,0.6931471805599453,0.7105762,validation,p30,dataset_2,embedding
181,0.6931471805599453,0.75280285,validation,p30,dataset_2,embedding
486,0.6931471805599453,0.7662784,validation,p30,dataset_2,embedding
278,0.6931471805599453,0.7004429,validation,p30,dataset_2,embedding
965,0.6931471805599453,0.7021297,validation,p30,dataset_2,embedding
679,0.6931471805599453,0.9422209,validation,p30,dataset_2,embedding
83,1.0986122886681098,0.9274242,validation,p30,dataset_2,embedding
955,0.6931471805599453,0.70810413,validation,p30,dataset_2,embedding
112,0.6931471805599453,0.76348555,validation,p30,dataset_2,embedding
247,0.6931471805599453,0.81043625,validation,p30,dataset_2,embedding
134,0.6931471805599453,0.7200887,validation,p30,dataset_2,embedding
937,0.6931471805599453,0.753055,validation,p30,dataset_2,embedding
84,0.6931471805599453,0.6411283,validation,p30,dataset_2,embedding
1289,0.6931471805599453,0.66623044,validation,p30,dataset_2,embedding
1354,2.1972245773362196,1.9509546,validation,p30,dataset_2,embedding
477,0.6931471805599453,0.7167232,validation,p30,dataset_2,embedding
330,0.6931471805599453,0.7719724,validation,p30,dataset_2,embedding
808,0.6931471805599453,0.7196673,validation,p30,dataset_2,embedding
361,0.6931471805599453,0.6943848,validation,p30,dataset_2,embedding
795,0.6931471805599453,0.6866851,validation,p30,dataset_2,embedding
209,1.0986122886681098,2.0004315,validation,p30,dataset_2,embedding
1072,0.6931471805599453,0.76408947,validation,p30,dataset_2,embedding
375,0.6931471805599453,0.64926255,validation,p30,dataset_2,embedding
1084,0.6931471805599453,0.7002604,validation,p30,dataset_2,embedding
1331,0.6931471805599453,0.7219012,validation,p30,dataset_2,embedding
48,0.6931471805599453,0.7858201,validation,p30,dataset_2,embedding
23,0.6931471805599453,0.6802838,validation,p30,dataset_2,embedding
154,0.6931471805599453,0.70103884,validation,p30,dataset_2,embedding
319,0.6931471805599453,0.65283775,validation,p30,dataset_2,embedding
753,0.6931471805599453,0.71628356,validation,p30,dataset_2,embedding
207,4.330733340286331,4.954494,validation,p30,dataset_2,embedding
568,0.6931471805599453,0.7171881,validation,p30,dataset_2,embedding
1333,0.6931471805599453,0.71978605,validation,p30,dataset_2,embedding
745,0.6931471805599453,0.730441,validation,p30,dataset_2,embedding
713,3.5263605246161616,3.1240366,validation,p30,dataset_2,embedding
825,0.6931471805599453,0.7135167,validation,p30,dataset_2,embedding
474,0.6931471805599453,0.93553853,validation,p30,dataset_2,embedding
390,0.6931471805599453,0.729465,validation,p30,dataset_2,embedding
1223,0.6931471805599453,0.7437767,validation,p30,dataset_2,embedding
1256,0.6931471805599453,0.68054736,validation,p30,dataset_2,embedding
180,0.6931471805599453,0.7971237,validation,p30,dataset_2,embedding
401,0.6931471805599453,0.74338555,validation,p30,dataset_2,embedding
6,0.6931471805599453,0.76130676,validation,p30,dataset_2,embedding
514,0.6931471805599453,0.68227947,validation,p30,dataset_2,embedding
876,0.6931471805599453,0.7109624,validation,p30,dataset_2,embedding
907,0.6931471805599453,0.70897305,validation,p30,dataset_2,embedding
1343,0.6931471805599453,0.67054605,validation,p30,dataset_2,embedding
234,0.6931471805599453,0.69060576,validation,p30,dataset_2,embedding
765,0.6931471805599453,0.743837,validation,p30,dataset_2,embedding
459,0.6931471805599453,0.7539588,validation,p30,dataset_2,embedding
1165,2.5649493574615367,3.4415731,validation,p30,dataset_2,embedding
685,0.6931471805599453,0.7007824,validation,p30,dataset_2,embedding
374,0.6931471805599453,0.71630466,validation,p30,dataset_2,embedding
731,0.6931471805599453,0.9589379,validation,p30,dataset_2,embedding
1214,0.6931471805599453,0.68824494,validation,p30,dataset_2,embedding
686,0.6931471805599453,0.7004969,validation,p30,dataset_2,embedding
1339,0.6931471805599453,0.7158108,validation,p30,dataset_2,embedding
73,0.6931471805599453,0.7017567,validation,p30,dataset_2,embedding
199,0.6931471805599453,0.70306194,validation,p30,dataset_2,embedding
1422,0.6931471805599453,0.7015953,validation,p30,dataset_2,embedding
800,0.6931471805599453,0.7365,validation,p30,dataset_2,embedding
852,0.6931471805599453,0.62700236,validation,p30,dataset_2,embedding
510,0.6931471805599453,0.85686886,validation,p30,dataset_2,embedding
1010,0.6931471805599453,0.7423644,validation,p30,dataset_2,embedding
764,0.6931471805599453,0.8777946,validation,p30,dataset_2,embedding
875,0.6931471805599453,0.7189293,validation,p30,dataset_2,embedding
395,3.9318256327243257,1.860328,validation,p30,dataset_2,embedding
776,0.6931471805599453,0.7380016,validation,p30,dataset_2,embedding
430,0.6931471805599453,0.80152416,validation,p30,dataset_2,embedding
565,0.6931471805599453,0.71655023,validation,p30,dataset_2,embedding
977,0.6931471805599453,0.7198497,validation,p30,dataset_2,embedding
938,0.6931471805599453,0.71654546,validation,p30,dataset_2,embedding
766,0.6931471805599453,0.7422886,validation,p30,dataset_2,embedding
979,0.6931471805599453,0.71184313,validation,p30,dataset_2,embedding
1310,0.6931471805599453,0.795486,validation,p30,dataset_2,embedding
1352,1.0986122886681098,1.0470878,validation,p30,dataset_2,embedding
1258,0.6931471805599453,0.72029245,validation,p30,dataset_2,embedding
1062,0.6931471805599453,0.6702436,validation,p30,dataset_2,embedding
913,0.6931471805599453,0.7662494,validation,p30,dataset_2,embedding
445,0.6931471805599453,0.7970153,validation,p30,dataset_2,embedding
1369,0.6931471805599453,0.7216563,validation,p30,dataset_2,embedding
126,0.6931471805599453,0.6828922,validation,p30,dataset_2,embedding
37,0.6931471805599453,0.7079333,validation,p30,dataset_2,embedding
879,0.6931471805599453,0.68227935,validation,p30,dataset_2,embedding
1169,3.7612001156935624,1.5880471,validation,p30,dataset_2,embedding
507,0.6931471805599453,0.720317,validation,p30,dataset_2,embedding
242,1.6094379124341005,1.4421045,validation,p30,dataset_2,embedding
1042,0.6931471805599453,0.7163775,validation,p30,dataset_2,embedding
1248,0.6931471805599453,0.75335264,validation,p30,dataset_2,embedding
9,0.6931471805599453,0.75823855,validation,p30,dataset_2,embedding
849,0.6931471805599453,0.7316358,validation,p30,dataset_2,embedding
201,0.6931471805599453,0.7002804,validation,p30,dataset_2,embedding
1419,0.6931471805599453,0.70571315,validation,p30,dataset_2,embedding
302,0.6931471805599453,0.7115269,validation,p30,dataset_2,embedding
577,0.6931471805599453,0.7215692,validation,p30,dataset_2,embedding
921,0.6931471805599453,0.80310166,validation,p30,dataset_2,embedding
8,0.6931471805599453,0.70454705,validation,p30,dataset_2,embedding
437,0.6931471805599453,0.72262466,validation,p30,dataset_2,embedding
738,1.0986122886681098,0.85972416,validation,p30,dataset_2,embedding
1359,0.6931471805599453,0.7747561,validation,p30,dataset_2,embedding
1418,0.6931471805599453,0.7188232,validation,p30,dataset_2,embedding
1230,0.6931471805599453,0.7277533,validation,p30,dataset_2,embedding
349,0.6931471805599453,0.7005893,validation,p30,dataset_2,embedding
791,0.6931471805599453,0.67554116,validation,p30,dataset_2,embedding
1366,0.6931471805599453,0.7566892,validation,p30,dataset_2,embedding
458,0.6931471805599453,0.81869495,validation,p30,dataset_2,embedding
463,0.6931471805599453,0.714277,validation,p30,dataset_2,embedding
15,0.6931471805599453,0.8496258,validation,p30,dataset_2,embedding
551,1.0986122886681098,1.742287,validation,p30,dataset_2,embedding
1114,0.6931471805599453,0.7169963,validation,p30,dataset_2,embedding
1065,0.6931471805599453,0.69896924,validation,p30,dataset_2,embedding
945,0.6931471805599453,0.69090104,validation,p30,dataset_2,embedding
893,0.6931471805599453,0.72328424,validation,p30,dataset_2,embedding
851,0.6931471805599453,0.70997536,validation,p30,dataset_2,embedding
328,0.6931471805599453,0.69981587,validation,p30,dataset_2,embedding
109,0.6931471805599453,0.67256653,validation,p30,dataset_2,embedding
1164,1.0986122886681098,0.69651735,validation,p30,dataset_2,embedding
690,0.6931471805599453,0.7787347,validation,p30,dataset_2,embedding
1103,0.6931471805599453,0.7354468,validation,p30,dataset_2,embedding
1036,0.6931471805599453,0.7641381,validation,p30,dataset_2,embedding
722,1.0986122886681098,1.1620969,validation,p30,dataset_2,embedding
1027,0.6931471805599453,0.7061564,validation,p30,dataset_2,embedding
1412,0.6931471805599453,0.61850536,validation,p30,dataset_2,embedding
155,0.6931471805599453,0.7011112,validation,p30,dataset_2,embedding
881,0.6931471805599453,0.72777903,validation,p30,dataset_2,embedding
801,0.6931471805599453,0.7955929,validation,p30,dataset_2,embedding
947,0.6931471805599453,0.7030474,test,p30,dataset_2,embedding
778,0.6931471805599453,0.7139193,test,p30,dataset_2,embedding
1360,0.6931471805599453,0.74103427,test,p30,dataset_2,embedding
192,0.6931471805599453,0.674351,test,p30,dataset_2,embedding
1,0.6931471805599453,0.7885895,test,p30,dataset_2,embedding
506,0.6931471805599453,0.7112454,test,p30,dataset_2,embedding
1235,0.6931471805599453,0.694682,test,p30,dataset_2,embedding
409,0.6931471805599453,0.9755354,test,p30,dataset_2,embedding
1122,0.6931471805599453,0.7724035,test,p30,dataset_2,embedding
541,0.6931471805599453,1.0631301,test,p30,dataset_2,embedding
558,0.6931471805599453,0.85814655,test,p30,dataset_2,embedding
1109,0.6931471805599453,0.6272048,test,p30,dataset_2,embedding
697,0.6931471805599453,0.6704478,test,p30,dataset_2,embedding
1229,0.6931471805599453,0.7455442,test,p30,dataset_2,embedding
133,0.6931471805599453,0.7309606,test,p30,dataset_2,embedding
1175,0.6931471805599453,0.67422426,test,p30,dataset_2,embedding
65,0.6931471805599453,0.8018453,test,p30,dataset_2,embedding
863,0.6931471805599453,0.72501886,test,p30,dataset_2,embedding
1026,0.6931471805599453,0.7298169,test,p30,dataset_2,embedding
1127,0.6931471805599453,0.73381793,test,p30,dataset_2,embedding
1142,0.6931471805599453,0.82430935,test,p30,dataset_2,embedding
1099,0.6931471805599453,0.9466853,test,p30,dataset_2,embedding
864,0.6931471805599453,0.72859514,test,p30,dataset_2,embedding
1380,1.3862943611198906,1.1730695,test,p30,dataset_2,embedding
534,0.6931471805599453,0.6696545,test,p30,dataset_2,embedding
289,0.6931471805599453,0.69894826,test,p30,dataset_2,embedding
35,0.6931471805599453,0.71449745,test,p30,dataset_2,embedding
423,0.6931471805599453,0.68655694,test,p30,dataset_2,embedding
408,0.6931471805599453,0.7555013,test,p30,dataset_2,embedding
1335,0.6931471805599453,0.7322266,test,p30,dataset_2,embedding
1362,0.6931471805599453,0.7575004,test,p30,dataset_2,embedding
702,0.6931471805599453,0.7721889,test,p30,dataset_2,embedding
491,0.6931471805599453,0.7477269,test,p30,dataset_2,embedding
498,0.6931471805599453,0.7227031,test,p30,dataset_2,embedding
1332,0.6931471805599453,0.68106234,test,p30,dataset_2,embedding
1158,1.0986122886681098,1.0944413,test,p30,dataset_2,embedding
1357,1.9459101490553132,1.2715002,test,p30,dataset_2,embedding
438,0.6931471805599453,0.8707105,test,p30,dataset_2,embedding
14,0.6931471805599453,0.77050745,test,p30,dataset_2,embedding
1297,0.6931471805599453,0.75923836,test,p30,dataset_2,embedding
335,0.6931471805599453,0.74269354,test,p30,dataset_2,embedding
416,1.0986122886681098,1.0610722,test,p30,dataset_2,embedding
433,0.6931471805599453,0.71922815,test,p30,dataset_2,embedding
200,0.6931471805599453,0.74875927,test,p30,dataset_2,embedding
204,0.6931471805599453,0.7241988,test,p30,dataset_2,embedding
337,0.6931471805599453,0.7433171,test,p30,dataset_2,embedding
1135,0.6931471805599453,0.75920963,test,p30,dataset_2,embedding
705,0.6931471805599453,0.70903254,test,p30,dataset_2,embedding
1353,0.6931471805599453,0.7304293,test,p30,dataset_2,embedding
1234,0.6931471805599453,0.7017565,test,p30,dataset_2,embedding
399,2.3978952727983707,1.9227401,test,p30,dataset_2,embedding
767,1.0986122886681098,0.87061346,test,p30,dataset_2,embedding
363,0.6931471805599453,0.76453006,test,p30,dataset_2,embedding
601,0.6931471805599453,0.71974826,test,p30,dataset_2,embedding
1409,0.6931471805599453,0.9601426,test,p30,dataset_2,embedding
1385,0.6931471805599453,0.7242435,test,p30,dataset_2,embedding
1023,0.6931471805599453,0.82380784,test,p30,dataset_2,embedding
203,0.6931471805599453,0.5348286,test,p30,dataset_2,embedding
189,0.6931471805599453,0.8143867,test,p30,dataset_2,embedding
1081,0.6931471805599453,0.724489,test,p30,dataset_2,embedding
495,0.6931471805599453,0.76406693,test,p30,dataset_2,embedding
543,0.6931471805599453,0.6375183,test,p30,dataset_2,embedding
418,1.0986122886681098,0.8189242,test,p30,dataset_2,embedding
952,0.6931471805599453,0.7301178,test,p30,dataset_2,embedding
929,0.6931471805599453,0.75749934,test,p30,dataset_2,embedding
682,0.6931471805599453,0.75956166,test,p30,dataset_2,embedding
431,1.0986122886681098,0.8923502,test,p30,dataset_2,embedding
1410,0.6931471805599453,0.76120234,test,p30,dataset_2,embedding
450,0.6931471805599453,0.73629844,test,p30,dataset_2,embedding
149,0.6931471805599453,0.71228766,test,p30,dataset_2,embedding
473,0.6931471805599453,0.65177,test,p30,dataset_2,embedding
1044,0.6931471805599453,0.6818254,test,p30,dataset_2,embedding
811,0.6931471805599453,0.8096702,test,p30,dataset_2,embedding
997,0.6931471805599453,0.7206478,test,p30,dataset_2,embedding
205,0.6931471805599453,0.73238146,test,p30,dataset_2,embedding
225,0.6931471805599453,0.7719101,test,p30,dataset_2,embedding
998,0.6931471805599453,0.67960644,test,p30,dataset_2,embedding
244,0.6931471805599453,0.6807685,test,p30,dataset_2,embedding
487,0.6931471805599453,0.70085716,test,p30,dataset_2,embedding
966,1.0986122886681098,0.80406296,test,p30,dataset_2,embedding
1086,0.6931471805599453,0.81183827,test,p30,dataset_2,embedding
262,0.6931471805599453,0.71880627,test,p30,dataset_2,embedding
269,0.6931471805599453,0.7192234,test,p30,dataset_2,embedding
939,0.6931471805599453,0.7134011,test,p30,dataset_2,embedding
146,0.6931471805599453,0.7005893,test,p30,dataset_2,embedding
308,0.6931471805599453,0.6820091,test,p30,dataset_2,embedding
516,0.6931471805599453,0.80170095,test,p30,dataset_2,embedding
904,0.6931471805599453,0.8264092,test,p30,dataset_2,embedding
299,0.6931471805599453,0.75659966,test,p30,dataset_2,embedding
654,0.6931471805599453,0.809955,test,p30,dataset_2,embedding
703,0.6931471805599453,0.7110865,test,p30,dataset_2,embedding
923,0.6931471805599453,0.71226025,test,p30,dataset_2,embedding
848,0.6931471805599453,0.705951,test,p30,dataset_2,embedding
357,0.6931471805599453,0.7235956,test,p30,dataset_2,embedding
1130,0.6931471805599453,0.8128015,test,p30,dataset_2,embedding
1180,1.3862943611198906,1.033177,test,p30,dataset_2,embedding
726,1.0986122886681098,0.89756596,test,p30,dataset_2,embedding
613,0.6931471805599453,0.74611557,test,p30,dataset_2,embedding
350,0.6931471805599453,0.7797109,test,p30,dataset_2,embedding
1383,0.6931471805599453,0.75518835,test,p30,dataset_2,embedding
1274,0.6931471805599453,0.71544385,test,p30,dataset_2,embedding
752,0.6931471805599453,0.7168267,test,p30,dataset_2,embedding
213,1.0986122886681098,1.0272353,test,p30,dataset_2,embedding
635,3.828641396489095,2.2741265,test,p30,dataset_2,embedding
925,0.6931471805599453,0.67326725,test,p30,dataset_2,embedding
687,0.6931471805599453,0.71711445,test,p30,dataset_2,embedding
820,0.6931471805599453,0.7183926,test,p30,dataset_2,embedding
190,0.6931471805599453,0.72934055,test,p30,dataset_2,embedding
1211,0.6931471805599453,0.722718,test,p30,dataset_2,embedding
817,0.6931471805599453,0.7480916,test,p30,dataset_2,embedding
600,0.6931471805599453,0.68636835,test,p30,dataset_2,embedding
553,0.6931471805599453,0.74932194,test,p30,dataset_2,embedding
1312,0.6931471805599453,0.66964304,test,p30,dataset_2,embedding
584,0.6931471805599453,0.71631885,test,p30,dataset_2,embedding
240,2.0794415416798357,2.2038798,test,p30,dataset_2,embedding
1092,0.6931471805599453,0.6709949,test,p30,dataset_2,embedding
1174,1.3862943611198906,1.1072769,test,p30,dataset_2,embedding
1276,0.6931471805599453,0.71663654,test,p30,dataset_2,embedding
1148,0.6931471805599453,0.72055113,test,p30,dataset_2,embedding
860,0.6931471805599453,0.6264392,test,p30,dataset_2,embedding
704,0.6931471805599453,0.7204151,test,p30,dataset_2,embedding
21,0.6931471805599453,0.68045056,test,p30,dataset_2,embedding
844,0.6931471805599453,0.7048409,test,p30,dataset_2,embedding
1050,0.6931471805599453,0.75662744,test,p30,dataset_2,embedding
1320,1.0986122886681098,1.188202,test,p30,dataset_2,embedding
798,0.6931471805599453,0.7282641,test,p30,dataset_2,embedding
432,1.6094379124341005,1.389904,test,p30,dataset_2,embedding
124,0.6931471805599453,0.68678236,test,p30,dataset_2,embedding
1218,0.6931471805599453,0.5362083,test,p30,dataset_2,embedding
1373,0.6931471805599453,0.72427034,test,p30,dataset_2,embedding
137,0.6931471805599453,0.7205144,test,p30,dataset_2,embedding
1064,0.6931471805599453,0.9073379,test,p30,dataset_2,embedding
1265,0.6931471805599453,0.72526026,test,p30,dataset_2,embedding
835,0.6931471805599453,0.6248348,test,p30,dataset_2,embedding
228,0.6931471805599453,0.62207115,test,p30,dataset_2,embedding
1266,0.6931471805599453,0.778193,test,p30,dataset_2,embedding
599,0.6931471805599453,0.70810795,test,p30,dataset_2,embedding
909,0.6931471805599453,0.703833,test,p30,dataset_2,embedding
524,1.0986122886681098,0.7794564,test,p30,dataset_2,embedding
256,0.6931471805599453,0.7019137,test,p30,dataset_2,embedding
666,0.6931471805599453,0.85498774,test,p30,dataset_2,embedding
101,0.6931471805599453,0.71883774,test,p30,dataset_2,embedding
1262,0.6931471805599453,0.7121291,test,p30,dataset_2,embedding
1088,2.4849066497880004,1.1598991,test,p30,dataset_2,embedding
794,0.6931471805599453,0.7084296,test,p30,dataset_2,embedding
884,0.6931471805599453,0.72759044,test,p30,dataset_2,embedding
98,0.6931471805599453,0.7314366,test,p30,dataset_2,embedding
598,0.6931471805599453,0.76494586,test,p30,dataset_2,embedding
900,0.6931471805599453,0.7726966,test,p30,dataset_2,embedding
749,0.6931471805599453,0.714522,test,p30,dataset_2,embedding
940,0.6931471805599453,0.6273688,test,p30,dataset_2,embedding
1096,0.6931471805599453,0.7346052,test,p30,dataset_2,embedding
1085,0.6931471805599453,0.70034814,test,p30,dataset_2,embedding
816,0.6931471805599453,0.69787085,test,p30,dataset_2,embedding
13,0.6931471805599453,0.7004626,test,p30,dataset_2,embedding
1143,1.6094379124341005,1.6215587,test,p30,dataset_2,embedding
169,0.6931471805599453,0.67213345,test,p30,dataset_2,embedding
1429,0.6931471805599453,0.7005532,test,p30,dataset_2,embedding
1186,0.6931471805599453,0.7483554,test,p30,dataset_2,embedding
315,0.6931471805599453,0.71141696,test,p30,dataset_2,embedding
768,0.6931471805599453,0.65646315,test,p30,dataset_2,embedding
434,0.6931471805599453,0.6253998,test,p30,dataset_2,embedding
20,0.6931471805599453,0.760756,test,p30,dataset_2,embedding
313,0.6931471805599453,0.6748935,test,p30,dataset_2,embedding
755,0.6931471805599453,0.7077918,test,p30,dataset_2,embedding
1325,0.6931471805599453,0.88005984,test,p30,dataset_2,embedding
1423,0.6931471805599453,0.71364963,test,p30,dataset_2,embedding
644,0.6931471805599453,0.86947453,test,p30,dataset_2,embedding
1319,0.6931471805599453,0.54307103,test,p30,dataset_2,embedding
932,0.6931471805599453,0.703467,test,p30,dataset_2,embedding
730,0.6931471805599453,0.9359106,test,p30,dataset_2,embedding
1115,0.6931471805599453,0.67997146,test,p30,dataset_2,embedding
1024,0.6931471805599453,0.7008654,test,p30,dataset_2,embedding
212,0.6931471805599453,0.7648653,test,p30,dataset_2,embedding
428,0.6931471805599453,0.7210306,test,p30,dataset_2,embedding
771,0.6931471805599453,0.68479025,test,p30,dataset_2,embedding
832,0.6931471805599453,0.7066777,test,p30,dataset_2,embedding
662,0.6931471805599453,0.9713063,test,p30,dataset_2,embedding
1208,0.6931471805599453,0.70662594,test,p30,dataset_2,embedding
164,0.6931471805599453,0.7053734,test,p30,dataset_2,embedding
1029,0.6931471805599453,0.535151,test,p30,dataset_2,embedding
874,0.6931471805599453,0.7146745,test,p30,dataset_2,embedding
422,0.6931471805599453,0.8603314,test,p30,dataset_2,embedding
90,0.6931471805599453,0.6991738,test,p30,dataset_2,embedding
1182,1.3862943611198906,0.9718058,test,p30,dataset_2,embedding
1388,0.6931471805599453,0.707183,test,p30,dataset_2,embedding
115,0.6931471805599453,0.81632936,test,p30,dataset_2,embedding
845,0.6931471805599453,0.6900437,test,p30,dataset_2,embedding
698,0.6931471805599453,0.71858335,test,p30,dataset_2,embedding
415,0.6931471805599453,0.84131956,test,p30,dataset_2,embedding
1212,0.6931471805599453,0.6753706,test,p30,dataset_2,embedding
838,1.0986122886681098,0.7203814,test,p30,dataset_2,embedding
1244,0.6931471805599453,0.8975347,test,p30,dataset_2,embedding
1191,0.6931471805599453,0.75713,test,p30,dataset_2,embedding
1154,0.6931471805599453,0.8823494,test,p30,dataset_2,embedding
296,0.6931471805599453,0.7484821,test,p30,dataset_2,embedding
1302,0.6931471805599453,0.7694222,test,p30,dataset_2,embedding
714,3.737669618283368,3.2588577,test,p30,dataset_2,embedding
246,1.3862943611198906,1.050703,test,p30,dataset_2,embedding
590,0.6931471805599453,0.73451924,test,p30,dataset_2,embedding
125,0.6931471805599453,0.67703366,test,p30,dataset_2,embedding
1363,0.6931471805599453,0.7409506,test,p30,dataset_2,embedding
1236,0.6931471805599453,0.66859996,test,p30,dataset_2,embedding
1020,0.6931471805599453,0.7204604,test,p30,dataset_2,embedding
788,0.6931471805599453,0.72551584,test,p30,dataset_2,embedding
520,0.6931471805599453,0.7162601,test,p30,dataset_2,embedding
873,0.6931471805599453,0.78102124,test,p30,dataset_2,embedding
1091,0.6931471805599453,0.90133166,test,p30,dataset_2,embedding
41,0.6931471805599453,0.70452964,test,p30,dataset_2,embedding
1304,0.6931471805599453,0.7908865,test,p30,dataset_2,embedding
1205,0.6931471805599453,0.7600585,test,p30,dataset_2,embedding
960,0.6931471805599453,0.74227417,test,p30,dataset_2,embedding
94,0.6931471805599453,0.7605753,test,p30,dataset_2,embedding
1041,0.6931471805599453,0.71988714,test,p30,dataset_2,embedding
398,3.49650756146648,2.8536158,test,p30,dataset_2,embedding
1351,0.6931471805599453,0.7298889,test,p30,dataset_2,embedding
574,0.6931471805599453,0.72332656,test,p30,dataset_2,embedding
322,0.6931471805599453,0.6576601,train,p35,dataset_2,embedding
85,1.0986122886681098,0.8497693,train,p35,dataset_2,embedding
472,0.6931471805599453,0.6763132,train,p35,dataset_2,embedding
851,0.6931471805599453,0.66705674,train,p35,dataset_2,embedding
37,0.6931471805599453,0.663477,train,p35,dataset_2,embedding
564,0.6931471805599453,0.6704466,train,p35,dataset_2,embedding
27,0.6931471805599453,0.7494386,train,p35,dataset_2,embedding
1212,0.6931471805599453,0.6219345,train,p35,dataset_2,embedding
800,0.6931471805599453,0.7736699,train,p35,dataset_2,embedding
117,0.6931471805599453,0.72840244,train,p35,dataset_2,embedding
527,0.6931471805599453,0.7065634,train,p35,dataset_2,embedding
919,0.6931471805599453,0.66211766,train,p35,dataset_2,embedding
898,0.6931471805599453,0.69026357,train,p35,dataset_2,embedding
893,0.6931471805599453,0.684287,train,p35,dataset_2,embedding
548,0.6931471805599453,0.6330036,train,p35,dataset_2,embedding
674,1.0986122886681098,1.0570254,train,p35,dataset_2,embedding
1403,0.6931471805599453,0.66822743,train,p35,dataset_2,embedding
1432,0.6931471805599453,0.6764462,train,p35,dataset_2,embedding
456,0.6931471805599453,0.69044167,train,p35,dataset_2,embedding
1314,0.6931471805599453,0.74513245,train,p35,dataset_2,embedding
252,0.6931471805599453,0.6629305,train,p35,dataset_2,embedding
884,0.6931471805599453,0.7754245,train,p35,dataset_2,embedding
186,0.6931471805599453,0.65931547,train,p35,dataset_2,embedding
668,1.3862943611198906,1.4129016,train,p35,dataset_2,embedding
557,0.6931471805599453,0.68014187,train,p35,dataset_2,embedding
1330,0.6931471805599453,0.8083045,train,p35,dataset_2,embedding
888,0.6931471805599453,0.6810785,train,p35,dataset_2,embedding
811,0.6931471805599453,0.78529394,train,p35,dataset_2,embedding
590,0.6931471805599453,0.66325545,train,p35,dataset_2,embedding
359,0.6931471805599453,0.6693259,train,p35,dataset_2,embedding
855,0.6931471805599453,0.6985387,train,p35,dataset_2,embedding
60,0.6931471805599453,0.6667616,train,p35,dataset_2,embedding
838,1.0986122886681098,0.73263425,train,p35,dataset_2,embedding
871,0.6931471805599453,0.6806485,train,p35,dataset_2,embedding
479,0.6931471805599453,0.83220804,train,p35,dataset_2,embedding
72,0.6931471805599453,0.6843985,train,p35,dataset_2,embedding
1060,0.6931471805599453,0.72121066,train,p35,dataset_2,embedding
236,0.6931471805599453,0.6736497,train,p35,dataset_2,embedding
1442,0.6931471805599453,0.71974576,train,p35,dataset_2,embedding
256,0.6931471805599453,0.65748745,train,p35,dataset_2,embedding
562,0.6931471805599453,0.61242336,train,p35,dataset_2,embedding
1279,0.6931471805599453,0.7416684,train,p35,dataset_2,embedding
254,0.6931471805599453,0.6680015,train,p35,dataset_2,embedding
587,0.6931471805599453,0.7062731,train,p35,dataset_2,embedding
385,0.6931471805599453,0.65966374,train,p35,dataset_2,embedding
1307,0.6931471805599453,0.7468192,train,p35,dataset_2,embedding
211,3.912023005428146,2.1124148,train,p35,dataset_2,embedding
77,0.6931471805599453,0.7606635,train,p35,dataset_2,embedding
672,0.6931471805599453,0.66993606,train,p35,dataset_2,embedding
1127,0.6931471805599453,0.7119793,train,p35,dataset_2,embedding
446,0.6931471805599453,0.71277875,train,p35,dataset_2,embedding
526,0.6931471805599453,0.7084559,train,p35,dataset_2,embedding
64,0.6931471805599453,0.7133943,train,p35,dataset_2,embedding
280,0.6931471805599453,0.65807456,train,p35,dataset_2,embedding
17,1.0986122886681098,0.84114486,train,p35,dataset_2,embedding
0,0.6931471805599453,0.6958917,train,p35,dataset_2,embedding
973,0.6931471805599453,0.69951457,train,p35,dataset_2,embedding
1094,0.6931471805599453,0.6689376,train,p35,dataset_2,embedding
1235,0.6931471805599453,0.7431328,train,p35,dataset_2,embedding
653,1.0986122886681098,1.0342519,train,p35,dataset_2,embedding
1162,0.6931471805599453,0.6828199,train,p35,dataset_2,embedding
1319,0.6931471805599453,0.6504348,train,p35,dataset_2,embedding
431,1.0986122886681098,0.9096888,train,p35,dataset_2,embedding
1438,0.6931471805599453,0.6923829,train,p35,dataset_2,embedding
152,0.6931471805599453,0.7086942,train,p35,dataset_2,embedding
1415,0.6931471805599453,0.6760562,train,p35,dataset_2,embedding
536,0.6931471805599453,0.7559581,train,p35,dataset_2,embedding
421,0.6931471805599453,0.69001347,train,p35,dataset_2,embedding
1247,0.6931471805599453,0.6677398,train,p35,dataset_2,embedding
986,0.6931471805599453,0.7303011,train,p35,dataset_2,embedding
1293,0.6931471805599453,0.6931582,train,p35,dataset_2,embedding
1037,0.6931471805599453,0.6947425,train,p35,dataset_2,embedding
493,0.6931471805599453,0.6667805,train,p35,dataset_2,embedding
969,0.6931471805599453,0.6702071,train,p35,dataset_2,embedding
1286,0.6931471805599453,0.6590285,train,p35,dataset_2,embedding
643,1.0986122886681098,1.0161453,train,p35,dataset_2,embedding
116,0.6931471805599453,0.67665553,train,p35,dataset_2,embedding
1277,0.6931471805599453,0.65987116,train,p35,dataset_2,embedding
708,0.6931471805599453,0.7118488,train,p35,dataset_2,embedding
1076,0.6931471805599453,0.65214545,train,p35,dataset_2,embedding
437,0.6931471805599453,0.683538,train,p35,dataset_2,embedding
1239,0.6931471805599453,0.6976358,train,p35,dataset_2,embedding
805,0.6931471805599453,0.69668484,train,p35,dataset_2,embedding
748,1.0986122886681098,0.8984865,train,p35,dataset_2,embedding
441,0.6931471805599453,0.69143564,train,p35,dataset_2,embedding
1178,0.6931471805599453,0.6762985,train,p35,dataset_2,embedding
825,0.6931471805599453,0.7007192,train,p35,dataset_2,embedding
549,0.6931471805599453,0.6975191,train,p35,dataset_2,embedding
1055,0.6931471805599453,0.7304539,train,p35,dataset_2,embedding
903,0.6931471805599453,0.7562799,train,p35,dataset_2,embedding
1156,0.6931471805599453,0.65923125,train,p35,dataset_2,embedding
1145,0.6931471805599453,0.749283,train,p35,dataset_2,embedding
182,0.6931471805599453,0.7538155,train,p35,dataset_2,embedding
289,0.6931471805599453,0.7225767,train,p35,dataset_2,embedding
974,0.6931471805599453,0.73873866,train,p35,dataset_2,embedding
720,1.791759469228055,1.8470308,train,p35,dataset_2,embedding
1349,0.6931471805599453,0.65872043,train,p35,dataset_2,embedding
671,0.6931471805599453,0.8322488,train,p35,dataset_2,embedding
1357,2.0794415416798357,2.0572245,train,p35,dataset_2,embedding
368,0.6931471805599453,0.73571646,train,p35,dataset_2,embedding
491,0.6931471805599453,0.69004786,train,p35,dataset_2,embedding
1146,0.6931471805599453,0.6610206,train,p35,dataset_2,embedding
1305,0.6931471805599453,0.66147685,train,p35,dataset_2,embedding
1255,0.6931471805599453,0.66241866,train,p35,dataset_2,embedding
1141,0.6931471805599453,0.67097,train,p35,dataset_2,embedding
267,0.6931471805599453,0.60037696,train,p35,dataset_2,embedding
30,1.9459101490553132,1.2316275,train,p35,dataset_2,embedding
178,0.6931471805599453,0.6598738,train,p35,dataset_2,embedding
749,0.6931471805599453,0.6647456,train,p35,dataset_2,embedding
1342,0.6931471805599453,0.6902469,train,p35,dataset_2,embedding
518,0.6931471805599453,0.6335632,train,p35,dataset_2,embedding
501,0.6931471805599453,0.67042583,train,p35,dataset_2,embedding
830,0.6931471805599453,0.70621425,train,p35,dataset_2,embedding
538,0.6931471805599453,1.1052171,train,p35,dataset_2,embedding
1230,0.6931471805599453,0.66128474,train,p35,dataset_2,embedding
629,3.49650756146648,3.4233353,train,p35,dataset_2,embedding
568,0.6931471805599453,0.67866504,train,p35,dataset_2,embedding
378,0.6931471805599453,0.6949652,train,p35,dataset_2,embedding
306,0.6931471805599453,0.71698517,train,p35,dataset_2,embedding
374,0.6931471805599453,0.7218054,train,p35,dataset_2,embedding
872,0.6931471805599453,0.72490484,train,p35,dataset_2,embedding
97,0.6931471805599453,0.68400025,train,p35,dataset_2,embedding
223,0.6931471805599453,0.7149686,train,p35,dataset_2,embedding
993,0.6931471805599453,0.64091843,train,p35,dataset_2,embedding
553,0.6931471805599453,0.638121,train,p35,dataset_2,embedding
1126,0.6931471805599453,0.8878258,train,p35,dataset_2,embedding
695,0.6931471805599453,0.66663295,train,p35,dataset_2,embedding
436,0.6931471805599453,0.7188459,train,p35,dataset_2,embedding
1322,0.6931471805599453,0.6900054,train,p35,dataset_2,embedding
1014,0.6931471805599453,0.8233584,train,p35,dataset_2,embedding
1205,0.6931471805599453,0.7120727,train,p35,dataset_2,embedding
1083,0.6931471805599453,0.75219315,train,p35,dataset_2,embedding
1418,0.6931471805599453,0.72118425,train,p35,dataset_2,embedding
1340,0.6931471805599453,0.6964268,train,p35,dataset_2,embedding
119,0.6931471805599453,0.7119566,train,p35,dataset_2,embedding
771,0.6931471805599453,0.7404898,train,p35,dataset_2,embedding
803,0.6931471805599453,0.6819813,train,p35,dataset_2,embedding
1234,0.6931471805599453,0.6594473,train,p35,dataset_2,embedding
47,0.6931471805599453,0.680361,train,p35,dataset_2,embedding
332,0.6931471805599453,0.7122031,train,p35,dataset_2,embedding
1170,1.791759469228055,1.3576103,train,p35,dataset_2,embedding
1157,0.6931471805599453,0.67596304,train,p35,dataset_2,embedding
121,0.6931471805599453,0.69993,train,p35,dataset_2,embedding
452,0.6931471805599453,0.7114345,train,p35,dataset_2,embedding
179,0.6931471805599453,0.7133185,train,p35,dataset_2,embedding
463,0.6931471805599453,0.6575567,train,p35,dataset_2,embedding
975,0.6931471805599453,0.7562404,train,p35,dataset_2,embedding
572,0.6931471805599453,0.69703466,train,p35,dataset_2,embedding
1017,0.6931471805599453,0.6595116,train,p35,dataset_2,embedding
83,1.0986122886681098,0.8407915,train,p35,dataset_2,embedding
104,0.6931471805599453,0.67076176,train,p35,dataset_2,embedding
1008,0.6931471805599453,0.7123181,train,p35,dataset_2,embedding
513,0.6931471805599453,0.71126604,train,p35,dataset_2,embedding
470,0.6931471805599453,0.67564213,train,p35,dataset_2,embedding
736,1.0986122886681098,0.8152059,train,p35,dataset_2,embedding
1158,1.0986122886681098,1.1315739,train,p35,dataset_2,embedding
1350,0.6931471805599453,0.71638304,train,p35,dataset_2,embedding
1139,0.6931471805599453,0.68330836,train,p35,dataset_2,embedding
717,3.091042453358316,2.5464177,train,p35,dataset_2,embedding
166,0.6931471805599453,0.74146914,train,p35,dataset_2,embedding
955,0.6931471805599453,0.6887395,train,p35,dataset_2,embedding
1379,1.3862943611198906,1.7035487,train,p35,dataset_2,embedding
130,0.6931471805599453,0.6600994,train,p35,dataset_2,embedding
1389,0.6931471805599453,0.707432,train,p35,dataset_2,embedding
690,0.6931471805599453,0.80507976,train,p35,dataset_2,embedding
820,0.6931471805599453,0.70877,train,p35,dataset_2,embedding
291,0.6931471805599453,0.7337779,train,p35,dataset_2,embedding
942,0.6931471805599453,0.660451,train,p35,dataset_2,embedding
247,0.6931471805599453,0.69976705,train,p35,dataset_2,embedding
269,0.6931471805599453,0.7212245,train,p35,dataset_2,embedding
150,0.6931471805599453,0.65878016,train,p35,dataset_2,embedding
1215,0.6931471805599453,0.66251296,train,p35,dataset_2,embedding
760,0.6931471805599453,0.6646638,train,p35,dataset_2,embedding
1089,0.6931471805599453,0.68329656,train,p35,dataset_2,embedding
909,0.6931471805599453,0.6613545,train,p35,dataset_2,embedding
122,0.6931471805599453,0.6941466,train,p35,dataset_2,embedding
584,0.6931471805599453,0.70559067,train,p35,dataset_2,embedding
1186,0.6931471805599453,0.6785884,train,p35,dataset_2,embedding
956,0.6931471805599453,0.7236791,train,p35,dataset_2,embedding
1441,0.6931471805599453,0.7361397,train,p35,dataset_2,embedding
710,0.6931471805599453,0.7321242,train,p35,dataset_2,embedding
69,0.6931471805599453,0.6952357,train,p35,dataset_2,embedding
680,0.6931471805599453,0.69657284,train,p35,dataset_2,embedding
754,0.6931471805599453,0.7525116,train,p35,dataset_2,embedding
637,1.791759469228055,1.5757036,train,p35,dataset_2,embedding
1216,0.6931471805599453,0.8653417,train,p35,dataset_2,embedding
1369,0.6931471805599453,0.7125526,train,p35,dataset_2,embedding
403,3.828641396489095,4.183447,train,p35,dataset_2,embedding
1408,0.6931471805599453,0.6463528,train,p35,dataset_2,embedding
1107,0.6931471805599453,0.66802937,train,p35,dataset_2,embedding
1228,0.6931471805599453,0.6777615,train,p35,dataset_2,embedding
631,2.0794415416798357,2.5350754,train,p35,dataset_2,embedding
497,0.6931471805599453,0.7728179,train,p35,dataset_2,embedding
935,0.6931471805599453,0.72613114,train,p35,dataset_2,embedding
721,1.9459101490553132,1.9912854,train,p35,dataset_2,embedding
171,0.6931471805599453,0.6764631,train,p35,dataset_2,embedding
80,0.6931471805599453,0.6898078,train,p35,dataset_2,embedding
1434,0.6931471805599453,0.6579461,train,p35,dataset_2,embedding
619,0.6931471805599453,0.65746135,train,p35,dataset_2,embedding
1140,0.6931471805599453,0.67470413,train,p35,dataset_2,embedding
994,0.6931471805599453,0.6937465,train,p35,dataset_2,embedding
1315,0.6931471805599453,0.6927138,train,p35,dataset_2,embedding
1419,0.6931471805599453,0.68619716,train,p35,dataset_2,embedding
1295,0.6931471805599453,0.63198584,train,p35,dataset_2,embedding
1285,0.6931471805599453,0.75855917,train,p35,dataset_2,embedding
503,0.6931471805599453,0.6666421,train,p35,dataset_2,embedding
558,0.6931471805599453,0.7345279,train,p35,dataset_2,embedding
1206,0.6931471805599453,0.6718506,train,p35,dataset_2,embedding
1192,0.6931471805599453,0.71585494,train,p35,dataset_2,embedding
934,0.6931471805599453,0.7277793,train,p35,dataset_2,embedding
658,1.0986122886681098,1.0200204,train,p35,dataset_2,embedding
370,0.6931471805599453,0.69225,train,p35,dataset_2,embedding
992,0.6931471805599453,0.7525544,train,p35,dataset_2,embedding
52,0.6931471805599453,0.7974109,train,p35,dataset_2,embedding
685,0.6931471805599453,0.65894705,train,p35,dataset_2,embedding
814,0.6931471805599453,0.72472185,train,p35,dataset_2,embedding
175,0.6931471805599453,0.71218926,train,p35,dataset_2,embedding
692,0.6931471805599453,0.71610314,train,p35,dataset_2,embedding
693,0.6931471805599453,0.7124775,train,p35,dataset_2,embedding
1075,0.6931471805599453,0.6665999,train,p35,dataset_2,embedding
15,0.6931471805599453,0.74795896,train,p35,dataset_2,embedding
552,0.6931471805599453,0.80509347,train,p35,dataset_2,embedding
36,0.6931471805599453,0.73517066,train,p35,dataset_2,embedding
656,0.6931471805599453,0.72580326,train,p35,dataset_2,embedding
481,0.6931471805599453,0.69853747,train,p35,dataset_2,embedding
1035,0.6931471805599453,0.6176121,train,p35,dataset_2,embedding
911,0.6931471805599453,0.6882112,train,p35,dataset_2,embedding
808,0.6931471805599453,0.7097374,train,p35,dataset_2,embedding
592,0.6931471805599453,0.70542145,train,p35,dataset_2,embedding
979,0.6931471805599453,0.71275896,train,p35,dataset_2,embedding
1190,0.6931471805599453,0.6968908,train,p35,dataset_2,embedding
1394,0.6931471805599453,0.63280326,train,p35,dataset_2,embedding
172,0.6931471805599453,0.66427034,train,p35,dataset_2,embedding
785,0.6931471805599453,0.68184894,train,p35,dataset_2,embedding
331,0.6931471805599453,0.6831259,train,p35,dataset_2,embedding
506,0.6931471805599453,0.6983313,train,p35,dataset_2,embedding
1064,0.6931471805599453,0.89831275,train,p35,dataset_2,embedding
129,0.6931471805599453,0.67598087,train,p35,dataset_2,embedding
1068,0.6931471805599453,0.7116117,train,p35,dataset_2,embedding
613,0.6931471805599453,0.7483068,train,p35,dataset_2,embedding
500,0.6931471805599453,0.7745389,train,p35,dataset_2,embedding
1333,0.6931471805599453,0.7114635,train,p35,dataset_2,embedding
342,0.6931471805599453,0.6316542,train,p35,dataset_2,embedding
1336,0.6931471805599453,0.6948345,train,p35,dataset_2,embedding
158,0.6931471805599453,0.6945309,train,p35,dataset_2,embedding
1341,0.6931471805599453,0.6622098,train,p35,dataset_2,embedding
49,0.6931471805599453,0.6820085,train,p35,dataset_2,embedding
781,0.6931471805599453,0.7720489,train,p35,dataset_2,embedding
593,0.6931471805599453,0.78722626,train,p35,dataset_2,embedding
879,0.6931471805599453,0.6768504,train,p35,dataset_2,embedding
143,0.6931471805599453,0.7352864,train,p35,dataset_2,embedding
1117,0.6931471805599453,0.68670505,train,p35,dataset_2,embedding
28,0.6931471805599453,0.7592244,train,p35,dataset_2,embedding
816,0.6931471805599453,0.70350385,train,p35,dataset_2,embedding
475,0.6931471805599453,0.6838765,train,p35,dataset_2,embedding
966,1.0986122886681098,0.8424528,train,p35,dataset_2,embedding
550,0.6931471805599453,0.71185446,train,p35,dataset_2,embedding
212,0.6931471805599453,0.6898933,train,p35,dataset_2,embedding
1265,0.6931471805599453,0.695145,train,p35,dataset_2,embedding
40,0.6931471805599453,0.6939108,train,p35,dataset_2,embedding
996,0.6931471805599453,0.71996385,train,p35,dataset_2,embedding
1134,0.6931471805599453,0.6800112,train,p35,dataset_2,embedding
565,0.6931471805599453,0.7627288,train,p35,dataset_2,embedding
382,0.6931471805599453,0.67129165,train,p35,dataset_2,embedding
786,0.6931471805599453,0.6776801,train,p35,dataset_2,embedding
1288,0.6931471805599453,0.6606841,train,p35,dataset_2,embedding
418,1.0986122886681098,0.8164994,train,p35,dataset_2,embedding
352,0.6931471805599453,0.68546325,train,p35,dataset_2,embedding
391,1.3862943611198906,0.9253651,train,p35,dataset_2,embedding
829,0.6931471805599453,0.65862304,train,p35,dataset_2,embedding
633,1.0986122886681098,1.3936682,train,p35,dataset_2,embedding
645,1.3862943611198906,1.5379033,train,p35,dataset_2,embedding
353,0.6931471805599453,0.66346437,train,p35,dataset_2,embedding
560,1.0986122886681098,0.9179224,train,p35,dataset_2,embedding
650,0.6931471805599453,1.0620335,train,p35,dataset_2,embedding
458,0.6931471805599453,0.7218618,train,p35,dataset_2,embedding
1422,0.6931471805599453,0.66018796,train,p35,dataset_2,embedding
891,0.6931471805599453,0.71966153,train,p35,dataset_2,embedding
1232,0.6931471805599453,0.6759954,train,p35,dataset_2,embedding
654,0.6931471805599453,0.71410877,train,p35,dataset_2,embedding
827,0.6931471805599453,0.6632242,train,p35,dataset_2,embedding
127,0.6931471805599453,0.70725834,train,p35,dataset_2,embedding
494,0.6931471805599453,0.65275544,train,p35,dataset_2,embedding
174,0.6931471805599453,0.6583277,train,p35,dataset_2,embedding
275,0.6931471805599453,0.697252,train,p35,dataset_2,embedding
718,2.995732273553991,2.3443587,train,p35,dataset_2,embedding
259,0.6931471805599453,0.7062848,train,p35,dataset_2,embedding
822,0.6931471805599453,0.7801208,train,p35,dataset_2,embedding
113,0.6931471805599453,0.80417967,train,p35,dataset_2,embedding
450,0.6931471805599453,0.67805517,train,p35,dataset_2,embedding
1111,0.6931471805599453,0.67555416,train,p35,dataset_2,embedding
576,0.6931471805599453,0.73426574,train,p35,dataset_2,embedding
947,0.6931471805599453,0.7153037,train,p35,dataset_2,embedding
661,0.6931471805599453,0.75094944,train,p35,dataset_2,embedding
106,1.0986122886681098,0.8998679,train,p35,dataset_2,embedding
473,0.6931471805599453,0.6815476,train,p35,dataset_2,embedding
856,0.6931471805599453,0.661204,train,p35,dataset_2,embedding
159,0.6931471805599453,0.67576367,train,p35,dataset_2,embedding
921,0.6931471805599453,0.70629996,train,p35,dataset_2,embedding
410,2.1972245773362196,1.3006237,train,p35,dataset_2,embedding
340,1.0986122886681098,0.8633752,train,p35,dataset_2,embedding
848,0.6931471805599453,0.65924186,train,p35,dataset_2,embedding
70,0.6931471805599453,0.5416455,train,p35,dataset_2,embedding
160,0.6931471805599453,0.8468288,train,p35,dataset_2,embedding
566,0.6931471805599453,0.67631155,train,p35,dataset_2,embedding
1399,0.6931471805599453,0.70409745,train,p35,dataset_2,embedding
681,0.6931471805599453,0.74186647,train,p35,dataset_2,embedding
529,0.6931471805599453,1.0309856,train,p35,dataset_2,embedding
516,0.6931471805599453,0.7051118,train,p35,dataset_2,embedding
188,0.6931471805599453,0.6790094,train,p35,dataset_2,embedding
1048,0.6931471805599453,0.63769937,train,p35,dataset_2,embedding
347,0.6931471805599453,0.766475,train,p35,dataset_2,embedding
1163,0.6931471805599453,0.6599144,train,p35,dataset_2,embedding
847,0.6931471805599453,0.624009,train,p35,dataset_2,embedding
348,0.6931471805599453,0.65750206,train,p35,dataset_2,embedding
757,0.6931471805599453,0.7100277,train,p35,dataset_2,embedding
793,0.6931471805599453,0.6895559,train,p35,dataset_2,embedding
380,0.6931471805599453,0.72746146,train,p35,dataset_2,embedding
1367,0.6931471805599453,0.6358218,train,p35,dataset_2,embedding
782,0.6931471805599453,0.6945838,train,p35,dataset_2,embedding
253,0.6931471805599453,0.7372859,train,p35,dataset_2,embedding
514,0.6931471805599453,0.67634183,train,p35,dataset_2,embedding
68,0.6931471805599453,0.7080733,train,p35,dataset_2,embedding
596,2.0794415416798357,1.4532574,train,p35,dataset_2,embedding
762,1.0986122886681098,0.7344134,train,p35,dataset_2,embedding
850,0.6931471805599453,0.6643939,train,p35,dataset_2,embedding
87,0.6931471805599453,0.6555411,train,p35,dataset_2,embedding
1372,0.6931471805599453,0.735369,train,p35,dataset_2,embedding
547,0.6931471805599453,0.7512583,train,p35,dataset_2,embedding
490,0.6931471805599453,0.67379713,train,p35,dataset_2,embedding
1413,0.6931471805599453,0.6789778,train,p35,dataset_2,embedding
1252,0.6931471805599453,0.65901214,train,p35,dataset_2,embedding
1198,0.6931471805599453,0.64515394,train,p35,dataset_2,embedding
659,0.6931471805599453,0.92355424,train,p35,dataset_2,embedding
1242,0.6931471805599453,0.84523386,train,p35,dataset_2,embedding
1012,0.6931471805599453,0.69854385,train,p35,dataset_2,embedding
264,0.6931471805599453,0.6598267,train,p35,dataset_2,embedding
108,0.6931471805599453,0.66813433,train,p35,dataset_2,embedding
978,0.6931471805599453,0.67976135,train,p35,dataset_2,embedding
1266,0.6931471805599453,0.70645696,train,p35,dataset_2,embedding
1182,1.3862943611198906,0.92962456,train,p35,dataset_2,embedding
1385,0.6931471805599453,0.76220554,train,p35,dataset_2,embedding
1161,2.0794415416798357,1.3295486,train,p35,dataset_2,embedding
1078,0.6931471805599453,0.6873227,train,p35,dataset_2,embedding
954,0.6931471805599453,0.70634425,train,p35,dataset_2,embedding
405,1.0986122886681098,1.2300267,train,p35,dataset_2,embedding
1346,0.6931471805599453,0.6975531,train,p35,dataset_2,embedding
112,0.6931471805599453,0.695772,train,p35,dataset_2,embedding
1211,0.6931471805599453,0.6773841,train,p35,dataset_2,embedding
1010,0.6931471805599453,0.68797857,train,p35,dataset_2,embedding
218,0.6931471805599453,0.74792594,train,p35,dataset_2,embedding
96,0.6931471805599453,0.7230806,train,p35,dataset_2,embedding
581,0.6931471805599453,0.6577366,train,p35,dataset_2,embedding
1160,0.6931471805599453,0.72342914,train,p35,dataset_2,embedding
1338,0.6931471805599453,0.6595729,train,p35,dataset_2,embedding
607,0.6931471805599453,0.6602494,train,p35,dataset_2,embedding
58,0.6931471805599453,0.72453195,train,p35,dataset_2,embedding
1297,0.6931471805599453,0.6932375,train,p35,dataset_2,embedding
208,3.332204510175204,2.9236248,train,p35,dataset_2,embedding
296,0.6931471805599453,0.6856318,train,p35,dataset_2,embedding
890,1.0986122886681098,0.816238,train,p35,dataset_2,embedding
809,0.6931471805599453,0.7125434,train,p35,dataset_2,embedding
109,0.6931471805599453,0.66716236,train,p35,dataset_2,embedding
457,0.6931471805599453,0.6536456,train,p35,dataset_2,embedding
324,0.6931471805599453,0.6855987,train,p35,dataset_2,embedding
180,0.6931471805599453,0.7998665,train,p35,dataset_2,embedding
976,0.6931471805599453,0.7142864,train,p35,dataset_2,embedding
59,0.6931471805599453,0.6730925,train,p35,dataset_2,embedding
1104,0.6931471805599453,0.66543806,train,p35,dataset_2,embedding
534,0.6931471805599453,0.6666163,train,p35,dataset_2,embedding
927,0.6931471805599453,0.6766617,train,p35,dataset_2,embedding
216,0.6931471805599453,0.8489441,train,p35,dataset_2,embedding
1132,0.6931471805599453,0.67465556,train,p35,dataset_2,embedding
1080,0.6931471805599453,0.6742433,train,p35,dataset_2,embedding
1321,1.6094379124341005,1.2389596,train,p35,dataset_2,embedding
362,0.6931471805599453,0.70336944,train,p35,dataset_2,embedding
580,0.6931471805599453,0.78088886,train,p35,dataset_2,embedding
1079,0.6931471805599453,0.6591498,train,p35,dataset_2,embedding
1400,0.6931471805599453,0.6958323,train,p35,dataset_2,embedding
1269,0.6931471805599453,0.6843757,train,p35,dataset_2,embedding
686,0.6931471805599453,0.6588613,train,p35,dataset_2,embedding
640,1.9459101490553132,1.7739538,train,p35,dataset_2,embedding
1203,0.6931471805599453,0.6670738,train,p35,dataset_2,embedding
367,0.6931471805599453,0.75057596,train,p35,dataset_2,embedding
761,0.6931471805599453,0.69909877,train,p35,dataset_2,embedding
76,1.3862943611198906,1.2413571,train,p35,dataset_2,embedding
968,0.6931471805599453,0.6763895,train,p35,dataset_2,embedding
31,1.0986122886681098,1.2049013,train,p35,dataset_2,embedding
628,4.204692619390966,3.5446308,train,p35,dataset_2,embedding
308,0.6931471805599453,0.6822961,train,p35,dataset_2,embedding
709,0.6931471805599453,0.6776404,train,p35,dataset_2,embedding
6,0.6931471805599453,0.8514066,train,p35,dataset_2,embedding
114,0.6931471805599453,0.6661997,train,p35,dataset_2,embedding
852,0.6931471805599453,0.6863948,train,p35,dataset_2,embedding
221,0.6931471805599453,0.74881953,train,p35,dataset_2,embedding
577,0.6931471805599453,0.6759199,train,p35,dataset_2,embedding
1114,0.6931471805599453,0.6784054,train,p35,dataset_2,embedding
1302,0.6931471805599453,0.69061786,train,p35,dataset_2,embedding
459,0.6931471805599453,0.7138495,train,p35,dataset_2,embedding
1365,0.6931471805599453,0.72734106,train,p35,dataset_2,embedding
878,1.0986122886681098,0.8423342,train,p35,dataset_2,embedding
1171,1.0986122886681098,1.2010117,train,p35,dataset_2,embedding
294,0.6931471805599453,0.6886892,train,p35,dataset_2,embedding
302,0.6931471805599453,0.6594694,train,p35,dataset_2,embedding
1436,0.6931471805599453,0.6767424,train,p35,dataset_2,embedding
319,0.6931471805599453,0.70063806,train,p35,dataset_2,embedding
413,0.6931471805599453,0.70245814,train,p35,dataset_2,embedding
262,0.6931471805599453,0.72123194,train,p35,dataset_2,embedding
1036,0.6931471805599453,0.6961918,train,p35,dataset_2,embedding
938,0.6931471805599453,0.6596239,train,p35,dataset_2,embedding
24,0.6931471805599453,0.6591149,train,p35,dataset_2,embedding
606,0.6931471805599453,0.6858906,train,p35,dataset_2,embedding
1371,0.6931471805599453,0.7057885,train,p35,dataset_2,embedding
859,0.6931471805599453,0.6742925,train,p35,dataset_2,embedding
570,0.6931471805599453,0.6563507,train,p35,dataset_2,embedding
1046,0.6931471805599453,0.6905981,train,p35,dataset_2,embedding
1276,0.6931471805599453,0.7057618,train,p35,dataset_2,embedding
1406,0.6931471805599453,0.7043989,train,p35,dataset_2,embedding
315,0.6931471805599453,0.6584951,train,p35,dataset_2,embedding
33,0.6931471805599453,0.86648214,train,p35,dataset_2,embedding
1202,0.6931471805599453,0.6889964,train,p35,dataset_2,embedding
985,0.6931471805599453,0.708273,train,p35,dataset_2,embedding
1443,0.6931471805599453,0.6362759,train,p35,dataset_2,embedding
726,1.0986122886681098,0.9844862,train,p35,dataset_2,embedding
605,0.6931471805599453,0.7479065,train,p35,dataset_2,embedding
832,0.6931471805599453,0.66369015,train,p35,dataset_2,embedding
1135,0.6931471805599453,0.697727,train,p35,dataset_2,embedding
1217,0.6931471805599453,0.66363317,train,p35,dataset_2,embedding
207,4.356708826689592,4.3346906,train,p35,dataset_2,embedding
363,0.6931471805599453,0.67845803,train,p35,dataset_2,embedding
883,0.6931471805599453,0.7130581,train,p35,dataset_2,embedding
311,0.6931471805599453,0.7071238,train,p35,dataset_2,embedding
649,0.6931471805599453,0.77818614,train,p35,dataset_2,embedding
55,0.6931471805599453,0.7926303,train,p35,dataset_2,embedding
714,3.784189633918261,3.907833,train,p35,dataset_2,embedding
1344,0.6931471805599453,0.65756136,train,p35,dataset_2,embedding
1121,0.6931471805599453,0.8055199,train,p35,dataset_2,embedding
1020,0.6931471805599453,0.6599116,train,p35,dataset_2,embedding
990,0.6931471805599453,0.6906741,train,p35,dataset_2,embedding
428,0.6931471805599453,0.6686763,train,p35,dataset_2,embedding
1130,0.6931471805599453,0.78452045,train,p35,dataset_2,embedding
784,0.6931471805599453,0.63570195,train,p35,dataset_2,embedding
963,0.6931471805599453,0.6803964,train,p35,dataset_2,embedding
73,0.6931471805599453,0.65904135,train,p35,dataset_2,embedding
759,0.6931471805599453,0.6856802,train,p35,dataset_2,embedding
1183,0.6931471805599453,0.735409,train,p35,dataset_2,embedding
678,0.6931471805599453,0.75560963,train,p35,dataset_2,embedding
1005,0.6931471805599453,0.65922135,train,p35,dataset_2,embedding
1374,0.6931471805599453,0.8342295,train,p35,dataset_2,embedding
1404,0.6931471805599453,0.705683,train,p35,dataset_2,embedding
1118,0.6931471805599453,0.6717805,train,p35,dataset_2,embedding
719,2.1972245773362196,1.5186795,train,p35,dataset_2,embedding
988,0.6931471805599453,0.7693086,train,p35,dataset_2,embedding
193,0.6931471805599453,0.7602113,train,p35,dataset_2,embedding
504,0.6931471805599453,0.676495,train,p35,dataset_2,embedding
145,0.6931471805599453,0.68631315,train,p35,dataset_2,embedding
735,0.6931471805599453,0.8359044,train,p35,dataset_2,embedding
307,0.6931471805599453,0.72453743,train,p35,dataset_2,embedding
1250,0.6931471805599453,0.7021245,train,p35,dataset_2,embedding
39,0.6931471805599453,0.72197276,train,p35,dataset_2,embedding
1402,0.6931471805599453,0.6652337,train,p35,dataset_2,embedding
1166,3.091042453358316,3.7167914,train,p35,dataset_2,embedding
1417,0.6931471805599453,0.6573857,train,p35,dataset_2,embedding
448,0.6931471805599453,0.71375394,train,p35,dataset_2,embedding
1091,0.6931471805599453,0.85617095,train,p35,dataset_2,embedding
834,0.6931471805599453,0.75827926,train,p35,dataset_2,embedding
987,0.6931471805599453,0.6608704,train,p35,dataset_2,embedding
1011,0.6931471805599453,0.7122577,train,p35,dataset_2,embedding
1355,2.1972245773362196,2.3304803,train,p35,dataset_2,embedding
278,0.6931471805599453,0.67913693,train,p35,dataset_2,embedding
1361,0.6931471805599453,0.6326315,train,p35,dataset_2,embedding
1240,0.6931471805599453,0.6740792,train,p35,dataset_2,embedding
50,0.6931471805599453,0.7966338,train,p35,dataset_2,embedding
197,0.6931471805599453,0.6544227,train,p35,dataset_2,embedding
1034,0.6931471805599453,0.6753504,train,p35,dataset_2,embedding
284,2.0794415416798357,1.4009318,train,p35,dataset_2,embedding
1327,0.6931471805599453,0.6981916,train,p35,dataset_2,embedding
603,0.6931471805599453,0.7239992,train,p35,dataset_2,embedding
7,0.6931471805599453,0.65185857,train,p35,dataset_2,embedding
404,1.3862943611198906,1.5605336,train,p35,dataset_2,embedding
701,1.791759469228055,1.2055256,train,p35,dataset_2,embedding
620,0.6931471805599453,0.6665249,train,p35,dataset_2,embedding
1221,1.0986122886681098,0.90429896,train,p35,dataset_2,embedding
1282,0.6931471805599453,0.74522597,train,p35,dataset_2,embedding
943,0.6931471805599453,0.6630686,train,p35,dataset_2,embedding
925,0.6931471805599453,0.67349285,train,p35,dataset_2,embedding
794,0.6931471805599453,0.6643599,train,p35,dataset_2,embedding
939,0.6931471805599453,0.70058733,train,p35,dataset_2,embedding
1029,0.6931471805599453,0.7273289,train,p35,dataset_2,embedding
51,0.6931471805599453,0.8466218,train,p35,dataset_2,embedding
395,4.007333185232471,2.929763,train,p35,dataset_2,embedding
1398,0.6931471805599453,0.735043,train,p35,dataset_2,embedding
796,0.6931471805599453,0.68546385,train,p35,dataset_2,embedding
1138,0.6931471805599453,0.6596064,train,p35,dataset_2,embedding
373,0.6931471805599453,0.6579482,train,p35,dataset_2,embedding
920,0.6931471805599453,0.6768859,train,p35,dataset_2,embedding
34,1.0986122886681098,0.99098194,train,p35,dataset_2,embedding
321,0.6931471805599453,0.67662805,train,p35,dataset_2,embedding
287,0.6931471805599453,0.7594958,train,p35,dataset_2,embedding
1290,0.6931471805599453,0.6793183,train,p35,dataset_2,embedding
853,0.6931471805599453,0.6746629,train,p35,dataset_2,embedding
960,0.6931471805599453,0.68760496,train,p35,dataset_2,embedding
623,2.0794415416798357,1.7440597,train,p35,dataset_2,embedding
1197,0.6931471805599453,0.71285874,train,p35,dataset_2,embedding
1245,0.6931471805599453,0.66936845,train,p35,dataset_2,embedding
675,0.6931471805599453,0.9336621,train,p35,dataset_2,embedding
1142,0.6931471805599453,0.77948374,train,p35,dataset_2,embedding
484,0.6931471805599453,0.7057654,train,p35,dataset_2,embedding
440,0.6931471805599453,0.6697383,train,p35,dataset_2,embedding
1006,0.6931471805599453,0.6606466,train,p35,dataset_2,embedding
1401,0.6931471805599453,0.65634984,train,p35,dataset_2,embedding
118,0.6931471805599453,0.7004169,train,p35,dataset_2,embedding
604,0.6931471805599453,0.6743961,train,p35,dataset_2,embedding
1259,0.6931471805599453,0.65973496,train,p35,dataset_2,embedding
574,0.6931471805599453,0.69445115,train,p35,dataset_2,embedding
426,0.6931471805599453,0.6224844,train,p35,dataset_2,embedding
1204,0.6931471805599453,0.7029656,train,p35,dataset_2,embedding
471,0.6931471805599453,0.6743677,train,p35,dataset_2,embedding
107,0.6931471805599453,0.67631507,train,p35,dataset_2,embedding
495,0.6931471805599453,0.6962227,train,p35,dataset_2,embedding
1375,0.6931471805599453,0.7599579,train,p35,dataset_2,embedding
1102,0.6931471805599453,0.69002,train,p35,dataset_2,embedding
217,1.0986122886681098,0.7467551,train,p35,dataset_2,embedding
763,0.6931471805599453,0.7128566,train,p35,dataset_2,embedding
1296,0.6931471805599453,0.705935,train,p35,dataset_2,embedding
770,0.6931471805599453,0.7197265,train,p35,dataset_2,embedding
181,0.6931471805599453,0.6534794,train,p35,dataset_2,embedding
929,0.6931471805599453,0.7172205,train,p35,dataset_2,embedding
19,0.6931471805599453,0.7410921,train,p35,dataset_2,embedding
334,0.6931471805599453,0.691637,train,p35,dataset_2,embedding
639,1.9459101490553132,1.7586005,train,p35,dataset_2,embedding
755,0.6931471805599453,0.7242176,train,p35,dataset_2,embedding
790,0.6931471805599453,0.66482824,train,p35,dataset_2,embedding
132,0.6931471805599453,0.64984626,train,p35,dataset_2,embedding
442,0.6931471805599453,0.75861233,train,p35,dataset_2,embedding
1179,0.6931471805599453,0.7766588,train,p35,dataset_2,embedding
1105,0.6931471805599453,0.7006838,train,p35,dataset_2,embedding
950,0.6931471805599453,0.6875033,train,p35,dataset_2,embedding
712,1.0986122886681098,0.9329677,train,p35,dataset_2,embedding
1363,0.6931471805599453,0.67029285,train,p35,dataset_2,embedding
486,0.6931471805599453,0.69808865,train,p35,dataset_2,embedding
1125,1.0986122886681098,0.91468406,train,p35,dataset_2,embedding
381,0.6931471805599453,0.6591193,train,p35,dataset_2,embedding
268,1.791759469228055,1.842661,train,p35,dataset_2,embedding
1270,0.6931471805599453,0.68889135,train,p35,dataset_2,embedding
1062,0.6931471805599453,0.7804424,train,p35,dataset_2,embedding
63,0.6931471805599453,0.72553104,train,p35,dataset_2,embedding
301,0.6931471805599453,0.6839711,train,p35,dataset_2,embedding
1196,0.6931471805599453,0.68484765,train,p35,dataset_2,embedding
1016,0.6931471805599453,0.7057106,train,p35,dataset_2,embedding
349,0.6931471805599453,0.64884394,train,p35,dataset_2,embedding
502,0.6931471805599453,0.6760289,train,p35,dataset_2,embedding
344,1.0986122886681098,0.76596236,train,p35,dataset_2,embedding
168,0.6931471805599453,0.6599141,train,p35,dataset_2,embedding
1112,0.6931471805599453,0.71326584,train,p35,dataset_2,embedding
430,0.6931471805599453,0.8361273,train,p35,dataset_2,embedding
151,0.6931471805599453,0.67079186,train,p35,dataset_2,embedding
863,0.6931471805599453,0.76275164,train,p35,dataset_2,embedding
312,0.6931471805599453,0.73811495,train,p35,dataset_2,embedding
1152,0.6931471805599453,0.67786235,train,p35,dataset_2,embedding
225,0.6931471805599453,0.7038745,train,p35,dataset_2,embedding
177,0.6931471805599453,0.6372972,train,p35,dataset_2,embedding
1271,0.6931471805599453,0.7301459,train,p35,dataset_2,embedding
949,0.6931471805599453,0.6978089,train,p35,dataset_2,embedding
318,0.6931471805599453,0.6884075,train,p35,dataset_2,embedding
414,0.6931471805599453,0.7642972,train,p35,dataset_2,embedding
743,0.6931471805599453,0.69473714,train,p35,dataset_2,embedding
697,0.6931471805599453,0.66720253,train,p35,dataset_2,embedding
327,0.6931471805599453,0.8358758,train,p35,dataset_2,embedding
669,1.0986122886681098,0.9213062,train,p35,dataset_2,embedding
783,0.6931471805599453,0.70916444,train,p35,dataset_2,embedding
1059,0.6931471805599453,0.7298755,train,p35,dataset_2,embedding
57,0.6931471805599453,0.7526907,train,p35,dataset_2,embedding
1339,0.6931471805599453,0.6586072,train,p35,dataset_2,embedding
361,0.6931471805599453,0.7332793,train,p35,dataset_2,embedding
1382,0.6931471805599453,0.78631467,train,p35,dataset_2,embedding
89,0.6931471805599453,0.7140234,train,p35,dataset_2,embedding
1280,0.6931471805599453,0.67184746,train,p35,dataset_2,embedding
1187,0.6931471805599453,0.6718619,train,p35,dataset_2,embedding
425,0.6931471805599453,0.6470762,train,p35,dataset_2,embedding
777,0.6931471805599453,0.672075,train,p35,dataset_2,embedding
18,1.0986122886681098,0.7871017,train,p35,dataset_2,embedding
366,0.6931471805599453,0.65954953,train,p35,dataset_2,embedding
977,0.6931471805599453,0.7214355,train,p35,dataset_2,embedding
469,0.6931471805599453,0.7084757,train,p35,dataset_2,embedding
1281,0.6931471805599453,0.9016134,train,p35,dataset_2,embedding
579,0.6931471805599453,0.6747942,train,p35,dataset_2,embedding
1431,0.6931471805599453,0.6705567,train,p35,dataset_2,embedding
99,0.6931471805599453,0.7119875,train,p35,dataset_2,embedding
1026,0.6931471805599453,0.67619354,train,p35,dataset_2,embedding
1225,0.6931471805599453,0.7810051,train,p35,dataset_2,embedding
635,3.871201010907891,2.4446797,train,p35,dataset_2,embedding
1039,0.6931471805599453,0.6524972,train,p35,dataset_2,embedding
233,0.6931471805599453,0.71476537,train,p35,dataset_2,embedding
266,0.6931471805599453,0.65810204,train,p35,dataset_2,embedding
1243,0.6931471805599453,0.70778316,train,p35,dataset_2,embedding
126,0.6931471805599453,0.67565805,train,p35,dataset_2,embedding
246,1.3862943611198906,1.2287974,train,p35,dataset_2,embedding
1028,0.6931471805599453,0.7093818,train,p35,dataset_2,embedding
333,0.6931471805599453,0.6864978,train,p35,dataset_2,embedding
163,0.6931471805599453,0.67568713,train,p35,dataset_2,embedding
545,0.6931471805599453,0.6871925,train,p35,dataset_2,embedding
415,0.6931471805599453,0.94621617,train,p35,dataset_2,embedding
12,0.6931471805599453,0.70533735,train,p35,dataset_2,embedding
255,0.6931471805599453,0.68817776,train,p35,dataset_2,embedding
412,0.6931471805599453,0.77748847,train,p35,dataset_2,embedding
1405,0.6931471805599453,0.6976155,train,p35,dataset_2,embedding
1392,0.6931471805599453,0.65399647,train,p35,dataset_2,embedding
341,0.6931471805599453,0.7910879,train,p35,dataset_2,embedding
1084,0.6931471805599453,0.65920216,train,p35,dataset_2,embedding
1439,0.6931471805599453,0.70177203,train,p35,dataset_2,embedding
1019,0.6931471805599453,0.68726563,train,p35,dataset_2,embedding
377,0.6931471805599453,0.5419285,train,p35,dataset_2,embedding
563,0.6931471805599453,0.6626607,train,p35,dataset_2,embedding
202,0.6931471805599453,0.65322936,train,p35,dataset_2,embedding
1272,0.6931471805599453,0.6868921,train,p35,dataset_2,embedding
1047,0.6931471805599453,0.6673719,train,p35,dataset_2,embedding
923,0.6931471805599453,0.69952875,train,p35,dataset_2,embedding
741,1.3862943611198906,1.0056887,train,p35,dataset_2,embedding
384,0.6931471805599453,0.6709337,train,p35,dataset_2,embedding
401,0.6931471805599453,0.68755835,train,p35,dataset_2,embedding
980,0.6931471805599453,0.8127249,train,p35,dataset_2,embedding
1317,0.6931471805599453,0.63248044,train,p35,dataset_2,embedding
540,0.6931471805599453,0.73289007,train,p35,dataset_2,embedding
1306,0.6931471805599453,0.74676734,train,p35,dataset_2,embedding
123,0.6931471805599453,0.7150527,train,p35,dataset_2,embedding
489,0.6931471805599453,0.66053003,train,p35,dataset_2,embedding
277,0.6931471805599453,0.67007154,train,p35,dataset_2,embedding
1003,0.6931471805599453,0.6984107,train,p35,dataset_2,embedding
1345,0.6931471805599453,0.729366,train,p35,dataset_2,embedding
937,0.6931471805599453,0.6535014,train,p35,dataset_2,embedding
595,2.1972245773362196,2.0504158,train,p35,dataset_2,embedding
1052,0.6931471805599453,0.70120144,train,p35,dataset_2,embedding
957,0.6931471805599453,0.6773289,train,p35,dataset_2,embedding
616,0.6931471805599453,0.6590994,train,p35,dataset_2,embedding
598,0.6931471805599453,0.8906172,train,p35,dataset_2,embedding
438,0.6931471805599453,0.89839214,train,p35,dataset_2,embedding
511,0.6931471805599453,0.65598327,train,p35,dataset_2,embedding
209,1.3862943611198906,1.9193835,train,p35,dataset_2,embedding
1433,0.6931471805599453,0.6576572,train,p35,dataset_2,embedding
339,0.6931471805599453,0.76992434,train,p35,dataset_2,embedding
1018,0.6931471805599453,0.6523431,train,p35,dataset_2,embedding
984,0.6931471805599453,0.65839344,train,p35,dataset_2,embedding
1421,0.6931471805599453,0.69674796,train,p35,dataset_2,embedding
1328,0.6931471805599453,0.706013,train,p35,dataset_2,embedding
689,0.6931471805599453,0.95638865,train,p35,dataset_2,embedding
588,1.0986122886681098,0.82611865,train,p35,dataset_2,embedding
167,0.6931471805599453,0.7025952,train,p35,dataset_2,embedding
1067,0.6931471805599453,0.67221564,train,p35,dataset_2,embedding
46,0.6931471805599453,0.7797065,train,p35,dataset_2,embedding
687,0.6931471805599453,0.70661217,train,p35,dataset_2,embedding
509,0.6931471805599453,0.70652664,train,p35,dataset_2,embedding
561,0.6931471805599453,0.6952405,train,p35,dataset_2,embedding
532,0.6931471805599453,0.7308054,train,p35,dataset_2,embedding
626,3.688879454113936,3.8347373,train,p35,dataset_2,embedding
632,2.4849066497880004,2.542665,train,p35,dataset_2,embedding
531,0.6931471805599453,0.6970411,train,p35,dataset_2,embedding
81,1.3862943611198906,1.1515963,train,p35,dataset_2,embedding
673,1.0986122886681098,0.8901736,train,p35,dataset_2,embedding
1312,0.6931471805599453,0.6798075,train,p35,dataset_2,embedding
345,0.6931471805599453,0.65963644,train,p35,dataset_2,embedding
522,0.6931471805599453,0.6758644,train,p35,dataset_2,embedding
723,0.6931471805599453,0.71366245,train,p35,dataset_2,embedding
86,0.6931471805599453,0.732573,train,p35,dataset_2,embedding
185,0.6931471805599453,0.66664475,train,p35,dataset_2,embedding
1378,0.6931471805599453,0.66662896,train,p35,dataset_2,embedding
665,1.0986122886681098,1.1631979,train,p35,dataset_2,embedding
1425,0.6931471805599453,0.7175673,train,p35,dataset_2,embedding
1172,0.6931471805599453,0.86798686,train,p35,dataset_2,embedding
1332,0.6931471805599453,0.6939808,train,p35,dataset_2,embedding
737,0.6931471805599453,0.74225074,train,p35,dataset_2,embedding
238,0.6931471805599453,0.9138972,train,p35,dataset_2,embedding
722,1.0986122886681098,1.1269083,train,p35,dataset_2,embedding
1416,0.6931471805599453,0.77223176,train,p35,dataset_2,embedding
1043,0.6931471805599453,0.6982663,train,p35,dataset_2,embedding
228,0.6931471805599453,0.7543295,train,p35,dataset_2,embedding
715,2.302585092994046,2.6335995,train,p35,dataset_2,embedding
346,0.6931471805599453,0.71380895,train,p35,dataset_2,embedding
1384,0.6931471805599453,0.9213367,train,p35,dataset_2,embedding
75,0.6931471805599453,0.92392856,train,p35,dataset_2,embedding
26,0.6931471805599453,0.6866489,train,p35,dataset_2,embedding
744,0.6931471805599453,0.88998955,train,p35,dataset_2,embedding
1066,0.6931471805599453,0.729461,train,p35,dataset_2,embedding
1038,0.6931471805599453,0.6767332,train,p35,dataset_2,embedding
1386,0.6931471805599453,0.6801699,train,p35,dataset_2,embedding
1122,0.6931471805599453,0.82087886,train,p35,dataset_2,embedding
1407,0.6931471805599453,0.65744424,train,p35,dataset_2,embedding
66,0.6931471805599453,0.6738238,train,p35,dataset_2,embedding
1098,0.6931471805599453,0.6671722,train,p35,dataset_2,embedding
915,0.6931471805599453,0.6804159,train,p35,dataset_2,embedding
198,0.6931471805599453,0.6761578,train,p35,dataset_2,embedding
71,0.6931471805599453,0.73834956,train,p35,dataset_2,embedding
913,0.6931471805599453,0.69904894,train,p35,dataset_2,embedding
624,0.6931471805599453,0.66261184,train,p35,dataset_2,embedding
230,0.6931471805599453,0.7094807,train,p35,dataset_2,embedding
524,1.0986122886681098,0.9127247,train,p35,dataset_2,embedding
250,0.6931471805599453,0.6616341,train,p35,dataset_2,embedding
406,0.6931471805599453,0.6662552,train,p35,dataset_2,embedding
700,0.6931471805599453,0.7061602,train,p35,dataset_2,embedding
860,0.6931471805599453,0.68657726,train,p35,dataset_2,embedding
724,1.3862943611198906,1.6481084,train,p35,dataset_2,embedding
539,0.6931471805599453,0.8087374,train,p35,dataset_2,embedding
1354,2.1972245773362196,2.476031,train,p35,dataset_2,embedding
797,0.6931471805599453,0.7262779,train,p35,dataset_2,embedding
788,0.6931471805599453,0.6780775,train,p35,dataset_2,embedding
622,0.6931471805599453,0.69674045,train,p35,dataset_2,embedding
932,0.6931471805599453,0.6622383,train,p35,dataset_2,embedding
170,0.6931471805599453,0.70042014,train,p35,dataset_2,embedding
747,0.6931471805599453,0.7287933,train,p35,dataset_2,embedding
1337,0.6931471805599453,0.69902784,train,p35,dataset_2,embedding
1053,0.6931471805599453,0.7629833,train,p35,dataset_2,embedding
248,0.6931471805599453,0.6908717,train,p35,dataset_2,embedding
1119,0.6931471805599453,0.72174454,train,p35,dataset_2,embedding
279,0.6931471805599453,0.6616955,train,p35,dataset_2,embedding
583,0.6931471805599453,0.6832754,train,p35,dataset_2,embedding
582,0.6931471805599453,0.70494616,train,p35,dataset_2,embedding
1031,0.6931471805599453,0.6595157,train,p35,dataset_2,embedding
305,0.6931471805599453,0.65774286,train,p35,dataset_2,embedding
1169,3.8501476017100584,1.531634,train,p35,dataset_2,embedding
775,0.6931471805599453,0.7014311,train,p35,dataset_2,embedding
958,0.6931471805599453,0.67169136,train,p35,dataset_2,embedding
651,0.6931471805599453,0.90846235,train,p35,dataset_2,embedding
900,0.6931471805599453,0.69472486,train,p35,dataset_2,embedding
1054,0.6931471805599453,0.6962819,train,p35,dataset_2,embedding
42,0.6931471805599453,0.6596406,train,p35,dataset_2,embedding
815,0.6931471805599453,0.78920835,train,p35,dataset_2,embedding
1185,0.6931471805599453,0.64211565,train,p35,dataset_2,embedding
945,0.6931471805599453,0.6999827,train,p35,dataset_2,embedding
196,0.6931471805599453,0.6619108,train,p35,dataset_2,embedding
508,0.6931471805599453,0.7393077,train,p35,dataset_2,embedding
694,1.791759469228055,1.5636574,train,p35,dataset_2,embedding
894,0.6931471805599453,0.65909576,train,p35,dataset_2,embedding
1395,0.6931471805599453,0.65670484,train,p35,dataset_2,embedding
982,1.0986122886681098,0.7752167,train,p35,dataset_2,embedding
325,0.6931471805599453,0.7256338,train,p35,dataset_2,embedding
652,1.0986122886681098,0.9286793,train,p35,dataset_2,embedding
625,2.4849066497880004,3.011317,train,p35,dataset_2,embedding
1129,1.0986122886681098,0.9654939,train,p35,dataset_2,embedding
586,0.6931471805599453,0.67388076,train,p35,dataset_2,embedding
147,0.6931471805599453,0.67634153,train,p35,dataset_2,embedding
148,0.6931471805599453,0.659248,train,p35,dataset_2,embedding
733,0.6931471805599453,0.8264698,train,p35,dataset_2,embedding
1397,0.6931471805599453,0.65856487,train,p35,dataset_2,embedding
1274,0.6931471805599453,0.6579371,train,p35,dataset_2,embedding
330,0.6931471805599453,0.6580869,train,p35,dataset_2,embedding
313,0.6931471805599453,0.695997,train,p35,dataset_2,embedding
103,0.6931471805599453,0.71502775,train,p35,dataset_2,embedding
61,0.6931471805599453,0.6592039,train,p35,dataset_2,embedding
165,0.6931471805599453,0.68377477,train,p35,dataset_2,embedding
323,0.6931471805599453,0.70086616,train,p35,dataset_2,embedding
93,0.6931471805599453,0.6571714,train,p35,dataset_2,embedding
154,0.6931471805599453,0.6592325,train,p35,dataset_2,embedding
1033,0.6931471805599453,0.75086987,train,p35,dataset_2,embedding
1040,0.6931471805599453,0.69479495,train,p35,dataset_2,embedding
288,0.6931471805599453,0.7123348,train,p35,dataset_2,embedding
386,0.6931471805599453,0.6964529,train,p35,dataset_2,embedding
1393,0.6931471805599453,0.67392826,train,p35,dataset_2,embedding
45,0.6931471805599453,0.6864901,train,p35,dataset_2,embedding
895,0.6931471805599453,0.6400337,train,p35,dataset_2,embedding
443,0.6931471805599453,0.6776731,train,p35,dataset_2,embedding
702,0.6931471805599453,0.65811354,train,p35,dataset_2,embedding
187,0.6931471805599453,0.67118084,train,p35,dataset_2,embedding
478,0.6931471805599453,0.7157231,train,p35,dataset_2,embedding
3,0.6931471805599453,0.72726995,train,p35,dataset_2,embedding
657,0.6931471805599453,1.001841,train,p35,dataset_2,embedding
173,0.6931471805599453,0.8050099,train,p35,dataset_2,embedding
1208,0.6931471805599453,0.66357476,train,p35,dataset_2,embedding
1074,0.6931471805599453,0.65375894,train,p35,dataset_2,embedding
877,0.6931471805599453,0.6817167,train,p35,dataset_2,embedding
773,0.6931471805599453,0.78931475,train,p35,dataset_2,embedding
328,0.6931471805599453,0.6790379,train,p35,dataset_2,embedding
399,2.3978952727983707,2.522055,train,p35,dataset_2,embedding
1219,0.6931471805599453,0.67348456,train,p35,dataset_2,embedding
244,0.6931471805599453,0.72216374,train,p35,dataset_2,embedding
293,0.6931471805599453,0.6853031,train,p35,dataset_2,embedding
1260,0.6931471805599453,0.6706906,train,p35,dataset_2,embedding
1124,0.6931471805599453,0.7469922,train,p35,dataset_2,embedding
1200,0.6931471805599453,0.69187677,train,p35,dataset_2,embedding
1199,0.6931471805599453,0.6708454,train,p35,dataset_2,embedding
662,0.6931471805599453,0.8308207,train,p35,dataset_2,embedding
1015,0.6931471805599453,0.70735675,train,p35,dataset_2,embedding
801,0.6931471805599453,0.779146,train,p35,dataset_2,embedding
1002,0.6931471805599453,0.68021363,train,p35,dataset_2,embedding
343,0.6931471805599453,0.78165036,train,p35,dataset_2,embedding
1396,0.6931471805599453,0.693481,train,p35,dataset_2,embedding
184,0.6931471805599453,0.71786726,train,p35,dataset_2,embedding
466,0.6931471805599453,0.98331136,train,p35,dataset_2,embedding
56,0.6931471805599453,0.6637637,train,p35,dataset_2,embedding
422,0.6931471805599453,0.7314648,train,p35,dataset_2,embedding
523,0.6931471805599453,0.6761991,train,p35,dataset_2,embedding
831,0.6931471805599453,0.65865856,train,p35,dataset_2,embedding
922,0.6931471805599453,0.701883,train,p35,dataset_2,embedding
1358,1.6094379124341005,1.6883619,train,p35,dataset_2,embedding
826,0.6931471805599453,0.7080814,train,p35,dataset_2,embedding
597,1.0986122886681098,0.9171068,train,p35,dataset_2,embedding
959,0.6931471805599453,0.7323901,train,p35,dataset_2,embedding
136,0.6931471805599453,0.6922389,train,p35,dataset_2,embedding
1013,0.6931471805599453,0.6747491,train,p35,dataset_2,embedding
485,0.6931471805599453,0.707961,train,p35,dataset_2,embedding
219,0.6931471805599453,0.70978403,train,p35,dataset_2,embedding
989,0.6931471805599453,0.740838,train,p35,dataset_2,embedding
195,0.6931471805599453,0.6727564,train,p35,dataset_2,embedding
91,0.6931471805599453,0.9063025,train,p35,dataset_2,embedding
298,0.6931471805599453,0.6853744,train,p35,dataset_2,embedding
1323,1.6094379124341005,1.4235203,train,p35,dataset_2,embedding
88,0.6931471805599453,0.6937556,train,p35,dataset_2,embedding
1284,0.6931471805599453,0.7055382,train,p35,dataset_2,embedding
402,2.9444389791664403,2.8926575,train,p35,dataset_2,embedding
589,0.6931471805599453,0.70521504,train,p35,dataset_2,embedding
780,0.6931471805599453,0.69652885,train,p35,dataset_2,embedding
176,0.6931471805599453,0.6755945,train,p35,dataset_2,embedding
1049,0.6931471805599453,0.7404587,train,p35,dataset_2,embedding
74,0.6931471805599453,0.71174186,train,p35,dataset_2,embedding
528,0.6931471805599453,0.6891646,train,p35,dataset_2,embedding
554,3.4339872044851463,3.0273342,train,p35,dataset_2,embedding
952,0.6931471805599453,0.6767495,train,p35,dataset_2,embedding
105,0.6931471805599453,0.6961215,train,p35,dataset_2,embedding
644,0.6931471805599453,0.82644945,train,p35,dataset_2,embedding
407,0.6931471805599453,0.7832418,train,p35,dataset_2,embedding
234,0.6931471805599453,0.6893037,train,p35,dataset_2,embedding
1147,0.6931471805599453,0.7211912,train,p35,dataset_2,embedding
641,1.9459101490553132,1.2542233,train,p35,dataset_2,embedding
138,0.6931471805599453,0.6590743,train,p35,dataset_2,embedding
240,2.0794415416798357,2.2241333,train,p35,dataset_2,embedding
1335,0.6931471805599453,0.67721874,train,p35,dataset_2,embedding
882,0.6931471805599453,0.67706126,train,p35,dataset_2,embedding
546,0.6931471805599453,0.6783999,train,p35,dataset_2,embedding
1148,0.6931471805599453,0.6601667,train,p35,dataset_2,embedding
100,0.6931471805599453,0.9053295,train,p35,dataset_2,embedding
220,0.6931471805599453,0.83776087,train,p35,dataset_2,embedding
54,0.6931471805599453,0.67554957,train,p35,dataset_2,embedding
648,0.6931471805599453,0.8036575,train,p35,dataset_2,embedding
462,0.6931471805599453,0.6757283,train,p35,dataset_2,embedding
1292,0.6931471805599453,0.71580327,train,p35,dataset_2,embedding
1244,0.6931471805599453,0.875302,train,p35,dataset_2,embedding
1165,2.5649493574615367,3.3984118,train,p35,dataset_2,embedding
272,0.6931471805599453,0.6761221,train,p35,dataset_2,embedding
360,0.6931471805599453,0.83046216,train,p35,dataset_2,embedding
917,0.6931471805599453,0.6791413,train,p35,dataset_2,embedding
467,0.6931471805599453,0.6605036,train,p35,dataset_2,embedding
1101,0.6931471805599453,0.67647314,train,p35,dataset_2,embedding
468,0.6931471805599453,0.6821697,train,p35,dataset_2,embedding
29,1.0986122886681098,0.9966713,train,p35,dataset_2,embedding
573,0.6931471805599453,0.676,train,p35,dataset_2,embedding
1376,0.6931471805599453,0.65336275,train,p35,dataset_2,embedding
862,0.6931471805599453,0.6860719,train,p35,dataset_2,embedding
420,0.6931471805599453,0.71652985,train,p35,dataset_2,embedding
746,0.6931471805599453,0.6630376,train,p35,dataset_2,embedding
82,1.0986122886681098,0.90722924,train,p35,dataset_2,embedding
1120,0.6931471805599453,0.72809863,train,p35,dataset_2,embedding
375,0.6931471805599453,0.7306936,train,p35,dataset_2,embedding
696,0.6931471805599453,0.69685537,train,p35,dataset_2,embedding
1023,0.6931471805599453,0.71810853,train,p35,dataset_2,embedding
11,0.6931471805599453,0.81001824,train,p35,dataset_2,embedding
273,0.6931471805599453,0.6704747,train,p35,dataset_2,embedding
393,1.0986122886681098,0.92040914,train,p35,dataset_2,embedding
1194,0.6931471805599453,0.7159408,train,p35,dataset_2,embedding
260,0.6931471805599453,0.689305,train,p35,dataset_2,embedding
1229,0.6931471805599453,0.695081,train,p35,dataset_2,embedding
310,0.6931471805599453,0.6522351,train,p35,dataset_2,embedding
1289,0.6931471805599453,0.7363737,train,p35,dataset_2,embedding
206,0.6931471805599453,0.68485504,train,p35,dataset_2,embedding
819,0.6931471805599453,0.6685179,train,p35,dataset_2,embedding
1137,0.6931471805599453,0.67313844,train,p35,dataset_2,embedding
10,0.6931471805599453,0.69668514,train,p35,dataset_2,embedding
711,0.6931471805599453,0.69117284,train,p35,dataset_2,embedding
131,0.6931471805599453,0.6811211,train,p35,dataset_2,embedding
444,0.6931471805599453,0.7862148,train,p35,dataset_2,embedding
876,0.6931471805599453,0.66506046,train,p35,dataset_2,embedding
379,1.0986122886681098,0.8207779,train,p35,dataset_2,embedding
16,0.6931471805599453,0.66833586,train,p35,dataset_2,embedding
1069,0.6931471805599453,0.6576434,train,p35,dataset_2,embedding
776,0.6931471805599453,0.6878908,train,p35,dataset_2,embedding
666,0.6931471805599453,0.74132997,train,p35,dataset_2,embedding
317,0.6931471805599453,0.72213864,train,p35,dataset_2,embedding
907,0.6931471805599453,0.7209602,train,p35,dataset_2,embedding
1007,0.6931471805599453,0.6943748,train,p35,dataset_2,embedding
1103,0.6931471805599453,0.696546,train,p35,dataset_2,embedding
916,0.6931471805599453,0.6891933,train,p35,dataset_2,embedding
392,0.6931471805599453,0.9308833,train,p35,dataset_2,embedding
1177,0.6931471805599453,0.7753719,train,p35,dataset_2,embedding
372,0.6931471805599453,0.6590904,train,p35,dataset_2,embedding
162,0.6931471805599453,0.61845136,train,p35,dataset_2,embedding
9,0.6931471805599453,0.6963189,train,p35,dataset_2,embedding
1175,0.6931471805599453,0.67396283,train,p35,dataset_2,embedding
936,0.6931471805599453,0.6756516,train,p35,dataset_2,embedding
292,1.0986122886681098,0.7812175,train,p35,dataset_2,embedding
1109,0.6931471805599453,0.636596,train,p35,dataset_2,embedding
870,0.6931471805599453,0.6597645,train,p35,dataset_2,embedding
965,0.6931471805599453,0.660494,train,p35,dataset_2,embedding
742,0.6931471805599453,0.688992,train,p35,dataset_2,embedding
880,0.6931471805599453,0.6680899,train,p35,dataset_2,embedding
981,0.6931471805599453,0.6750871,train,p35,dataset_2,embedding
1154,0.6931471805599453,0.807807,train,p35,dataset_2,embedding
1032,0.6931471805599453,0.67699045,train,p35,dataset_2,embedding
155,0.6931471805599453,0.71311706,train,p35,dataset_2,embedding
889,0.6931471805599453,0.6868732,train,p35,dataset_2,embedding
153,0.6931471805599453,0.73861283,train,p35,dataset_2,embedding
1009,0.6931471805599453,0.6797264,train,p35,dataset_2,embedding
1275,0.6931471805599453,0.6523442,train,p35,dataset_2,embedding
388,0.6931471805599453,0.7278763,train,p35,dataset_2,embedding
120,0.6931471805599453,0.67885226,train,p35,dataset_2,embedding
858,0.6931471805599453,0.6854364,train,p35,dataset_2,embedding
1437,0.6931471805599453,0.65749633,train,p35,dataset_2,embedding
286,0.6931471805599453,0.6311775,train,p35,dataset_2,embedding
480,0.6931471805599453,0.60822785,train,p35,dataset_2,embedding
914,0.6931471805599453,0.70902985,train,p35,dataset_2,embedding
1300,0.6931471805599453,0.7208366,train,p35,dataset_2,embedding
1056,0.6931471805599453,0.76555693,train,p35,dataset_2,embedding
1041,0.6931471805599453,0.72117186,train,p35,dataset_2,embedding
53,0.6931471805599453,0.659239,train,p35,dataset_2,embedding
621,0.6931471805599453,0.6832248,train,p35,dataset_2,embedding
1096,0.6931471805599453,0.67862755,train,p35,dataset_2,embedding
78,0.6931471805599453,0.7290686,train,p35,dataset_2,embedding
1226,0.6931471805599453,0.6989377,train,p35,dataset_2,embedding
1004,0.6931471805599453,0.68931454,train,p35,dataset_2,embedding
1044,0.6931471805599453,0.69610757,train,p35,dataset_2,embedding
707,0.6931471805599453,0.73318976,train,p35,dataset_2,embedding
828,0.6931471805599453,0.67947817,train,p35,dataset_2,embedding
1218,0.6931471805599453,0.7272646,train,p35,dataset_2,embedding
1108,0.6931471805599453,0.69904214,train,p35,dataset_2,embedding
214,1.3862943611198906,0.8670053,train,p35,dataset_2,embedding
642,1.0986122886681098,1.1706617,train,p35,dataset_2,embedding
964,0.6931471805599453,0.6620429,train,p35,dataset_2,embedding
899,0.6931471805599453,0.65895915,train,p35,dataset_2,embedding
281,0.6931471805599453,0.6573095,train,p35,dataset_2,embedding
569,0.6931471805599453,0.6945263,train,p35,dataset_2,embedding
371,0.6931471805599453,0.6823756,train,p35,dataset_2,embedding
25,0.6931471805599453,0.778904,train,p35,dataset_2,embedding
774,0.6931471805599453,0.69700336,train,p35,dataset_2,embedding
1248,0.6931471805599453,0.7131054,train,p35,dataset_2,embedding
1106,0.6931471805599453,0.71871537,train,p35,dataset_2,embedding
1222,0.6931471805599453,0.6922824,train,p35,dataset_2,embedding
660,0.6931471805599453,0.6937371,train,p35,dataset_2,embedding
1263,0.6931471805599453,0.6766598,train,p35,dataset_2,embedding
892,0.6931471805599453,0.6602983,train,p35,dataset_2,embedding
453,0.6931471805599453,0.6699334,train,p35,dataset_2,embedding
1308,0.6931471805599453,0.71620125,train,p35,dataset_2,embedding
944,0.6931471805599453,0.8296296,train,p35,dataset_2,embedding
102,0.6931471805599453,0.6974273,train,p35,dataset_2,embedding
1151,0.6931471805599453,0.6999086,train,p35,dataset_2,embedding
1191,0.6931471805599453,0.796907,train,p35,dataset_2,embedding
357,0.6931471805599453,0.72584325,train,p35,dataset_2,embedding
389,0.6931471805599453,0.6929478,train,p35,dataset_2,embedding
249,0.6931471805599453,0.67638427,train,p35,dataset_2,embedding
778,0.6931471805599453,0.70751005,train,p35,dataset_2,embedding
1370,0.6931471805599453,0.74911153,train,p35,dataset_2,embedding
1291,0.6931471805599453,0.671057,train,p35,dataset_2,embedding
810,0.6931471805599453,0.68057483,train,p35,dataset_2,embedding
1133,0.6931471805599453,0.90791196,train,p35,dataset_2,embedding
134,0.6931471805599453,0.6598553,train,p35,dataset_2,embedding
962,0.6931471805599453,0.7007547,train,p35,dataset_2,embedding
365,0.6931471805599453,0.668342,train,p35,dataset_2,embedding
1254,0.6931471805599453,0.71795255,train,p35,dataset_2,embedding
201,0.6931471805599453,0.65913004,train,p35,dataset_2,embedding
400,1.791759469228055,2.097704,train,p35,dataset_2,embedding
140,0.6931471805599453,0.6741045,train,p35,dataset_2,embedding
610,0.6931471805599453,0.72327805,train,p35,dataset_2,embedding
556,0.6931471805599453,0.6594701,train,p35,dataset_2,embedding
618,0.6931471805599453,0.76065606,train,p35,dataset_2,embedding
461,0.6931471805599453,0.7012176,train,p35,dataset_2,embedding
1099,0.6931471805599453,0.87542444,train,p35,dataset_2,embedding
902,0.6931471805599453,0.6771681,train,p35,dataset_2,embedding
676,0.6931471805599453,0.66032505,train,p35,dataset_2,embedding
191,0.6931471805599453,0.68567955,train,p35,dataset_2,embedding
843,0.6931471805599453,0.65893435,train,p35,dataset_2,embedding
1428,0.6931471805599453,0.660337,train,p35,dataset_2,embedding
142,0.6931471805599453,0.65908176,train,p35,dataset_2,embedding
837,0.6931471805599453,0.6925875,train,p35,dataset_2,embedding
477,0.6931471805599453,0.7059427,train,p35,dataset_2,embedding
824,0.6931471805599453,0.7165397,train,p35,dataset_2,embedding
1058,0.6931471805599453,0.6769305,train,p35,dataset_2,embedding
1061,0.6931471805599453,0.65980536,train,p35,dataset_2,embedding
1189,0.6931471805599453,0.6704647,train,p35,dataset_2,embedding
1233,0.6931471805599453,0.6765323,train,p35,dataset_2,embedding
235,2.1972245773362196,2.1349404,train,p35,dataset_2,embedding
1359,0.6931471805599453,0.67870647,train,p35,dataset_2,embedding
1377,1.3862943611198906,2.020491,train,p35,dataset_2,embedding
222,0.6931471805599453,0.71915084,train,p35,dataset_2,embedding
304,0.6931471805599453,0.695638,train,p35,dataset_2,embedding
906,0.6931471805599453,0.73105145,train,p35,dataset_2,embedding
1195,0.6931471805599453,0.65000737,train,p35,dataset_2,embedding
394,3.713572066704308,3.8270533,train,p35,dataset_2,embedding
608,0.6931471805599453,0.7067775,train,p35,dataset_2,embedding
5,0.6931471805599453,0.6850651,train,p35,dataset_2,embedding
740,0.6931471805599453,0.68474776,train,p35,dataset_2,embedding
408,0.6931471805599453,0.7286565,train,p35,dataset_2,embedding
271,0.6931471805599453,0.73461705,train,p35,dataset_2,embedding
983,0.6931471805599453,0.6605813,train,p35,dataset_2,embedding
840,0.6931471805599453,0.6593971,train,p35,dataset_2,embedding
1227,0.6931471805599453,0.68029827,train,p35,dataset_2,embedding
928,0.6931471805599453,0.71522754,train,p35,dataset_2,embedding
4,0.6931471805599453,0.69294786,train,p35,dataset_2,embedding
886,0.6931471805599453,0.66189927,train,p35,dataset_2,embedding
537,1.3862943611198906,1.1182698,train,p35,dataset_2,embedding
265,0.6931471805599453,0.65929914,train,p35,dataset_2,embedding
918,0.6931471805599453,0.67223233,train,p35,dataset_2,embedding
541,0.6931471805599453,0.9238779,train,p35,dataset_2,embedding
1072,0.6931471805599453,0.696114,train,p35,dataset_2,embedding
716,2.70805020110221,2.509542,train,p35,dataset_2,embedding
38,0.6931471805599453,0.6934723,train,p35,dataset_2,embedding
161,0.6931471805599453,0.6596139,train,p35,dataset_2,embedding
519,0.6931471805599453,0.6592849,train,p35,dataset_2,embedding
295,0.6931471805599453,0.7419413,train,p35,dataset_2,embedding
510,0.6931471805599453,0.7695903,train,p35,dataset_2,embedding
199,0.6931471805599453,0.6597834,train,p35,dataset_2,embedding
303,0.6931471805599453,0.7009086,train,p35,dataset_2,embedding
758,0.6931471805599453,0.7190696,train,p35,dataset_2,embedding
730,0.6931471805599453,0.8685896,train,p35,dataset_2,embedding
1368,0.6931471805599453,0.70457643,train,p35,dataset_2,embedding
92,0.6931471805599453,0.7252322,validation,p35,dataset_2,embedding
684,0.6931471805599453,0.6586488,validation,p35,dataset_2,embedding
887,0.6931471805599453,0.6609718,validation,p35,dataset_2,embedding
79,0.6931471805599453,0.75595737,validation,p35,dataset_2,embedding
48,0.6931471805599453,0.7122024,validation,p35,dataset_2,embedding
997,0.6931471805599453,0.6600141,validation,p35,dataset_2,embedding
571,0.6931471805599453,0.6749132,validation,p35,dataset_2,embedding
844,0.6931471805599453,0.6844508,validation,p35,dataset_2,embedding
454,0.6931471805599453,0.6600793,validation,p35,dataset_2,embedding
734,0.6931471805599453,0.8220025,validation,p35,dataset_2,embedding
732,1.0986122886681098,0.9148604,validation,p35,dataset_2,embedding
383,0.6931471805599453,0.6789686,validation,p35,dataset_2,embedding
84,0.6931471805599453,0.7559243,validation,p35,dataset_2,embedding
465,0.6931471805599453,0.72984606,validation,p35,dataset_2,embedding
1261,0.6931471805599453,0.6603103,validation,p35,dataset_2,embedding
194,0.6931471805599453,0.6578538,validation,p35,dataset_2,embedding
354,0.6931471805599453,0.74117696,validation,p35,dataset_2,embedding
1429,0.6931471805599453,0.6589908,validation,p35,dataset_2,embedding
515,0.6931471805599453,0.7147475,validation,p35,dataset_2,embedding
1115,0.6931471805599453,0.67440027,validation,p35,dataset_2,embedding
1209,0.6931471805599453,0.81801826,validation,p35,dataset_2,embedding
432,1.6094379124341005,1.4828963,validation,p35,dataset_2,embedding
320,0.6931471805599453,0.72775084,validation,p35,dataset_2,embedding
1326,0.6931471805599453,0.6987875,validation,p35,dataset_2,embedding
326,0.6931471805599453,0.7041704,validation,p35,dataset_2,embedding
1381,0.6931471805599453,0.7106517,validation,p35,dataset_2,embedding
611,0.6931471805599453,0.66241145,validation,p35,dataset_2,embedding
594,0.6931471805599453,0.68664354,validation,p35,dataset_2,embedding
227,0.6931471805599453,0.69510895,validation,p35,dataset_2,embedding
276,0.6931471805599453,0.73547083,validation,p35,dataset_2,embedding
1251,0.6931471805599453,0.6888432,validation,p35,dataset_2,embedding
842,0.6931471805599453,0.71391386,validation,p35,dataset_2,embedding
1241,0.6931471805599453,0.6762493,validation,p35,dataset_2,embedding
210,2.0794415416798357,1.9273312,validation,p35,dataset_2,embedding
1294,0.6931471805599453,0.6951963,validation,p35,dataset_2,embedding
912,0.6931471805599453,0.7757926,validation,p35,dataset_2,embedding
355,0.6931471805599453,0.69536895,validation,p35,dataset_2,embedding
1329,0.6931471805599453,0.66257894,validation,p35,dataset_2,embedding
141,0.6931471805599453,0.66006535,validation,p35,dataset_2,embedding
427,0.6931471805599453,0.7904976,validation,p35,dataset_2,embedding
670,0.6931471805599453,0.79448575,validation,p35,dataset_2,embedding
802,0.6931471805599453,0.74499744,validation,p35,dataset_2,embedding
387,0.6931471805599453,0.67095023,validation,p35,dataset_2,embedding
854,0.6931471805599453,0.6636297,validation,p35,dataset_2,embedding
578,0.6931471805599453,0.66070205,validation,p35,dataset_2,embedding
1150,0.6931471805599453,0.67382884,validation,p35,dataset_2,embedding
239,0.6931471805599453,0.7880144,validation,p35,dataset_2,embedding
766,0.6931471805599453,0.6855715,validation,p35,dataset_2,embedding
1298,0.6931471805599453,0.67541045,validation,p35,dataset_2,embedding
868,0.6931471805599453,0.71606064,validation,p35,dataset_2,embedding
897,0.6931471805599453,0.66495436,validation,p35,dataset_2,embedding
67,0.6931471805599453,0.6607207,validation,p35,dataset_2,embedding
32,0.6931471805599453,0.91055125,validation,p35,dataset_2,embedding
376,0.6931471805599453,0.6493058,validation,p35,dataset_2,embedding
1287,0.6931471805599453,0.71171564,validation,p35,dataset_2,embedding
22,0.6931471805599453,0.80472845,validation,p35,dataset_2,embedding
1143,1.6094379124341005,1.6830907,validation,p35,dataset_2,embedding
1325,0.6931471805599453,0.8578339,validation,p35,dataset_2,embedding
823,0.6931471805599453,0.6814324,validation,p35,dataset_2,embedding
1249,0.6931471805599453,0.6607634,validation,p35,dataset_2,embedding
135,0.6931471805599453,0.6957366,validation,p35,dataset_2,embedding
752,0.6931471805599453,0.66945857,validation,p35,dataset_2,embedding
1153,0.6931471805599453,0.7216834,validation,p35,dataset_2,embedding
183,0.6931471805599453,0.6976984,validation,p35,dataset_2,embedding
636,2.1972245773362196,2.4339845,validation,p35,dataset_2,embedding
798,0.6931471805599453,0.7187022,validation,p35,dataset_2,embedding
638,0.6931471805599453,0.97452885,validation,p35,dataset_2,embedding
873,0.6931471805599453,0.7091548,validation,p35,dataset_2,embedding
231,0.6931471805599453,0.7570764,validation,p35,dataset_2,embedding
543,0.6931471805599453,0.6434112,validation,p35,dataset_2,embedding
282,1.6094379124341005,1.4330709,validation,p35,dataset_2,embedding
931,0.6931471805599453,0.7265646,validation,p35,dataset_2,embedding
95,0.6931471805599453,0.6959293,validation,p35,dataset_2,embedding
1057,0.6931471805599453,0.6506149,validation,p35,dataset_2,embedding
261,0.6931471805599453,0.68075913,validation,p35,dataset_2,embedding
1095,0.6931471805599453,0.7125735,validation,p35,dataset_2,embedding
157,0.6931471805599453,0.66024834,validation,p35,dataset_2,embedding
390,0.6931471805599453,0.67606467,validation,p35,dataset_2,embedding
1427,0.6931471805599453,0.65896684,validation,p35,dataset_2,embedding
369,0.6931471805599453,0.6749798,validation,p35,dataset_2,embedding
283,0.6931471805599453,1.3434104,validation,p35,dataset_2,embedding
679,0.6931471805599453,1.5176826,validation,p35,dataset_2,embedding
972,0.6931471805599453,0.7609026,validation,p35,dataset_2,embedding
991,0.6931471805599453,0.7156077,validation,p35,dataset_2,embedding
630,3.1354942159291497,4.0597267,validation,p35,dataset_2,embedding
1050,0.6931471805599453,0.66157895,validation,p35,dataset_2,embedding
609,0.6931471805599453,0.69874805,validation,p35,dataset_2,embedding
111,0.6931471805599453,0.7304659,validation,p35,dataset_2,embedding
1223,0.6931471805599453,0.6907501,validation,p35,dataset_2,embedding
1310,0.6931471805599453,0.6720589,validation,p35,dataset_2,embedding
1168,1.6094379124341005,1.8508515,validation,p35,dataset_2,embedding
1440,0.6931471805599453,0.712177,validation,p35,dataset_2,embedding
1256,0.6931471805599453,0.6945587,validation,p35,dataset_2,embedding
1414,0.6931471805599453,0.71852106,validation,p35,dataset_2,embedding
1411,0.6931471805599453,0.6713864,validation,p35,dataset_2,embedding
445,0.6931471805599453,0.8047692,validation,p35,dataset_2,embedding
337,0.6931471805599453,0.6884927,validation,p35,dataset_2,embedding
729,1.0986122886681098,0.74185795,validation,p35,dataset_2,embedding
1085,0.6931471805599453,0.6593266,validation,p35,dataset_2,embedding
995,0.6931471805599453,0.6926412,validation,p35,dataset_2,embedding
904,0.6931471805599453,0.71708065,validation,p35,dataset_2,embedding
455,0.6931471805599453,0.7066799,validation,p35,dataset_2,embedding
1304,0.6931471805599453,0.67659485,validation,p35,dataset_2,embedding
881,0.6931471805599453,0.66209936,validation,p35,dataset_2,embedding
329,0.6931471805599453,0.6666252,validation,p35,dataset_2,embedding
647,1.6094379124341005,1.5128884,validation,p35,dataset_2,embedding
951,0.6931471805599453,0.6327776,validation,p35,dataset_2,embedding
1420,0.6931471805599453,0.6792568,validation,p35,dataset_2,embedding
1258,0.6931471805599453,0.7217499,validation,p35,dataset_2,embedding
664,0.6931471805599453,0.6916379,validation,p35,dataset_2,embedding
867,0.6931471805599453,0.7271984,validation,p35,dataset_2,embedding
139,0.6931471805599453,0.6595984,validation,p35,dataset_2,embedding
1320,1.0986122886681098,1.1960497,validation,p35,dataset_2,embedding
8,0.6931471805599453,0.70679325,validation,p35,dataset_2,embedding
498,0.6931471805599453,0.69454277,validation,p35,dataset_2,embedding
44,0.6931471805599453,0.65945786,validation,p35,dataset_2,embedding
765,0.6931471805599453,0.8062261,validation,p35,dataset_2,embedding
835,0.6931471805599453,0.6350771,validation,p35,dataset_2,embedding
232,0.6931471805599453,0.70556605,validation,p35,dataset_2,embedding
1262,0.6931471805599453,0.6992255,validation,p35,dataset_2,embedding
449,0.6931471805599453,0.6839233,validation,p35,dataset_2,embedding
1380,1.6094379124341005,1.084767,validation,p35,dataset_2,embedding
728,0.6931471805599453,0.8255871,validation,p35,dataset_2,embedding
1316,0.6931471805599453,0.6655448,validation,p35,dataset_2,embedding
857,0.6931471805599453,0.71218795,validation,p35,dataset_2,embedding
241,1.6094379124341005,1.8006384,validation,p35,dataset_2,embedding
530,0.6931471805599453,0.652363,validation,p35,dataset_2,embedding
512,0.6931471805599453,0.67034954,validation,p35,dataset_2,embedding
1351,0.6931471805599453,0.6759302,validation,p35,dataset_2,embedding
43,0.6931471805599453,0.7741572,validation,p35,dataset_2,embedding
970,0.6931471805599453,0.66020447,validation,p35,dataset_2,embedding
1164,1.0986122886681098,0.74844193,validation,p35,dataset_2,embedding
1412,0.6931471805599453,0.62806684,validation,p35,dataset_2,embedding
617,0.6931471805599453,0.6848505,validation,p35,dataset_2,embedding
567,0.6931471805599453,0.6576784,validation,p35,dataset_2,embedding
447,0.6931471805599453,0.66224164,validation,p35,dataset_2,embedding
612,0.6931471805599453,0.7057319,validation,p35,dataset_2,embedding
738,1.0986122886681098,0.74258846,validation,p35,dataset_2,embedding
1343,0.6931471805599453,0.66728556,validation,p35,dataset_2,embedding
62,0.6931471805599453,0.69542104,validation,p35,dataset_2,embedding
1081,0.6931471805599453,0.694345,validation,p35,dataset_2,embedding
627,2.70805020110221,6.0122766,validation,p35,dataset_2,embedding
866,0.6931471805599453,0.6324462,validation,p35,dataset_2,embedding
482,0.6931471805599453,0.6741273,validation,p35,dataset_2,embedding
1184,1.0986122886681098,0.8154246,validation,p35,dataset_2,embedding
144,0.6931471805599453,0.66760916,validation,p35,dataset_2,embedding
110,0.6931471805599453,0.67744166,validation,p35,dataset_2,embedding
23,0.6931471805599453,0.674033,validation,p35,dataset_2,embedding
791,0.6931471805599453,0.6709079,validation,p35,dataset_2,embedding
1077,0.6931471805599453,0.6980477,validation,p35,dataset_2,embedding
682,0.6931471805599453,0.6725308,validation,p35,dataset_2,embedding
1167,0.6931471805599453,0.681709,validation,p35,dataset_2,embedding
971,0.6931471805599453,0.66522306,validation,p35,dataset_2,embedding
896,0.6931471805599453,0.66033936,validation,p35,dataset_2,embedding
1283,0.6931471805599453,0.6872593,validation,p35,dataset_2,embedding
787,0.6931471805599453,0.648712,validation,p35,dataset_2,embedding
1387,0.6931471805599453,0.7080166,validation,p35,dataset_2,embedding
1088,2.5649493574615367,1.2645442,validation,p35,dataset_2,embedding
1364,0.6931471805599453,0.68625116,validation,p35,dataset_2,embedding
1313,0.6931471805599453,0.67676586,validation,p35,dataset_2,embedding
1224,0.6931471805599453,0.6905082,validation,p35,dataset_2,embedding
505,0.6931471805599453,0.65733486,validation,p35,dataset_2,embedding
725,1.0986122886681098,0.92878705,validation,p35,dataset_2,embedding
804,0.6931471805599453,0.71705735,validation,p35,dataset_2,embedding
1390,0.6931471805599453,0.72582155,validation,p35,dataset_2,embedding
1071,0.6931471805599453,0.71488994,validation,p35,dataset_2,embedding
156,0.6931471805599453,0.660865,validation,p35,dataset_2,embedding
841,0.6931471805599453,0.6556468,validation,p35,dataset_2,embedding
483,0.6931471805599453,0.6573878,validation,p35,dataset_2,embedding
1022,0.6931471805599453,0.7059803,validation,p35,dataset_2,embedding
350,0.6931471805599453,0.7115403,validation,p35,dataset_2,embedding
251,0.6931471805599453,0.67125636,validation,p35,dataset_2,embedding
691,1.0986122886681098,1.3742492,validation,p35,dataset_2,embedding
1253,0.6931471805599453,0.69492793,validation,p35,dataset_2,embedding
1113,0.6931471805599453,0.668601,validation,p35,dataset_2,embedding
224,3.367295829986474,2.2292778,validation,p35,dataset_2,embedding
487,0.6931471805599453,0.67920727,validation,p35,dataset_2,embedding
257,2.0794415416798357,1.4094734,validation,p35,dataset_2,embedding
464,0.6931471805599453,0.6576237,validation,p35,dataset_2,embedding
1201,0.6931471805599453,0.69642735,validation,p35,dataset_2,embedding
745,0.6931471805599453,0.7216674,validation,p35,dataset_2,embedding
520,0.6931471805599453,0.7054422,validation,p35,dataset_2,embedding
792,0.6931471805599453,0.66711456,validation,p35,dataset_2,embedding
1073,0.6931471805599453,0.68335706,validation,p35,dataset_2,embedding
476,0.6931471805599453,0.6666581,validation,p35,dataset_2,embedding
1348,0.6931471805599453,0.6580953,validation,p35,dataset_2,embedding
243,0.6931471805599453,0.67667764,validation,p35,dataset_2,embedding
1309,0.6931471805599453,0.6757837,validation,p35,dataset_2,embedding
274,0.6931471805599453,0.66080403,validation,p35,dataset_2,embedding
299,0.6931471805599453,0.835857,validation,p35,dataset_2,embedding
396,1.0986122886681098,2.5672624,validation,p35,dataset_2,embedding
807,0.6931471805599453,0.6595491,validation,p35,dataset_2,embedding
1424,0.6931471805599453,0.77296513,validation,p35,dataset_2,embedding
764,0.6931471805599453,0.7682181,validation,p35,dataset_2,embedding
460,0.6931471805599453,0.6765743,validation,p35,dataset_2,embedding
739,0.6931471805599453,0.73041666,validation,p35,dataset_2,embedding
869,0.6931471805599453,0.66201067,validation,p35,dataset_2,embedding
1001,0.6931471805599453,0.8040158,validation,p35,dataset_2,embedding
335,0.6931471805599453,0.67563397,validation,p35,dataset_2,embedding
946,0.6931471805599453,0.66158307,validation,p35,dataset_2,embedding
533,0.6931471805599453,0.6952723,validation,p35,dataset_2,embedding
1070,0.6931471805599453,0.6371341,validation,p35,dataset_2,embedding
1063,0.6931471805599453,0.671658,validation,p35,dataset_2,embedding
813,0.6931471805599453,0.78123087,validation,p35,dataset_2,embedding
806,0.6931471805599453,0.6362005,validation,p35,dataset_2,embedding
356,0.6931471805599453,0.8455543,validation,p35,dataset_2,embedding
1430,0.6931471805599453,0.6589679,validation,p35,dataset_2,embedding
128,0.6931471805599453,0.6574624,validation,p35,dataset_2,embedding
908,0.6931471805599453,0.68655366,validation,p35,dataset_2,embedding
615,0.6931471805599453,0.6765545,validation,p35,dataset_2,embedding
2,0.6931471805599453,0.65950096,validation,p35,dataset_2,embedding
551,1.0986122886681098,2.1444395,validation,p35,dataset_2,embedding
677,0.6931471805599453,0.8243397,validation,p35,dataset_2,embedding
767,1.0986122886681098,0.87159556,validation,p35,dataset_2,embedding
1347,0.6931471805599453,0.75843316,validation,p35,dataset_2,embedding
1000,0.6931471805599453,0.7295633,validation,p35,dataset_2,embedding
1257,0.6931471805599453,0.671609,validation,p35,dataset_2,embedding
1,0.6931471805599453,0.6369168,test,p35,dataset_2,embedding
845,0.6931471805599453,0.6895876,test,p35,dataset_2,embedding
698,0.6931471805599453,0.76063055,test,p35,dataset_2,embedding
865,0.6931471805599453,0.6790444,test,p35,dataset_2,embedding
124,0.6931471805599453,0.6965961,test,p35,dataset_2,embedding
14,0.6931471805599453,0.66015774,test,p35,dataset_2,embedding
544,0.6931471805599453,0.6272742,test,p35,dataset_2,embedding
237,1.6094379124341005,1.247043,test,p35,dataset_2,embedding
1213,0.6931471805599453,0.7107721,test,p35,dataset_2,embedding
655,1.0986122886681098,0.9492299,test,p35,dataset_2,embedding
65,0.6931471805599453,0.70066005,test,p35,dataset_2,embedding
169,0.6931471805599453,0.6956533,test,p35,dataset_2,embedding
1210,0.6931471805599453,0.69105834,test,p35,dataset_2,embedding
967,0.6931471805599453,0.68114513,test,p35,dataset_2,embedding
849,0.6931471805599453,0.78071266,test,p35,dataset_2,embedding
1159,0.6931471805599453,0.67555624,test,p35,dataset_2,embedding
864,0.6931471805599453,0.676596,test,p35,dataset_2,embedding
1065,0.6931471805599453,0.8089315,test,p35,dataset_2,embedding
245,0.6931471805599453,0.8556511,test,p35,dataset_2,embedding
559,0.6931471805599453,0.6605931,test,p35,dataset_2,embedding
1334,0.6931471805599453,0.67709345,test,p35,dataset_2,embedding
874,0.6931471805599453,0.70939755,test,p35,dataset_2,embedding
926,0.6931471805599453,0.72563595,test,p35,dataset_2,embedding
451,0.6931471805599453,0.72469884,test,p35,dataset_2,embedding
1360,0.6931471805599453,0.71525854,test,p35,dataset_2,embedding
1231,0.6931471805599453,0.91640145,test,p35,dataset_2,embedding
336,0.6931471805599453,0.65890056,test,p35,dataset_2,embedding
1331,0.6931471805599453,0.7221183,test,p35,dataset_2,embedding
789,0.6931471805599453,0.69824284,test,p35,dataset_2,embedding
999,0.6931471805599453,0.6772942,test,p35,dataset_2,embedding
364,0.6931471805599453,0.6888952,test,p35,dataset_2,embedding
1082,0.6931471805599453,0.82639724,test,p35,dataset_2,embedding
190,0.6931471805599453,0.67572796,test,p35,dataset_2,embedding
799,0.6931471805599453,0.6932658,test,p35,dataset_2,embedding
756,0.6931471805599453,0.7277469,test,p35,dataset_2,embedding
1366,0.6931471805599453,0.69900066,test,p35,dataset_2,embedding
1237,0.6931471805599453,0.70298225,test,p35,dataset_2,embedding
521,0.6931471805599453,0.66143876,test,p35,dataset_2,embedding
1110,0.6931471805599453,0.66562915,test,p35,dataset_2,embedding
1268,0.6931471805599453,0.6870796,test,p35,dataset_2,embedding
768,0.6931471805599453,0.7294771,test,p35,dataset_2,embedding
192,0.6931471805599453,0.6632973,test,p35,dataset_2,embedding
1362,0.6931471805599453,0.7472723,test,p35,dataset_2,embedding
439,0.6931471805599453,0.6636548,test,p35,dataset_2,embedding
419,1.0986122886681098,0.7988822,test,p35,dataset_2,embedding
1136,0.6931471805599453,0.69469565,test,p35,dataset_2,embedding
1207,0.6931471805599453,0.71093565,test,p35,dataset_2,embedding
424,0.6931471805599453,0.8759075,test,p35,dataset_2,embedding
1128,0.6931471805599453,0.83868325,test,p35,dataset_2,embedding
90,0.6931471805599453,0.6804453,test,p35,dataset_2,embedding
875,0.6931471805599453,0.67969364,test,p35,dataset_2,embedding
203,0.6931471805599453,0.7261426,test,p35,dataset_2,embedding
358,0.6931471805599453,0.6562037,test,p35,dataset_2,embedding
133,0.6931471805599453,0.6762455,test,p35,dataset_2,embedding
290,0.6931471805599453,0.6789069,test,p35,dataset_2,embedding
948,0.6931471805599453,0.6806713,test,p35,dataset_2,embedding
704,0.6931471805599453,0.6968896,test,p35,dataset_2,embedding
309,0.6931471805599453,0.8179434,test,p35,dataset_2,embedding
1100,0.6931471805599453,0.7084025,test,p35,dataset_2,embedding
200,0.6931471805599453,0.71000737,test,p35,dataset_2,embedding
1144,0.6931471805599453,0.6638594,test,p35,dataset_2,embedding
338,0.6931471805599453,0.6792396,test,p35,dataset_2,embedding
779,0.6931471805599453,0.69542855,test,p35,dataset_2,embedding
41,0.6931471805599453,0.6619223,test,p35,dataset_2,embedding
706,0.6931471805599453,0.67491716,test,p35,dataset_2,embedding
1353,0.6931471805599453,0.7182427,test,p35,dataset_2,embedding
703,0.6931471805599453,0.697981,test,p35,dataset_2,embedding
398,3.58351893845611,2.8608305,test,p35,dataset_2,embedding
1174,1.3862943611198906,1.210661,test,p35,dataset_2,embedding
125,0.6931471805599453,0.6917677,test,p35,dataset_2,embedding
1024,0.6931471805599453,0.6794026,test,p35,dataset_2,embedding
189,0.6931471805599453,0.7164996,test,p35,dataset_2,embedding
496,0.6931471805599453,0.70595556,test,p35,dataset_2,embedding
1149,0.6931471805599453,0.71556383,test,p35,dataset_2,embedding
21,0.6931471805599453,0.6754387,test,p35,dataset_2,embedding
953,0.6931471805599453,0.67659336,test,p35,dataset_2,embedding
1093,0.6931471805599453,0.6793502,test,p35,dataset_2,embedding
683,0.6931471805599453,0.69197184,test,p35,dataset_2,embedding
433,0.6931471805599453,0.714875,test,p35,dataset_2,embedding
1410,0.6931471805599453,0.6944927,test,p35,dataset_2,embedding
861,0.6931471805599453,0.7586872,test,p35,dataset_2,embedding
149,0.6931471805599453,0.699468,test,p35,dataset_2,embedding
474,0.6931471805599453,0.95382124,test,p35,dataset_2,embedding
397,3.258096538021482,2.6800702,test,p35,dataset_2,embedding
812,0.6931471805599453,0.6703318,test,p35,dataset_2,embedding
998,0.6931471805599453,0.70363986,test,p35,dataset_2,embedding
205,0.6931471805599453,0.68432224,test,p35,dataset_2,embedding
258,0.6931471805599453,0.6517124,test,p35,dataset_2,embedding
705,0.6931471805599453,0.64652455,test,p35,dataset_2,embedding
409,0.6931471805599453,0.8588061,test,p35,dataset_2,embedding
599,0.6931471805599453,0.6899533,test,p35,dataset_2,embedding
901,0.6931471805599453,0.7228375,test,p35,dataset_2,embedding
601,0.6931471805599453,0.72095394,test,p35,dataset_2,embedding
263,0.6931471805599453,0.6584244,test,p35,dataset_2,embedding
499,0.6931471805599453,0.6743072,test,p35,dataset_2,embedding
535,0.6931471805599453,0.70637023,test,p35,dataset_2,embedding
1087,0.6931471805599453,1.0630009,test,p35,dataset_2,embedding
940,0.6931471805599453,0.7400884,test,p35,dataset_2,embedding
204,0.6931471805599453,0.6941734,test,p35,dataset_2,embedding
146,0.6931471805599453,0.6591518,test,p35,dataset_2,embedding
226,0.6931471805599453,0.7258497,test,p35,dataset_2,embedding
517,0.6931471805599453,0.69435686,test,p35,dataset_2,embedding
905,0.6931471805599453,0.67133546,test,p35,dataset_2,embedding
300,0.6931471805599453,0.70716625,test,p35,dataset_2,embedding
1116,0.6931471805599453,0.67126095,test,p35,dataset_2,embedding
817,0.6931471805599453,0.6938573,test,p35,dataset_2,embedding
924,0.6931471805599453,0.6536591,test,p35,dataset_2,embedding
411,0.6931471805599453,0.7904678,test,p35,dataset_2,embedding
1388,0.6931471805599453,0.7218674,test,p35,dataset_2,embedding
1131,0.6931471805599453,0.70049316,test,p35,dataset_2,embedding
575,0.6931471805599453,0.70558184,test,p35,dataset_2,embedding
1123,0.6931471805599453,0.6556741,test,p35,dataset_2,embedding
727,0.6931471805599453,0.9732892,test,p35,dataset_2,embedding
614,0.6931471805599453,0.6323738,test,p35,dataset_2,embedding
750,1.3862943611198906,1.0168896,test,p35,dataset_2,embedding
1383,0.6931471805599453,0.69469756,test,p35,dataset_2,embedding
1273,0.6931471805599453,0.65266913,test,p35,dataset_2,embedding
1236,0.6931471805599453,0.6403738,test,p35,dataset_2,embedding
753,0.6931471805599453,0.70283407,test,p35,dataset_2,embedding
215,0.6931471805599453,0.7967458,test,p35,dataset_2,embedding
634,3.8501476017100584,1.4072634,test,p35,dataset_2,embedding
1021,0.6931471805599453,0.70224184,test,p35,dataset_2,embedding
688,0.6931471805599453,0.66298217,test,p35,dataset_2,embedding
488,0.6931471805599453,0.8422668,test,p35,dataset_2,embedding
821,0.6931471805599453,0.6614315,test,p35,dataset_2,embedding
434,0.6931471805599453,0.6841466,test,p35,dataset_2,embedding
1176,0.6931471805599453,0.77888757,test,p35,dataset_2,embedding
818,0.6931471805599453,0.78282183,test,p35,dataset_2,embedding
1356,0.6931471805599453,0.6319131,test,p35,dataset_2,embedding
555,0.6931471805599453,0.97264785,test,p35,dataset_2,embedding
1311,0.6931471805599453,0.6688991,test,p35,dataset_2,embedding
585,0.6931471805599453,0.6961214,test,p35,dataset_2,embedding
1303,0.6931471805599453,0.67708224,test,p35,dataset_2,embedding
1027,0.6931471805599453,0.6869381,test,p35,dataset_2,embedding
961,0.6931471805599453,0.6677545,test,p35,dataset_2,embedding
1278,0.6931471805599453,0.6595387,test,p35,dataset_2,embedding
351,0.6931471805599453,0.65783703,test,p35,dataset_2,embedding
1045,0.6931471805599453,0.6611436,test,p35,dataset_2,embedding
1051,0.6931471805599453,0.6864494,test,p35,dataset_2,embedding
769,0.6931471805599453,0.71679944,test,p35,dataset_2,embedding
1220,0.6931471805599453,0.6809385,test,p35,dataset_2,embedding
1373,0.6931471805599453,0.6943424,test,p35,dataset_2,embedding
137,0.6931471805599453,0.6602761,test,p35,dataset_2,embedding
35,0.6931471805599453,0.65729916,test,p35,dataset_2,embedding
1267,0.6931471805599453,0.8011903,test,p35,dataset_2,embedding
836,0.6931471805599453,0.7112432,test,p35,dataset_2,embedding
229,0.6931471805599453,0.66698986,test,p35,dataset_2,embedding
1214,0.6931471805599453,0.69745,test,p35,dataset_2,embedding
600,0.6931471805599453,0.68622595,test,p35,dataset_2,embedding
507,0.6931471805599453,0.6598154,test,p35,dataset_2,embedding
525,1.0986122886681098,0.7354328,test,p35,dataset_2,embedding
602,0.6931471805599453,0.676089,test,p35,dataset_2,embedding
1409,0.6931471805599453,0.89655846,test,p35,dataset_2,embedding
667,0.6931471805599453,0.6766856,test,p35,dataset_2,embedding
101,0.6931471805599453,0.6795941,test,p35,dataset_2,embedding
1264,0.6931471805599453,0.6868349,test,p35,dataset_2,embedding
542,0.6931471805599453,0.65897936,test,p35,dataset_2,embedding
1042,0.6931471805599453,0.6773074,test,p35,dataset_2,embedding
795,0.6931471805599453,0.68428427,test,p35,dataset_2,embedding
885,0.6931471805599453,0.93851155,test,p35,dataset_2,embedding
98,0.6931471805599453,0.6824215,test,p35,dataset_2,embedding
941,0.6931471805599453,0.69755125,test,p35,dataset_2,embedding
492,0.6931471805599453,0.776083,test,p35,dataset_2,embedding
751,1.0986122886681098,0.93989444,test,p35,dataset_2,embedding
1180,1.3862943611198906,0.96743965,test,p35,dataset_2,embedding
1097,0.6931471805599453,0.6927082,test,p35,dataset_2,embedding
1086,0.6931471805599453,0.82420594,test,p35,dataset_2,embedding
1324,0.6931471805599453,0.81110615,test,p35,dataset_2,embedding
13,0.6931471805599453,0.6591459,test,p35,dataset_2,embedding
94,0.6931471805599453,0.8045314,test,p35,dataset_2,embedding
1173,1.6094379124341005,1.3131822,test,p35,dataset_2,embedding
1423,0.6931471805599453,0.7073608,test,p35,dataset_2,embedding
910,0.6931471805599453,0.6799159,test,p35,dataset_2,embedding
1188,0.6931471805599453,0.8442257,test,p35,dataset_2,embedding
316,0.6931471805599453,0.6604623,test,p35,dataset_2,embedding
1426,0.6931471805599453,0.7111177,test,p35,dataset_2,embedding
435,0.6931471805599453,0.8584416,test,p35,dataset_2,embedding
20,0.6931471805599453,0.7127357,test,p35,dataset_2,embedding
270,0.6931471805599453,0.66940874,test,p35,dataset_2,embedding
314,0.6931471805599453,0.721684,test,p35,dataset_2,embedding
417,0.6931471805599453,0.70384705,test,p35,dataset_2,embedding
1435,0.6931471805599453,0.93226147,test,p35,dataset_2,embedding
242,1.6094379124341005,1.4483137,test,p35,dataset_2,embedding
646,0.6931471805599453,1.0637765,test,p35,dataset_2,embedding
1299,0.6931471805599453,0.7229896,test,p35,dataset_2,embedding
1318,0.6931471805599453,0.6766261,test,p35,dataset_2,embedding
933,0.6931471805599453,0.6953332,test,p35,dataset_2,embedding
731,0.6931471805599453,1.0241259,test,p35,dataset_2,embedding
285,1.6094379124341005,1.5932422,test,p35,dataset_2,embedding
930,0.6931471805599453,0.6982083,test,p35,dataset_2,embedding
1352,1.3862943611198906,1.568779,test,p35,dataset_2,embedding
213,1.0986122886681098,1.0893885,test,p35,dataset_2,embedding
429,0.6931471805599453,0.69015586,test,p35,dataset_2,embedding
772,0.6931471805599453,0.7045535,test,p35,dataset_2,embedding
833,0.6931471805599453,0.72324467,test,p35,dataset_2,embedding
663,0.6931471805599453,0.71114355,test,p35,dataset_2,embedding
1025,0.6931471805599453,0.87083155,test,p35,dataset_2,embedding
1238,0.6931471805599453,0.6603286,test,p35,dataset_2,embedding
164,0.6931471805599453,0.7021684,test,p35,dataset_2,embedding
1030,0.6931471805599453,0.6604272,test,p35,dataset_2,embedding
1181,1.6094379124341005,0.91665745,test,p35,dataset_2,embedding
423,0.6931471805599453,0.6961368,test,p35,dataset_2,embedding
1090,2.3978952727983707,1.4921541,test,p35,dataset_2,embedding
713,3.6375861597263857,3.3226368,test,p35,dataset_2,embedding
1391,0.6931471805599453,0.9580751,test,p35,dataset_2,embedding
115,0.6931471805599453,0.7027542,test,p35,dataset_2,embedding
846,0.6931471805599453,0.6830304,test,p35,dataset_2,embedding
699,0.6931471805599453,0.67991984,test,p35,dataset_2,embedding
416,1.0986122886681098,1.0716721,test,p35,dataset_2,embedding
591,0.6931471805599453,0.65733135,test,p35,dataset_2,embedding
839,0.6931471805599453,0.72164965,test,p35,dataset_2,embedding
1246,0.6931471805599453,0.6770711,test,p35,dataset_2,embedding
1193,0.6931471805599453,0.69138795,test,p35,dataset_2,embedding
1155,0.6931471805599453,0.6747343,test,p35,dataset_2,embedding
297,0.6931471805599453,0.6814135,test,p35,dataset_2,embedding
1301,0.6931471805599453,0.8718645,test,p35,dataset_2,embedding
1092,0.6931471805599453,0.6699784,test,p35,dataset_2,embedding
1158,1.0986122886681098,1.1387275,train,p40,dataset_2,embedding
1422,0.6931471805599453,0.6810063,train,p40,dataset_2,embedding
915,0.6931471805599453,0.7763391,train,p40,dataset_2,embedding
653,1.0986122886681098,0.8748683,train,p40,dataset_2,embedding
802,0.6931471805599453,0.70237243,train,p40,dataset_2,embedding
1373,0.6931471805599453,0.7057971,train,p40,dataset_2,embedding
1082,0.6931471805599453,0.8046359,train,p40,dataset_2,embedding
828,0.6931471805599453,0.68735516,train,p40,dataset_2,embedding
902,0.6931471805599453,0.6995932,train,p40,dataset_2,embedding
711,0.6931471805599453,0.75932413,train,p40,dataset_2,embedding
514,0.6931471805599453,0.68141973,train,p40,dataset_2,embedding
272,0.6931471805599453,0.69668376,train,p40,dataset_2,embedding
1288,0.6931471805599453,0.7506084,train,p40,dataset_2,embedding
642,1.0986122886681098,1.2675686,train,p40,dataset_2,embedding
379,1.0986122886681098,0.9399289,train,p40,dataset_2,embedding
1436,0.6931471805599453,0.71938753,train,p40,dataset_2,embedding
830,0.6931471805599453,0.70286596,train,p40,dataset_2,embedding
246,1.3862943611198906,1.3518655,train,p40,dataset_2,embedding
1083,0.6931471805599453,0.8222991,train,p40,dataset_2,embedding
571,0.6931471805599453,0.717672,train,p40,dataset_2,embedding
866,0.6931471805599453,0.6323364,train,p40,dataset_2,embedding
1252,0.6931471805599453,0.68030137,train,p40,dataset_2,embedding
55,0.6931471805599453,0.7540597,train,p40,dataset_2,embedding
472,0.6931471805599453,0.7194965,train,p40,dataset_2,embedding
607,0.6931471805599453,0.6820433,train,p40,dataset_2,embedding
97,0.6931471805599453,0.7042354,train,p40,dataset_2,embedding
820,0.6931471805599453,0.68875015,train,p40,dataset_2,embedding
1032,0.6931471805599453,0.70027804,train,p40,dataset_2,embedding
307,0.6931471805599453,0.6762377,train,p40,dataset_2,embedding
360,0.6931471805599453,0.83987784,train,p40,dataset_2,embedding
583,0.6931471805599453,0.6921292,train,p40,dataset_2,embedding
278,0.6931471805599453,0.6852393,train,p40,dataset_2,embedding
224,3.4011973816621555,2.5893729,train,p40,dataset_2,embedding
34,1.0986122886681098,0.96693873,train,p40,dataset_2,embedding
1327,0.6931471805599453,0.7125676,train,p40,dataset_2,embedding
469,0.6931471805599453,0.69921553,train,p40,dataset_2,embedding
277,0.6931471805599453,0.6796876,train,p40,dataset_2,embedding
598,0.6931471805599453,0.74405545,train,p40,dataset_2,embedding
1426,0.6931471805599453,0.6983352,train,p40,dataset_2,embedding
248,0.6931471805599453,0.68950903,train,p40,dataset_2,embedding
667,0.6931471805599453,0.7194693,train,p40,dataset_2,embedding
1413,0.6931471805599453,0.68496567,train,p40,dataset_2,embedding
343,0.6931471805599453,0.722176,train,p40,dataset_2,embedding
948,0.6931471805599453,0.6866094,train,p40,dataset_2,embedding
91,0.6931471805599453,1.067348,train,p40,dataset_2,embedding
86,0.6931471805599453,0.70882225,train,p40,dataset_2,embedding
629,4.634728988229636,3.783903,train,p40,dataset_2,embedding
1175,0.6931471805599453,0.71164393,train,p40,dataset_2,embedding
1301,0.6931471805599453,0.78495973,train,p40,dataset_2,embedding
636,2.1972245773362196,2.7778182,train,p40,dataset_2,embedding
831,0.6931471805599453,0.6831776,train,p40,dataset_2,embedding
1019,0.6931471805599453,0.6596123,train,p40,dataset_2,embedding
1068,0.6931471805599453,0.806002,train,p40,dataset_2,embedding
717,3.091042453358316,2.77984,train,p40,dataset_2,embedding
153,0.6931471805599453,0.7977144,train,p40,dataset_2,embedding
847,0.6931471805599453,0.68956316,train,p40,dataset_2,embedding
1066,0.6931471805599453,0.75189376,train,p40,dataset_2,embedding
311,0.6931471805599453,0.6944083,train,p40,dataset_2,embedding
1348,0.6931471805599453,0.7434426,train,p40,dataset_2,embedding
589,0.6931471805599453,0.70820606,train,p40,dataset_2,embedding
1000,0.6931471805599453,0.7526864,train,p40,dataset_2,embedding
570,0.6931471805599453,0.6788114,train,p40,dataset_2,embedding
1440,0.6931471805599453,0.68865323,train,p40,dataset_2,embedding
1054,0.6931471805599453,0.7132826,train,p40,dataset_2,embedding
328,0.6931471805599453,0.6850426,train,p40,dataset_2,embedding
341,0.6931471805599453,0.74773705,train,p40,dataset_2,embedding
995,0.6931471805599453,0.6877741,train,p40,dataset_2,embedding
331,0.6931471805599453,0.69192857,train,p40,dataset_2,embedding
1234,0.6931471805599453,0.6808764,train,p40,dataset_2,embedding
1080,0.6931471805599453,0.680218,train,p40,dataset_2,embedding
621,0.6931471805599453,0.6919229,train,p40,dataset_2,embedding
864,0.6931471805599453,0.6966646,train,p40,dataset_2,embedding
1208,0.6931471805599453,0.6830985,train,p40,dataset_2,embedding
1125,1.0986122886681098,1.0679916,train,p40,dataset_2,embedding
979,0.6931471805599453,0.69907206,train,p40,dataset_2,embedding
399,2.3978952727983707,2.643953,train,p40,dataset_2,embedding
273,0.6931471805599453,0.6799645,train,p40,dataset_2,embedding
52,0.6931471805599453,0.7819737,train,p40,dataset_2,embedding
175,0.6931471805599453,0.80898213,train,p40,dataset_2,embedding
856,0.6931471805599453,0.6777616,train,p40,dataset_2,embedding
1061,0.6931471805599453,0.6806546,train,p40,dataset_2,embedding
1318,0.6931471805599453,0.7000717,train,p40,dataset_2,embedding
372,0.6931471805599453,0.6807252,train,p40,dataset_2,embedding
501,0.6931471805599453,0.6796543,train,p40,dataset_2,embedding
615,0.6931471805599453,0.7194506,train,p40,dataset_2,embedding
179,0.6931471805599453,0.7109683,train,p40,dataset_2,embedding
716,2.833213344056216,2.972319,train,p40,dataset_2,embedding
477,0.6931471805599453,0.68590844,train,p40,dataset_2,embedding
1375,0.6931471805599453,0.7273913,train,p40,dataset_2,embedding
1409,0.6931471805599453,0.9481432,train,p40,dataset_2,embedding
1380,1.6094379124341005,1.2612021,train,p40,dataset_2,embedding
449,0.6931471805599453,0.69331986,train,p40,dataset_2,embedding
1269,0.6931471805599453,0.7074854,train,p40,dataset_2,embedding
378,0.6931471805599453,0.66183734,train,p40,dataset_2,embedding
342,0.6931471805599453,0.7343606,train,p40,dataset_2,embedding
955,0.6931471805599453,0.7171697,train,p40,dataset_2,embedding
83,1.0986122886681098,1.0562688,train,p40,dataset_2,embedding
295,0.6931471805599453,0.7655557,train,p40,dataset_2,embedding
479,0.6931471805599453,0.9260609,train,p40,dataset_2,embedding
972,0.6931471805599453,0.7615473,train,p40,dataset_2,embedding
448,0.6931471805599453,0.7304452,train,p40,dataset_2,embedding
102,0.6931471805599453,0.7089309,train,p40,dataset_2,embedding
997,0.6931471805599453,0.6968403,train,p40,dataset_2,embedding
874,0.6931471805599453,0.7423762,train,p40,dataset_2,embedding
745,0.6931471805599453,0.7648633,train,p40,dataset_2,embedding
871,0.6931471805599453,0.68794036,train,p40,dataset_2,embedding
1044,0.6931471805599453,0.70191437,train,p40,dataset_2,embedding
1188,0.6931471805599453,0.85729945,train,p40,dataset_2,embedding
931,0.6931471805599453,0.7520867,train,p40,dataset_2,embedding
1340,0.6931471805599453,0.6854571,train,p40,dataset_2,embedding
1195,0.6931471805599453,0.6928519,train,p40,dataset_2,embedding
1107,0.6931471805599453,0.71076703,train,p40,dataset_2,embedding
683,0.6931471805599453,0.73155403,train,p40,dataset_2,embedding
1018,0.6931471805599453,0.7259008,train,p40,dataset_2,embedding
386,0.6931471805599453,0.7135302,train,p40,dataset_2,embedding
817,0.6931471805599453,0.6616882,train,p40,dataset_2,embedding
537,1.3862943611198906,1.0192391,train,p40,dataset_2,embedding
1316,0.6931471805599453,0.7311071,train,p40,dataset_2,embedding
415,0.6931471805599453,0.8908731,train,p40,dataset_2,embedding
873,0.6931471805599453,0.7601217,train,p40,dataset_2,embedding
1155,0.6931471805599453,0.6805681,train,p40,dataset_2,embedding
191,0.6931471805599453,0.71457195,train,p40,dataset_2,embedding
739,1.0986122886681098,0.7409743,train,p40,dataset_2,embedding
1087,0.6931471805599453,1.1528814,train,p40,dataset_2,embedding
1381,0.6931471805599453,0.8295393,train,p40,dataset_2,embedding
1347,0.6931471805599453,0.7588112,train,p40,dataset_2,embedding
736,1.0986122886681098,0.9568715,train,p40,dataset_2,embedding
443,0.6931471805599453,0.69726336,train,p40,dataset_2,embedding
898,0.6931471805599453,0.6893914,train,p40,dataset_2,embedding
681,0.6931471805599453,0.71055216,train,p40,dataset_2,embedding
929,0.6931471805599453,0.68897754,train,p40,dataset_2,embedding
502,0.6931471805599453,0.69656813,train,p40,dataset_2,embedding
463,0.6931471805599453,0.6949215,train,p40,dataset_2,embedding
901,0.6931471805599453,0.71518165,train,p40,dataset_2,embedding
1201,0.6931471805599453,0.6879513,train,p40,dataset_2,embedding
1040,0.6931471805599453,0.7016317,train,p40,dataset_2,embedding
395,4.110873864173311,3.0683186,train,p40,dataset_2,embedding
1137,0.6931471805599453,0.715433,train,p40,dataset_2,embedding
638,0.6931471805599453,0.84407365,train,p40,dataset_2,embedding
1334,0.6931471805599453,0.7499002,train,p40,dataset_2,embedding
823,0.6931471805599453,0.7616625,train,p40,dataset_2,embedding
590,0.6931471805599453,0.6934415,train,p40,dataset_2,embedding
695,0.6931471805599453,0.70816225,train,p40,dataset_2,embedding
925,0.6931471805599453,0.68135357,train,p40,dataset_2,embedding
1378,0.6931471805599453,0.7080054,train,p40,dataset_2,embedding
697,0.6931471805599453,0.7089112,train,p40,dataset_2,embedding
407,0.6931471805599453,0.93233395,train,p40,dataset_2,embedding
1033,0.6931471805599453,0.7735282,train,p40,dataset_2,embedding
591,0.6931471805599453,0.69495165,train,p40,dataset_2,embedding
1162,0.6931471805599453,0.7235185,train,p40,dataset_2,embedding
344,1.0986122886681098,0.9308994,train,p40,dataset_2,embedding
494,0.6931471805599453,0.6886158,train,p40,dataset_2,embedding
255,0.6931471805599453,0.66236544,train,p40,dataset_2,embedding
499,0.6931471805599453,0.67973506,train,p40,dataset_2,embedding
1423,0.6931471805599453,0.73982245,train,p40,dataset_2,embedding
247,0.6931471805599453,0.70451057,train,p40,dataset_2,embedding
765,0.6931471805599453,0.8586223,train,p40,dataset_2,embedding
222,0.6931471805599453,0.77026725,train,p40,dataset_2,embedding
1177,0.6931471805599453,0.7854363,train,p40,dataset_2,embedding
958,0.6931471805599453,0.6819848,train,p40,dataset_2,embedding
568,0.6931471805599453,0.7050402,train,p40,dataset_2,embedding
662,0.6931471805599453,0.9773372,train,p40,dataset_2,embedding
987,0.6931471805599453,0.6813927,train,p40,dataset_2,embedding
630,3.295836866004329,3.7419212,train,p40,dataset_2,embedding
819,0.6931471805599453,0.6805122,train,p40,dataset_2,embedding
594,0.6931471805599453,0.6592658,train,p40,dataset_2,embedding
405,1.0986122886681098,1.2245784,train,p40,dataset_2,embedding
1284,0.6931471805599453,0.68547195,train,p40,dataset_2,embedding
403,3.951243718581427,4.2749114,train,p40,dataset_2,embedding
1262,0.6931471805599453,0.6900205,train,p40,dataset_2,embedding
1399,0.6931471805599453,0.7272637,train,p40,dataset_2,embedding
742,0.6931471805599453,0.7541358,train,p40,dataset_2,embedding
641,1.9459101490553132,1.3910239,train,p40,dataset_2,embedding
893,0.6931471805599453,0.70662576,train,p40,dataset_2,embedding
921,0.6931471805599453,0.7319441,train,p40,dataset_2,embedding
729,1.0986122886681098,0.8322712,train,p40,dataset_2,embedding
384,0.6931471805599453,0.67970824,train,p40,dataset_2,embedding
141,0.6931471805599453,0.6811663,train,p40,dataset_2,embedding
1198,0.6931471805599453,0.7236379,train,p40,dataset_2,embedding
1190,0.6931471805599453,0.7099594,train,p40,dataset_2,embedding
63,0.6931471805599453,0.7499782,train,p40,dataset_2,embedding
451,0.6931471805599453,0.83176464,train,p40,dataset_2,embedding
1286,0.6931471805599453,0.6801263,train,p40,dataset_2,embedding
212,0.6931471805599453,0.779042,train,p40,dataset_2,embedding
981,0.6931471805599453,0.68088293,train,p40,dataset_2,embedding
33,0.6931471805599453,0.9085657,train,p40,dataset_2,embedding
1191,0.6931471805599453,0.81066585,train,p40,dataset_2,embedding
1161,2.0794415416798357,1.2323582,train,p40,dataset_2,embedding
1067,0.6931471805599453,0.68111926,train,p40,dataset_2,embedding
527,0.6931471805599453,0.7579209,train,p40,dataset_2,embedding
8,0.6931471805599453,0.67926896,train,p40,dataset_2,embedding
1377,1.3862943611198906,2.0552678,train,p40,dataset_2,embedding
696,0.6931471805599453,0.7170689,train,p40,dataset_2,embedding
1036,0.6931471805599453,0.7133752,train,p40,dataset_2,embedding
763,0.6931471805599453,0.73804724,train,p40,dataset_2,embedding
635,4.110873864173311,2.7853577,train,p40,dataset_2,embedding
1443,0.6931471805599453,0.6593785,train,p40,dataset_2,embedding
846,0.6931471805599453,0.66728663,train,p40,dataset_2,embedding
464,0.6931471805599453,0.6802363,train,p40,dataset_2,embedding
519,0.6931471805599453,0.6802823,train,p40,dataset_2,embedding
860,0.6931471805599453,0.69678485,train,p40,dataset_2,embedding
564,0.6931471805599453,0.71109307,train,p40,dataset_2,embedding
105,0.6931471805599453,0.6618686,train,p40,dataset_2,embedding
848,0.6931471805599453,0.68201756,train,p40,dataset_2,embedding
974,0.6931471805599453,0.68287694,train,p40,dataset_2,embedding
387,0.6931471805599453,0.6797135,train,p40,dataset_2,embedding
1038,0.6931471805599453,0.71946764,train,p40,dataset_2,embedding
1108,0.6931471805599453,0.6900725,train,p40,dataset_2,embedding
240,2.0794415416798357,2.2689583,train,p40,dataset_2,embedding
402,3.091042453358316,2.9553015,train,p40,dataset_2,embedding
210,2.1972245773362196,2.1860268,train,p40,dataset_2,embedding
1379,1.3862943611198906,1.3091022,train,p40,dataset_2,embedding
58,0.6931471805599453,0.7490793,train,p40,dataset_2,embedding
654,0.6931471805599453,0.7254602,train,p40,dataset_2,embedding
111,0.6931471805599453,0.80231124,train,p40,dataset_2,embedding
485,0.6931471805599453,0.7407617,train,p40,dataset_2,embedding
1430,0.6931471805599453,0.6801144,train,p40,dataset_2,embedding
1150,0.6931471805599453,0.7314738,train,p40,dataset_2,embedding
196,0.6931471805599453,0.69324374,train,p40,dataset_2,embedding
807,0.6931471805599453,0.68111986,train,p40,dataset_2,embedding
1064,0.6931471805599453,0.88391227,train,p40,dataset_2,embedding
605,0.6931471805599453,0.70718205,train,p40,dataset_2,embedding
1261,0.6931471805599453,0.68098104,train,p40,dataset_2,embedding
633,1.0986122886681098,1.5306952,train,p40,dataset_2,embedding
276,0.6931471805599453,0.68036306,train,p40,dataset_2,embedding
1383,0.6931471805599453,0.7235663,train,p40,dataset_2,embedding
1112,0.6931471805599453,0.7112224,train,p40,dataset_2,embedding
1026,0.6931471805599453,0.6970514,train,p40,dataset_2,embedding
885,0.6931471805599453,0.86974925,train,p40,dataset_2,embedding
732,1.0986122886681098,1.032276,train,p40,dataset_2,embedding
466,0.6931471805599453,0.9431325,train,p40,dataset_2,embedding
486,0.6931471805599453,0.71559644,train,p40,dataset_2,embedding
1415,0.6931471805599453,0.69633716,train,p40,dataset_2,embedding
1311,0.6931471805599453,0.7242907,train,p40,dataset_2,embedding
174,0.6931471805599453,0.7327795,train,p40,dataset_2,embedding
390,0.6931471805599453,0.69684565,train,p40,dataset_2,embedding
922,0.6931471805599453,0.67348045,train,p40,dataset_2,embedding
1081,0.6931471805599453,0.7058553,train,p40,dataset_2,embedding
1212,0.6931471805599453,0.6868742,train,p40,dataset_2,embedding
672,0.6931471805599453,0.73485506,train,p40,dataset_2,embedding
712,1.0986122886681098,0.96967757,train,p40,dataset_2,embedding
1015,0.6931471805599453,0.6677461,train,p40,dataset_2,embedding
178,0.6931471805599453,0.6807033,train,p40,dataset_2,embedding
1290,0.6931471805599453,0.71226424,train,p40,dataset_2,embedding
1182,1.3862943611198906,1.0559186,train,p40,dataset_2,embedding
659,0.6931471805599453,0.9504988,train,p40,dataset_2,embedding
1306,0.6931471805599453,0.7767311,train,p40,dataset_2,embedding
1124,0.6931471805599453,0.77458686,train,p40,dataset_2,embedding
404,1.3862943611198906,1.5840242,train,p40,dataset_2,embedding
1220,0.6931471805599453,0.6869347,train,p40,dataset_2,embedding
470,0.6931471805599453,0.66966033,train,p40,dataset_2,embedding
966,1.0986122886681098,1.0037367,train,p40,dataset_2,embedding
147,0.6931471805599453,0.7195846,train,p40,dataset_2,embedding
933,0.6931471805599453,0.78661895,train,p40,dataset_2,embedding
85,1.0986122886681098,0.9303692,train,p40,dataset_2,embedding
1051,0.6931471805599453,0.6593645,train,p40,dataset_2,embedding
704,0.6931471805599453,0.6444869,train,p40,dataset_2,embedding
380,0.6931471805599453,0.9255166,train,p40,dataset_2,embedding
751,1.0986122886681098,0.9883152,train,p40,dataset_2,embedding
1264,0.6931471805599453,0.66089463,train,p40,dataset_2,embedding
1238,0.6931471805599453,0.7265651,train,p40,dataset_2,embedding
876,0.6931471805599453,0.68552226,train,p40,dataset_2,embedding
1387,0.6931471805599453,0.7587337,train,p40,dataset_2,embedding
116,0.6931471805599453,0.7004534,train,p40,dataset_2,embedding
1312,0.6931471805599453,0.69319695,train,p40,dataset_2,embedding
130,0.6931471805599453,0.6964474,train,p40,dataset_2,embedding
120,0.6931471805599453,0.6083241,train,p40,dataset_2,embedding
289,0.6931471805599453,0.6815732,train,p40,dataset_2,embedding
168,0.6931471805599453,0.6806994,train,p40,dataset_2,embedding
988,0.6931471805599453,0.8561729,train,p40,dataset_2,embedding
1330,0.6931471805599453,0.8660737,train,p40,dataset_2,embedding
656,0.6931471805599453,0.7403916,train,p40,dataset_2,embedding
100,0.6931471805599453,0.98403794,train,p40,dataset_2,embedding
11,0.6931471805599453,0.8061366,train,p40,dataset_2,embedding
410,2.1972245773362196,1.2464423,train,p40,dataset_2,embedding
747,0.6931471805599453,0.7089263,train,p40,dataset_2,embedding
184,0.6931471805599453,0.7166732,train,p40,dataset_2,embedding
580,0.6931471805599453,0.7266348,train,p40,dataset_2,embedding
688,0.6931471805599453,0.74459124,train,p40,dataset_2,embedding
1243,0.6931471805599453,0.72196615,train,p40,dataset_2,embedding
999,0.6931471805599453,0.700686,train,p40,dataset_2,embedding
680,0.6931471805599453,0.6632707,train,p40,dataset_2,embedding
333,0.6931471805599453,0.65931344,train,p40,dataset_2,embedding
1402,0.6931471805599453,0.67857635,train,p40,dataset_2,embedding
919,0.6931471805599453,0.7681105,train,p40,dataset_2,embedding
1428,0.6931471805599453,0.72090846,train,p40,dataset_2,embedding
647,1.6094379124341005,1.5877026,train,p40,dataset_2,embedding
1013,0.6931471805599453,0.6807176,train,p40,dataset_2,embedding
122,0.6931471805599453,0.68313706,train,p40,dataset_2,embedding
71,0.6931471805599453,0.7196147,train,p40,dataset_2,embedding
1172,0.6931471805599453,0.70476115,train,p40,dataset_2,embedding
306,0.6931471805599453,0.7073213,train,p40,dataset_2,embedding
1405,0.6931471805599453,0.7158238,train,p40,dataset_2,embedding
1267,0.6931471805599453,0.81388336,train,p40,dataset_2,embedding
1048,0.6931471805599453,0.74699116,train,p40,dataset_2,embedding
877,0.6931471805599453,0.7033142,train,p40,dataset_2,embedding
453,0.6931471805599453,0.71081,train,p40,dataset_2,embedding
32,1.0986122886681098,1.0628794,train,p40,dataset_2,embedding
975,0.6931471805599453,0.83087665,train,p40,dataset_2,embedding
1176,0.6931471805599453,0.75989294,train,p40,dataset_2,embedding
182,0.6931471805599453,0.82902956,train,p40,dataset_2,embedding
1398,0.6931471805599453,0.81759524,train,p40,dataset_2,embedding
550,0.6931471805599453,0.6867871,train,p40,dataset_2,embedding
984,0.6931471805599453,0.7441808,train,p40,dataset_2,embedding
1344,0.6931471805599453,0.6950171,train,p40,dataset_2,embedding
1106,0.6931471805599453,0.7519316,train,p40,dataset_2,embedding
119,0.6931471805599453,0.80712414,train,p40,dataset_2,embedding
1227,0.6931471805599453,0.70247394,train,p40,dataset_2,embedding
230,0.6931471805599453,0.7430177,train,p40,dataset_2,embedding
1324,0.6931471805599453,0.9284828,train,p40,dataset_2,embedding
968,0.6931471805599453,0.7194463,train,p40,dataset_2,embedding
139,0.6931471805599453,0.680516,train,p40,dataset_2,embedding
2,0.6931471805599453,0.68047017,train,p40,dataset_2,embedding
1041,0.6931471805599453,0.6984979,train,p40,dataset_2,embedding
597,1.0986122886681098,0.88719165,train,p40,dataset_2,embedding
1011,0.6931471805599453,0.80742157,train,p40,dataset_2,embedding
991,0.6931471805599453,0.68556815,train,p40,dataset_2,embedding
392,0.6931471805599453,0.9522505,train,p40,dataset_2,embedding
549,0.6931471805599453,0.68884146,train,p40,dataset_2,embedding
15,0.6931471805599453,0.8367831,train,p40,dataset_2,embedding
1105,0.6931471805599453,0.7049748,train,p40,dataset_2,embedding
140,0.6931471805599453,0.679834,train,p40,dataset_2,embedding
1070,0.6931471805599453,0.7910081,train,p40,dataset_2,embedding
622,0.6931471805599453,0.71058065,train,p40,dataset_2,embedding
714,4.02535169073515,4.148642,train,p40,dataset_2,embedding
740,0.6931471805599453,0.68916523,train,p40,dataset_2,embedding
679,0.6931471805599453,1.178712,train,p40,dataset_2,embedding
1265,0.6931471805599453,0.70728016,train,p40,dataset_2,embedding
890,1.0986122886681098,0.8328278,train,p40,dataset_2,embedding
348,0.6931471805599453,0.71206254,train,p40,dataset_2,embedding
1215,0.6931471805599453,0.6824798,train,p40,dataset_2,embedding
491,0.6931471805599453,0.66184276,train,p40,dataset_2,embedding
1432,0.6931471805599453,0.69980633,train,p40,dataset_2,embedding
374,0.6931471805599453,0.72465926,train,p40,dataset_2,embedding
1366,0.6931471805599453,0.66895914,train,p40,dataset_2,embedding
1341,0.6931471805599453,0.748834,train,p40,dataset_2,embedding
61,0.6931471805599453,0.6803466,train,p40,dataset_2,embedding
1319,0.6931471805599453,0.6292284,train,p40,dataset_2,embedding
1427,0.6931471805599453,0.6801112,train,p40,dataset_2,embedding
936,0.6931471805599453,0.68246126,train,p40,dataset_2,embedding
660,0.6931471805599453,0.7091716,train,p40,dataset_2,embedding
207,4.532599493153256,5.2239556,train,p40,dataset_2,embedding
154,0.6931471805599453,0.6803472,train,p40,dataset_2,embedding
398,3.688879454113936,3.2800384,train,p40,dataset_2,embedding
1439,0.6931471805599453,0.7345942,train,p40,dataset_2,embedding
611,0.6931471805599453,0.7431733,train,p40,dataset_2,embedding
1429,0.6931471805599453,0.6802161,train,p40,dataset_2,embedding
23,0.6931471805599453,0.6801852,train,p40,dataset_2,embedding
1308,0.6931471805599453,0.78687036,train,p40,dataset_2,embedding
1144,0.6931471805599453,0.7039507,train,p40,dataset_2,embedding
1152,0.6931471805599453,0.6846187,train,p40,dataset_2,embedding
292,1.0986122886681098,0.8641712,train,p40,dataset_2,embedding
872,0.6931471805599453,0.70461226,train,p40,dataset_2,embedding
961,0.6931471805599453,0.7093525,train,p40,dataset_2,embedding
754,0.6931471805599453,0.70119417,train,p40,dataset_2,embedding
1023,0.6931471805599453,0.78850836,train,p40,dataset_2,embedding
1196,0.6931471805599453,0.7078124,train,p40,dataset_2,embedding
1287,0.6931471805599453,0.8062763,train,p40,dataset_2,embedding
599,0.6931471805599453,0.6819061,train,p40,dataset_2,embedding
1247,0.6931471805599453,0.70935595,train,p40,dataset_2,embedding
281,0.6931471805599453,0.6948415,train,p40,dataset_2,embedding
113,0.6931471805599453,0.8484422,train,p40,dataset_2,embedding
134,0.6931471805599453,0.6966136,train,p40,dataset_2,embedding
894,0.6931471805599453,0.6961808,train,p40,dataset_2,embedding
674,1.0986122886681098,1.0948896,train,p40,dataset_2,embedding
1119,0.6931471805599453,0.6833298,train,p40,dataset_2,embedding
612,0.6931471805599453,0.7317356,train,p40,dataset_2,embedding
1016,0.6931471805599453,0.6855446,train,p40,dataset_2,embedding
719,2.302585092994046,1.489286,train,p40,dataset_2,embedding
832,0.6931471805599453,0.6831434,train,p40,dataset_2,embedding
487,0.6931471805599453,0.6853672,train,p40,dataset_2,embedding
798,0.6931471805599453,0.69998753,train,p40,dataset_2,embedding
1043,0.6931471805599453,0.6892468,train,p40,dataset_2,embedding
81,1.6094379124341005,1.2173698,train,p40,dataset_2,embedding
1351,0.6931471805599453,0.6967793,train,p40,dataset_2,embedding
239,0.6931471805599453,0.70153934,train,p40,dataset_2,embedding
262,0.6931471805599453,0.698272,train,p40,dataset_2,embedding
943,0.6931471805599453,0.68275225,train,p40,dataset_2,embedding
787,0.6931471805599453,0.7232717,train,p40,dataset_2,embedding
1157,0.6931471805599453,0.6820244,train,p40,dataset_2,embedding
730,0.6931471805599453,1.1236014,train,p40,dataset_2,embedding
1302,0.6931471805599453,0.7845797,train,p40,dataset_2,embedding
722,1.3862943611198906,1.202243,train,p40,dataset_2,embedding
234,0.6931471805599453,0.6891748,train,p40,dataset_2,embedding
789,0.6931471805599453,0.6643267,train,p40,dataset_2,embedding
528,0.6931471805599453,0.7111292,train,p40,dataset_2,embedding
241,1.6094379124341005,1.8874676,train,p40,dataset_2,embedding
359,0.6931471805599453,0.70879674,train,p40,dataset_2,embedding
361,0.6931471805599453,0.73870695,train,p40,dataset_2,embedding
675,0.6931471805599453,0.8871,train,p40,dataset_2,embedding
1094,0.6931471805599453,0.6798935,train,p40,dataset_2,embedding
368,0.6931471805599453,0.79600114,train,p40,dataset_2,embedding
492,0.6931471805599453,0.8203685,train,p40,dataset_2,embedding
569,0.6931471805599453,0.66137344,train,p40,dataset_2,embedding
183,0.6931471805599453,0.6888483,train,p40,dataset_2,embedding
37,0.6931471805599453,0.6831499,train,p40,dataset_2,embedding
651,0.6931471805599453,0.8733555,train,p40,dataset_2,embedding
614,0.6931471805599453,0.7167655,train,p40,dataset_2,embedding
413,0.6931471805599453,0.741164,train,p40,dataset_2,embedding
1404,0.6931471805599453,0.6847608,train,p40,dataset_2,embedding
1403,0.6931471805599453,0.7093908,train,p40,dataset_2,embedding
1232,0.6931471805599453,0.6822049,train,p40,dataset_2,embedding
563,0.6931471805599453,0.75517875,train,p40,dataset_2,embedding
990,0.6931471805599453,0.68003684,train,p40,dataset_2,embedding
1059,0.6931471805599453,0.6802995,train,p40,dataset_2,embedding
532,0.6931471805599453,0.68193024,train,p40,dataset_2,embedding
761,0.6931471805599453,0.6603377,train,p40,dataset_2,embedding
1110,0.6931471805599453,0.726625,train,p40,dataset_2,embedding
685,0.6931471805599453,0.6802348,train,p40,dataset_2,embedding
77,0.6931471805599453,0.77761066,train,p40,dataset_2,embedding
734,0.6931471805599453,0.84425366,train,p40,dataset_2,embedding
1039,0.6931471805599453,0.7261072,train,p40,dataset_2,embedding
525,1.0986122886681098,0.8516056,train,p40,dataset_2,embedding
110,0.6931471805599453,0.68278164,train,p40,dataset_2,embedding
910,0.6931471805599453,0.72178847,train,p40,dataset_2,embedding
778,0.6931471805599453,0.7399832,train,p40,dataset_2,embedding
1331,0.6931471805599453,0.70084435,train,p40,dataset_2,embedding
312,0.6931471805599453,0.70090604,train,p40,dataset_2,embedding
810,0.6931471805599453,0.68837726,train,p40,dataset_2,embedding
294,0.6931471805599453,0.6564959,train,p40,dataset_2,embedding
946,0.6931471805599453,0.7481076,train,p40,dataset_2,embedding
608,0.6931471805599453,0.75724053,train,p40,dataset_2,embedding
441,0.6931471805599453,0.7057698,train,p40,dataset_2,embedding
970,0.6931471805599453,0.6808655,train,p40,dataset_2,embedding
1325,0.6931471805599453,0.8232934,train,p40,dataset_2,embedding
151,0.6931471805599453,0.6804488,train,p40,dataset_2,embedding
1237,0.6931471805599453,0.8716965,train,p40,dataset_2,embedding
1024,0.6931471805599453,0.6854821,train,p40,dataset_2,embedding
471,0.6931471805599453,0.680151,train,p40,dataset_2,embedding
575,0.6931471805599453,0.73139185,train,p40,dataset_2,embedding
582,0.6931471805599453,0.7081462,train,p40,dataset_2,embedding
1128,0.6931471805599453,0.7376768,train,p40,dataset_2,embedding
1022,0.6931471805599453,0.70827687,train,p40,dataset_2,embedding
768,0.6931471805599453,0.6927749,train,p40,dataset_2,embedding
29,1.0986122886681098,1.0238603,train,p40,dataset_2,embedding
1143,1.6094379124341005,1.8106141,train,p40,dataset_2,embedding
1323,2.1972245773362196,1.4545242,train,p40,dataset_2,embedding
655,1.0986122886681098,0.8178705,train,p40,dataset_2,embedding
108,0.6931471805599453,0.679087,train,p40,dataset_2,embedding
1146,0.6931471805599453,0.68157697,train,p40,dataset_2,embedding
1248,0.6931471805599453,0.6867367,train,p40,dataset_2,embedding
1322,0.6931471805599453,0.6794933,train,p40,dataset_2,embedding
806,0.6931471805599453,0.66367143,train,p40,dataset_2,embedding
841,1.0986122886681098,0.8102801,train,p40,dataset_2,embedding
808,0.6931471805599453,0.6897142,train,p40,dataset_2,embedding
887,0.6931471805599453,0.6814817,train,p40,dataset_2,embedding
544,0.6931471805599453,0.6299609,train,p40,dataset_2,embedding
49,0.6931471805599453,0.68639475,train,p40,dataset_2,embedding
416,1.0986122886681098,0.89482045,train,p40,dataset_2,embedding
780,0.6931471805599453,0.6888916,train,p40,dataset_2,embedding
923,0.6931471805599453,0.69279575,train,p40,dataset_2,embedding
233,0.6931471805599453,0.64530116,train,p40,dataset_2,embedding
1369,0.6931471805599453,0.6927906,train,p40,dataset_2,embedding
1357,2.0794415416798357,2.0693474,train,p40,dataset_2,embedding
231,0.6931471805599453,0.7021725,train,p40,dataset_2,embedding
1338,0.6931471805599453,0.69524777,train,p40,dataset_2,embedding
391,1.3862943611198906,0.9598706,train,p40,dataset_2,embedding
1123,0.6931471805599453,0.72826636,train,p40,dataset_2,embedding
79,0.6931471805599453,0.7172385,train,p40,dataset_2,embedding
833,0.6931471805599453,0.7008537,train,p40,dataset_2,embedding
769,0.6931471805599453,0.7717092,train,p40,dataset_2,embedding
969,0.6931471805599453,0.6799613,train,p40,dataset_2,embedding
334,0.6931471805599453,0.78469443,train,p40,dataset_2,embedding
96,0.6931471805599453,0.7186646,train,p40,dataset_2,embedding
1438,0.6931471805599453,0.68677986,train,p40,dataset_2,embedding
1310,0.6931471805599453,0.77136856,train,p40,dataset_2,embedding
1389,0.6931471805599453,0.74015677,train,p40,dataset_2,embedding
126,0.6931471805599453,0.68286514,train,p40,dataset_2,embedding
800,0.6931471805599453,0.79884624,train,p40,dataset_2,embedding
906,0.6931471805599453,0.6894734,train,p40,dataset_2,embedding
941,0.6931471805599453,0.6639122,train,p40,dataset_2,embedding
1335,0.6931471805599453,0.69841444,train,p40,dataset_2,embedding
1113,0.6931471805599453,0.71123224,train,p40,dataset_2,embedding
1160,0.6931471805599453,0.72105527,train,p40,dataset_2,embedding
700,0.6931471805599453,0.6860961,train,p40,dataset_2,embedding
973,0.6931471805599453,0.69034183,train,p40,dataset_2,embedding
1178,0.6931471805599453,0.69724405,train,p40,dataset_2,embedding
927,0.6931471805599453,0.68287015,train,p40,dataset_2,embedding
95,0.6931471805599453,0.70688057,train,p40,dataset_2,embedding
976,0.6931471805599453,0.7116695,train,p40,dataset_2,embedding
1006,0.6931471805599453,0.69775015,train,p40,dataset_2,embedding
692,0.6931471805599453,0.7734808,train,p40,dataset_2,embedding
162,0.6931471805599453,0.7287468,train,p40,dataset_2,embedding
917,0.6931471805599453,0.72140265,train,p40,dataset_2,embedding
253,0.6931471805599453,0.6870118,train,p40,dataset_2,embedding
643,1.0986122886681098,1.1389806,train,p40,dataset_2,embedding
509,0.6931471805599453,0.7043749,train,p40,dataset_2,embedding
886,0.6931471805599453,0.6824146,train,p40,dataset_2,embedding
836,0.6931471805599453,0.70074403,train,p40,dataset_2,embedding
127,0.6931471805599453,0.68714625,train,p40,dataset_2,embedding
964,0.6931471805599453,0.6819798,train,p40,dataset_2,embedding
459,0.6931471805599453,0.6888814,train,p40,dataset_2,embedding
804,0.6931471805599453,0.6979356,train,p40,dataset_2,embedding
1293,0.6931471805599453,0.6846808,train,p40,dataset_2,embedding
484,0.6931471805599453,0.68568814,train,p40,dataset_2,embedding
592,0.6931471805599453,0.73164225,train,p40,dataset_2,embedding
1279,0.6931471805599453,0.6858827,train,p40,dataset_2,embedding
994,0.6931471805599453,0.6832795,train,p40,dataset_2,embedding
1202,0.6931471805599453,0.71171504,train,p40,dataset_2,embedding
1149,0.6931471805599453,0.71170044,train,p40,dataset_2,embedding
38,0.6931471805599453,0.68550795,train,p40,dataset_2,embedding
759,0.6931471805599453,0.67092854,train,p40,dataset_2,embedding
498,0.6931471805599453,0.7061381,train,p40,dataset_2,embedding
117,0.6931471805599453,0.7570546,train,p40,dataset_2,embedding
148,0.6931471805599453,0.6802448,train,p40,dataset_2,embedding
947,0.6931471805599453,0.71238524,train,p40,dataset_2,embedding
1167,0.6931471805599453,0.6660897,train,p40,dataset_2,embedding
673,1.0986122886681098,0.9829483,train,p40,dataset_2,embedding
19,0.6931471805599453,0.73662484,train,p40,dataset_2,embedding
39,0.6931471805599453,0.7002896,train,p40,dataset_2,embedding
677,0.6931471805599453,0.95845497,train,p40,dataset_2,embedding
1281,0.6931471805599453,0.8644995,train,p40,dataset_2,embedding
301,0.6931471805599453,0.6958471,train,p40,dataset_2,embedding
613,0.6931471805599453,0.9095959,train,p40,dataset_2,embedding
824,0.6931471805599453,0.71330106,train,p40,dataset_2,embedding
1352,1.3862943611198906,1.5657798,train,p40,dataset_2,embedding
495,0.6931471805599453,0.71365625,train,p40,dataset_2,embedding
473,0.6931471805599453,0.66599405,train,p40,dataset_2,embedding
826,0.6931471805599453,0.69541895,train,p40,dataset_2,embedding
323,0.6931471805599453,0.8932309,train,p40,dataset_2,embedding
36,0.6931471805599453,0.72944814,train,p40,dataset_2,embedding
1276,0.6931471805599453,0.68571454,train,p40,dataset_2,embedding
1103,0.6931471805599453,0.7167355,train,p40,dataset_2,embedding
1138,0.6931471805599453,0.68128633,train,p40,dataset_2,embedding
121,0.6931471805599453,0.7330508,train,p40,dataset_2,embedding
129,0.6931471805599453,0.69619966,train,p40,dataset_2,embedding
82,1.0986122886681098,0.9228817,train,p40,dataset_2,embedding
288,0.6931471805599453,0.74610364,train,p40,dataset_2,embedding
367,0.6931471805599453,0.7410832,train,p40,dataset_2,embedding
1073,0.6931471805599453,0.6921404,train,p40,dataset_2,embedding
911,0.6931471805599453,0.71665764,train,p40,dataset_2,embedding
646,0.6931471805599453,1.1478517,train,p40,dataset_2,embedding
251,0.6931471805599453,0.7114879,train,p40,dataset_2,embedding
551,1.3862943611198906,1.8687981,train,p40,dataset_2,embedding
1098,0.6931471805599453,0.6936414,train,p40,dataset_2,embedding
542,0.6931471805599453,0.68053424,train,p40,dataset_2,embedding
468,0.6931471805599453,0.7482054,train,p40,dataset_2,embedding
1163,0.6931471805599453,0.6807712,train,p40,dataset_2,embedding
304,0.6931471805599453,0.757687,train,p40,dataset_2,embedding
1274,0.6931471805599453,0.6955432,train,p40,dataset_2,embedding
1223,0.6931471805599453,0.6802187,train,p40,dataset_2,embedding
1005,0.6931471805599453,0.68062305,train,p40,dataset_2,embedding
1142,0.6931471805599453,0.82457197,train,p40,dataset_2,embedding
1133,0.6931471805599453,1.0698433,train,p40,dataset_2,embedding
775,0.6931471805599453,0.71675897,train,p40,dataset_2,embedding
1254,0.6931471805599453,0.7138541,train,p40,dataset_2,embedding
460,0.6931471805599453,0.69721496,train,p40,dataset_2,embedding
699,0.6931471805599453,0.6859009,train,p40,dataset_2,embedding
631,2.1972245773362196,2.6821187,train,p40,dataset_2,embedding
854,0.6931471805599453,0.7726323,train,p40,dataset_2,embedding
548,0.6931471805599453,0.71840626,train,p40,dataset_2,embedding
620,0.6931471805599453,0.70796007,train,p40,dataset_2,embedding
419,1.0986122886681098,0.83143055,train,p40,dataset_2,embedding
482,0.6931471805599453,0.6799959,train,p40,dataset_2,embedding
68,0.6931471805599453,0.7586188,train,p40,dataset_2,embedding
59,0.6931471805599453,0.68169737,train,p40,dataset_2,embedding
661,0.6931471805599453,0.7292497,train,p40,dataset_2,embedding
1139,0.6931471805599453,0.7042507,train,p40,dataset_2,embedding
187,0.6931471805599453,0.7578753,train,p40,dataset_2,embedding
252,0.6931471805599453,0.69989705,train,p40,dataset_2,embedding
78,0.6931471805599453,0.7495302,train,p40,dataset_2,embedding
690,0.6931471805599453,0.8152548,train,p40,dataset_2,embedding
1363,0.6931471805599453,0.69019675,train,p40,dataset_2,embedding
1230,0.6931471805599453,0.76616454,train,p40,dataset_2,embedding
733,0.6931471805599453,0.89389557,train,p40,dataset_2,embedding
315,0.6931471805599453,0.69423413,train,p40,dataset_2,embedding
1170,1.791759469228055,1.464283,train,p40,dataset_2,embedding
170,0.6931471805599453,0.68924254,train,p40,dataset_2,embedding
1020,0.6931471805599453,0.6963587,train,p40,dataset_2,embedding
431,1.0986122886681098,0.8815858,train,p40,dataset_2,embedding
296,0.6931471805599453,0.6970062,train,p40,dataset_2,embedding
350,0.6931471805599453,0.7647781,train,p40,dataset_2,embedding
1118,0.6931471805599453,0.6909275,train,p40,dataset_2,embedding
481,0.6931471805599453,0.71710515,train,p40,dataset_2,embedding
75,1.0986122886681098,1.1370747,train,p40,dataset_2,embedding
1236,0.6931471805599453,0.79441226,train,p40,dataset_2,embedding
1216,0.6931471805599453,0.76607835,train,p40,dataset_2,embedding
324,0.6931471805599453,0.71405095,train,p40,dataset_2,embedding
1356,0.6931471805599453,0.7164434,train,p40,dataset_2,embedding
861,0.6931471805599453,0.76040053,train,p40,dataset_2,embedding
199,0.6931471805599453,0.68075997,train,p40,dataset_2,embedding
507,0.6931471805599453,0.6961194,train,p40,dataset_2,embedding
619,0.6931471805599453,0.6951139,train,p40,dataset_2,embedding
22,0.6931471805599453,0.6455709,train,p40,dataset_2,embedding
538,0.6931471805599453,1.1184171,train,p40,dataset_2,embedding
1370,0.6931471805599453,0.80292416,train,p40,dataset_2,embedding
835,0.6931471805599453,0.6356704,train,p40,dataset_2,embedding
1056,0.6931471805599453,0.7288199,train,p40,dataset_2,embedding
325,0.6931471805599453,0.7988346,train,p40,dataset_2,embedding
1076,0.6931471805599453,0.72549975,train,p40,dataset_2,embedding
1255,0.6931471805599453,0.7435554,train,p40,dataset_2,embedding
202,0.6931471805599453,0.69061565,train,p40,dataset_2,embedding
218,0.6931471805599453,0.78036463,train,p40,dataset_2,embedding
235,2.302585092994046,2.2815866,train,p40,dataset_2,embedding
282,1.6094379124341005,1.5564239,train,p40,dataset_2,embedding
663,0.6931471805599453,0.7499957,train,p40,dataset_2,embedding
1263,0.6931471805599453,0.6975919,train,p40,dataset_2,embedding
259,0.6931471805599453,0.686113,train,p40,dataset_2,embedding
51,0.6931471805599453,0.76816237,train,p40,dataset_2,embedding
1100,0.6931471805599453,0.6999748,train,p40,dataset_2,embedding
539,0.6931471805599453,0.8939145,train,p40,dataset_2,embedding
595,2.302585092994046,2.0410545,train,p40,dataset_2,embedding
87,0.6931471805599453,0.73207164,train,p40,dataset_2,embedding
1222,0.6931471805599453,0.6817274,train,p40,dataset_2,embedding
220,0.6931471805599453,0.8078749,train,p40,dataset_2,embedding
227,0.6931471805599453,0.6619037,train,p40,dataset_2,embedding
1437,0.6931471805599453,0.69510853,train,p40,dataset_2,embedding
31,1.0986122886681098,1.2996211,train,p40,dataset_2,embedding
426,0.6931471805599453,0.7177695,train,p40,dataset_2,embedding
904,0.6931471805599453,0.7889116,train,p40,dataset_2,embedding
40,0.6931471805599453,0.69616973,train,p40,dataset_2,embedding
586,0.6931471805599453,0.6796603,train,p40,dataset_2,embedding
738,1.0986122886681098,0.78532016,train,p40,dataset_2,embedding
1253,0.6931471805599453,0.70677465,train,p40,dataset_2,embedding
540,0.6931471805599453,0.8102808,train,p40,dataset_2,embedding
1332,0.6931471805599453,0.705641,train,p40,dataset_2,embedding
705,0.6931471805599453,0.6758656,train,p40,dataset_2,embedding
66,0.6931471805599453,0.679636,train,p40,dataset_2,embedding
44,0.6931471805599453,0.6808134,train,p40,dataset_2,embedding
1145,0.6931471805599453,0.7709938,train,p40,dataset_2,embedding
1007,0.6931471805599453,0.7058717,train,p40,dataset_2,embedding
92,0.6931471805599453,0.8434119,train,p40,dataset_2,embedding
791,0.6931471805599453,0.68090487,train,p40,dataset_2,embedding
639,1.9459101490553132,1.5536156,train,p40,dataset_2,embedding
1391,0.6931471805599453,0.9436736,train,p40,dataset_2,embedding
1078,0.6931471805599453,0.6600424,train,p40,dataset_2,embedding
896,0.6931471805599453,0.68222624,train,p40,dataset_2,embedding
1386,0.6931471805599453,0.7958628,train,p40,dataset_2,embedding
188,0.6931471805599453,0.6153929,train,p40,dataset_2,embedding
839,0.6931471805599453,0.6985929,train,p40,dataset_2,embedding
1382,0.6931471805599453,0.8327577,train,p40,dataset_2,embedding
444,0.6931471805599453,0.8510523,train,p40,dataset_2,embedding
1052,0.6931471805599453,0.667809,train,p40,dataset_2,embedding
1300,0.6931471805599453,0.69809055,train,p40,dataset_2,embedding
1245,0.6931471805599453,0.7032254,train,p40,dataset_2,embedding
30,1.9459101490553132,1.3491584,train,p40,dataset_2,embedding
211,4.02535169073515,2.5065024,train,p40,dataset_2,embedding
158,0.6931471805599453,0.7063687,train,p40,dataset_2,embedding
516,0.6931471805599453,0.730635,train,p40,dataset_2,embedding
1131,0.6931471805599453,0.70366096,train,p40,dataset_2,embedding
546,0.6931471805599453,0.68452513,train,p40,dataset_2,embedding
678,0.6931471805599453,0.8316653,train,p40,dataset_2,embedding
1021,0.6931471805599453,0.7203435,train,p40,dataset_2,embedding
1042,0.6931471805599453,0.7003691,train,p40,dataset_2,embedding
743,0.6931471805599453,0.7133363,train,p40,dataset_2,embedding
291,0.6931471805599453,0.774632,train,p40,dataset_2,embedding
1089,0.6931471805599453,0.6932819,train,p40,dataset_2,embedding
221,0.6931471805599453,0.78657925,train,p40,dataset_2,embedding
1266,0.6931471805599453,0.7569253,train,p40,dataset_2,embedding
523,0.6931471805599453,0.7190894,train,p40,dataset_2,embedding
1009,0.6931471805599453,0.6858103,train,p40,dataset_2,embedding
796,0.6931471805599453,0.7063696,train,p40,dataset_2,embedding
249,0.6931471805599453,0.69466585,train,p40,dataset_2,embedding
89,0.6931471805599453,0.73862374,train,p40,dataset_2,embedding
377,0.6931471805599453,0.74848497,train,p40,dataset_2,embedding
465,0.6931471805599453,0.68786323,train,p40,dataset_2,embedding
329,0.6931471805599453,0.70788,train,p40,dataset_2,embedding
1416,0.6931471805599453,0.7654251,train,p40,dataset_2,embedding
1187,0.6931471805599453,0.68829155,train,p40,dataset_2,embedding
1074,0.6931471805599453,0.68819714,train,p40,dataset_2,embedding
394,3.784189633918261,4.1405005,train,p40,dataset_2,embedding
177,0.6931471805599453,0.7187952,train,p40,dataset_2,embedding
513,0.6931471805599453,0.68665874,train,p40,dataset_2,embedding
1257,0.6931471805599453,0.68060976,train,p40,dataset_2,embedding
524,1.0986122886681098,0.9870422,train,p40,dataset_2,embedding
785,0.6931471805599453,0.72320616,train,p40,dataset_2,embedding
138,0.6931471805599453,0.6805078,train,p40,dataset_2,embedding
1339,0.6931471805599453,0.6850968,train,p40,dataset_2,embedding
260,0.6931471805599453,0.7857459,train,p40,dataset_2,embedding
114,0.6931471805599453,0.67855513,train,p40,dataset_2,embedding
414,0.6931471805599453,0.8091892,train,p40,dataset_2,embedding
194,0.6931471805599453,0.68029755,train,p40,dataset_2,embedding
429,0.6931471805599453,0.6818477,train,p40,dataset_2,embedding
193,0.6931471805599453,0.76065475,train,p40,dataset_2,embedding
3,1.0986122886681098,0.90184253,train,p40,dataset_2,embedding
1221,1.0986122886681098,1.0241029,train,p40,dataset_2,embedding
891,0.6931471805599453,0.6526787,train,p40,dataset_2,embedding
132,0.6931471805599453,0.74015164,train,p40,dataset_2,embedding
1008,0.6931471805599453,0.6729617,train,p40,dataset_2,embedding
1418,0.6931471805599453,0.69813806,train,p40,dataset_2,embedding
271,0.6931471805599453,0.76202977,train,p40,dataset_2,embedding
1285,0.6931471805599453,0.758772,train,p40,dataset_2,embedding
1079,0.6931471805599453,0.68018657,train,p40,dataset_2,embedding
626,3.737669618283368,3.9277856,train,p40,dataset_2,embedding
326,0.6931471805599453,0.71022785,train,p40,dataset_2,embedding
279,0.6931471805599453,0.69966054,train,p40,dataset_2,embedding
547,0.6931471805599453,0.7991952,train,p40,dataset_2,embedding
1309,0.6931471805599453,0.6964948,train,p40,dataset_2,embedding
748,1.0986122886681098,1.025982,train,p40,dataset_2,embedding
254,0.6931471805599453,0.6798544,train,p40,dataset_2,embedding
388,0.6931471805599453,0.6840447,train,p40,dataset_2,embedding
107,0.6931471805599453,0.7192969,train,p40,dataset_2,embedding
136,0.6931471805599453,0.7849145,train,p40,dataset_2,embedding
728,0.6931471805599453,0.97534764,train,p40,dataset_2,embedding
480,0.6931471805599453,0.54814404,train,p40,dataset_2,embedding
142,0.6931471805599453,0.68023586,train,p40,dataset_2,embedding
574,0.6931471805599453,0.7057781,train,p40,dataset_2,embedding
1434,0.6931471805599453,0.69556487,train,p40,dataset_2,embedding
510,0.6931471805599453,0.8071636,train,p40,dataset_2,embedding
319,0.6931471805599453,0.68334746,train,p40,dataset_2,embedding
535,0.6931471805599453,0.68633103,train,p40,dataset_2,embedding
954,0.6931471805599453,0.7569519,train,p40,dataset_2,embedding
433,0.6931471805599453,0.75062346,train,p40,dataset_2,embedding
998,0.6931471805599453,0.72132814,train,p40,dataset_2,embedding
556,0.6931471805599453,0.68125445,train,p40,dataset_2,embedding
1372,0.6931471805599453,0.7943487,train,p40,dataset_2,embedding
104,0.6931471805599453,0.66987455,train,p40,dataset_2,embedding
694,1.791759469228055,1.4186447,train,p40,dataset_2,embedding
313,0.6931471805599453,0.71914184,train,p40,dataset_2,embedding
1173,1.6094379124341005,1.2836888,train,p40,dataset_2,embedding
457,0.6931471805599453,0.6884837,train,p40,dataset_2,embedding
517,0.6931471805599453,0.7058809,train,p40,dataset_2,embedding
1246,0.6931471805599453,0.69754803,train,p40,dataset_2,embedding
447,0.6931471805599453,0.70037436,train,p40,dataset_2,embedding
160,0.6931471805599453,0.8805032,train,p40,dataset_2,embedding
1368,0.6931471805599453,0.7105906,train,p40,dataset_2,embedding
317,0.6931471805599453,0.7472799,train,p40,dataset_2,embedding
48,0.6931471805599453,0.7797137,train,p40,dataset_2,embedding
335,0.6931471805599453,0.6058766,train,p40,dataset_2,embedding
781,0.6931471805599453,0.7996028,train,p40,dataset_2,embedding
812,0.6931471805599453,0.6874398,train,p40,dataset_2,embedding
1095,0.6931471805599453,0.69334716,train,p40,dataset_2,embedding
1317,0.6931471805599453,0.716572,train,p40,dataset_2,embedding
318,0.6931471805599453,0.7379436,train,p40,dataset_2,embedding
818,0.6931471805599453,0.8129551,train,p40,dataset_2,embedding
632,2.5649493574615367,2.7885695,train,p40,dataset_2,embedding
1360,0.6931471805599453,0.7298541,train,p40,dataset_2,embedding
128,0.6931471805599453,0.6944511,train,p40,dataset_2,embedding
1171,1.0986122886681098,1.5197468,train,p40,dataset_2,embedding
118,0.6931471805599453,0.6903903,train,p40,dataset_2,embedding
950,0.6931471805599453,0.65972453,train,p40,dataset_2,embedding
718,3.044522437723423,2.6541197,train,p40,dataset_2,embedding
54,0.6931471805599453,0.698573,train,p40,dataset_2,embedding
159,0.6931471805599453,0.6966411,train,p40,dataset_2,embedding
1091,0.6931471805599453,0.8911004,train,p40,dataset_2,embedding
892,0.6931471805599453,0.6812775,train,p40,dataset_2,embedding
1111,0.6931471805599453,0.68111026,train,p40,dataset_2,embedding
280,0.6931471805599453,0.7435261,train,p40,dataset_2,embedding
208,3.367295829986474,3.5727074,train,p40,dataset_2,embedding
1442,0.6931471805599453,0.69628346,train,p40,dataset_2,embedding
1299,0.6931471805599453,0.7484354,train,p40,dataset_2,embedding
758,0.6931471805599453,0.7206633,train,p40,dataset_2,embedding
1400,0.6931471805599453,0.6625261,train,p40,dataset_2,embedding
27,0.6931471805599453,0.7701497,train,p40,dataset_2,embedding
1165,2.6390573296152584,3.7400246,train,p40,dataset_2,embedding
774,0.6931471805599453,0.7286527,train,p40,dataset_2,embedding
784,0.6931471805599453,0.63782275,train,p40,dataset_2,embedding
219,0.6931471805599453,0.6842199,train,p40,dataset_2,embedding
746,0.6931471805599453,0.6947786,train,p40,dataset_2,embedding
842,0.6931471805599453,0.8106959,train,p40,dataset_2,embedding
131,0.6931471805599453,0.70248616,train,p40,dataset_2,embedding
553,0.6931471805599453,0.60870284,train,p40,dataset_2,embedding
446,0.6931471805599453,0.82698786,train,p40,dataset_2,embedding
72,0.6931471805599453,0.6934868,train,p40,dataset_2,embedding
770,0.6931471805599453,0.7501955,train,p40,dataset_2,embedding
1239,0.6931471805599453,0.6889503,train,p40,dataset_2,embedding
43,0.6931471805599453,0.7672161,train,p40,dataset_2,embedding
1420,0.6931471805599453,0.6852273,train,p40,dataset_2,embedding
924,0.6931471805599453,0.7279136,train,p40,dataset_2,embedding
1030,0.6931471805599453,0.68099165,train,p40,dataset_2,embedding
93,0.6931471805599453,0.6842017,train,p40,dataset_2,embedding
228,0.6931471805599453,0.88529515,train,p40,dataset_2,embedding
585,0.6931471805599453,0.71401244,train,p40,dataset_2,embedding
1273,0.6931471805599453,0.72627616,train,p40,dataset_2,embedding
1084,0.6931471805599453,0.6802226,train,p40,dataset_2,embedding
967,0.6931471805599453,0.68749595,train,p40,dataset_2,embedding
152,0.6931471805599453,0.6992605,train,p40,dataset_2,embedding
726,1.0986122886681098,1.1256415,train,p40,dataset_2,embedding
432,1.791759469228055,1.6377828,train,p40,dataset_2,embedding
670,0.6931471805599453,0.74563366,train,p40,dataset_2,embedding
986,0.6931471805599453,0.68720365,train,p40,dataset_2,embedding
1134,0.6931471805599453,0.686164,train,p40,dataset_2,embedding
938,0.6931471805599453,0.6968014,train,p40,dataset_2,embedding
181,0.6931471805599453,0.70761687,train,p40,dataset_2,embedding
1154,0.6931471805599453,0.89827096,train,p40,dataset_2,embedding
330,0.6931471805599453,0.7434685,train,p40,dataset_2,embedding
256,0.6931471805599453,0.67979854,train,p40,dataset_2,embedding
206,0.6931471805599453,0.7077674,train,p40,dataset_2,embedding
1179,0.6931471805599453,0.7698816,train,p40,dataset_2,embedding
1088,2.5649493574615367,1.4658842,train,p40,dataset_2,embedding
1204,0.6931471805599453,0.69990784,train,p40,dataset_2,embedding
1012,0.6931471805599453,0.71666884,train,p40,dataset_2,embedding
1277,0.6931471805599453,0.68071294,train,p40,dataset_2,embedding
1199,0.6931471805599453,0.7134875,train,p40,dataset_2,embedding
993,0.6931471805599453,0.7944994,train,p40,dataset_2,embedding
1057,0.6931471805599453,0.6963921,train,p40,dataset_2,embedding
60,0.6931471805599453,0.70810694,train,p40,dataset_2,embedding
566,0.6931471805599453,0.68429565,train,p40,dataset_2,embedding
62,0.6931471805599453,0.6439015,train,p40,dataset_2,embedding
515,0.6931471805599453,0.7121557,train,p40,dataset_2,embedding
1010,0.6931471805599453,0.65998787,train,p40,dataset_2,embedding
1058,0.6931471805599453,0.7002491,train,p40,dataset_2,embedding
503,0.6931471805599453,0.7079764,train,p40,dataset_2,embedding
267,0.6931471805599453,0.6573818,train,p40,dataset_2,embedding
506,0.6931471805599453,0.6892928,train,p40,dataset_2,embedding
56,0.6931471805599453,0.70071703,train,p40,dataset_2,embedding
1346,0.6931471805599453,0.6893718,train,p40,dataset_2,embedding
346,0.6931471805599453,0.6464199,train,p40,dataset_2,embedding
1037,0.6931471805599453,0.7064568,train,p40,dataset_2,embedding
1203,0.6931471805599453,0.6852185,train,p40,dataset_2,embedding
1090,2.3978952727983707,1.6738703,train,p40,dataset_2,embedding
953,0.6931471805599453,0.6973046,train,p40,dataset_2,embedding
1421,0.6931471805599453,0.6882473,train,p40,dataset_2,embedding
809,0.6931471805599453,0.7686441,train,p40,dataset_2,embedding
504,0.6931471805599453,0.71925354,train,p40,dataset_2,embedding
439,0.6931471805599453,0.6830522,train,p40,dataset_2,embedding
165,0.6931471805599453,0.69294345,train,p40,dataset_2,embedding
243,0.6931471805599453,0.7125975,train,p40,dataset_2,embedding
9,0.6931471805599453,0.7228098,train,p40,dataset_2,embedding
512,0.6931471805599453,0.6798929,train,p40,dataset_2,embedding
1062,0.6931471805599453,0.72512436,train,p40,dataset_2,embedding
560,1.0986122886681098,0.99729097,train,p40,dataset_2,embedding
559,0.6931471805599453,0.7028179,train,p40,dataset_2,embedding
867,0.6931471805599453,0.7044083,train,p40,dataset_2,embedding
834,0.6931471805599453,0.7034155,train,p40,dataset_2,embedding
554,3.4657359027997265,3.190106,train,p40,dataset_2,embedding
389,0.6931471805599453,0.7096393,train,p40,dataset_2,embedding
180,0.6931471805599453,0.8194239,train,p40,dataset_2,embedding
442,0.6931471805599453,0.8398513,train,p40,dataset_2,embedding
792,0.6931471805599453,0.68510437,train,p40,dataset_2,embedding
505,0.6931471805599453,0.6949606,train,p40,dataset_2,embedding
1063,0.6931471805599453,0.6801513,train,p40,dataset_2,embedding
741,1.3862943611198906,0.98406816,train,p40,dataset_2,embedding
1189,0.6931471805599453,0.6806363,train,p40,dataset_2,embedding
1206,0.6931471805599453,0.7135408,train,p40,dataset_2,embedding
767,1.0986122886681098,0.9874121,train,p40,dataset_2,embedding
1014,0.6931471805599453,0.8859619,train,p40,dataset_2,embedding
1283,0.6931471805599453,0.6595751,train,p40,dataset_2,embedding
445,0.6931471805599453,0.82472646,train,p40,dataset_2,embedding
1258,0.6931471805599453,0.6993784,train,p40,dataset_2,embedding
353,0.6931471805599453,0.696482,train,p40,dataset_2,embedding
103,0.6931471805599453,0.70980865,train,p40,dataset_2,embedding
1194,0.6931471805599453,0.6967716,train,p40,dataset_2,embedding
25,0.6931471805599453,0.9674159,train,p40,dataset_2,embedding
106,1.0986122886681098,0.8869743,train,p40,dataset_2,embedding
265,0.6931471805599453,0.6804805,train,p40,dataset_2,embedding
16,0.6931471805599453,0.7280239,train,p40,dataset_2,embedding
669,1.0986122886681098,0.83625126,train,p40,dataset_2,embedding
752,0.6931471805599453,0.6872457,train,p40,dataset_2,embedding
232,0.6931471805599453,0.6854231,train,p40,dataset_2,embedding
1186,0.6931471805599453,0.6998099,train,p40,dataset_2,embedding
572,0.6931471805599453,0.6888305,train,p40,dataset_2,embedding
201,0.6931471805599453,0.6801912,train,p40,dataset_2,embedding
623,2.0794415416798357,1.8690928,train,p40,dataset_2,embedding
956,0.6931471805599453,0.70311797,train,p40,dataset_2,embedding
1371,0.6931471805599453,0.6840359,train,p40,dataset_2,embedding
185,0.6931471805599453,0.7081902,train,p40,dataset_2,embedding
283,0.6931471805599453,1.2383149,train,p40,dataset_2,embedding
337,0.6931471805599453,0.6603147,train,p40,dataset_2,embedding
437,0.6931471805599453,0.70561546,train,p40,dataset_2,embedding
1060,0.6931471805599453,0.6985463,train,p40,dataset_2,embedding
1116,0.6931471805599453,0.75061285,train,p40,dataset_2,embedding
1297,0.6931471805599453,0.71316385,train,p40,dataset_2,embedding
161,0.6931471805599453,0.69569165,train,p40,dataset_2,embedding
531,0.6931471805599453,0.6915246,train,p40,dataset_2,embedding
762,1.0986122886681098,0.8356465,train,p40,dataset_2,embedding
727,0.6931471805599453,1.0554581,train,p40,dataset_2,embedding
197,0.6931471805599453,0.67735356,train,p40,dataset_2,embedding
1343,0.6931471805599453,0.7085266,train,p40,dataset_2,embedding
766,0.6931471805599453,0.65974104,train,p40,dataset_2,embedding
84,0.6931471805599453,0.8465991,train,p40,dataset_2,embedding
462,0.6931471805599453,0.68167967,train,p40,dataset_2,embedding
1226,0.6931471805599453,0.66513795,train,p40,dataset_2,embedding
737,0.6931471805599453,0.72368944,train,p40,dataset_2,embedding
1296,0.6931471805599453,0.7627088,train,p40,dataset_2,embedding
1121,0.6931471805599453,1.0623677,train,p40,dataset_2,embedding
884,0.6931471805599453,0.7696848,train,p40,dataset_2,embedding
1219,0.6931471805599453,0.6896026,train,p40,dataset_2,embedding
327,0.6931471805599453,0.8876473,train,p40,dataset_2,embedding
1185,0.6931471805599453,0.6648574,train,p40,dataset_2,embedding
940,0.6931471805599453,0.79925764,train,p40,dataset_2,embedding
176,0.6931471805599453,0.6828767,train,p40,dataset_2,embedding
450,0.6931471805599453,0.69903314,train,p40,dataset_2,embedding
855,0.6931471805599453,0.726861,train,p40,dataset_2,embedding
112,0.6931471805599453,0.7133086,train,p40,dataset_2,embedding
1071,0.6931471805599453,0.6839298,train,p40,dataset_2,embedding
216,0.6931471805599453,0.8170741,train,p40,dataset_2,embedding
977,0.6931471805599453,0.69878936,train,p40,dataset_2,embedding
1401,0.6931471805599453,0.678643,train,p40,dataset_2,embedding
370,0.6931471805599453,0.66068804,train,p40,dataset_2,embedding
483,0.6931471805599453,0.71589124,train,p40,dataset_2,embedding
401,0.6931471805599453,0.6613857,train,p40,dataset_2,embedding
357,0.6931471805599453,0.7061088,train,p40,dataset_2,embedding
1295,0.6931471805599453,0.6530794,train,p40,dataset_2,embedding
844,0.6931471805599453,0.6903912,train,p40,dataset_2,embedding
488,0.6931471805599453,0.93861306,train,p40,dataset_2,embedding
687,0.6931471805599453,0.6865947,train,p40,dataset_2,embedding
618,0.6931471805599453,0.72348714,train,p40,dataset_2,embedding
310,0.6931471805599453,0.6759843,train,p40,dataset_2,embedding
373,0.6931471805599453,0.6806332,train,p40,dataset_2,embedding
786,0.6931471805599453,0.6844932,train,p40,dataset_2,embedding
644,0.6931471805599453,0.9082535,train,p40,dataset_2,embedding
455,0.6931471805599453,0.6944843,train,p40,dataset_2,embedding
1228,0.6931471805599453,0.69843507,train,p40,dataset_2,embedding
236,0.6931471805599453,0.6953707,train,p40,dataset_2,embedding
805,0.6931471805599453,0.6475731,train,p40,dataset_2,embedding
47,0.6931471805599453,0.668743,train,p40,dataset_2,embedding
992,0.6931471805599453,0.8052759,train,p40,dataset_2,embedding
963,0.6931471805599453,0.68635154,train,p40,dataset_2,embedding
794,0.6931471805599453,0.6836003,train,p40,dataset_2,embedding
385,0.6931471805599453,0.69579214,train,p40,dataset_2,embedding
376,0.6931471805599453,0.73831135,train,p40,dataset_2,embedding
1315,0.6931471805599453,0.7007612,train,p40,dataset_2,embedding
171,0.6931471805599453,0.69569445,train,p40,dataset_2,embedding
895,0.6931471805599453,0.80324423,train,p40,dataset_2,embedding
266,0.6931471805599453,0.67961305,train,p40,dataset_2,embedding
362,0.6931471805599453,0.684377,train,p40,dataset_2,embedding
1210,0.6931471805599453,0.72050345,train,p40,dataset_2,embedding
610,0.6931471805599453,0.6914128,train,p40,dataset_2,embedding
1355,2.1972245773362196,2.6730669,train,p40,dataset_2,embedding
375,0.6931471805599453,0.6825017,train,p40,dataset_2,embedding
1209,0.6931471805599453,0.87353426,train,p40,dataset_2,embedding
978,0.6931471805599453,0.7045547,train,p40,dataset_2,embedding
1117,0.6931471805599453,0.68795943,train,p40,dataset_2,embedding
1207,0.6931471805599453,0.7447007,train,p40,dataset_2,embedding
1184,1.0986122886681098,0.9469171,train,p40,dataset_2,embedding
1270,0.6931471805599453,0.6605418,train,p40,dataset_2,embedding
24,0.6931471805599453,0.6802178,train,p40,dataset_2,embedding
908,0.6931471805599453,0.67172956,train,p40,dataset_2,embedding
1077,0.6931471805599453,0.6891091,train,p40,dataset_2,embedding
827,0.6931471805599453,0.6834552,train,p40,dataset_2,embedding
541,0.6931471805599453,1.1024095,train,p40,dataset_2,embedding
1441,0.6931471805599453,0.77422225,train,p40,dataset_2,embedding
882,0.6931471805599453,0.69753075,train,p40,dataset_2,embedding
1417,0.6931471805599453,0.6946624,train,p40,dataset_2,embedding
5,0.6931471805599453,0.69338465,train,p40,dataset_2,embedding
12,0.6931471805599453,1.0389409,train,p40,dataset_2,embedding
530,0.6931471805599453,0.8117187,train,p40,dataset_2,embedding
1259,0.6931471805599453,0.6807898,train,p40,dataset_2,embedding
701,1.791759469228055,1.1005542,train,p40,dataset_2,embedding
1099,0.6931471805599453,0.79389083,train,p40,dataset_2,embedding
1385,0.6931471805599453,0.8612859,train,p40,dataset_2,embedding
576,0.6931471805599453,0.7672585,train,p40,dataset_2,embedding
903,0.6931471805599453,0.74146724,train,p40,dataset_2,embedding
1397,0.6931471805599453,0.6944317,train,p40,dataset_2,embedding
347,0.6931471805599453,0.7898788,train,p40,dataset_2,embedding
4,0.6931471805599453,0.6920762,train,p40,dataset_2,embedding
427,0.6931471805599453,0.78577626,train,p40,dataset_2,embedding
880,0.6931471805599453,0.7091216,train,p40,dataset_2,embedding
135,0.6931471805599453,0.66234684,train,p40,dataset_2,embedding
1102,0.6931471805599453,0.67585856,train,p40,dataset_2,embedding
355,0.6931471805599453,0.71827435,train,p40,dataset_2,embedding
1365,0.6931471805599453,0.7082439,train,p40,dataset_2,embedding
648,0.6931471805599453,0.7741002,train,p40,dataset_2,embedding
693,0.6931471805599453,0.8251281,train,p40,dataset_2,embedding
1354,2.1972245773362196,2.7365758,train,p40,dataset_2,embedding
897,0.6931471805599453,0.6847342,train,p40,dataset_2,embedding
156,0.6931471805599453,0.7649562,train,p40,dataset_2,embedding
982,1.0986122886681098,0.7717931,train,p40,dataset_2,embedding
888,0.6931471805599453,0.72276175,train,p40,dataset_2,embedding
779,0.6931471805599453,0.70547473,train,p40,dataset_2,embedding
1349,0.6931471805599453,0.6802149,train,p40,dataset_2,embedding
356,0.6931471805599453,0.77272207,train,p40,dataset_2,embedding
123,0.6931471805599453,0.6464556,train,p40,dataset_2,embedding
1147,0.6931471805599453,0.73684,train,p40,dataset_2,embedding
624,0.6931471805599453,0.6829833,train,p40,dataset_2,embedding
80,0.6931471805599453,0.691427,train,p40,dataset_2,embedding
606,0.6931471805599453,0.6592766,train,p40,dataset_2,embedding
814,0.6931471805599453,0.7044227,train,p40,dataset_2,embedding
70,0.6931471805599453,0.7477025,train,p40,dataset_2,embedding
1053,0.6931471805599453,0.76683307,train,p40,dataset_2,embedding
26,0.6931471805599453,0.71413165,train,p40,dataset_2,embedding
438,0.6931471805599453,0.9625654,train,p40,dataset_2,embedding
1151,0.6931471805599453,0.6474182,train,p40,dataset_2,embedding
665,1.3862943611198906,1.1012039,train,p40,dataset_2,embedding
609,0.6931471805599453,0.6915452,train,p40,dataset_2,embedding
1205,0.6931471805599453,0.7613059,train,p40,dataset_2,embedding
1126,0.6931471805599453,0.9018153,train,p40,dataset_2,embedding
932,0.6931471805599453,0.6821067,train,p40,dataset_2,embedding
725,1.0986122886681098,0.9218469,train,p40,dataset_2,embedding
1233,0.6931471805599453,0.7194762,train,p40,dataset_2,embedding
349,0.6931471805599453,0.67386705,train,p40,dataset_2,embedding
753,0.6931471805599453,0.6943569,train,p40,dataset_2,embedding
899,0.6931471805599453,0.69595814,train,p40,dataset_2,embedding
588,1.0986122886681098,0.9345262,train,p40,dataset_2,embedding
962,0.6931471805599453,0.69081634,train,p40,dataset_2,embedding
1075,0.6931471805599453,0.7080608,train,p40,dataset_2,embedding
664,0.6931471805599453,0.7139724,train,p40,dataset_2,embedding
1085,0.6931471805599453,0.6803175,train,p40,dataset_2,embedding
1414,0.6931471805599453,0.7901578,train,p40,dataset_2,embedding
287,0.6931471805599453,0.81957614,train,p40,dataset_2,embedding
1193,0.6931471805599453,0.73057747,train,p40,dataset_2,embedding
264,0.6931471805599453,0.69644845,train,p40,dataset_2,embedding
811,0.6931471805599453,0.78313255,train,p40,dataset_2,embedding
750,1.3862943611198906,1.0200776,train,p40,dataset_2,embedding
996,0.6931471805599453,0.83448815,train,p40,dataset_2,embedding
715,2.302585092994046,2.7561707,train,p40,dataset_2,embedding
907,0.6931471805599453,0.6912744,train,p40,dataset_2,embedding
1361,0.6931471805599453,0.6627804,train,p40,dataset_2,embedding
989,0.6931471805599453,0.6859884,train,p40,dataset_2,embedding
756,0.6931471805599453,0.75120884,train,p40,dataset_2,embedding
1180,1.3862943611198906,1.1289017,train,p40,dataset_2,embedding
422,0.6931471805599453,0.8003559,train,p40,dataset_2,embedding
782,0.6931471805599453,0.6607243,train,p40,dataset_2,embedding
64,0.6931471805599453,0.6886797,train,p40,dataset_2,embedding
6,0.6931471805599453,0.80482507,train,p40,dataset_2,embedding
1156,0.6931471805599453,0.6807809,train,p40,dataset_2,embedding
1122,1.0986122886681098,0.8942014,train,p40,dataset_2,embedding
423,0.6931471805599453,0.66275537,train,p40,dataset_2,embedding
658,1.0986122886681098,0.9905277,train,p40,dataset_2,embedding
813,1.0986122886681098,0.9023308,train,p40,dataset_2,embedding
73,0.6931471805599453,0.7053394,train,p40,dataset_2,embedding
829,0.6931471805599453,0.6814889,train,p40,dataset_2,embedding
637,1.9459101490553132,1.45028,train,p40,dataset_2,embedding
496,0.6931471805599453,0.7290367,train,p40,dataset_2,embedding
578,0.6931471805599453,0.76713455,train,p40,dataset_2,embedding
157,0.6931471805599453,0.69680864,train,p40,dataset_2,embedding
555,0.6931471805599453,0.95049316,train,p40,dataset_2,embedding
257,2.833213344056216,1.5428934,train,p40,dataset_2,embedding
490,0.6931471805599453,0.7997582,train,p40,dataset_2,embedding
562,0.6931471805599453,0.7799847,validation,p40,dataset_2,embedding
57,0.6931471805599453,0.8145846,validation,p40,dataset_2,embedding
238,0.6931471805599453,0.99741036,validation,p40,dataset_2,embedding
985,0.6931471805599453,0.7096734,validation,p40,dataset_2,embedding
1433,0.6931471805599453,0.69545096,validation,p40,dataset_2,embedding
920,0.6931471805599453,0.68301964,validation,p40,dataset_2,embedding
478,0.6931471805599453,0.78546035,validation,p40,dataset_2,embedding
109,0.6931471805599453,0.6818311,validation,p40,dataset_2,embedding
790,0.6931471805599453,0.6839667,validation,p40,dataset_2,embedding
7,0.6931471805599453,0.67544895,validation,p40,dataset_2,embedding
42,0.6931471805599453,0.6957947,validation,p40,dataset_2,embedding
1065,0.6931471805599453,0.9195321,validation,p40,dataset_2,embedding
332,0.6931471805599453,0.81236726,validation,p40,dataset_2,embedding
186,0.6931471805599453,0.680297,validation,p40,dataset_2,embedding
406,0.6931471805599453,0.69200295,validation,p40,dataset_2,embedding
1329,0.6931471805599453,0.7733873,validation,p40,dataset_2,embedding
710,0.6931471805599453,0.6827334,validation,p40,dataset_2,embedding
45,0.6931471805599453,0.6594357,validation,p40,dataset_2,embedding
371,0.6931471805599453,0.68719304,validation,p40,dataset_2,embedding
567,0.6931471805599453,0.71829563,validation,p40,dataset_2,embedding
67,0.6931471805599453,0.69776255,validation,p40,dataset_2,embedding
713,4.007333185232471,4.0773606,validation,p40,dataset_2,embedding
845,0.6931471805599453,0.6920503,validation,p40,dataset_2,embedding
223,0.6931471805599453,0.6459354,validation,p40,dataset_2,embedding
428,0.6931471805599453,0.70265466,validation,p40,dataset_2,embedding
652,1.0986122886681098,0.96563905,validation,p40,dataset_2,embedding
163,0.6931471805599453,0.6966491,validation,p40,dataset_2,embedding
274,0.6931471805599453,0.7655901,validation,p40,dataset_2,embedding
393,1.0986122886681098,0.9636699,validation,p40,dataset_2,embedding
1289,0.6931471805599453,0.76106846,validation,p40,dataset_2,embedding
749,0.6931471805599453,0.68402624,validation,p40,dataset_2,embedding
225,0.6931471805599453,0.72429216,validation,p40,dataset_2,embedding
298,0.6931471805599453,0.688819,validation,p40,dataset_2,embedding
625,2.5649493574615367,3.6024334,validation,p40,dataset_2,embedding
1231,0.6931471805599453,0.9331767,validation,p40,dataset_2,embedding
744,0.6931471805599453,0.97707725,validation,p40,dataset_2,embedding
269,0.6931471805599453,0.6984458,validation,p40,dataset_2,embedding
1072,0.6931471805599453,0.71318424,validation,p40,dataset_2,embedding
474,0.6931471805599453,0.8754991,validation,p40,dataset_2,embedding
1337,0.6931471805599453,0.6903572,validation,p40,dataset_2,embedding
454,0.6931471805599453,0.6969732,validation,p40,dataset_2,embedding
17,1.0986122886681098,0.88062423,validation,p40,dataset_2,embedding
859,0.6931471805599453,0.6829383,validation,p40,dataset_2,embedding
916,0.6931471805599453,0.71813166,validation,p40,dataset_2,embedding
1388,0.6931471805599453,0.71521235,validation,p40,dataset_2,embedding
0,0.6931471805599453,0.66358,validation,p40,dataset_2,embedding
1244,0.6931471805599453,0.9345545,validation,p40,dataset_2,embedding
155,0.6931471805599453,0.7108098,validation,p40,dataset_2,embedding
1419,0.6931471805599453,0.71403277,validation,p40,dataset_2,embedding
684,0.6931471805599453,0.6800122,validation,p40,dataset_2,embedding
88,0.6931471805599453,0.7238967,validation,p40,dataset_2,embedding
1292,0.6931471805599453,0.81480753,validation,p40,dataset_2,embedding
1435,0.6931471805599453,0.86234117,validation,p40,dataset_2,embedding
195,0.6931471805599453,0.7170176,validation,p40,dataset_2,embedding
303,0.6931471805599453,0.7406647,validation,p40,dataset_2,embedding
857,0.6931471805599453,0.8083724,validation,p40,dataset_2,embedding
76,1.3862943611198906,1.0788332,validation,p40,dataset_2,embedding
1045,0.6931471805599453,0.68591,validation,p40,dataset_2,embedding
1109,0.6931471805599453,0.63695425,validation,p40,dataset_2,embedding
1001,0.6931471805599453,0.8309235,validation,p40,dataset_2,embedding
1342,0.6931471805599453,0.6797033,validation,p40,dataset_2,embedding
1035,0.6931471805599453,0.68174225,validation,p40,dataset_2,embedding
1412,0.6931471805599453,0.6284032,validation,p40,dataset_2,embedding
698,0.6931471805599453,0.7238616,validation,p40,dataset_2,embedding
284,2.0794415416798357,1.5537813,validation,p40,dataset_2,embedding
852,0.6931471805599453,0.6972492,validation,p40,dataset_2,embedding
980,0.6931471805599453,0.8670056,validation,p40,dataset_2,embedding
1260,0.6931471805599453,0.6828259,validation,p40,dataset_2,embedding
46,0.6931471805599453,0.9258966,validation,p40,dataset_2,embedding
467,0.6931471805599453,0.7210885,validation,p40,dataset_2,embedding
214,1.3862943611198906,0.85031545,validation,p40,dataset_2,embedding
74,0.6931471805599453,0.80666995,validation,p40,dataset_2,embedding
881,0.6931471805599453,0.7692325,validation,p40,dataset_2,embedding
10,0.6931471805599453,0.82652897,validation,p40,dataset_2,embedding
617,0.6931471805599453,0.7077099,validation,p40,dataset_2,embedding
217,1.0986122886681098,0.7894511,validation,p40,dataset_2,embedding
1047,0.6931471805599453,0.8570374,validation,p40,dataset_2,embedding
1304,0.6931471805599453,0.7646473,validation,p40,dataset_2,embedding
167,0.6931471805599453,0.69948256,validation,p40,dataset_2,embedding
676,0.6931471805599453,0.6811122,validation,p40,dataset_2,embedding
1345,0.6931471805599453,0.93142843,validation,p40,dataset_2,embedding
520,0.6931471805599453,0.68532866,validation,p40,dataset_2,embedding
1294,0.6931471805599453,0.68621886,validation,p40,dataset_2,embedding
1298,0.6931471805599453,0.69644594,validation,p40,dataset_2,embedding
628,4.248495242049359,3.7573597,validation,p40,dataset_2,embedding
421,0.6931471805599453,0.7745795,validation,p40,dataset_2,embedding
1390,0.6931471805599453,0.7005272,validation,p40,dataset_2,embedding
352,0.6931471805599453,0.65973824,validation,p40,dataset_2,embedding
862,0.6931471805599453,0.6591381,validation,p40,dataset_2,embedding
409,0.6931471805599453,0.9730171,validation,p40,dataset_2,embedding
627,2.70805020110221,3.9745374,validation,p40,dataset_2,embedding
383,0.6931471805599453,0.68503135,validation,p40,dataset_2,embedding
1280,0.6931471805599453,0.68032724,validation,p40,dataset_2,embedding
723,0.6931471805599453,0.7395091,validation,p40,dataset_2,embedding
558,0.6931471805599453,0.72299045,validation,p40,dataset_2,embedding
534,0.6931471805599453,0.7078948,validation,p40,dataset_2,embedding
363,0.6931471805599453,0.7302104,validation,p40,dataset_2,embedding
1136,0.6931471805599453,0.7717709,validation,p40,dataset_2,embedding
382,0.6931471805599453,0.6801005,validation,p40,dataset_2,embedding
983,0.6931471805599453,0.74698764,validation,p40,dataset_2,embedding
261,0.6931471805599453,0.6655128,validation,p40,dataset_2,embedding
533,0.6931471805599453,0.71443844,validation,p40,dataset_2,embedding
456,0.6931471805599453,0.78447497,validation,p40,dataset_2,embedding
870,0.6931471805599453,0.69686127,validation,p40,dataset_2,embedding
144,0.6931471805599453,0.6794471,validation,p40,dataset_2,embedding
640,1.9459101490553132,1.7486902,validation,p40,dataset_2,embedding
529,0.6931471805599453,0.9804627,validation,p40,dataset_2,embedding
461,0.6931471805599453,0.8701991,validation,p40,dataset_2,embedding
340,1.0986122886681098,0.8772946,validation,p40,dataset_2,embedding
581,0.6931471805599453,0.69542754,validation,p40,dataset_2,embedding
1115,0.6931471805599453,0.68026876,validation,p40,dataset_2,embedding
1251,0.6931471805599453,0.66026646,validation,p40,dataset_2,embedding
584,0.6931471805599453,0.6854109,validation,p40,dataset_2,embedding
1249,0.6931471805599453,0.68122315,validation,p40,dataset_2,embedding
366,0.6931471805599453,0.6806259,validation,p40,dataset_2,embedding
951,0.6931471805599453,0.65966773,validation,p40,dataset_2,embedding
1307,0.6931471805599453,0.7195565,validation,p40,dataset_2,embedding
166,0.6931471805599453,0.75058925,validation,p40,dataset_2,embedding
275,0.6931471805599453,0.6886218,validation,p40,dataset_2,embedding
369,0.6931471805599453,0.6687397,validation,p40,dataset_2,embedding
1408,0.6931471805599453,0.8003085,validation,p40,dataset_2,embedding
268,1.9459101490553132,2.1332862,validation,p40,dataset_2,embedding
797,0.6931471805599453,0.70561564,validation,p40,dataset_2,embedding
900,0.6931471805599453,0.78687024,validation,p40,dataset_2,embedding
960,0.6931471805599453,0.6597676,validation,p40,dataset_2,embedding
720,2.302585092994046,1.7888001,validation,p40,dataset_2,embedding
883,0.6931471805599453,0.7402568,validation,p40,dataset_2,embedding
1350,0.6931471805599453,0.7446253,validation,p40,dataset_2,embedding
858,0.6931471805599453,0.6962476,validation,p40,dataset_2,embedding
1256,0.6931471805599453,0.70216167,validation,p40,dataset_2,embedding
913,0.6931471805599453,0.7275967,validation,p40,dataset_2,embedding
293,0.6931471805599453,0.68912303,validation,p40,dataset_2,embedding
579,0.6931471805599453,0.6825107,validation,p40,dataset_2,embedding
299,0.6931471805599453,0.7629849,validation,p40,dataset_2,embedding
875,0.6931471805599453,0.7015946,validation,p40,dataset_2,embedding
345,0.6931471805599453,0.71139413,validation,p40,dataset_2,embedding
1314,0.6931471805599453,0.8655672,validation,p40,dataset_2,embedding
851,0.6931471805599453,0.685398,validation,p40,dataset_2,embedding
573,0.6931471805599453,0.69603,validation,p40,dataset_2,embedding
521,0.6931471805599453,0.7425812,validation,p40,dataset_2,embedding
795,0.6931471805599453,0.6925617,validation,p40,dataset_2,embedding
209,1.3862943611198906,1.8156852,validation,p40,dataset_2,embedding
250,0.6931471805599453,0.69729966,validation,p40,dataset_2,embedding
959,0.6931471805599453,0.6834675,validation,p40,dataset_2,embedding
764,0.6931471805599453,0.7711979,validation,p40,dataset_2,embedding
365,0.6931471805599453,0.6799095,validation,p40,dataset_2,embedding
173,0.6931471805599453,0.8293653,validation,p40,dataset_2,embedding
918,0.6931471805599453,0.6919342,validation,p40,dataset_2,embedding
69,0.6931471805599453,0.6868646,validation,p40,dataset_2,embedding
935,0.6931471805599453,0.7514483,validation,p40,dataset_2,embedding
689,0.6931471805599453,1.2317986,validation,p40,dataset_2,embedding
1396,0.6931471805599453,0.71365917,validation,p40,dataset_2,embedding
1367,0.6931471805599453,0.6533104,validation,p40,dataset_2,embedding
244,0.6931471805599453,0.752752,validation,p40,dataset_2,embedding
172,0.6931471805599453,0.70419526,validation,p40,dataset_2,embedding
1017,0.6931471805599453,0.68059313,validation,p40,dataset_2,embedding
400,1.9459101490553132,2.3811617,validation,p40,dataset_2,embedding
596,2.0794415416798357,1.2325933,validation,p40,dataset_2,embedding
565,0.6931471805599453,0.8637122,validation,p40,dataset_2,embedding
1004,0.6931471805599453,0.6604953,validation,p40,dataset_2,embedding
838,1.0986122886681098,0.7350796,validation,p40,dataset_2,embedding
650,0.6931471805599453,1.1562995,validation,p40,dataset_2,embedding
458,0.6931471805599453,0.75134647,validation,p40,dataset_2,embedding
320,0.6931471805599453,0.83899903,validation,p40,dataset_2,embedding
1394,0.6931471805599453,0.63358223,validation,p40,dataset_2,embedding
942,0.6931471805599453,0.6811662,validation,p40,dataset_2,embedding
18,1.0986122886681098,0.79147804,validation,p40,dataset_2,embedding
939,0.6931471805599453,0.6908403,validation,p40,dataset_2,embedding
322,0.6931471805599453,0.6793716,validation,p40,dataset_2,embedding
305,0.6931471805599453,0.68019575,validation,p40,dataset_2,embedding
1050,0.6931471805599453,0.7422488,validation,p40,dataset_2,embedding
408,0.6931471805599453,0.74485785,validation,p40,dataset_2,embedding
801,0.6931471805599453,0.8001568,validation,p40,dataset_2,embedding
381,0.6931471805599453,0.680179,validation,p40,dataset_2,embedding
143,0.6931471805599453,0.79492486,validation,p40,dataset_2,embedding
645,1.3862943611198906,1.4356221,validation,p40,dataset_2,embedding
145,0.6931471805599453,0.7139399,validation,p40,dataset_2,embedding
634,3.970291913552122,1.4715096,validation,p40,dataset_2,embedding
1291,0.6931471805599453,0.70995027,validation,p40,dataset_2,embedding
1407,0.6931471805599453,0.6797179,validation,p40,dataset_2,embedding
771,0.6931471805599453,0.71696144,validation,p40,dataset_2,embedding
777,0.6931471805599453,0.71258783,validation,p40,dataset_2,embedding
99,0.6931471805599453,0.69194996,validation,p40,dataset_2,embedding
302,0.6931471805599453,0.6811259,validation,p40,dataset_2,embedding
476,0.6931471805599453,0.7081446,validation,p40,dataset_2,embedding
286,0.6931471805599453,0.6728464,validation,p40,dataset_2,embedding
321,0.6931471805599453,0.7199093,validation,p40,dataset_2,embedding
815,0.6931471805599453,0.97751755,validation,p40,dataset_2,embedding
1376,0.6931471805599453,0.7077431,validation,p40,dataset_2,embedding
788,0.6931471805599453,0.72165084,validation,p40,dataset_2,embedding
1393,0.6931471805599453,0.69643176,validation,p40,dataset_2,embedding
198,0.6931471805599453,0.69552004,validation,p40,dataset_2,embedding
552,0.6931471805599453,0.9372306,validation,p40,dataset_2,embedding
339,0.6931471805599453,0.9863621,validation,p40,dataset_2,embedding
308,0.6931471805599453,0.72582656,validation,p40,dataset_2,embedding
682,0.6931471805599453,0.7527372,validation,p40,dataset_2,embedding
949,0.6931471805599453,0.67306656,validation,p40,dataset_2,embedding
1027,0.6931471805599453,0.71456593,validation,p40,dataset_2,embedding
912,0.6931471805599453,0.76847214,validation,p40,dataset_2,embedding
863,0.6931471805599453,0.7305248,validation,p40,dataset_2,embedding
600,0.6931471805599453,0.6940241,validation,p40,dataset_2,embedding
354,0.6931471805599453,0.723189,validation,p40,dataset_2,embedding
1129,1.0986122886681098,0.9593414,validation,p40,dataset_2,embedding
1229,0.6931471805599453,0.73847044,validation,p40,dataset_2,embedding
1130,0.6931471805599453,0.7960397,validation,p40,dataset_2,embedding
1200,0.6931471805599453,0.6869043,validation,p40,dataset_2,embedding
53,0.6931471805599453,0.6804427,validation,p40,dataset_2,embedding
1213,0.6931471805599453,0.7372974,validation,p40,dataset_2,embedding
150,0.6931471805599453,0.68008614,validation,p40,dataset_2,embedding
28,0.6931471805599453,0.74243367,validation,p40,dataset_2,embedding
926,0.6931471805599453,0.70432997,validation,p40,dataset_2,embedding
1278,0.6931471805599453,0.6804272,validation,p40,dataset_2,embedding
50,0.6931471805599453,0.81984067,validation,p40,dataset_2,embedding
511,0.6931471805599453,0.6787082,validation,p40,dataset_2,embedding
1225,0.6931471805599453,0.77809846,validation,p40,dataset_2,embedding
1141,0.6931471805599453,0.6798604,validation,p40,dataset_2,embedding
1353,0.6931471805599453,0.67176634,validation,p40,dataset_2,embedding
702,0.6931471805599453,0.74343747,test,p40,dataset_2,embedding
849,0.6931471805599453,0.7758552,test,p40,dataset_2,embedding
229,0.6931471805599453,0.68540776,test,p40,dataset_2,embedding
1333,0.6931471805599453,0.8061249,test,p40,dataset_2,embedding
1120,0.6931471805599453,0.7247367,test,p40,dataset_2,embedding
65,0.6931471805599453,0.9072082,test,p40,dataset_2,embedding
545,0.6931471805599453,0.7150038,test,p40,dataset_2,embedding
1169,3.970291913552122,1.6117065,test,p40,dataset_2,embedding
1217,0.6931471805599453,0.683329,test,p40,dataset_2,embedding
657,0.6931471805599453,0.9454293,test,p40,dataset_2,embedding
557,0.6931471805599453,0.7023773,test,p40,dataset_2,embedding
169,0.6931471805599453,0.68244684,test,p40,dataset_2,embedding
1174,1.3862943611198906,1.3090664,test,p40,dataset_2,embedding
971,0.6931471805599453,0.6851101,test,p40,dataset_2,embedding
1003,0.6931471805599453,0.7146944,test,p40,dataset_2,embedding
1250,0.6931471805599453,0.6919483,test,p40,dataset_2,embedding
425,0.6931471805599453,0.6749433,test,p40,dataset_2,embedding
1069,0.6931471805599453,0.6952769,test,p40,dataset_2,embedding
1093,0.6931471805599453,0.68538547,test,p40,dataset_2,embedding
1271,0.6931471805599453,0.6870148,test,p40,dataset_2,embedding
822,0.6931471805599453,0.7644379,test,p40,dataset_2,embedding
101,0.6931471805599453,0.7015558,test,p40,dataset_2,embedding
930,0.6931471805599453,0.6896686,test,p40,dataset_2,embedding
309,0.6931471805599453,0.8794184,test,p40,dataset_2,embedding
1374,0.6931471805599453,0.888629,test,p40,dataset_2,embedding
189,0.6931471805599453,0.73980206,test,p40,dataset_2,embedding
336,0.6931471805599453,0.68006074,test,p40,dataset_2,embedding
1411,0.6931471805599453,0.6802927,test,p40,dataset_2,embedding
358,0.6931471805599453,0.6794612,test,p40,dataset_2,embedding
1132,0.6931471805599453,0.6667483,test,p40,dataset_2,embedding
364,0.6931471805599453,0.6608374,test,p40,dataset_2,embedding
706,0.6931471805599453,0.6806368,test,p40,dataset_2,embedding
412,0.6931471805599453,0.82056653,test,p40,dataset_2,embedding
803,0.6931471805599453,0.72532773,test,p40,dataset_2,embedding
760,0.6931471805599453,0.6981711,test,p40,dataset_2,embedding
1092,0.6931471805599453,0.679767,test,p40,dataset_2,embedding
1406,0.6931471805599453,0.72817,test,p40,dataset_2,embedding
1002,0.6931471805599453,0.68629336,test,p40,dataset_2,embedding
965,0.6931471805599453,0.6810347,test,p40,dataset_2,embedding
1272,0.6931471805599453,0.7144953,test,p40,dataset_2,embedding
115,0.6931471805599453,0.70076466,test,p40,dataset_2,embedding
192,0.6931471805599453,0.68326795,test,p40,dataset_2,embedding
1431,0.6931471805599453,0.6797158,test,p40,dataset_2,embedding
878,1.0986122886681098,0.8661781,test,p40,dataset_2,embedding
420,0.6931471805599453,0.67944,test,p40,dataset_2,embedding
1268,0.6931471805599453,0.71479005,test,p40,dataset_2,embedding
90,0.6931471805599453,0.6858779,test,p40,dataset_2,embedding
215,0.6931471805599453,0.8389235,test,p40,dataset_2,embedding
1148,0.6931471805599453,0.6968436,test,p40,dataset_2,embedding
351,0.6931471805599453,0.6941105,test,p40,dataset_2,embedding
879,0.6931471805599453,0.6831782,test,p40,dataset_2,embedding
853,0.6931471805599453,0.68423206,test,p40,dataset_2,embedding
952,0.6931471805599453,0.6975247,test,p40,dataset_2,embedding
945,0.6931471805599453,0.66625273,test,p40,dataset_2,embedding
290,0.6931471805599453,0.6867913,test,p40,dataset_2,embedding
1153,0.6931471805599453,0.69916856,test,p40,dataset_2,embedding
707,0.6931471805599453,0.6835736,test,p40,dataset_2,embedding
411,0.6931471805599453,0.80556035,test,p40,dataset_2,embedding
1326,0.6931471805599453,0.6317697,test,p40,dataset_2,embedding
1055,0.6931471805599453,0.6814008,test,p40,dataset_2,embedding
536,0.6931471805599453,0.82078385,test,p40,dataset_2,embedding
1320,1.0986122886681098,1.174651,test,p40,dataset_2,embedding
709,0.6931471805599453,0.7013155,test,p40,dataset_2,embedding
1127,0.6931471805599453,0.9544965,test,p40,dataset_2,embedding
338,0.6931471805599453,0.6852951,test,p40,dataset_2,embedding
1028,0.6931471805599453,0.7429668,test,p40,dataset_2,embedding
869,0.6931471805599453,0.68229806,test,p40,dataset_2,embedding
242,3.258096538021482,1.4077103,test,p40,dataset_2,embedding
285,1.6094379124341005,1.7835026,test,p40,dataset_2,embedding
434,0.6931471805599453,0.69340664,test,p40,dataset_2,embedding
436,0.6931471805599453,0.7749414,test,p40,dataset_2,embedding
497,0.6931471805599453,0.7782637,test,p40,dataset_2,embedding
731,0.6931471805599453,1.235929,test,p40,dataset_2,embedding
865,0.6931471805599453,0.6856897,test,p40,dataset_2,embedding
21,0.6931471805599453,0.68120396,test,p40,dataset_2,embedding
200,0.6931471805599453,0.68675596,test,p40,dataset_2,embedding
1097,0.6931471805599453,0.71025205,test,p40,dataset_2,embedding
1046,0.6931471805599453,0.6800543,test,p40,dataset_2,embedding
1313,0.6931471805599453,0.7197802,test,p40,dataset_2,embedding
691,1.0986122886681098,1.4120948,test,p40,dataset_2,embedding
226,0.6931471805599453,0.7058253,test,p40,dataset_2,embedding
1305,0.6931471805599453,0.6988528,test,p40,dataset_2,embedding
1425,0.6931471805599453,0.8337224,test,p40,dataset_2,embedding
724,1.3862943611198906,1.680573,test,p40,dataset_2,embedding
602,0.6931471805599453,0.68095547,test,p40,dataset_2,embedding
587,0.6931471805599453,0.77975035,test,p40,dataset_2,embedding
125,0.6931471805599453,0.68665576,test,p40,dataset_2,embedding
258,0.6931471805599453,0.72604704,test,p40,dataset_2,embedding
1164,1.0986122886681098,0.92006576,test,p40,dataset_2,embedding
245,0.6931471805599453,0.9862511,test,p40,dataset_2,embedding
601,0.6931471805599453,0.69821495,test,p40,dataset_2,embedding
905,0.6931471805599453,0.6807637,test,p40,dataset_2,embedding
603,0.6931471805599453,0.70229316,test,p40,dataset_2,embedding
909,0.6931471805599453,0.68189275,test,p40,dataset_2,embedding
124,0.6931471805599453,0.6630333,test,p40,dataset_2,embedding
440,0.6931471805599453,0.7113093,test,p40,dataset_2,embedding
41,0.6931471805599453,0.6825624,test,p40,dataset_2,embedding
868,0.6931471805599453,0.68832755,test,p40,dataset_2,embedding
204,0.6931471805599453,0.70553964,test,p40,dataset_2,embedding
666,0.6931471805599453,0.7917726,test,p40,dataset_2,embedding
837,0.6931471805599453,0.7629454,test,p40,dataset_2,embedding
1336,0.6931471805599453,0.7070551,test,p40,dataset_2,embedding
205,0.6931471805599453,0.6802188,test,p40,dataset_2,embedding
957,0.6931471805599453,0.7010145,test,p40,dataset_2,embedding
1183,0.6931471805599453,0.7166372,test,p40,dataset_2,embedding
821,0.6931471805599453,0.74911857,test,p40,dataset_2,embedding
417,0.6931471805599453,0.7051079,test,p40,dataset_2,embedding
526,0.6931471805599453,0.6868113,test,p40,dataset_2,embedding
934,0.6931471805599453,0.69448316,test,p40,dataset_2,embedding
561,0.6931471805599453,0.7080387,test,p40,dataset_2,embedding
1135,0.6931471805599453,0.8880873,test,p40,dataset_2,embedding
137,0.6931471805599453,0.6972642,test,p40,dataset_2,embedding
1359,0.6931471805599453,0.6991205,test,p40,dataset_2,embedding
755,0.6931471805599453,0.69898885,test,p40,dataset_2,embedding
1166,3.091042453358316,4.1039414,test,p40,dataset_2,embedding
772,0.6931471805599453,0.67118824,test,p40,dataset_2,embedding
1025,0.6931471805599453,0.93101037,test,p40,dataset_2,embedding
708,0.6931471805599453,0.68587327,test,p40,dataset_2,embedding
799,0.6931471805599453,0.69876206,test,p40,dataset_2,embedding
1114,0.6931471805599453,0.70430356,test,p40,dataset_2,embedding
397,3.332204510175204,3.0916631,test,p40,dataset_2,embedding
1384,0.6931471805599453,0.95533943,test,p40,dataset_2,embedding
686,0.6931471805599453,0.68004143,test,p40,dataset_2,embedding
489,0.6931471805599453,0.68113273,test,p40,dataset_2,embedding
146,0.6931471805599453,0.6802559,test,p40,dataset_2,embedding
435,0.6931471805599453,1.0076603,test,p40,dataset_2,embedding
1218,0.6931471805599453,0.92664325,test,p40,dataset_2,embedding
1282,0.6931471805599453,0.73607224,test,p40,dataset_2,embedding
1362,0.6931471805599453,0.7357681,test,p40,dataset_2,embedding
1240,0.6931471805599453,0.6818437,test,p40,dataset_2,embedding
314,0.6931471805599453,0.7989303,test,p40,dataset_2,embedding
1364,0.6931471805599453,0.6802281,test,p40,dataset_2,embedding
522,0.6931471805599453,0.69655645,test,p40,dataset_2,embedding
1031,0.6931471805599453,0.68045247,test,p40,dataset_2,embedding
937,0.6931471805599453,0.7087517,test,p40,dataset_2,embedding
577,0.6931471805599453,0.71881145,test,p40,dataset_2,embedding
1328,0.6931471805599453,0.7010915,test,p40,dataset_2,embedding
1049,0.6931471805599453,0.835085,test,p40,dataset_2,embedding
825,0.6931471805599453,0.6918883,test,p40,dataset_2,embedding
773,0.6931471805599453,0.8568076,test,p40,dataset_2,embedding
475,0.6931471805599453,0.6928928,test,p40,dataset_2,embedding
263,0.6931471805599453,0.6801039,test,p40,dataset_2,embedding
203,0.6931471805599453,0.92490655,test,p40,dataset_2,embedding
35,0.6931471805599453,0.6948705,test,p40,dataset_2,embedding
1197,0.6931471805599453,0.74066806,test,p40,dataset_2,embedding
430,0.6931471805599453,0.8275863,test,p40,dataset_2,embedding
928,0.6931471805599453,0.71252686,test,p40,dataset_2,embedding
1392,0.6931471805599453,0.6775353,test,p40,dataset_2,embedding
1096,0.6931471805599453,0.69950825,test,p40,dataset_2,embedding
508,0.6931471805599453,0.804543,test,p40,dataset_2,embedding
1140,0.6931471805599453,0.68095416,test,p40,dataset_2,embedding
604,0.6931471805599453,0.7103218,test,p40,dataset_2,embedding
1410,0.6931471805599453,0.713771,test,p40,dataset_2,embedding
703,0.6931471805599453,0.68902814,test,p40,dataset_2,embedding
757,0.6931471805599453,0.74471676,test,p40,dataset_2,embedding
14,0.6931471805599453,0.74642766,test,p40,dataset_2,embedding
543,0.6931471805599453,0.6599747,test,p40,dataset_2,embedding
783,0.6931471805599453,0.73447114,test,p40,dataset_2,embedding
1034,0.6931471805599453,0.6907095,test,p40,dataset_2,embedding
889,0.6931471805599453,0.65966195,test,p40,dataset_2,embedding
518,0.6931471805599453,0.6935034,test,p40,dataset_2,embedding
1211,0.6931471805599453,0.72011983,test,p40,dataset_2,embedding
493,0.6931471805599453,0.7076954,test,p40,dataset_2,embedding
593,0.6931471805599453,0.8057953,test,p40,dataset_2,embedding
396,1.3862943611198906,2.5098982,test,p40,dataset_2,embedding
1101,0.6931471805599453,0.7432966,test,p40,dataset_2,embedding
316,0.6931471805599453,0.6963696,test,p40,dataset_2,embedding
500,0.6931471805599453,0.87504077,test,p40,dataset_2,embedding
13,0.6931471805599453,0.6802568,test,p40,dataset_2,embedding
94,0.6931471805599453,0.8332635,test,p40,dataset_2,embedding
1181,1.6094379124341005,1.0364668,test,p40,dataset_2,embedding
1424,0.6931471805599453,0.7654244,test,p40,dataset_2,embedding
914,0.6931471805599453,0.7421769,test,p40,dataset_2,embedding
1192,0.6931471805599453,0.69168067,test,p40,dataset_2,embedding
793,0.6931471805599453,0.6944213,test,p40,dataset_2,embedding
133,0.6931471805599453,0.6971595,test,p40,dataset_2,embedding
149,0.6931471805599453,0.6901443,test,p40,dataset_2,embedding
20,0.6931471805599453,0.7686227,test,p40,dataset_2,embedding
270,0.6931471805599453,0.68667305,test,p40,dataset_2,embedding
300,0.6931471805599453,0.72375995,test,p40,dataset_2,embedding
418,1.0986122886681098,0.7889543,test,p40,dataset_2,embedding
840,0.6931471805599453,0.6808696,test,p40,dataset_2,embedding
1321,1.6094379124341005,1.3227664,test,p40,dataset_2,embedding
424,0.6931471805599453,1.0056182,test,p40,dataset_2,embedding
1303,0.6931471805599453,0.71963453,test,p40,dataset_2,embedding
735,0.6931471805599453,0.8738034,test,p40,dataset_2,embedding
816,0.6931471805599453,0.67334473,test,p40,dataset_2,embedding
1224,0.6931471805599453,0.660988,test,p40,dataset_2,embedding
1358,1.6094379124341005,1.7175965,test,p40,dataset_2,embedding
1214,0.6931471805599453,0.6639074,test,p40,dataset_2,embedding
1168,1.6094379124341005,1.7544434,test,p40,dataset_2,embedding
213,1.0986122886681098,1.0629724,test,p40,dataset_2,embedding
944,0.6931471805599453,0.7684573,test,p40,dataset_2,embedding
776,0.6931471805599453,0.70997095,test,p40,dataset_2,embedding
190,0.6931471805599453,0.6965835,test,p40,dataset_2,embedding
1235,0.6931471805599453,0.75368804,test,p40,dataset_2,embedding
1029,0.6931471805599453,0.9257388,test,p40,dataset_2,embedding
1242,0.6931471805599453,0.94184035,test,p40,dataset_2,embedding
164,0.6931471805599453,0.7315005,test,p40,dataset_2,embedding
671,0.6931471805599453,0.9804748,test,p40,dataset_2,embedding
668,1.3862943611198906,1.5211483,test,p40,dataset_2,embedding
452,0.6931471805599453,0.70681125,test,p40,dataset_2,embedding
721,2.772588722239781,2.0658598,test,p40,dataset_2,embedding
237,1.6094379124341005,1.4279727,test,p40,dataset_2,embedding
1395,0.6931471805599453,0.6790019,test,p40,dataset_2,embedding
1,0.6931471805599453,0.7144306,test,p40,dataset_2,embedding
850,0.6931471805599453,0.6835684,test,p40,dataset_2,embedding
1104,0.6931471805599453,0.7006825,test,p40,dataset_2,embedding
1241,0.6931471805599453,0.68276393,test,p40,dataset_2,embedding
1086,0.6931471805599453,0.8001686,test,p40,dataset_2,embedding
843,0.6931471805599453,0.6812502,test,p40,dataset_2,embedding
649,0.6931471805599453,0.8072951,test,p40,dataset_2,embedding
616,0.6931471805599453,0.68034905,test,p40,dataset_2,embedding
1159,0.6931471805599453,0.72116613,test,p40,dataset_2,embedding
297,0.6931471805599453,0.6545555,test,p40,dataset_2,embedding
1275,0.6931471805599453,0.7259582,test,p40,dataset_2,embedding
98,0.6931471805599453,0.70235837,test,p40,dataset_2,embedding
