bank_id,log_systemic_risk_label,prediction,split,p,dataset,approach
1403,0.6931471805599453,0.7043617,train,p0,dataset_2,centrality
1209,0.6931471805599453,0.7043617,train,p0,dataset_2,centrality
472,0.6931471805599453,0.7043617,train,p0,dataset_2,centrality
1064,0.6931471805599453,0.7043617,train,p0,dataset_2,centrality
50,0.6931471805599453,0.7043617,train,p0,dataset_2,centrality
223,0.6931471805599453,0.7043617,train,p0,dataset_2,centrality
1395,0.6931471805599453,0.7043617,train,p0,dataset_2,centrality
1348,0.6931471805599453,0.7043617,train,p0,dataset_2,centrality
935,0.6931471805599453,0.7043617,train,p0,dataset_2,centrality
1061,0.6931471805599453,0.7043617,train,p0,dataset_2,centrality
354,0.6931471805599453,0.7043617,train,p0,dataset_2,centrality
69,0.6931471805599453,0.7043617,train,p0,dataset_2,centrality
827,0.6931471805599453,0.7043617,train,p0,dataset_2,centrality
319,0.6931471805599453,0.7043617,train,p0,dataset_2,centrality
840,0.6931471805599453,0.7043617,train,p0,dataset_2,centrality
260,0.6931471805599453,0.7043617,train,p0,dataset_2,centrality
868,0.6931471805599453,0.7043617,train,p0,dataset_2,centrality
130,0.6931471805599453,0.7043617,train,p0,dataset_2,centrality
705,0.6931471805599453,0.7043617,train,p0,dataset_2,centrality
1425,0.6931471805599453,0.7043617,train,p0,dataset_2,centrality
172,0.6931471805599453,0.7043617,train,p0,dataset_2,centrality
333,0.6931471805599453,0.7043617,train,p0,dataset_2,centrality
412,0.6931471805599453,0.7043617,train,p0,dataset_2,centrality
536,0.6931471805599453,0.7043617,train,p0,dataset_2,centrality
1248,0.6931471805599453,0.7043617,train,p0,dataset_2,centrality
3,0.6931471805599453,0.7043617,train,p0,dataset_2,centrality
45,0.6931471805599453,0.7043617,train,p0,dataset_2,centrality
1051,0.6931471805599453,0.7043617,train,p0,dataset_2,centrality
228,0.6931471805599453,0.7043617,train,p0,dataset_2,centrality
890,1.0986122886681098,0.7043617,train,p0,dataset_2,centrality
1430,0.6931471805599453,0.7043617,train,p0,dataset_2,centrality
689,0.6931471805599453,1.0159094,train,p0,dataset_2,centrality
783,0.6931471805599453,0.7043617,train,p0,dataset_2,centrality
742,0.6931471805599453,0.7043617,train,p0,dataset_2,centrality
9,0.6931471805599453,0.7043617,train,p0,dataset_2,centrality
1284,0.6931471805599453,0.7043617,train,p0,dataset_2,centrality
1073,0.6931471805599453,0.7043617,train,p0,dataset_2,centrality
603,0.6931471805599453,0.7043617,train,p0,dataset_2,centrality
254,0.6931471805599453,0.7043617,train,p0,dataset_2,centrality
1029,0.6931471805599453,0.7043617,train,p0,dataset_2,centrality
253,0.6931471805599453,0.7043617,train,p0,dataset_2,centrality
1214,0.6931471805599453,0.7043617,train,p0,dataset_2,centrality
1211,0.6931471805599453,0.7043617,train,p0,dataset_2,centrality
133,0.6931471805599453,0.7043617,train,p0,dataset_2,centrality
693,0.6931471805599453,0.7043617,train,p0,dataset_2,centrality
988,0.6931471805599453,0.7043617,train,p0,dataset_2,centrality
7,0.6931471805599453,0.7043617,train,p0,dataset_2,centrality
701,1.0986122886681098,0.7043617,train,p0,dataset_2,centrality
1310,0.6931471805599453,0.7043617,train,p0,dataset_2,centrality
1082,0.6931471805599453,0.7043617,train,p0,dataset_2,centrality
466,0.6931471805599453,0.7043617,train,p0,dataset_2,centrality
1099,0.6931471805599453,1.1850328,train,p0,dataset_2,centrality
1278,0.6931471805599453,0.7043617,train,p0,dataset_2,centrality
326,0.6931471805599453,0.7043617,train,p0,dataset_2,centrality
337,0.6931471805599453,0.7043617,train,p0,dataset_2,centrality
1210,0.6931471805599453,0.7043617,train,p0,dataset_2,centrality
480,0.6931471805599453,0.7043617,train,p0,dataset_2,centrality
1389,0.6931471805599453,0.7043617,train,p0,dataset_2,centrality
206,0.6931471805599453,0.7043617,train,p0,dataset_2,centrality
369,0.6931471805599453,0.7043617,train,p0,dataset_2,centrality
190,0.6931471805599453,0.7043617,train,p0,dataset_2,centrality
258,0.6931471805599453,0.7043617,train,p0,dataset_2,centrality
506,0.6931471805599453,0.7043617,train,p0,dataset_2,centrality
956,0.6931471805599453,0.7043617,train,p0,dataset_2,centrality
109,0.6931471805599453,0.7043617,train,p0,dataset_2,centrality
559,0.6931471805599453,0.755409,train,p0,dataset_2,centrality
213,1.0986122886681098,1.0159094,train,p0,dataset_2,centrality
523,0.6931471805599453,0.7043617,train,p0,dataset_2,centrality
312,0.6931471805599453,0.7043617,train,p0,dataset_2,centrality
145,0.6931471805599453,0.7043617,train,p0,dataset_2,centrality
1207,0.6931471805599453,0.7043617,train,p0,dataset_2,centrality
979,0.6931471805599453,0.7043617,train,p0,dataset_2,centrality
747,0.6931471805599453,0.7043617,train,p0,dataset_2,centrality
817,0.6931471805599453,0.7043617,train,p0,dataset_2,centrality
899,0.6931471805599453,0.7043617,train,p0,dataset_2,centrality
859,0.6931471805599453,0.7043617,train,p0,dataset_2,centrality
1353,0.6931471805599453,0.755409,train,p0,dataset_2,centrality
151,0.6931471805599453,0.7043617,train,p0,dataset_2,centrality
1409,0.6931471805599453,0.7043617,train,p0,dataset_2,centrality
891,0.6931471805599453,0.7043617,train,p0,dataset_2,centrality
46,0.6931471805599453,0.7043617,train,p0,dataset_2,centrality
1387,0.6931471805599453,0.7043617,train,p0,dataset_2,centrality
1040,0.6931471805599453,0.7043617,train,p0,dataset_2,centrality
340,1.0986122886681098,0.7043617,train,p0,dataset_2,centrality
75,0.6931471805599453,1.1473119,train,p0,dataset_2,centrality
1042,0.6931471805599453,0.7043617,train,p0,dataset_2,centrality
347,0.6931471805599453,0.7043617,train,p0,dataset_2,centrality
105,0.6931471805599453,0.7043617,train,p0,dataset_2,centrality
1244,0.6931471805599453,0.7043617,train,p0,dataset_2,centrality
1324,0.6931471805599453,0.755409,train,p0,dataset_2,centrality
299,0.6931471805599453,0.7043617,train,p0,dataset_2,centrality
1114,0.6931471805599453,0.7043617,train,p0,dataset_2,centrality
398,3.295836866004329,2.7438848,train,p0,dataset_2,centrality
1413,0.6931471805599453,0.7043617,train,p0,dataset_2,centrality
919,0.6931471805599453,0.7043617,train,p0,dataset_2,centrality
54,0.6931471805599453,0.7043617,train,p0,dataset_2,centrality
798,0.6931471805599453,0.7043617,train,p0,dataset_2,centrality
143,0.6931471805599453,0.7043617,train,p0,dataset_2,centrality
846,0.6931471805599453,0.7043617,train,p0,dataset_2,centrality
208,2.995732273553991,2.7438848,train,p0,dataset_2,centrality
200,0.6931471805599453,0.7043617,train,p0,dataset_2,centrality
886,0.6931471805599453,0.85193884,train,p0,dataset_2,centrality
397,1.3862943611198906,2.3009284,train,p0,dataset_2,centrality
1217,0.6931471805599453,0.7043617,train,p0,dataset_2,centrality
150,0.6931471805599453,0.7043617,train,p0,dataset_2,centrality
921,0.6931471805599453,0.7043617,train,p0,dataset_2,centrality
33,0.6931471805599453,0.755409,train,p0,dataset_2,centrality
792,0.6931471805599453,0.7043617,train,p0,dataset_2,centrality
867,0.6931471805599453,0.7043617,train,p0,dataset_2,centrality
224,2.70805020110221,2.0594606,train,p0,dataset_2,centrality
341,0.6931471805599453,0.7043617,train,p0,dataset_2,centrality
1344,0.6931471805599453,0.7043617,train,p0,dataset_2,centrality
1426,0.6931471805599453,0.7043617,train,p0,dataset_2,centrality
1159,0.6931471805599453,0.7043617,train,p0,dataset_2,centrality
169,0.6931471805599453,0.7043617,train,p0,dataset_2,centrality
531,0.6931471805599453,0.7043617,train,p0,dataset_2,centrality
1360,0.6931471805599453,0.7043617,train,p0,dataset_2,centrality
512,0.6931471805599453,0.7043617,train,p0,dataset_2,centrality
1257,0.6931471805599453,0.7043617,train,p0,dataset_2,centrality
572,0.6931471805599453,0.7043617,train,p0,dataset_2,centrality
1135,0.6931471805599453,0.7043617,train,p0,dataset_2,centrality
1047,0.6931471805599453,0.7043617,train,p0,dataset_2,centrality
909,0.6931471805599453,0.7043617,train,p0,dataset_2,centrality
557,0.6931471805599453,0.7043617,train,p0,dataset_2,centrality
1013,0.6931471805599453,0.7043617,train,p0,dataset_2,centrality
55,0.6931471805599453,0.7043617,train,p0,dataset_2,centrality
1161,1.791759469228055,1.0159094,train,p0,dataset_2,centrality
1107,0.6931471805599453,0.7043617,train,p0,dataset_2,centrality
586,0.6931471805599453,0.7043617,train,p0,dataset_2,centrality
1079,0.6931471805599453,0.7043617,train,p0,dataset_2,centrality
107,0.6931471805599453,0.7043617,train,p0,dataset_2,centrality
835,0.6931471805599453,0.7043617,train,p0,dataset_2,centrality
1206,0.6931471805599453,0.7043617,train,p0,dataset_2,centrality
1276,0.6931471805599453,0.7043617,train,p0,dataset_2,centrality
498,0.6931471805599453,0.7043617,train,p0,dataset_2,centrality
555,0.6931471805599453,0.755409,train,p0,dataset_2,centrality
1241,0.6931471805599453,0.7043617,train,p0,dataset_2,centrality
449,0.6931471805599453,0.7043617,train,p0,dataset_2,centrality
828,0.6931471805599453,0.7043617,train,p0,dataset_2,centrality
205,0.6931471805599453,0.7043617,train,p0,dataset_2,centrality
664,0.6931471805599453,0.7043617,train,p0,dataset_2,centrality
460,0.6931471805599453,0.7043617,train,p0,dataset_2,centrality
920,0.6931471805599453,0.7043617,train,p0,dataset_2,centrality
295,0.6931471805599453,0.7043617,train,p0,dataset_2,centrality
1157,0.6931471805599453,0.7043617,train,p0,dataset_2,centrality
1336,0.6931471805599453,0.7043617,train,p0,dataset_2,centrality
1188,0.6931471805599453,0.7043617,train,p0,dataset_2,centrality
791,0.6931471805599453,0.7043617,train,p0,dataset_2,centrality
1173,1.3862943611198906,1.3326101,train,p0,dataset_2,centrality
1243,0.6931471805599453,0.7043617,train,p0,dataset_2,centrality
926,0.6931471805599453,0.7043617,train,p0,dataset_2,centrality
924,0.6931471805599453,0.7043617,train,p0,dataset_2,centrality
58,0.6931471805599453,0.7043617,train,p0,dataset_2,centrality
1054,0.6931471805599453,0.7043617,train,p0,dataset_2,centrality
1256,0.6931471805599453,0.7043617,train,p0,dataset_2,centrality
379,1.0986122886681098,0.7043617,train,p0,dataset_2,centrality
373,0.6931471805599453,0.7043617,train,p0,dataset_2,centrality
758,0.6931471805599453,0.7043617,train,p0,dataset_2,centrality
552,0.6931471805599453,0.90298617,train,p0,dataset_2,centrality
671,0.6931471805599453,0.7043617,train,p0,dataset_2,centrality
654,0.6931471805599453,0.7043617,train,p0,dataset_2,centrality
646,0.6931471805599453,0.755409,train,p0,dataset_2,centrality
541,0.6931471805599453,0.755409,train,p0,dataset_2,centrality
844,0.6931471805599453,0.7043617,train,p0,dataset_2,centrality
876,0.6931471805599453,0.7043617,train,p0,dataset_2,centrality
176,0.6931471805599453,0.7043617,train,p0,dataset_2,centrality
600,0.6931471805599453,0.7043617,train,p0,dataset_2,centrality
500,0.6931471805599453,0.7043617,train,p0,dataset_2,centrality
731,0.6931471805599453,0.755409,train,p0,dataset_2,centrality
442,0.6931471805599453,0.7043617,train,p0,dataset_2,centrality
1109,0.6931471805599453,0.7043617,train,p0,dataset_2,centrality
280,0.6931471805599453,0.7043617,train,p0,dataset_2,centrality
1392,0.6931471805599453,0.7043617,train,p0,dataset_2,centrality
482,0.6931471805599453,0.7043617,train,p0,dataset_2,centrality
754,0.6931471805599453,0.7043617,train,p0,dataset_2,centrality
5,0.6931471805599453,0.7043617,train,p0,dataset_2,centrality
737,0.6931471805599453,0.7043617,train,p0,dataset_2,centrality
554,2.302585092994046,2.3009284,train,p0,dataset_2,centrality
810,0.6931471805599453,0.7043617,train,p0,dataset_2,centrality
346,0.6931471805599453,0.7043617,train,p0,dataset_2,centrality
1407,0.6931471805599453,0.7043617,train,p0,dataset_2,centrality
370,0.6931471805599453,0.7043617,train,p0,dataset_2,centrality
484,0.6931471805599453,0.7043617,train,p0,dataset_2,centrality
1125,1.0986122886681098,0.8683331,train,p0,dataset_2,centrality
1202,0.6931471805599453,0.7043617,train,p0,dataset_2,centrality
1081,0.6931471805599453,0.7043617,train,p0,dataset_2,centrality
820,0.6931471805599453,0.7043617,train,p0,dataset_2,centrality
593,0.6931471805599453,0.7043617,train,p0,dataset_2,centrality
1429,0.6931471805599453,0.7043617,train,p0,dataset_2,centrality
563,0.6931471805599453,0.7043617,train,p0,dataset_2,centrality
1381,0.6931471805599453,0.7043617,train,p0,dataset_2,centrality
865,0.6931471805599453,0.7043617,train,p0,dataset_2,centrality
238,0.6931471805599453,0.755409,train,p0,dataset_2,centrality
546,0.6931471805599453,0.7043617,train,p0,dataset_2,centrality
648,0.6931471805599453,0.7043617,train,p0,dataset_2,centrality
1366,0.6931471805599453,0.7043617,train,p0,dataset_2,centrality
936,0.6931471805599453,0.7043617,train,p0,dataset_2,centrality
307,0.6931471805599453,0.7043617,train,p0,dataset_2,centrality
1427,0.6931471805599453,0.7043617,train,p0,dataset_2,centrality
1406,0.6931471805599453,0.7043617,train,p0,dataset_2,centrality
971,0.6931471805599453,0.7043617,train,p0,dataset_2,centrality
877,0.6931471805599453,0.7043617,train,p0,dataset_2,centrality
139,0.6931471805599453,0.7043617,train,p0,dataset_2,centrality
1418,0.6931471805599453,0.7043617,train,p0,dataset_2,centrality
263,0.6931471805599453,0.7043617,train,p0,dataset_2,centrality
723,0.6931471805599453,0.85193884,train,p0,dataset_2,centrality
264,0.6931471805599453,0.7043617,train,p0,dataset_2,centrality
951,0.6931471805599453,0.7043617,train,p0,dataset_2,centrality
152,0.6931471805599453,0.7043617,train,p0,dataset_2,centrality
1118,0.6931471805599453,0.7043617,train,p0,dataset_2,centrality
631,1.3862943611198906,2.1702058,train,p0,dataset_2,centrality
456,0.6931471805599453,0.7043617,train,p0,dataset_2,centrality
210,1.791759469228055,1.7308333,train,p0,dataset_2,centrality
537,1.0986122886681098,1.1473119,train,p0,dataset_2,centrality
720,1.6094379124341005,1.2834105,train,p0,dataset_2,centrality
1339,0.6931471805599453,0.7043617,train,p0,dataset_2,centrality
1282,0.6931471805599453,0.7043617,train,p0,dataset_2,centrality
838,0.6931471805599453,0.7043617,train,p0,dataset_2,centrality
1136,0.6931471805599453,0.7043617,train,p0,dataset_2,centrality
194,0.6931471805599453,0.7043617,train,p0,dataset_2,centrality
553,0.6931471805599453,0.7043617,train,p0,dataset_2,centrality
165,0.6931471805599453,0.7043617,train,p0,dataset_2,centrality
698,0.6931471805599453,0.7043617,train,p0,dataset_2,centrality
1002,0.6931471805599453,0.7043617,train,p0,dataset_2,centrality
777,0.6931471805599453,0.7043617,train,p0,dataset_2,centrality
1150,0.6931471805599453,0.7043617,train,p0,dataset_2,centrality
760,0.6931471805599453,0.7043617,train,p0,dataset_2,centrality
147,0.6931471805599453,0.7043617,train,p0,dataset_2,centrality
612,0.6931471805599453,0.7043617,train,p0,dataset_2,centrality
511,0.6931471805599453,0.7043617,train,p0,dataset_2,centrality
1299,0.6931471805599453,0.7043617,train,p0,dataset_2,centrality
974,0.6931471805599453,0.7043617,train,p0,dataset_2,centrality
599,0.6931471805599453,0.7043617,train,p0,dataset_2,centrality
368,0.6931471805599453,0.7043617,train,p0,dataset_2,centrality
441,0.6931471805599453,0.7043617,train,p0,dataset_2,centrality
360,0.6931471805599453,0.7043617,train,p0,dataset_2,centrality
581,0.6931471805599453,0.7043617,train,p0,dataset_2,centrality
1314,0.6931471805599453,0.7043617,train,p0,dataset_2,centrality
801,0.6931471805599453,0.7043617,train,p0,dataset_2,centrality
808,0.6931471805599453,0.7043617,train,p0,dataset_2,centrality
1115,0.6931471805599453,0.7043617,train,p0,dataset_2,centrality
657,0.6931471805599453,0.755409,train,p0,dataset_2,centrality
695,0.6931471805599453,0.7043617,train,p0,dataset_2,centrality
201,0.6931471805599453,0.7043617,train,p0,dataset_2,centrality
1007,0.6931471805599453,0.7043617,train,p0,dataset_2,centrality
1401,0.6931471805599453,0.7043617,train,p0,dataset_2,centrality
669,0.6931471805599453,0.7043617,train,p0,dataset_2,centrality
1347,0.6931471805599453,0.7043617,train,p0,dataset_2,centrality
1267,0.6931471805599453,0.7043617,train,p0,dataset_2,centrality
1117,0.6931471805599453,0.7043617,train,p0,dataset_2,centrality
1218,0.6931471805599453,0.7043617,train,p0,dataset_2,centrality
638,0.6931471805599453,1.0159094,train,p0,dataset_2,centrality
74,0.6931471805599453,0.7043617,train,p0,dataset_2,centrality
1011,0.6931471805599453,0.7043617,train,p0,dataset_2,centrality
576,0.6931471805599453,0.7043617,train,p0,dataset_2,centrality
233,0.6931471805599453,0.7043617,train,p0,dataset_2,centrality
1216,0.6931471805599453,0.7043617,train,p0,dataset_2,centrality
97,0.6931471805599453,0.7043617,train,p0,dataset_2,centrality
1440,0.6931471805599453,0.7043617,train,p0,dataset_2,centrality
862,0.6931471805599453,0.7043617,train,p0,dataset_2,centrality
171,0.6931471805599453,0.7043617,train,p0,dataset_2,centrality
1146,0.6931471805599453,0.7043617,train,p0,dataset_2,centrality
395,2.0794415416798357,2.0594606,train,p0,dataset_2,centrality
629,2.8903717578961645,2.7438848,train,p0,dataset_2,centrality
467,0.6931471805599453,0.7043617,train,p0,dataset_2,centrality
59,0.6931471805599453,0.7043617,train,p0,dataset_2,centrality
623,1.9459101490553132,1.1473119,train,p0,dataset_2,centrality
432,1.3862943611198906,1.2834105,train,p0,dataset_2,centrality
1078,0.6931471805599453,0.7043617,train,p0,dataset_2,centrality
972,0.6931471805599453,0.7043617,train,p0,dataset_2,centrality
1017,0.6931471805599453,0.7043617,train,p0,dataset_2,centrality
1001,0.6931471805599453,0.7043617,train,p0,dataset_2,centrality
734,0.6931471805599453,0.7043617,train,p0,dataset_2,centrality
681,0.6931471805599453,0.7043617,train,p0,dataset_2,centrality
703,0.6931471805599453,0.7043617,train,p0,dataset_2,centrality
1071,0.6931471805599453,0.7043617,train,p0,dataset_2,centrality
444,0.6931471805599453,0.755409,train,p0,dataset_2,centrality
622,0.6931471805599453,0.7043617,train,p0,dataset_2,centrality
1312,0.6931471805599453,0.7043617,train,p0,dataset_2,centrality
89,0.6931471805599453,0.7043617,train,p0,dataset_2,centrality
17,1.0986122886681098,0.7043617,train,p0,dataset_2,centrality
406,0.6931471805599453,0.7043617,train,p0,dataset_2,centrality
391,1.3862943611198906,0.90298617,train,p0,dataset_2,centrality
328,0.6931471805599453,0.7043617,train,p0,dataset_2,centrality
178,0.6931471805599453,0.7043617,train,p0,dataset_2,centrality
550,0.6931471805599453,0.7043617,train,p0,dataset_2,centrality
1280,0.6931471805599453,0.7043617,train,p0,dataset_2,centrality
138,0.6931471805599453,0.7043617,train,p0,dataset_2,centrality
1428,0.6931471805599453,0.7043617,train,p0,dataset_2,centrality
96,0.6931471805599453,0.7043617,train,p0,dataset_2,centrality
1291,0.6931471805599453,0.7043617,train,p0,dataset_2,centrality
273,0.6931471805599453,0.7043617,train,p0,dataset_2,centrality
1196,0.6931471805599453,0.7043617,train,p0,dataset_2,centrality
1307,0.6931471805599453,0.7043617,train,p0,dataset_2,centrality
1119,0.6931471805599453,0.755409,train,p0,dataset_2,centrality
1283,0.6931471805599453,0.7043617,train,p0,dataset_2,centrality
885,0.6931471805599453,0.7043617,train,p0,dataset_2,centrality
851,0.6931471805599453,0.7043617,train,p0,dataset_2,centrality
1204,0.6931471805599453,0.7043617,train,p0,dataset_2,centrality
746,0.6931471805599453,0.7043617,train,p0,dataset_2,centrality
167,0.6931471805599453,0.7043617,train,p0,dataset_2,centrality
1221,0.6931471805599453,0.755409,train,p0,dataset_2,centrality
613,0.6931471805599453,0.7043617,train,p0,dataset_2,centrality
667,0.6931471805599453,0.7043617,train,p0,dataset_2,centrality
1242,0.6931471805599453,0.7043617,train,p0,dataset_2,centrality
544,0.6931471805599453,0.7043617,train,p0,dataset_2,centrality
204,0.6931471805599453,0.7043617,train,p0,dataset_2,centrality
110,0.6931471805599453,0.7043617,train,p0,dataset_2,centrality
470,0.6931471805599453,0.7043617,train,p0,dataset_2,centrality
958,0.6931471805599453,0.7043617,train,p0,dataset_2,centrality
717,2.70805020110221,2.6131623,train,p0,dataset_2,centrality
221,0.6931471805599453,0.7043617,train,p0,dataset_2,centrality
1133,0.6931471805599453,0.755409,train,p0,dataset_2,centrality
1132,0.6931471805599453,0.7043617,train,p0,dataset_2,centrality
486,0.6931471805599453,0.7043617,train,p0,dataset_2,centrality
137,0.6931471805599453,0.7043617,train,p0,dataset_2,centrality
789,0.6931471805599453,0.7043617,train,p0,dataset_2,centrality
92,0.6931471805599453,0.7043617,train,p0,dataset_2,centrality
230,0.6931471805599453,0.7043617,train,p0,dataset_2,centrality
16,0.6931471805599453,0.7043617,train,p0,dataset_2,centrality
764,0.6931471805599453,0.7043617,train,p0,dataset_2,centrality
645,1.3862943611198906,1.2834105,train,p0,dataset_2,centrality
1056,0.6931471805599453,0.7043617,train,p0,dataset_2,centrality
750,1.0986122886681098,0.755409,train,p0,dataset_2,centrality
48,0.6931471805599453,0.7043617,train,p0,dataset_2,centrality
1194,0.6931471805599453,0.7043617,train,p0,dataset_2,centrality
957,0.6931471805599453,0.7043617,train,p0,dataset_2,centrality
1374,0.6931471805599453,0.7043617,train,p0,dataset_2,centrality
266,0.6931471805599453,0.7043617,train,p0,dataset_2,centrality
108,0.6931471805599453,0.7043617,train,p0,dataset_2,centrality
727,0.6931471805599453,0.755409,train,p0,dataset_2,centrality
677,0.6931471805599453,0.7043617,train,p0,dataset_2,centrality
942,0.6931471805599453,0.7043617,train,p0,dataset_2,centrality
719,1.791759469228055,1.0159094,train,p0,dataset_2,centrality
211,3.091042453358316,1.8415782,train,p0,dataset_2,centrality
756,0.6931471805599453,0.7043617,train,p0,dataset_2,centrality
1212,0.6931471805599453,0.7043617,train,p0,dataset_2,centrality
1035,0.6931471805599453,0.7043617,train,p0,dataset_2,centrality
20,0.6931471805599453,0.7043617,train,p0,dataset_2,centrality
561,0.6931471805599453,0.7043617,train,p0,dataset_2,centrality
759,0.6931471805599453,0.7043617,train,p0,dataset_2,centrality
1416,0.6931471805599453,0.7043617,train,p0,dataset_2,centrality
670,0.6931471805599453,0.7043617,train,p0,dataset_2,centrality
443,0.6931471805599453,0.7043617,train,p0,dataset_2,centrality
225,0.6931471805599453,0.7043617,train,p0,dataset_2,centrality
1148,0.6931471805599453,0.7043617,train,p0,dataset_2,centrality
1168,1.3862943611198906,1.4640124,train,p0,dataset_2,centrality
1294,0.6931471805599453,0.7043617,train,p0,dataset_2,centrality
700,0.6931471805599453,0.7043617,train,p0,dataset_2,centrality
716,2.3978952727983707,2.1702058,train,p0,dataset_2,centrality
1180,1.0986122886681098,1.0159094,train,p0,dataset_2,centrality
250,0.6931471805599453,0.7043617,train,p0,dataset_2,centrality
439,0.6931471805599453,0.7043617,train,p0,dataset_2,centrality
805,0.6931471805599453,0.7043617,train,p0,dataset_2,centrality
595,1.9459101490553132,2.1901827,train,p0,dataset_2,centrality
119,0.6931471805599453,0.7043617,train,p0,dataset_2,centrality
1044,0.6931471805599453,0.7043617,train,p0,dataset_2,centrality
774,0.6931471805599453,0.7043617,train,p0,dataset_2,centrality
372,0.6931471805599453,0.7043617,train,p0,dataset_2,centrality
726,0.6931471805599453,0.755409,train,p0,dataset_2,centrality
736,1.0986122886681098,0.7043617,train,p0,dataset_2,centrality
809,0.6931471805599453,0.7043617,train,p0,dataset_2,centrality
1356,0.6931471805599453,0.7043617,train,p0,dataset_2,centrality
1320,0.6931471805599453,1.0159094,train,p0,dataset_2,centrality
294,0.6931471805599453,0.7043617,train,p0,dataset_2,centrality
569,0.6931471805599453,0.7043617,train,p0,dataset_2,centrality
1072,0.6931471805599453,0.7043617,train,p0,dataset_2,centrality
335,0.6931471805599453,0.7043617,train,p0,dataset_2,centrality
1260,0.6931471805599453,0.7043617,train,p0,dataset_2,centrality
1140,0.6931471805599453,0.7043617,train,p0,dataset_2,centrality
609,0.6931471805599453,0.7043617,train,p0,dataset_2,centrality
1184,0.6931471805599453,0.7043617,train,p0,dataset_2,centrality
383,0.6931471805599453,0.7043617,train,p0,dataset_2,centrality
1145,0.6931471805599453,0.7043617,train,p0,dataset_2,centrality
508,0.6931471805599453,0.7043617,train,p0,dataset_2,centrality
359,0.6931471805599453,0.7043617,train,p0,dataset_2,centrality
940,0.6931471805599453,0.7043617,train,p0,dataset_2,centrality
928,0.6931471805599453,0.7043617,train,p0,dataset_2,centrality
156,0.6931471805599453,0.7043617,train,p0,dataset_2,centrality
1408,0.6931471805599453,0.7043617,train,p0,dataset_2,centrality
1249,0.6931471805599453,0.7043617,train,p0,dataset_2,centrality
534,0.6931471805599453,0.7043617,train,p0,dataset_2,centrality
296,0.6931471805599453,0.7043617,train,p0,dataset_2,centrality
487,0.6931471805599453,0.7043617,train,p0,dataset_2,centrality
22,0.6931471805599453,0.7043617,train,p0,dataset_2,centrality
962,0.6931471805599453,0.7043617,train,p0,dataset_2,centrality
1110,0.6931471805599453,0.7043617,train,p0,dataset_2,centrality
880,0.6931471805599453,0.7043617,train,p0,dataset_2,centrality
336,0.6931471805599453,0.7043617,train,p0,dataset_2,centrality
426,0.6931471805599453,0.755409,train,p0,dataset_2,centrality
84,0.6931471805599453,0.7043617,train,p0,dataset_2,centrality
992,0.6931471805599453,0.7043617,train,p0,dataset_2,centrality
1439,0.6931471805599453,0.7043617,train,p0,dataset_2,centrality
1386,0.6931471805599453,0.7043617,train,p0,dataset_2,centrality
1033,0.6931471805599453,0.7043617,train,p0,dataset_2,centrality
1349,0.6931471805599453,0.7043617,train,p0,dataset_2,centrality
220,0.6931471805599453,0.755409,train,p0,dataset_2,centrality
1328,0.6931471805599453,0.7043617,train,p0,dataset_2,centrality
565,0.6931471805599453,0.7043617,train,p0,dataset_2,centrality
434,0.6931471805599453,0.7043617,train,p0,dataset_2,centrality
515,0.6931471805599453,0.7043617,train,p0,dataset_2,centrality
761,0.6931471805599453,0.7043617,train,p0,dataset_2,centrality
1222,0.6931471805599453,0.7043617,train,p0,dataset_2,centrality
52,0.6931471805599453,0.7043617,train,p0,dataset_2,centrality
589,0.6931471805599453,0.7043617,train,p0,dataset_2,centrality
975,0.6931471805599453,0.7043617,train,p0,dataset_2,centrality
281,0.6931471805599453,0.7043617,train,p0,dataset_2,centrality
1271,0.6931471805599453,0.7043617,train,p0,dataset_2,centrality
562,0.6931471805599453,0.7043617,train,p0,dataset_2,centrality
10,0.6931471805599453,0.7043617,train,p0,dataset_2,centrality
738,1.0986122886681098,0.7043617,train,p0,dataset_2,centrality
1229,0.6931471805599453,0.7043617,train,p0,dataset_2,centrality
352,0.6931471805599453,0.7043617,train,p0,dataset_2,centrality
1371,0.6931471805599453,0.7043617,train,p0,dataset_2,centrality
1041,0.6931471805599453,0.7043617,train,p0,dataset_2,centrality
660,0.6931471805599453,0.7043617,train,p0,dataset_2,centrality
1205,0.6931471805599453,0.7043617,train,p0,dataset_2,centrality
624,0.6931471805599453,0.7043617,train,p0,dataset_2,centrality
21,0.6931471805599453,0.7043617,train,p0,dataset_2,centrality
448,0.6931471805599453,0.7043617,train,p0,dataset_2,centrality
923,0.6931471805599453,0.7043617,train,p0,dataset_2,centrality
800,0.6931471805599453,0.7043617,train,p0,dataset_2,centrality
94,0.6931471805599453,0.7043617,train,p0,dataset_2,centrality
966,0.6931471805599453,0.7043617,train,p0,dataset_2,centrality
146,0.6931471805599453,0.7043617,train,p0,dataset_2,centrality
993,0.6931471805599453,0.7043617,train,p0,dataset_2,centrality
829,0.6931471805599453,0.7043617,train,p0,dataset_2,centrality
644,0.6931471805599453,0.7043617,train,p0,dataset_2,centrality
331,0.6931471805599453,0.7043617,train,p0,dataset_2,centrality
366,0.6931471805599453,0.7043617,train,p0,dataset_2,centrality
768,0.6931471805599453,0.7043617,train,p0,dataset_2,centrality
1046,0.6931471805599453,0.7043617,train,p0,dataset_2,centrality
725,0.6931471805599453,1.3326101,train,p0,dataset_2,centrality
422,0.6931471805599453,0.7043617,train,p0,dataset_2,centrality
1067,0.6931471805599453,0.7043617,train,p0,dataset_2,centrality
954,0.6931471805599453,0.7043617,train,p0,dataset_2,centrality
207,4.110873864173311,2.7438848,train,p0,dataset_2,centrality
249,0.6931471805599453,0.7043617,train,p0,dataset_2,centrality
353,0.6931471805599453,0.7043617,train,p0,dataset_2,centrality
883,0.6931471805599453,0.7043617,train,p0,dataset_2,centrality
525,0.6931471805599453,0.7043617,train,p0,dataset_2,centrality
1345,0.6931471805599453,0.7043617,train,p0,dataset_2,centrality
390,0.6931471805599453,0.7043617,train,p0,dataset_2,centrality
526,0.6931471805599453,0.7043617,train,p0,dataset_2,centrality
1262,0.6931471805599453,0.7043617,train,p0,dataset_2,centrality
1370,0.6931471805599453,0.7043617,train,p0,dataset_2,centrality
1183,0.6931471805599453,0.7043617,train,p0,dataset_2,centrality
1375,0.6931471805599453,0.7043617,train,p0,dataset_2,centrality
8,0.6931471805599453,0.7043617,train,p0,dataset_2,centrality
298,0.6931471805599453,0.7043617,train,p0,dataset_2,centrality
1230,0.6931471805599453,0.7043617,train,p0,dataset_2,centrality
344,0.6931471805599453,0.7043617,train,p0,dataset_2,centrality
320,0.6931471805599453,0.7043617,train,p0,dataset_2,centrality
1252,0.6931471805599453,0.7043617,train,p0,dataset_2,centrality
452,0.6931471805599453,0.7043617,train,p0,dataset_2,centrality
1153,0.6931471805599453,0.7043617,train,p0,dataset_2,centrality
166,0.6931471805599453,0.7043617,train,p0,dataset_2,centrality
388,0.6931471805599453,0.7043617,train,p0,dataset_2,centrality
446,0.6931471805599453,0.7043617,train,p0,dataset_2,centrality
1287,0.6931471805599453,0.7043617,train,p0,dataset_2,centrality
1327,0.6931471805599453,0.7043617,train,p0,dataset_2,centrality
1268,0.6931471805599453,0.7043617,train,p0,dataset_2,centrality
4,0.6931471805599453,0.7043617,train,p0,dataset_2,centrality
1372,0.6931471805599453,0.7043617,train,p0,dataset_2,centrality
767,1.0986122886681098,0.755409,train,p0,dataset_2,centrality
574,0.6931471805599453,0.7043617,train,p0,dataset_2,centrality
524,0.6931471805599453,0.7043617,train,p0,dataset_2,centrality
989,0.6931471805599453,0.7043617,train,p0,dataset_2,centrality
882,0.6931471805599453,0.7043617,train,p0,dataset_2,centrality
236,0.6931471805599453,0.7043617,train,p0,dataset_2,centrality
1419,0.6931471805599453,0.7043617,train,p0,dataset_2,centrality
1096,0.6931471805599453,0.7043617,train,p0,dataset_2,centrality
182,0.6931471805599453,0.7043617,train,p0,dataset_2,centrality
952,0.6931471805599453,0.7043617,train,p0,dataset_2,centrality
604,0.6931471805599453,0.7043617,train,p0,dataset_2,centrality
453,0.6931471805599453,0.7043617,train,p0,dataset_2,centrality
350,0.6931471805599453,0.7043617,train,p0,dataset_2,centrality
278,0.6931471805599453,0.7043617,train,p0,dataset_2,centrality
635,3.610917912644224,2.3009284,train,p0,dataset_2,centrality
226,0.6931471805599453,0.7043617,train,p0,dataset_2,centrality
1074,0.6931471805599453,0.7043617,train,p0,dataset_2,centrality
1277,0.6931471805599453,0.7043617,train,p0,dataset_2,centrality
269,0.6931471805599453,0.7043617,train,p0,dataset_2,centrality
1368,0.6931471805599453,0.7043617,train,p0,dataset_2,centrality
1128,0.6931471805599453,0.755409,train,p0,dataset_2,centrality
568,0.6931471805599453,0.7043617,train,p0,dataset_2,centrality
1319,0.6931471805599453,0.7043617,train,p0,dataset_2,centrality
517,0.6931471805599453,0.7043617,train,p0,dataset_2,centrality
822,0.6931471805599453,0.7043617,train,p0,dataset_2,centrality
1062,0.6931471805599453,0.7043617,train,p0,dataset_2,centrality
191,0.6931471805599453,0.7043617,train,p0,dataset_2,centrality
895,0.6931471805599453,0.7043617,train,p0,dataset_2,centrality
917,0.6931471805599453,0.7043617,train,p0,dataset_2,centrality
606,0.6931471805599453,0.7043617,train,p0,dataset_2,centrality
1182,1.3862943611198906,0.755409,train,p0,dataset_2,centrality
797,0.6931471805599453,0.7043617,train,p0,dataset_2,centrality
183,0.6931471805599453,0.7043617,train,p0,dataset_2,centrality
311,0.6931471805599453,0.7043617,train,p0,dataset_2,centrality
73,0.6931471805599453,0.7043617,train,p0,dataset_2,centrality
687,0.6931471805599453,0.7043617,train,p0,dataset_2,centrality
134,0.6931471805599453,0.7043617,train,p0,dataset_2,centrality
1322,0.6931471805599453,0.7043617,train,p0,dataset_2,centrality
349,0.6931471805599453,0.7043617,train,p0,dataset_2,centrality
1089,0.6931471805599453,0.7043617,train,p0,dataset_2,centrality
1275,0.6931471805599453,0.7043617,train,p0,dataset_2,centrality
489,0.6931471805599453,0.7043617,train,p0,dataset_2,centrality
445,0.6931471805599453,0.7043617,train,p0,dataset_2,centrality
580,0.6931471805599453,0.7043617,train,p0,dataset_2,centrality
504,0.6931471805599453,0.7043617,train,p0,dataset_2,centrality
342,0.6931471805599453,0.7043617,train,p0,dataset_2,centrality
807,0.6931471805599453,0.7043617,train,p0,dataset_2,centrality
79,0.6931471805599453,0.7043617,train,p0,dataset_2,centrality
998,0.6931471805599453,0.7043617,train,p0,dataset_2,centrality
953,0.6931471805599453,0.7043617,train,p0,dataset_2,centrality
773,0.6931471805599453,0.7043617,train,p0,dataset_2,centrality
241,1.6094379124341005,1.600111,train,p0,dataset_2,centrality
1142,0.6931471805599453,0.7043617,train,p0,dataset_2,centrality
1139,0.6931471805599453,0.7043617,train,p0,dataset_2,centrality
647,0.6931471805599453,1.0159094,train,p0,dataset_2,centrality
180,0.6931471805599453,0.7043617,train,p0,dataset_2,centrality
23,0.6931471805599453,0.7043617,train,p0,dataset_2,centrality
1424,0.6931471805599453,0.7043617,train,p0,dataset_2,centrality
154,0.6931471805599453,0.7043617,train,p0,dataset_2,centrality
144,0.6931471805599453,0.7043617,train,p0,dataset_2,centrality
724,1.0986122886681098,0.755409,train,p0,dataset_2,centrality
643,1.0986122886681098,1.2834105,train,p0,dataset_2,centrality
120,0.6931471805599453,0.7043617,train,p0,dataset_2,centrality
1127,0.6931471805599453,0.7043617,train,p0,dataset_2,centrality
948,0.6931471805599453,0.7043617,train,p0,dataset_2,centrality
633,1.0986122886681098,1.8995348,train,p0,dataset_2,centrality
1309,0.6931471805599453,0.7043617,train,p0,dataset_2,centrality
41,0.6931471805599453,0.7043617,train,p0,dataset_2,centrality
255,0.6931471805599453,0.7043617,train,p0,dataset_2,centrality
455,0.6931471805599453,0.7043617,train,p0,dataset_2,centrality
491,0.6931471805599453,0.7043617,train,p0,dataset_2,centrality
185,0.6931471805599453,0.7043617,train,p0,dataset_2,centrality
540,0.6931471805599453,0.7043617,train,p0,dataset_2,centrality
459,0.6931471805599453,0.7043617,train,p0,dataset_2,centrality
1124,0.6931471805599453,0.755409,train,p0,dataset_2,centrality
1245,0.6931471805599453,0.7043617,train,p0,dataset_2,centrality
1195,0.6931471805599453,0.7043617,train,p0,dataset_2,centrality
476,0.6931471805599453,0.7043617,train,p0,dataset_2,centrality
321,0.6931471805599453,0.7043617,train,p0,dataset_2,centrality
591,0.6931471805599453,0.7043617,train,p0,dataset_2,centrality
26,0.6931471805599453,0.7043617,train,p0,dataset_2,centrality
1186,0.6931471805599453,0.7043617,train,p0,dataset_2,centrality
1010,0.6931471805599453,0.7043617,train,p0,dataset_2,centrality
1059,0.6931471805599453,0.7043617,train,p0,dataset_2,centrality
911,0.6931471805599453,0.7043617,train,p0,dataset_2,centrality
616,0.6931471805599453,0.7043617,train,p0,dataset_2,centrality
1170,1.3862943611198906,1.1473119,train,p0,dataset_2,centrality
428,0.6931471805599453,0.7043617,train,p0,dataset_2,centrality
778,0.6931471805599453,0.7043617,train,p0,dataset_2,centrality
393,1.0986122886681098,0.755409,train,p0,dataset_2,centrality
1274,0.6931471805599453,0.7043617,train,p0,dataset_2,centrality
728,0.6931471805599453,0.7043617,train,p0,dataset_2,centrality
430,0.6931471805599453,0.7043617,train,p0,dataset_2,centrality
1415,0.6931471805599453,0.7043617,train,p0,dataset_2,centrality
272,0.6931471805599453,0.7043617,train,p0,dataset_2,centrality
488,0.6931471805599453,0.7043617,train,p0,dataset_2,centrality
187,0.6931471805599453,0.7043617,train,p0,dataset_2,centrality
823,0.6931471805599453,0.7043617,train,p0,dataset_2,centrality
1095,0.6931471805599453,0.7043617,train,p0,dataset_2,centrality
39,0.6931471805599453,0.7043617,train,p0,dataset_2,centrality
755,0.6931471805599453,0.7043617,train,p0,dataset_2,centrality
153,0.6931471805599453,0.7043617,train,p0,dataset_2,centrality
987,0.6931471805599453,0.7043617,train,p0,dataset_2,centrality
1018,0.6931471805599453,0.7043617,train,p0,dataset_2,centrality
37,0.6931471805599453,0.7043617,train,p0,dataset_2,centrality
1435,0.6931471805599453,0.7043617,train,p0,dataset_2,centrality
900,0.6931471805599453,0.7043617,train,p0,dataset_2,centrality
1253,0.6931471805599453,0.7043617,train,p0,dataset_2,centrality
86,0.6931471805599453,0.7043617,train,p0,dataset_2,centrality
1019,0.6931471805599453,0.7043617,train,p0,dataset_2,centrality
1105,0.6931471805599453,0.7043617,train,p0,dataset_2,centrality
1220,0.6931471805599453,0.7043617,train,p0,dataset_2,centrality
941,0.6931471805599453,0.7043617,train,p0,dataset_2,centrality
881,0.6931471805599453,0.7043617,train,p0,dataset_2,centrality
696,0.6931471805599453,0.7043617,train,p0,dataset_2,centrality
1385,0.6931471805599453,0.7043617,train,p0,dataset_2,centrality
915,0.6931471805599453,0.7043617,train,p0,dataset_2,centrality
1334,0.6931471805599453,0.7043617,train,p0,dataset_2,centrality
1198,0.6931471805599453,0.7043617,train,p0,dataset_2,centrality
1094,0.6931471805599453,0.7043617,train,p0,dataset_2,centrality
1049,0.6931471805599453,0.7043617,train,p0,dataset_2,centrality
967,0.6931471805599453,0.7043617,train,p0,dataset_2,centrality
1063,0.6931471805599453,0.7043617,train,p0,dataset_2,centrality
875,0.6931471805599453,0.7043617,train,p0,dataset_2,centrality
826,0.6931471805599453,0.7043617,train,p0,dataset_2,centrality
305,0.6931471805599453,0.7043617,train,p0,dataset_2,centrality
831,0.6931471805599453,0.7043617,train,p0,dataset_2,centrality
1335,0.6931471805599453,0.7043617,train,p0,dataset_2,centrality
849,0.6931471805599453,0.7043617,train,p0,dataset_2,centrality
90,0.6931471805599453,0.7043617,train,p0,dataset_2,centrality
642,0.6931471805599453,1.0159094,train,p0,dataset_2,centrality
1091,0.6931471805599453,0.7043617,train,p0,dataset_2,centrality
1149,0.6931471805599453,0.7043617,train,p0,dataset_2,centrality
676,0.6931471805599453,0.7043617,train,p0,dataset_2,centrality
125,0.6931471805599453,0.7043617,train,p0,dataset_2,centrality
1225,0.6931471805599453,0.7043617,train,p0,dataset_2,centrality
1364,0.6931471805599453,0.7043617,train,p0,dataset_2,centrality
902,0.6931471805599453,0.7043617,train,p0,dataset_2,centrality
243,0.6931471805599453,0.7043617,train,p0,dataset_2,centrality
11,0.6931471805599453,0.7043617,train,p0,dataset_2,centrality
1032,0.6931471805599453,0.7043617,train,p0,dataset_2,centrality
1084,0.6931471805599453,0.7043617,train,p0,dataset_2,centrality
694,1.0986122886681098,1.1473119,train,p0,dataset_2,centrality
246,1.3862943611198906,1.1473119,train,p0,dataset_2,centrality
1050,0.6931471805599453,0.7043617,train,p0,dataset_2,centrality
814,0.6931471805599453,0.7043617,train,p0,dataset_2,centrality
1137,0.6931471805599453,0.7043617,train,p0,dataset_2,centrality
897,0.6931471805599453,0.7043617,train,p0,dataset_2,centrality
495,0.6931471805599453,0.7043617,train,p0,dataset_2,centrality
437,0.6931471805599453,0.7043617,train,p0,dataset_2,centrality
821,0.6931471805599453,0.7043617,train,p0,dataset_2,centrality
155,0.6931471805599453,0.7043617,train,p0,dataset_2,centrality
530,0.6931471805599453,0.7043617,train,p0,dataset_2,centrality
66,0.6931471805599453,0.7043617,train,p0,dataset_2,centrality
538,0.6931471805599453,1.0159094,train,p0,dataset_2,centrality
364,0.6931471805599453,0.7043617,train,p0,dataset_2,centrality
1269,0.6931471805599453,0.7043617,train,p0,dataset_2,centrality
521,0.6931471805599453,0.7043617,train,p0,dataset_2,centrality
1306,0.6931471805599453,0.7043617,train,p0,dataset_2,centrality
977,0.6931471805599453,0.7043617,train,p0,dataset_2,centrality
114,0.6931471805599453,0.7043617,train,p0,dataset_2,centrality
634,0.6931471805599453,1.0343877,train,p0,dataset_2,centrality
1004,0.6931471805599453,0.7043617,train,p0,dataset_2,centrality
984,0.6931471805599453,0.7043617,train,p0,dataset_2,centrality
386,0.6931471805599453,0.7043617,train,p0,dataset_2,centrality
1208,0.6931471805599453,0.7043617,train,p0,dataset_2,centrality
1433,0.6931471805599453,0.7043617,train,p0,dataset_2,centrality
907,0.6931471805599453,0.7043617,train,p0,dataset_2,centrality
40,0.6931471805599453,0.7043617,train,p0,dataset_2,centrality
712,1.0986122886681098,0.755409,train,p0,dataset_2,centrality
608,0.6931471805599453,0.7043617,train,p0,dataset_2,centrality
1265,0.6931471805599453,0.7043617,train,p0,dataset_2,centrality
996,0.6931471805599453,0.7043617,train,p0,dataset_2,centrality
399,2.1972245773362196,2.1702058,train,p0,dataset_2,centrality
692,0.6931471805599453,0.7043617,train,p0,dataset_2,centrality
1111,0.6931471805599453,0.7043617,train,p0,dataset_2,centrality
542,0.6931471805599453,0.7043617,train,p0,dataset_2,centrality
262,0.6931471805599453,0.7043617,train,p0,dataset_2,centrality
626,1.9459101490553132,2.7438848,train,p0,dataset_2,centrality
477,0.6931471805599453,0.7043617,train,p0,dataset_2,centrality
535,0.6931471805599453,0.7043617,train,p0,dataset_2,centrality
1264,0.6931471805599453,0.7043617,train,p0,dataset_2,centrality
357,0.6931471805599453,0.7043617,train,p0,dataset_2,centrality
1388,0.6931471805599453,0.7043617,train,p0,dataset_2,centrality
903,0.6931471805599453,0.7043617,train,p0,dataset_2,centrality
1155,0.6931471805599453,0.7043617,train,p0,dataset_2,centrality
245,0.6931471805599453,0.7043617,train,p0,dataset_2,centrality
1052,0.6931471805599453,0.7043617,train,p0,dataset_2,centrality
834,0.6931471805599453,0.7043617,train,p0,dataset_2,centrality
1405,0.6931471805599453,0.7043617,train,p0,dataset_2,centrality
314,0.6931471805599453,0.7043617,train,p0,dataset_2,centrality
387,0.6931471805599453,0.7043617,train,p0,dataset_2,centrality
1350,0.6931471805599453,0.7043617,train,p0,dataset_2,centrality
334,0.6931471805599453,0.7043617,train,p0,dataset_2,centrality
944,0.6931471805599453,0.7043617,train,p0,dataset_2,centrality
27,0.6931471805599453,0.7043617,train,p0,dataset_2,centrality
1359,0.6931471805599453,0.7043617,train,p0,dataset_2,centrality
1158,1.0986122886681098,0.8683331,train,p0,dataset_2,centrality
548,0.6931471805599453,0.7043617,train,p0,dataset_2,centrality
793,0.6931471805599453,0.7043617,train,p0,dataset_2,centrality
162,0.6931471805599453,0.7043617,train,p0,dataset_2,centrality
1213,0.6931471805599453,0.7043617,train,p0,dataset_2,centrality
356,0.6931471805599453,0.7043617,train,p0,dataset_2,centrality
1279,0.6931471805599453,0.7043617,train,p0,dataset_2,centrality
431,1.0986122886681098,0.7043617,train,p0,dataset_2,centrality
870,0.6931471805599453,0.7043617,train,p0,dataset_2,centrality
25,0.6931471805599453,0.7043617,train,p0,dataset_2,centrality
1015,0.6931471805599453,0.7043617,train,p0,dataset_2,centrality
991,0.6931471805599453,0.7043617,train,p0,dataset_2,centrality
118,0.6931471805599453,0.7043617,train,p0,dataset_2,centrality
675,0.6931471805599453,0.755409,train,p0,dataset_2,centrality
392,0.6931471805599453,0.755409,train,p0,dataset_2,centrality
658,0.6931471805599453,0.755409,train,p0,dataset_2,centrality
367,0.6931471805599453,0.7043617,train,p0,dataset_2,centrality
199,0.6931471805599453,0.7043617,train,p0,dataset_2,centrality
762,0.6931471805599453,0.7043617,train,p0,dataset_2,centrality
159,0.6931471805599453,0.7043617,train,p0,dataset_2,centrality
502,0.6931471805599453,0.7043617,train,p0,dataset_2,centrality
1038,0.6931471805599453,0.7043617,train,p0,dataset_2,centrality
753,0.6931471805599453,0.7043617,train,p0,dataset_2,centrality
1332,0.6931471805599453,0.7043617,train,p0,dataset_2,centrality
1167,0.6931471805599453,0.7043617,train,p0,dataset_2,centrality
678,0.6931471805599453,0.7043617,train,p0,dataset_2,centrality
1397,0.6931471805599453,0.7043617,train,p0,dataset_2,centrality
516,0.6931471805599453,0.7043617,train,p0,dataset_2,centrality
740,0.6931471805599453,0.7043617,train,p0,dataset_2,centrality
852,0.6931471805599453,0.7043617,train,p0,dataset_2,centrality
1234,0.6931471805599453,0.7043617,train,p0,dataset_2,centrality
995,0.6931471805599453,0.7043617,train,p0,dataset_2,centrality
132,0.6931471805599453,0.7043617,train,p0,dataset_2,centrality
854,0.6931471805599453,0.7043617,train,p0,dataset_2,centrality
186,0.6931471805599453,0.7043617,train,p0,dataset_2,centrality
1437,0.6931471805599453,0.7043617,train,p0,dataset_2,centrality
1363,0.6931471805599453,0.7043617,train,p0,dataset_2,centrality
1164,0.6931471805599453,0.755409,train,p0,dataset_2,centrality
284,2.0794415416798357,1.0159094,train,p0,dataset_2,centrality
1165,2.3978952727983707,2.6131623,train,p0,dataset_2,centrality
1436,0.6931471805599453,0.7043617,train,p0,dataset_2,centrality
325,0.6931471805599453,0.7043617,train,p0,dataset_2,centrality
287,0.6931471805599453,0.7043617,train,p0,dataset_2,centrality
1060,0.6931471805599453,0.7043617,train,p0,dataset_2,centrality
955,0.6931471805599453,0.7043617,train,p0,dataset_2,centrality
1101,0.6931471805599453,0.7043617,train,p0,dataset_2,centrality
1200,0.6931471805599453,0.7043617,train,p0,dataset_2,centrality
252,0.6931471805599453,0.7043617,train,p0,dataset_2,centrality
157,0.6931471805599453,0.7043617,train,p0,dataset_2,centrality
1113,0.6931471805599453,0.7043617,train,p0,dataset_2,centrality
435,0.6931471805599453,0.755409,train,p0,dataset_2,centrality
1340,0.6931471805599453,0.7043617,train,p0,dataset_2,centrality
785,0.6931471805599453,0.7043617,train,p0,dataset_2,centrality
1316,0.6931471805599453,0.7043617,train,p0,dataset_2,centrality
709,0.6931471805599453,0.7043617,train,p0,dataset_2,centrality
81,1.0986122886681098,1.0159094,train,p0,dataset_2,centrality
735,0.6931471805599453,0.7043617,train,p0,dataset_2,centrality
98,0.6931471805599453,0.7043617,train,p0,dataset_2,centrality
640,1.6094379124341005,1.2834105,train,p0,dataset_2,centrality
976,0.6931471805599453,0.7043617,train,p0,dataset_2,centrality
918,0.6931471805599453,0.7043617,train,p0,dataset_2,centrality
1219,0.6931471805599453,0.7043617,train,p0,dataset_2,centrality
982,0.6931471805599453,0.7043617,train,p0,dataset_2,centrality
292,1.0986122886681098,0.755409,train,p0,dataset_2,centrality
556,0.6931471805599453,0.7043617,train,p0,dataset_2,centrality
1005,0.6931471805599453,0.7043617,train,p0,dataset_2,centrality
1058,0.6931471805599453,0.7043617,train,p0,dataset_2,centrality
1103,0.6931471805599453,0.7043617,train,p0,dataset_2,centrality
514,0.6931471805599453,0.7043617,train,p0,dataset_2,centrality
129,0.6931471805599453,0.7043617,train,p0,dataset_2,centrality
389,0.6931471805599453,0.7043617,train,p0,dataset_2,centrality
436,0.6931471805599453,0.7043617,train,p0,dataset_2,centrality
338,0.6931471805599453,0.7043617,train,p0,dataset_2,centrality
1367,0.6931471805599453,0.7043617,train,p0,dataset_2,centrality
473,0.6931471805599453,0.7043617,train,p0,dataset_2,centrality
293,0.6931471805599453,0.7043617,train,p0,dataset_2,centrality
302,0.6931471805599453,0.7043617,train,p0,dataset_2,centrality
189,0.6931471805599453,0.7043617,train,p0,dataset_2,centrality
348,0.6931471805599453,0.755409,train,p0,dataset_2,centrality
663,0.6931471805599453,0.7043617,train,p0,dataset_2,centrality
416,1.0986122886681098,1.1473119,train,p0,dataset_2,centrality
1122,0.6931471805599453,0.7043617,train,p0,dataset_2,centrality
410,1.791759469228055,1.0159094,train,p0,dataset_2,centrality
310,0.6931471805599453,0.7043617,train,p0,dataset_2,centrality
327,0.6931471805599453,0.7043617,train,p0,dataset_2,centrality
13,0.6931471805599453,0.7043617,train,p0,dataset_2,centrality
1293,0.6931471805599453,0.7043617,train,p0,dataset_2,centrality
699,0.6931471805599453,0.7043617,train,p0,dataset_2,centrality
227,0.6931471805599453,0.7043617,train,p0,dataset_2,centrality
1296,0.6931471805599453,0.7043617,train,p0,dataset_2,centrality
1354,2.0794415416798357,2.0594606,train,p0,dataset_2,centrality
652,1.0986122886681098,0.755409,train,p0,dataset_2,centrality
547,0.6931471805599453,0.7043617,train,p0,dataset_2,centrality
1215,0.6931471805599453,0.7043617,train,p0,dataset_2,centrality
1377,1.3862943611198906,1.2834105,train,p0,dataset_2,centrality
908,0.6931471805599453,0.7043617,train,p0,dataset_2,centrality
313,0.6931471805599453,0.7043617,train,p0,dataset_2,centrality
1270,0.6931471805599453,0.7043617,train,p0,dataset_2,centrality
385,0.6931471805599453,0.7043617,train,p0,dataset_2,centrality
222,0.6931471805599453,0.7043617,train,p0,dataset_2,centrality
196,0.6931471805599453,0.7043617,train,p0,dataset_2,centrality
181,0.6931471805599453,0.7043617,train,p0,dataset_2,centrality
1016,0.6931471805599453,0.7043617,train,p0,dataset_2,centrality
323,0.6931471805599453,0.7043617,train,p0,dataset_2,centrality
64,0.6931471805599453,0.7043617,train,p0,dataset_2,centrality
216,0.6931471805599453,0.7043617,train,p0,dataset_2,centrality
1240,0.6931471805599453,0.7043617,train,p0,dataset_2,centrality
1102,0.6931471805599453,0.7043617,train,p0,dataset_2,centrality
1376,0.6931471805599453,0.7043617,train,p0,dataset_2,centrality
197,0.6931471805599453,0.7043617,train,p0,dataset_2,centrality
343,0.6931471805599453,0.7043617,train,p0,dataset_2,centrality
929,0.6931471805599453,0.7043617,train,p0,dataset_2,centrality
267,0.6931471805599453,0.7043617,train,p0,dataset_2,centrality
1106,0.6931471805599453,0.7043617,train,p0,dataset_2,centrality
411,0.6931471805599453,0.7043617,train,p0,dataset_2,centrality
842,0.6931471805599453,0.7043617,train,p0,dataset_2,centrality
469,0.6931471805599453,0.7043617,train,p0,dataset_2,centrality
401,0.6931471805599453,0.7043617,train,p0,dataset_2,centrality
170,0.6931471805599453,0.7043617,train,p0,dataset_2,centrality
1351,0.6931471805599453,0.7043617,train,p0,dataset_2,centrality
884,0.6931471805599453,0.7043617,train,p0,dataset_2,centrality
219,0.6931471805599453,0.7043617,train,p0,dataset_2,centrality
1077,0.6931471805599453,0.7043617,train,p0,dataset_2,centrality
19,0.6931471805599453,0.7043617,train,p0,dataset_2,centrality
685,0.6931471805599453,0.7043617,train,p0,dataset_2,centrality
860,0.6931471805599453,0.7043617,train,p0,dataset_2,centrality
286,0.6931471805599453,0.7043617,train,p0,dataset_2,centrality
288,0.6931471805599453,0.7043617,train,p0,dataset_2,centrality
384,0.6931471805599453,0.7043617,train,p0,dataset_2,centrality
82,1.0986122886681098,0.755409,train,p0,dataset_2,centrality
1420,0.6931471805599453,0.7043617,train,p0,dataset_2,centrality
597,0.6931471805599453,0.7043617,train,p0,dataset_2,centrality
1315,0.6931471805599453,0.7043617,train,p0,dataset_2,centrality
790,0.6931471805599453,0.7043617,train,p0,dataset_2,centrality
83,1.0986122886681098,0.755409,train,p0,dataset_2,centrality
668,1.3862943611198906,0.8683331,train,p0,dataset_2,centrality
72,0.6931471805599453,0.7043617,train,p0,dataset_2,centrality
160,0.6931471805599453,0.7043617,train,p0,dataset_2,centrality
475,0.6931471805599453,0.7043617,train,p0,dataset_2,centrality
142,0.6931471805599453,0.7043617,train,p0,dataset_2,centrality
1076,0.6931471805599453,0.7043617,train,p0,dataset_2,centrality
980,0.6931471805599453,0.7043617,train,p0,dataset_2,centrality
1169,0.6931471805599453,1.1473119,train,p0,dataset_2,centrality
1134,0.6931471805599453,0.7043617,train,p0,dataset_2,centrality
965,0.6931471805599453,0.7043617,train,p0,dataset_2,centrality
650,0.6931471805599453,0.755409,train,p0,dataset_2,centrality
781,0.6931471805599453,0.7043617,train,p0,dataset_2,centrality
943,0.6931471805599453,0.7043617,train,p0,dataset_2,centrality
1021,0.6931471805599453,0.7043617,train,p0,dataset_2,centrality
1361,0.6931471805599453,0.7043617,train,p0,dataset_2,centrality
402,2.70805020110221,2.7438848,train,p0,dataset_2,centrality
994,0.6931471805599453,0.7043617,train,p0,dataset_2,centrality
124,0.6931471805599453,0.7043617,train,p0,dataset_2,centrality
684,0.6931471805599453,0.7043617,train,p0,dataset_2,centrality
577,0.6931471805599453,0.7043617,train,p0,dataset_2,centrality
304,0.6931471805599453,0.7043617,train,p0,dataset_2,centrality
1129,1.0986122886681098,0.755409,train,p0,dataset_2,centrality
1365,0.6931471805599453,0.7043617,train,p0,dataset_2,centrality
930,0.6931471805599453,0.7043617,train,p0,dataset_2,centrality
1086,0.6931471805599453,0.7043617,train,p0,dataset_2,centrality
1383,0.6931471805599453,0.7043617,train,p0,dataset_2,centrality
1343,0.6931471805599453,0.7043617,train,p0,dataset_2,centrality
704,0.6931471805599453,0.7043617,train,p0,dataset_2,centrality
937,0.6931471805599453,0.7043617,train,p0,dataset_2,centrality
87,0.6931471805599453,0.7043617,train,p0,dataset_2,centrality
729,1.0986122886681098,0.755409,train,p0,dataset_2,centrality
1317,0.6931471805599453,0.7043617,train,p0,dataset_2,centrality
301,0.6931471805599453,0.7043617,train,p0,dataset_2,centrality
117,0.6931471805599453,0.7043617,train,p0,dataset_2,centrality
683,0.6931471805599453,0.7043617,train,p0,dataset_2,centrality
1093,0.6931471805599453,0.7043617,train,p0,dataset_2,centrality
630,2.70805020110221,2.7438848,train,p0,dataset_2,centrality
749,0.6931471805599453,0.7043617,train,p0,dataset_2,centrality
815,0.6931471805599453,0.7043617,train,p0,dataset_2,centrality
421,0.6931471805599453,0.7043617,train,p0,dataset_2,centrality
1176,0.6931471805599453,0.7043617,train,p0,dataset_2,centrality
573,0.6931471805599453,0.7043617,train,p0,dataset_2,centrality
843,0.6931471805599453,0.7043617,train,p0,dataset_2,centrality
100,0.6931471805599453,0.7043617,train,p0,dataset_2,centrality
688,0.6931471805599453,0.7043617,train,p0,dataset_2,centrality
1143,1.3862943611198906,1.1473119,train,p0,dataset_2,centrality
939,0.6931471805599453,0.7043617,train,p0,dataset_2,centrality
149,0.6931471805599453,0.7043617,train,p0,dataset_2,centrality
1289,0.6931471805599453,0.7043617,train,p0,dataset_2,centrality
1083,0.6931471805599453,0.7043617,train,p0,dataset_2,centrality
779,0.6931471805599453,0.7043617,train,p0,dataset_2,centrality
1172,0.6931471805599453,0.7043617,train,p0,dataset_2,centrality
425,0.6931471805599453,0.7043617,train,p0,dataset_2,centrality
614,0.6931471805599453,0.7043617,train,p0,dataset_2,centrality
1008,0.6931471805599453,0.7043617,train,p0,dataset_2,centrality
1342,0.6931471805599453,0.7043617,train,p0,dataset_2,centrality
775,0.6931471805599453,0.7043617,train,p0,dataset_2,centrality
1301,0.6931471805599453,0.7043617,train,p0,dataset_2,centrality
830,0.6931471805599453,0.7043617,train,p0,dataset_2,centrality
857,0.6931471805599453,0.7043617,train,p0,dataset_2,centrality
786,0.6931471805599453,0.7043617,train,p0,dataset_2,centrality
1326,0.6931471805599453,0.755409,train,p0,dataset_2,centrality
932,0.6931471805599453,0.7043617,train,p0,dataset_2,centrality
483,0.6931471805599453,0.7043617,train,p0,dataset_2,centrality
1404,0.6931471805599453,0.7043617,train,p0,dataset_2,centrality
1369,0.6931471805599453,0.7043617,train,p0,dataset_2,centrality
519,0.6931471805599453,0.7043617,train,p0,dataset_2,centrality
193,0.6931471805599453,0.7043617,train,p0,dataset_2,centrality
378,0.6931471805599453,0.7043617,train,p0,dataset_2,centrality
1263,0.6931471805599453,0.7043617,train,p0,dataset_2,centrality
1174,1.3862943611198906,0.8683331,train,p0,dataset_2,centrality
850,0.6931471805599453,0.7043617,train,p0,dataset_2,centrality
913,0.6931471805599453,0.7043617,train,p0,dataset_2,centrality
637,1.0986122886681098,1.1473119,train,p0,dataset_2,centrality
450,0.6931471805599453,0.7043617,train,p0,dataset_2,centrality
856,0.6931471805599453,0.7043617,train,p0,dataset_2,centrality
14,0.6931471805599453,0.7043617,train,p0,dataset_2,centrality
841,0.6931471805599453,0.7043617,train,p0,dataset_2,centrality
803,0.6931471805599453,0.7043617,train,p0,dataset_2,centrality
1171,1.0986122886681098,0.755409,train,p0,dataset_2,centrality
501,0.6931471805599453,0.7043617,train,p0,dataset_2,centrality
234,0.6931471805599453,0.7043617,train,p0,dataset_2,centrality
329,0.6931471805599453,0.7043617,train,p0,dataset_2,centrality
104,0.6931471805599453,0.7043617,train,p0,dataset_2,centrality
317,0.6931471805599453,0.7043617,train,p0,dataset_2,centrality
1391,0.6931471805599453,0.755409,train,p0,dataset_2,centrality
1302,0.6931471805599453,0.7043617,train,p0,dataset_2,centrality
492,0.6931471805599453,0.7043617,train,p0,dataset_2,centrality
235,1.9459101490553132,2.0594606,train,p0,dataset_2,centrality
1318,0.6931471805599453,0.7043617,train,p0,dataset_2,centrality
1147,0.6931471805599453,0.755409,train,p0,dataset_2,centrality
1393,0.6931471805599453,0.7043617,train,p0,dataset_2,centrality
1331,0.6931471805599453,0.7043617,train,p0,dataset_2,centrality
866,0.6931471805599453,0.7043617,train,p0,dataset_2,centrality
653,0.6931471805599453,0.755409,train,p0,dataset_2,centrality
1358,1.0986122886681098,1.1473119,train,p0,dataset_2,centrality
158,0.6931471805599453,0.7043617,train,p0,dataset_2,centrality
6,0.6931471805599453,0.7043617,train,p0,dataset_2,centrality
42,0.6931471805599453,0.7043617,train,p0,dataset_2,centrality
1003,0.6931471805599453,0.7043617,train,p0,dataset_2,centrality
215,0.6931471805599453,0.7043617,train,p0,dataset_2,centrality
1352,1.0986122886681098,1.1473119,train,p0,dataset_2,centrality
592,0.6931471805599453,0.7043617,train,p0,dataset_2,centrality
279,0.6931471805599453,0.7043617,train,p0,dataset_2,centrality
414,0.6931471805599453,0.7043617,train,p0,dataset_2,centrality
408,0.6931471805599453,0.7043617,train,p0,dataset_2,centrality
1329,0.6931471805599453,0.7043617,train,p0,dataset_2,centrality
1305,0.6931471805599453,0.7043617,train,p0,dataset_2,centrality
214,0.6931471805599453,0.7043617,train,p0,dataset_2,centrality
188,0.6931471805599453,0.7043617,train,p0,dataset_2,centrality
1185,0.6931471805599453,0.7043617,train,p0,dataset_2,centrality
256,0.6931471805599453,0.7043617,train,p0,dataset_2,centrality
839,0.6931471805599453,0.7043617,train,p0,dataset_2,centrality
1012,0.6931471805599453,0.7043617,train,p0,dataset_2,centrality
1323,1.6094379124341005,1.1473119,train,p0,dataset_2,centrality
496,0.6931471805599453,0.7043617,train,p0,dataset_2,centrality
1382,0.6931471805599453,0.7043617,train,p0,dataset_2,centrality
718,2.1972245773362196,2.3009284,train,p0,dataset_2,centrality
743,0.6931471805599453,0.7043617,train,p0,dataset_2,centrality
1304,0.6931471805599453,0.7043617,train,p0,dataset_2,centrality
111,0.6931471805599453,0.7043617,train,p0,dataset_2,centrality
659,0.6931471805599453,0.755409,train,p0,dataset_2,centrality
1400,0.6931471805599453,0.7043617,train,p0,dataset_2,centrality
617,0.6931471805599453,0.7043617,train,p0,dataset_2,centrality
1362,0.6931471805599453,0.7043617,train,p0,dataset_2,centrality
1273,0.6931471805599453,0.7043617,train,p0,dataset_2,centrality
2,0.6931471805599453,0.7043617,train,p0,dataset_2,centrality
440,0.6931471805599453,0.7043617,train,p0,dataset_2,centrality
1020,0.6931471805599453,0.7043617,train,p0,dataset_2,centrality
300,0.6931471805599453,0.7043617,train,p0,dataset_2,centrality
404,1.3862943611198906,1.4640124,train,p0,dataset_2,centrality
1177,0.6931471805599453,0.7043617,train,p0,dataset_2,centrality
1070,0.6931471805599453,0.7043617,train,p0,dataset_2,centrality
632,2.0794415416798357,2.1702058,train,p0,dataset_2,centrality
1055,0.6931471805599453,0.7043617,train,p0,dataset_2,centrality
85,0.6931471805599453,0.7043617,train,p0,dataset_2,centrality
291,0.6931471805599453,0.7043617,train,p0,dataset_2,centrality
375,0.6931471805599453,0.7043617,train,p0,dataset_2,centrality
596,1.6094379124341005,1.1473119,train,p0,dataset_2,centrality
396,0.6931471805599453,1.4141328,train,p0,dataset_2,centrality
1266,0.6931471805599453,0.7043617,train,p0,dataset_2,centrality
837,0.6931471805599453,0.7043617,train,p0,dataset_2,centrality
904,0.6931471805599453,0.7043617,train,p0,dataset_2,centrality
232,0.6931471805599453,0.7043617,train,p0,dataset_2,centrality
458,0.6931471805599453,0.7043617,train,p0,dataset_2,centrality
1355,1.6094379124341005,2.1702058,train,p0,dataset_2,centrality
1141,0.6931471805599453,0.7043617,train,p0,dataset_2,centrality
1357,1.791759469228055,1.2834105,train,p0,dataset_2,centrality
615,0.6931471805599453,0.7043617,train,p0,dataset_2,centrality
896,0.6931471805599453,0.7043617,train,p0,dataset_2,centrality
707,0.6931471805599453,0.7043617,train,p0,dataset_2,centrality
355,0.6931471805599453,0.7043617,train,p0,dataset_2,centrality
879,0.6931471805599453,0.7043617,train,p0,dataset_2,centrality
1325,0.6931471805599453,0.7043617,train,p0,dataset_2,centrality
938,0.6931471805599453,0.7043617,train,p0,dataset_2,centrality
1152,0.6931471805599453,0.7043617,train,p0,dataset_2,centrality
874,0.6931471805599453,0.7043617,train,p0,dataset_2,centrality
1224,0.6931471805599453,0.7043617,train,p0,dataset_2,centrality
981,0.6931471805599453,0.7043617,train,p0,dataset_2,centrality
960,0.6931471805599453,0.7043617,train,p0,dataset_2,centrality
620,0.6931471805599453,0.7043617,train,p0,dataset_2,centrality
128,0.6931471805599453,0.7043617,train,p0,dataset_2,centrality
601,0.6931471805599453,0.7043617,train,p0,dataset_2,centrality
772,0.6931471805599453,0.7043617,train,p0,dataset_2,centrality
769,0.6931471805599453,0.7043617,train,p0,dataset_2,centrality
31,0.6931471805599453,0.8683331,train,p0,dataset_2,centrality
35,0.6931471805599453,0.7043617,train,p0,dataset_2,centrality
697,0.6931471805599453,0.7043617,train,p0,dataset_2,centrality
969,0.6931471805599453,0.7043617,train,p0,dataset_2,centrality
1175,0.6931471805599453,0.7043617,train,p0,dataset_2,centrality
433,0.6931471805599453,0.7043617,train,p0,dataset_2,centrality
721,1.791759469228055,2.3009284,train,p0,dataset_2,centrality
212,0.6931471805599453,0.7043617,train,p0,dataset_2,centrality
925,0.6931471805599453,0.7043617,train,p0,dataset_2,centrality
209,0.6931471805599453,1.8415782,train,p0,dataset_2,centrality
1442,0.6931471805599453,0.7043617,train,p0,dataset_2,centrality
339,0.6931471805599453,0.7043617,train,p0,dataset_2,centrality
131,0.6931471805599453,0.7043617,train,p0,dataset_2,centrality
161,0.6931471805599453,0.7043617,train,p0,dataset_2,centrality
1160,0.6931471805599453,0.7043617,train,p0,dataset_2,centrality
177,0.6931471805599453,0.7043617,train,p0,dataset_2,centrality
474,0.6931471805599453,0.7043617,train,p0,dataset_2,centrality
1066,0.6931471805599453,0.7043617,train,p0,dataset_2,centrality
1232,0.6931471805599453,0.7043617,train,p0,dataset_2,centrality
990,0.6931471805599453,0.7043617,train,p0,dataset_2,centrality
509,0.6931471805599453,0.7043617,train,p0,dataset_2,centrality
468,0.6931471805599453,0.7043617,train,p0,dataset_2,centrality
457,0.6931471805599453,0.7043617,train,p0,dataset_2,centrality
748,1.0986122886681098,0.7043617,train,p0,dataset_2,centrality
102,0.6931471805599453,0.7043617,train,p0,dataset_2,centrality
656,0.6931471805599453,0.7043617,train,p0,dataset_2,centrality
1272,0.6931471805599453,0.7043617,train,p0,dataset_2,centrality
1303,0.6931471805599453,0.7043617,train,p0,dataset_2,centrality
1321,1.0986122886681098,1.1473119,train,p0,dataset_2,centrality
80,0.6931471805599453,0.7043617,train,p0,dataset_2,centrality
1154,0.6931471805599453,0.7043617,train,p0,dataset_2,centrality
285,1.3862943611198906,1.1473119,train,p0,dataset_2,centrality
1045,0.6931471805599453,0.7043617,train,p0,dataset_2,centrality
970,0.6931471805599453,0.7043617,train,p0,dataset_2,centrality
1226,0.6931471805599453,0.7043617,train,p0,dataset_2,centrality
136,0.6931471805599453,0.7043617,train,p0,dataset_2,centrality
825,0.6931471805599453,0.7043617,train,p0,dataset_2,centrality
1116,0.6931471805599453,0.7043617,train,p0,dataset_2,centrality
1255,0.6931471805599453,0.7043617,train,p0,dataset_2,centrality
418,0.6931471805599453,0.7043617,train,p0,dataset_2,centrality
493,0.6931471805599453,0.7043617,train,p0,dataset_2,centrality
503,0.6931471805599453,0.7043617,train,p0,dataset_2,centrality
248,0.6931471805599453,0.7043617,train,p0,dataset_2,centrality
1022,0.6931471805599453,0.7043617,train,p0,dataset_2,centrality
641,1.3862943611198906,1.1473119,train,p0,dataset_2,centrality
794,0.6931471805599453,0.7043617,train,p0,dataset_2,centrality
520,0.6931471805599453,0.7043617,train,p0,dataset_2,centrality
655,1.0986122886681098,0.755409,train,p0,dataset_2,centrality
1162,0.6931471805599453,0.7043617,train,p0,dataset_2,centrality
112,0.6931471805599453,0.7043617,validation,p0,dataset_2,centrality
532,0.6931471805599453,0.7043617,validation,p0,dataset_2,centrality
1254,0.6931471805599453,0.7043617,validation,p0,dataset_2,centrality
1000,0.6931471805599453,0.7043617,validation,p0,dataset_2,centrality
1292,0.6931471805599453,0.7043617,validation,p0,dataset_2,centrality
1411,0.6931471805599453,0.7043617,validation,p0,dataset_2,centrality
1097,0.6931471805599453,0.7043617,validation,p0,dataset_2,centrality
710,0.6931471805599453,0.7043617,validation,p0,dataset_2,centrality
1373,0.6931471805599453,0.7043617,validation,p0,dataset_2,centrality
533,0.6931471805599453,0.7043617,validation,p0,dataset_2,centrality
454,0.6931471805599453,0.7043617,validation,p0,dataset_2,centrality
1104,0.6931471805599453,0.7043617,validation,p0,dataset_2,centrality
564,0.6931471805599453,0.7043617,validation,p0,dataset_2,centrality
36,0.6931471805599453,0.7043617,validation,p0,dataset_2,centrality
179,0.6931471805599453,0.7043617,validation,p0,dataset_2,centrality
963,0.6931471805599453,0.7043617,validation,p0,dataset_2,centrality
1181,0.6931471805599453,0.7043617,validation,p0,dataset_2,centrality
318,0.6931471805599453,0.7043617,validation,p0,dataset_2,centrality
140,0.6931471805599453,0.7043617,validation,p0,dataset_2,centrality
113,0.6931471805599453,0.7043617,validation,p0,dataset_2,centrality
505,0.6931471805599453,0.7043617,validation,p0,dataset_2,centrality
95,0.6931471805599453,0.7043617,validation,p0,dataset_2,centrality
1189,0.6931471805599453,0.7043617,validation,p0,dataset_2,centrality
1233,0.6931471805599453,0.7043617,validation,p0,dataset_2,centrality
766,0.6931471805599453,0.7043617,validation,p0,dataset_2,centrality
1410,0.6931471805599453,0.7043617,validation,p0,dataset_2,centrality
510,0.6931471805599453,0.755409,validation,p0,dataset_2,centrality
1295,0.6931471805599453,0.7043617,validation,p0,dataset_2,centrality
490,0.6931471805599453,0.7043617,validation,p0,dataset_2,centrality
1126,0.6931471805599453,0.7043617,validation,p0,dataset_2,centrality
579,0.6931471805599453,0.7043617,validation,p0,dataset_2,centrality
1238,0.6931471805599453,0.7043617,validation,p0,dataset_2,centrality
1080,0.6931471805599453,0.7043617,validation,p0,dataset_2,centrality
1300,0.6931471805599453,0.7043617,validation,p0,dataset_2,centrality
315,0.6931471805599453,0.7043617,validation,p0,dataset_2,centrality
62,0.6931471805599453,0.7043617,validation,p0,dataset_2,centrality
872,0.6931471805599453,0.7043617,validation,p0,dataset_2,centrality
202,0.6931471805599453,0.7043617,validation,p0,dataset_2,centrality
618,0.6931471805599453,0.7043617,validation,p0,dataset_2,centrality
682,0.6931471805599453,0.7043617,validation,p0,dataset_2,centrality
997,0.6931471805599453,0.7043617,validation,p0,dataset_2,centrality
732,0.6931471805599453,0.90298617,validation,p0,dataset_2,centrality
91,0.6931471805599453,0.7043617,validation,p0,dataset_2,centrality
127,0.6931471805599453,0.7043617,validation,p0,dataset_2,centrality
539,0.6931471805599453,1.0159094,validation,p0,dataset_2,centrality
739,0.6931471805599453,0.7043617,validation,p0,dataset_2,centrality
1421,0.6931471805599453,0.7043617,validation,p0,dataset_2,centrality
832,0.6931471805599453,0.7043617,validation,p0,dataset_2,centrality
927,0.6931471805599453,0.7043617,validation,p0,dataset_2,centrality
811,0.6931471805599453,0.7043617,validation,p0,dataset_2,centrality
1441,0.6931471805599453,0.7043617,validation,p0,dataset_2,centrality
582,0.6931471805599453,0.7043617,validation,p0,dataset_2,centrality
148,0.6931471805599453,0.7043617,validation,p0,dataset_2,centrality
1341,0.6931471805599453,0.7043617,validation,p0,dataset_2,centrality
38,0.6931471805599453,0.7043617,validation,p0,dataset_2,centrality
268,1.0986122886681098,1.2834105,validation,p0,dataset_2,centrality
1069,0.6931471805599453,0.7043617,validation,p0,dataset_2,centrality
1190,0.6931471805599453,0.7043617,validation,p0,dataset_2,centrality
330,0.6931471805599453,0.7043617,validation,p0,dataset_2,centrality
833,0.6931471805599453,0.7043617,validation,p0,dataset_2,centrality
1337,0.6931471805599453,0.7043617,validation,p0,dataset_2,centrality
545,0.6931471805599453,0.7043617,validation,p0,dataset_2,centrality
1379,1.0986122886681098,1.4141328,validation,p0,dataset_2,centrality
1100,0.6931471805599453,0.7043617,validation,p0,dataset_2,centrality
1286,0.6931471805599453,0.7043617,validation,p0,dataset_2,centrality
571,0.6931471805599453,0.7043617,validation,p0,dataset_2,centrality
784,0.6931471805599453,0.7043617,validation,p0,dataset_2,centrality
708,0.6931471805599453,0.7043617,validation,p0,dataset_2,centrality
1191,0.6931471805599453,0.7043617,validation,p0,dataset_2,centrality
1130,0.6931471805599453,0.755409,validation,p0,dataset_2,centrality
1028,0.6931471805599453,0.7043617,validation,p0,dataset_2,centrality
763,0.6931471805599453,0.7043617,validation,p0,dataset_2,centrality
625,2.0794415416798357,2.3009284,validation,p0,dataset_2,centrality
983,0.6931471805599453,0.7043617,validation,p0,dataset_2,centrality
283,0.6931471805599453,0.755409,validation,p0,dataset_2,centrality
1151,0.6931471805599453,0.7043617,validation,p0,dataset_2,centrality
587,0.6931471805599453,0.7043617,validation,p0,dataset_2,centrality
471,0.6931471805599453,0.7043617,validation,p0,dataset_2,centrality
265,0.6931471805599453,0.7043617,validation,p0,dataset_2,centrality
1228,0.6931471805599453,0.7043617,validation,p0,dataset_2,centrality
1112,0.6931471805599453,0.7043617,validation,p0,dataset_2,centrality
795,0.6931471805599453,0.7043617,validation,p0,dataset_2,centrality
1338,0.6931471805599453,0.7043617,validation,p0,dataset_2,centrality
1048,0.6931471805599453,0.7043617,validation,p0,dataset_2,centrality
780,0.6931471805599453,0.7043617,validation,p0,dataset_2,centrality
959,0.6931471805599453,0.7043617,validation,p0,dataset_2,centrality
878,1.0986122886681098,0.7043617,validation,p0,dataset_2,centrality
174,0.6931471805599453,0.7043617,validation,p0,dataset_2,centrality
93,0.6931471805599453,0.7043617,validation,p0,dataset_2,centrality
122,0.6931471805599453,0.7043617,validation,p0,dataset_2,centrality
961,0.6931471805599453,0.7043617,validation,p0,dataset_2,centrality
1026,0.6931471805599453,0.7043617,validation,p0,dataset_2,centrality
57,0.6931471805599453,0.7043617,validation,p0,dataset_2,centrality
106,0.6931471805599453,0.7043617,validation,p0,dataset_2,centrality
518,0.6931471805599453,0.7043617,validation,p0,dataset_2,centrality
345,0.6931471805599453,0.7043617,validation,p0,dataset_2,centrality
1231,0.6931471805599453,0.7043617,validation,p0,dataset_2,centrality
34,1.0986122886681098,0.755409,validation,p0,dataset_2,centrality
405,0.6931471805599453,0.755409,validation,p0,dataset_2,centrality
1432,0.6931471805599453,0.7043617,validation,p0,dataset_2,centrality
126,0.6931471805599453,0.7043617,validation,p0,dataset_2,centrality
217,0.6931471805599453,0.7043617,validation,p0,dataset_2,centrality
914,0.6931471805599453,0.7043617,validation,p0,dataset_2,centrality
787,0.6931471805599453,0.7043617,validation,p0,dataset_2,centrality
24,0.6931471805599453,0.7043617,validation,p0,dataset_2,centrality
424,0.6931471805599453,0.7043617,validation,p0,dataset_2,centrality
403,2.8903717578961645,2.7438848,validation,p0,dataset_2,centrality
1131,0.6931471805599453,0.7043617,validation,p0,dataset_2,centrality
733,0.6931471805599453,1.2834105,validation,p0,dataset_2,centrality
666,0.6931471805599453,0.7043617,validation,p0,dataset_2,centrality
77,0.6931471805599453,0.7043617,validation,p0,dataset_2,centrality
1396,0.6931471805599453,0.7043617,validation,p0,dataset_2,centrality
438,0.6931471805599453,0.7043617,validation,p0,dataset_2,centrality
912,0.6931471805599453,0.7043617,validation,p0,dataset_2,centrality
173,0.6931471805599453,0.7043617,validation,p0,dataset_2,centrality
28,0.6931471805599453,0.7043617,validation,p0,dataset_2,centrality
1009,0.6931471805599453,0.7043617,validation,p0,dataset_2,centrality
409,0.6931471805599453,0.7043617,validation,p0,dataset_2,centrality
686,0.6931471805599453,0.7043617,validation,p0,dataset_2,centrality
1065,0.6931471805599453,0.7043617,validation,p0,dataset_2,centrality
1251,0.6931471805599453,0.7043617,validation,p0,dataset_2,centrality
195,0.6931471805599453,0.7043617,validation,p0,dataset_2,centrality
419,1.0986122886681098,0.7043617,validation,p0,dataset_2,centrality
662,0.6931471805599453,0.755409,validation,p0,dataset_2,centrality
690,0.6931471805599453,0.7043617,validation,p0,dataset_2,centrality
813,0.6931471805599453,0.7043617,validation,p0,dataset_2,centrality
242,1.6094379124341005,1.0159094,validation,p0,dataset_2,centrality
558,0.6931471805599453,0.7043617,validation,p0,dataset_2,centrality
251,0.6931471805599453,0.7043617,validation,p0,dataset_2,centrality
806,0.6931471805599453,0.7043617,validation,p0,dataset_2,centrality
276,0.6931471805599453,0.7043617,validation,p0,dataset_2,centrality
1121,0.6931471805599453,0.8683331,validation,p0,dataset_2,centrality
673,1.0986122886681098,0.755409,validation,p0,dataset_2,centrality
1014,0.6931471805599453,0.7043617,validation,p0,dataset_2,centrality
950,0.6931471805599453,0.7043617,validation,p0,dataset_2,centrality
447,0.6931471805599453,0.7043617,validation,p0,dataset_2,centrality
68,0.6931471805599453,0.7043617,validation,p0,dataset_2,centrality
229,0.6931471805599453,0.7043617,validation,p0,dataset_2,centrality
934,0.6931471805599453,0.7043617,validation,p0,dataset_2,centrality
770,0.6931471805599453,0.7043617,validation,p0,dataset_2,centrality
1123,0.6931471805599453,0.7043617,validation,p0,dataset_2,centrality
751,1.0986122886681098,0.755409,validation,p0,dataset_2,centrality
1298,0.6931471805599453,0.7043617,validation,p0,dataset_2,centrality
1087,0.6931471805599453,0.755409,validation,p0,dataset_2,centrality
611,0.6931471805599453,0.7043617,validation,p0,dataset_2,centrality
949,0.6931471805599453,0.7043617,validation,p0,dataset_2,centrality
1179,0.6931471805599453,0.755409,validation,p0,dataset_2,centrality
1422,0.6931471805599453,0.7043617,validation,p0,dataset_2,centrality
47,0.6931471805599453,0.7043617,validation,p0,dataset_2,centrality
1258,0.6931471805599453,0.7043617,validation,p0,dataset_2,centrality
607,0.6931471805599453,0.7043617,validation,p0,dataset_2,centrality
1199,0.6931471805599453,0.7043617,validation,p0,dataset_2,centrality
1246,0.6931471805599453,0.7043617,validation,p0,dataset_2,centrality
1,0.6931471805599453,0.7043617,validation,p0,dataset_2,centrality
257,1.9459101490553132,1.1473119,validation,p0,dataset_2,centrality
60,0.6931471805599453,0.7043617,validation,p0,dataset_2,centrality
407,0.6931471805599453,0.755409,validation,p0,dataset_2,centrality
1281,0.6931471805599453,0.7043617,validation,p0,dataset_2,centrality
804,0.6931471805599453,0.7043617,validation,p0,dataset_2,centrality
639,1.9459101490553132,1.7108558,validation,p0,dataset_2,centrality
0,0.6931471805599453,0.7043617,validation,p0,dataset_2,centrality
560,1.0986122886681098,1.0159094,validation,p0,dataset_2,centrality
12,0.6931471805599453,0.7043617,validation,p0,dataset_2,centrality
1250,0.6931471805599453,0.7043617,validation,p0,dataset_2,centrality
61,0.6931471805599453,0.7043617,validation,p0,dataset_2,centrality
116,0.6931471805599453,0.7043617,validation,p0,dataset_2,centrality
702,0.6931471805599453,0.7043617,validation,p0,dataset_2,centrality
1025,0.6931471805599453,0.7043617,validation,p0,dataset_2,centrality
869,0.6931471805599453,0.7043617,validation,p0,dataset_2,centrality
1193,0.6931471805599453,0.7043617,validation,p0,dataset_2,centrality
1290,0.6931471805599453,0.7043617,validation,p0,dataset_2,centrality
551,1.0986122886681098,1.7427571,validation,p0,dataset_2,centrality
1311,0.6931471805599453,0.7043617,validation,p0,dataset_2,centrality
819,0.6931471805599453,0.7043617,validation,p0,dataset_2,centrality
18,1.0986122886681098,0.7043617,validation,p0,dataset_2,centrality
417,0.6931471805599453,0.7043617,validation,p0,dataset_2,centrality
1297,0.6931471805599453,0.7043617,validation,p0,dataset_2,centrality
121,0.6931471805599453,0.7043617,validation,p0,dataset_2,centrality
513,0.6931471805599453,0.7043617,validation,p0,dataset_2,centrality
1414,0.6931471805599453,0.7043617,validation,p0,dataset_2,centrality
848,0.6931471805599453,0.7043617,validation,p0,dataset_2,centrality
362,0.6931471805599453,0.7043617,validation,p0,dataset_2,centrality
679,0.6931471805599453,1.0159094,validation,p0,dataset_2,centrality
863,0.6931471805599453,0.7043617,validation,p0,dataset_2,centrality
978,0.6931471805599453,0.7043617,validation,p0,dataset_2,centrality
308,0.6931471805599453,0.7043617,validation,p0,dataset_2,centrality
290,0.6931471805599453,0.7043617,validation,p0,dataset_2,centrality
71,0.6931471805599453,0.7043617,validation,p0,dataset_2,centrality
376,0.6931471805599453,0.7043617,validation,p0,dataset_2,centrality
135,0.6931471805599453,0.7043617,validation,p0,dataset_2,centrality
463,0.6931471805599453,0.7043617,validation,p0,dataset_2,centrality
1120,0.6931471805599453,0.7043617,validation,p0,dataset_2,centrality
1156,0.6931471805599453,0.7043617,validation,p0,dataset_2,centrality
282,1.6094379124341005,0.8683331,validation,p0,dataset_2,centrality
88,0.6931471805599453,0.7043617,validation,p0,dataset_2,centrality
1402,0.6931471805599453,0.7043617,validation,p0,dataset_2,centrality
494,0.6931471805599453,0.7043617,validation,p0,dataset_2,centrality
465,0.6931471805599453,0.7043617,validation,p0,dataset_2,centrality
103,0.6931471805599453,0.7043617,validation,p0,dataset_2,centrality
1346,0.6931471805599453,0.7043617,validation,p0,dataset_2,centrality
1288,0.6931471805599453,0.7043617,validation,p0,dataset_2,centrality
507,0.6931471805599453,0.7043617,validation,p0,dataset_2,centrality
627,2.302585092994046,2.7438848,validation,p0,dataset_2,centrality
968,0.6931471805599453,0.7043617,validation,p0,dataset_2,centrality
765,0.6931471805599453,0.7043617,validation,p0,dataset_2,centrality
916,0.6931471805599453,0.7043617,validation,p0,dataset_2,centrality
53,0.6931471805599453,0.7043617,validation,p0,dataset_2,centrality
871,0.6931471805599453,0.7043617,validation,p0,dataset_2,centrality
713,3.218875824868201,2.3009284,validation,p0,dataset_2,centrality
910,0.6931471805599453,0.7043617,validation,p0,dataset_2,centrality
400,1.6094379124341005,1.7427571,validation,p0,dataset_2,centrality
853,0.6931471805599453,0.7043617,validation,p0,dataset_2,centrality
714,3.49650756146648,2.7438848,validation,p0,dataset_2,centrality
164,0.6931471805599453,0.7043617,validation,p0,dataset_2,centrality
499,0.6931471805599453,0.7043617,validation,p0,dataset_2,centrality
1138,0.6931471805599453,0.7043617,validation,p0,dataset_2,centrality
776,0.6931471805599453,0.7043617,validation,p0,dataset_2,centrality
413,0.6931471805599453,0.7043617,test,p0,dataset_2,centrality
316,0.6931471805599453,0.7043617,test,p0,dataset_2,centrality
1034,0.6931471805599453,0.7043617,test,p0,dataset_2,centrality
65,0.6931471805599453,0.7043617,test,p0,dataset_2,centrality
1024,0.6931471805599453,0.7043617,test,p0,dataset_2,centrality
661,0.6931471805599453,0.7043617,test,p0,dataset_2,centrality
175,0.6931471805599453,0.7043617,test,p0,dataset_2,centrality
824,0.6931471805599453,0.7043617,test,p0,dataset_2,centrality
649,0.6931471805599453,0.755409,test,p0,dataset_2,centrality
231,0.6931471805599453,0.7043617,test,p0,dataset_2,centrality
198,0.6931471805599453,0.7043617,test,p0,dataset_2,centrality
845,0.6931471805599453,0.7043617,test,p0,dataset_2,centrality
1108,0.6931471805599453,0.7043617,test,p0,dataset_2,centrality
1394,0.6931471805599453,0.7043617,test,p0,dataset_2,centrality
358,0.6931471805599453,0.7043617,test,p0,dataset_2,centrality
1088,2.0794415416798357,1.0159094,test,p0,dataset_2,centrality
394,3.332204510175204,2.7438848,test,p0,dataset_2,centrality
275,0.6931471805599453,0.7043617,test,p0,dataset_2,centrality
782,0.6931471805599453,0.7043617,test,p0,dataset_2,centrality
715,1.791759469228055,2.1702058,test,p0,dataset_2,centrality
239,0.6931471805599453,0.755409,test,p0,dataset_2,centrality
240,1.9459101490553132,1.7108558,test,p0,dataset_2,centrality
420,0.6931471805599453,0.7043617,test,p0,dataset_2,centrality
1259,0.6931471805599453,0.7043617,test,p0,dataset_2,centrality
986,0.6931471805599453,0.7043617,test,p0,dataset_2,centrality
752,0.6931471805599453,0.7043617,test,p0,dataset_2,centrality
590,0.6931471805599453,0.755409,test,p0,dataset_2,centrality
1398,0.6931471805599453,0.7043617,test,p0,dataset_2,centrality
51,0.6931471805599453,0.7043617,test,p0,dataset_2,centrality
680,0.6931471805599453,0.7043617,test,p0,dataset_2,centrality
374,0.6931471805599453,0.7043617,test,p0,dataset_2,centrality
168,0.6931471805599453,0.7043617,test,p0,dataset_2,centrality
244,0.6931471805599453,0.7043617,test,p0,dataset_2,centrality
585,0.6931471805599453,0.7043617,test,p0,dataset_2,centrality
1412,0.6931471805599453,0.7043617,test,p0,dataset_2,centrality
598,0.6931471805599453,1.0159094,test,p0,dataset_2,centrality
49,0.6931471805599453,0.7043617,test,p0,dataset_2,centrality
462,0.6931471805599453,0.7043617,test,p0,dataset_2,centrality
1223,0.6931471805599453,0.7043617,test,p0,dataset_2,centrality
29,0.6931471805599453,0.90298617,test,p0,dataset_2,centrality
192,0.6931471805599453,0.7043617,test,p0,dataset_2,centrality
922,0.6931471805599453,0.7043617,test,p0,dataset_2,centrality
1434,0.6931471805599453,0.7043617,test,p0,dataset_2,centrality
621,0.6931471805599453,0.7043617,test,p0,dataset_2,centrality
1027,0.6931471805599453,0.7043617,test,p0,dataset_2,centrality
730,0.6931471805599453,0.7043617,test,p0,dataset_2,centrality
67,0.6931471805599453,0.7043617,test,p0,dataset_2,centrality
1313,0.6931471805599453,0.7043617,test,p0,dataset_2,centrality
527,0.6931471805599453,0.7043617,test,p0,dataset_2,centrality
812,0.6931471805599453,0.7043617,test,p0,dataset_2,centrality
1261,0.6931471805599453,0.7043617,test,p0,dataset_2,centrality
741,1.3862943611198906,0.755409,test,p0,dataset_2,centrality
1227,0.6931471805599453,0.7043617,test,p0,dataset_2,centrality
261,0.6931471805599453,0.7043617,test,p0,dataset_2,centrality
836,0.6931471805599453,0.7043617,test,p0,dataset_2,centrality
123,0.6931471805599453,0.7043617,test,p0,dataset_2,centrality
1384,0.6931471805599453,0.755409,test,p0,dataset_2,centrality
605,0.6931471805599453,0.7043617,test,p0,dataset_2,centrality
973,0.6931471805599453,0.7043617,test,p0,dataset_2,centrality
594,0.6931471805599453,0.7043617,test,p0,dataset_2,centrality
184,0.6931471805599453,0.7043617,test,p0,dataset_2,centrality
946,0.6931471805599453,0.7043617,test,p0,dataset_2,centrality
888,0.6931471805599453,0.7043617,test,p0,dataset_2,centrality
141,0.6931471805599453,0.7043617,test,p0,dataset_2,centrality
964,0.6931471805599453,0.7043617,test,p0,dataset_2,centrality
816,0.6931471805599453,0.7043617,test,p0,dataset_2,centrality
1239,0.6931471805599453,0.7043617,test,p0,dataset_2,centrality
44,0.6931471805599453,0.7043617,test,p0,dataset_2,centrality
799,0.6931471805599453,0.7043617,test,p0,dataset_2,centrality
566,0.6931471805599453,0.7043617,test,p0,dataset_2,centrality
1144,0.6931471805599453,0.7043617,test,p0,dataset_2,centrality
802,0.6931471805599453,0.7043617,test,p0,dataset_2,centrality
1030,0.6931471805599453,0.7043617,test,p0,dataset_2,centrality
76,1.0986122886681098,1.1473119,test,p0,dataset_2,centrality
361,0.6931471805599453,0.7043617,test,p0,dataset_2,centrality
1333,0.6931471805599453,0.7043617,test,p0,dataset_2,centrality
270,0.6931471805599453,0.7043617,test,p0,dataset_2,centrality
1098,0.6931471805599453,0.7043617,test,p0,dataset_2,centrality
1197,0.6931471805599453,0.7043617,test,p0,dataset_2,centrality
1036,0.6931471805599453,0.7043617,test,p0,dataset_2,centrality
1039,0.6931471805599453,0.7043617,test,p0,dataset_2,centrality
78,0.6931471805599453,0.755409,test,p0,dataset_2,centrality
745,0.6931471805599453,0.755409,test,p0,dataset_2,centrality
271,0.6931471805599453,0.7043617,test,p0,dataset_2,centrality
575,0.6931471805599453,0.7043617,test,p0,dataset_2,centrality
1285,0.6931471805599453,0.7043617,test,p0,dataset_2,centrality
1023,0.6931471805599453,0.7043617,test,p0,dataset_2,centrality
651,0.6931471805599453,0.755409,test,p0,dataset_2,centrality
70,0.6931471805599453,0.7043617,test,p0,dataset_2,centrality
15,0.6931471805599453,0.7043617,test,p0,dataset_2,centrality
1438,0.6931471805599453,0.7043617,test,p0,dataset_2,centrality
351,0.6931471805599453,0.7043617,test,p0,dataset_2,centrality
115,0.6931471805599453,0.7043617,test,p0,dataset_2,centrality
303,0.6931471805599453,0.7043617,test,p0,dataset_2,centrality
1075,0.6931471805599453,0.7043617,test,p0,dataset_2,centrality
796,0.6931471805599453,0.7043617,test,p0,dataset_2,centrality
528,0.6931471805599453,0.7043617,test,p0,dataset_2,centrality
901,0.6931471805599453,0.7043617,test,p0,dataset_2,centrality
479,0.6931471805599453,0.7043617,test,p0,dataset_2,centrality
905,0.6931471805599453,0.7043617,test,p0,dataset_2,centrality
415,0.6931471805599453,0.755409,test,p0,dataset_2,centrality
711,0.6931471805599453,0.7043617,test,p0,dataset_2,centrality
309,0.6931471805599453,0.7043617,test,p0,dataset_2,centrality
1053,0.6931471805599453,0.7043617,test,p0,dataset_2,centrality
788,0.6931471805599453,0.7043617,test,p0,dataset_2,centrality
1236,0.6931471805599453,0.7043617,test,p0,dataset_2,centrality
887,0.6931471805599453,0.7043617,test,p0,dataset_2,centrality
1399,0.6931471805599453,0.7043617,test,p0,dataset_2,centrality
1068,0.6931471805599453,0.7043617,test,p0,dataset_2,centrality
478,0.6931471805599453,0.7043617,test,p0,dataset_2,centrality
999,0.6931471805599453,0.7043617,test,p0,dataset_2,centrality
873,0.6931471805599453,0.7043617,test,p0,dataset_2,centrality
818,0.6931471805599453,0.7043617,test,p0,dataset_2,centrality
1090,1.791759469228055,1.0159094,test,p0,dataset_2,centrality
757,0.6931471805599453,0.7043617,test,p0,dataset_2,centrality
1031,0.6931471805599453,0.7043617,test,p0,dataset_2,centrality
322,0.6931471805599453,0.7043617,test,p0,dataset_2,centrality
332,0.6931471805599453,0.7043617,test,p0,dataset_2,centrality
567,0.6931471805599453,0.7043617,test,p0,dataset_2,centrality
892,0.6931471805599453,0.7043617,test,p0,dataset_2,centrality
610,0.6931471805599453,0.7043617,test,p0,dataset_2,centrality
529,0.6931471805599453,0.755409,test,p0,dataset_2,centrality
570,0.6931471805599453,0.7043617,test,p0,dataset_2,centrality
429,0.6931471805599453,0.7043617,test,p0,dataset_2,centrality
985,0.6931471805599453,0.7043617,test,p0,dataset_2,centrality
43,0.6931471805599453,0.7043617,test,p0,dataset_2,centrality
497,0.6931471805599453,0.7043617,test,p0,dataset_2,centrality
451,0.6931471805599453,0.7043617,test,p0,dataset_2,centrality
1085,0.6931471805599453,0.7043617,test,p0,dataset_2,centrality
1423,0.6931471805599453,0.7043617,test,p0,dataset_2,centrality
101,0.6931471805599453,0.7043617,test,p0,dataset_2,centrality
889,0.6931471805599453,0.7043617,test,p0,dataset_2,centrality
289,0.6931471805599453,0.7043617,test,p0,dataset_2,centrality
1006,0.6931471805599453,0.7043617,test,p0,dataset_2,centrality
1443,0.6931471805599453,0.7043617,test,p0,dataset_2,centrality
1308,0.6931471805599453,0.7043617,test,p0,dataset_2,centrality
1330,0.6931471805599453,0.7043617,test,p0,dataset_2,centrality
381,0.6931471805599453,0.7043617,test,p0,dataset_2,centrality
847,0.6931471805599453,0.7043617,test,p0,dataset_2,centrality
1057,0.6931471805599453,0.7043617,test,p0,dataset_2,centrality
602,0.6931471805599453,0.7043617,test,p0,dataset_2,centrality
898,0.6931471805599453,0.7043617,test,p0,dataset_2,centrality
636,1.791759469228055,2.3009284,test,p0,dataset_2,centrality
665,1.0986122886681098,0.755409,test,p0,dataset_2,centrality
588,1.0986122886681098,0.7043617,test,p0,dataset_2,centrality
163,0.6931471805599453,0.7043617,test,p0,dataset_2,centrality
32,0.6931471805599453,0.755409,test,p0,dataset_2,centrality
619,0.6931471805599453,0.7043617,test,p0,dataset_2,centrality
672,0.6931471805599453,0.7043617,test,p0,dataset_2,centrality
324,0.6931471805599453,0.7043617,test,p0,dataset_2,centrality
382,0.6931471805599453,0.7043617,test,p0,dataset_2,centrality
306,0.6931471805599453,0.7043617,test,p0,dataset_2,centrality
1163,0.6931471805599453,0.7043617,test,p0,dataset_2,centrality
855,0.6931471805599453,0.7043617,test,p0,dataset_2,centrality
722,1.0986122886681098,1.0159094,test,p0,dataset_2,centrality
365,0.6931471805599453,0.7043617,test,p0,dataset_2,centrality
423,0.6931471805599453,0.7043617,test,p0,dataset_2,centrality
933,0.6931471805599453,0.7043617,test,p0,dataset_2,centrality
247,0.6931471805599453,0.7043617,test,p0,dataset_2,centrality
427,0.6931471805599453,0.755409,test,p0,dataset_2,centrality
1380,0.6931471805599453,0.90298617,test,p0,dataset_2,centrality
543,0.6931471805599453,0.7043617,test,p0,dataset_2,centrality
218,0.6931471805599453,0.7043617,test,p0,dataset_2,centrality
864,0.6931471805599453,0.7043617,test,p0,dataset_2,centrality
274,0.6931471805599453,0.7043617,test,p0,dataset_2,centrality
628,3.5263605246161616,2.7438848,test,p0,dataset_2,centrality
1237,0.6931471805599453,0.7043617,test,p0,dataset_2,centrality
1431,0.6931471805599453,0.7043617,test,p0,dataset_2,centrality
63,0.6931471805599453,0.7043617,test,p0,dataset_2,centrality
1178,0.6931471805599453,0.7043617,test,p0,dataset_2,centrality
380,0.6931471805599453,0.7043617,test,p0,dataset_2,centrality
1203,0.6931471805599453,0.7043617,test,p0,dataset_2,centrality
1235,0.6931471805599453,0.7043617,test,p0,dataset_2,centrality
485,0.6931471805599453,0.7043617,test,p0,dataset_2,centrality
674,1.0986122886681098,0.7043617,test,p0,dataset_2,centrality
1201,0.6931471805599453,0.7043617,test,p0,dataset_2,centrality
931,0.6931471805599453,0.7043617,test,p0,dataset_2,centrality
203,0.6931471805599453,0.7043617,test,p0,dataset_2,centrality
522,0.6931471805599453,0.7043617,test,p0,dataset_2,centrality
894,0.6931471805599453,0.7043617,test,p0,dataset_2,centrality
30,1.9459101490553132,0.755409,test,p0,dataset_2,centrality
56,0.6931471805599453,0.7043617,test,p0,dataset_2,centrality
1166,2.4849066497880004,2.7438848,test,p0,dataset_2,centrality
1092,0.6931471805599453,0.7043617,test,p0,dataset_2,centrality
371,0.6931471805599453,0.7043617,test,p0,dataset_2,centrality
945,0.6931471805599453,0.7043617,test,p0,dataset_2,centrality
1378,0.6931471805599453,0.7043617,test,p0,dataset_2,centrality
1192,0.6931471805599453,0.7043617,test,p0,dataset_2,centrality
858,0.6931471805599453,0.7043617,test,p0,dataset_2,centrality
464,0.6931471805599453,0.7043617,test,p0,dataset_2,centrality
363,0.6931471805599453,0.7043617,test,p0,dataset_2,centrality
1187,0.6931471805599453,0.7043617,test,p0,dataset_2,centrality
578,0.6931471805599453,0.7043617,test,p0,dataset_2,centrality
237,1.3862943611198906,1.0159094,test,p0,dataset_2,centrality
1390,0.6931471805599453,0.7043617,test,p0,dataset_2,centrality
99,0.6931471805599453,0.7043617,test,p0,dataset_2,centrality
461,0.6931471805599453,0.7043617,test,p0,dataset_2,centrality
259,0.6931471805599453,0.7043617,test,p0,dataset_2,centrality
481,0.6931471805599453,0.7043617,test,p0,dataset_2,centrality
583,0.6931471805599453,0.7043617,test,p0,dataset_2,centrality
861,0.6931471805599453,0.7043617,test,p0,dataset_2,centrality
1043,0.6931471805599453,0.7043617,test,p0,dataset_2,centrality
277,0.6931471805599453,0.7043617,test,p0,dataset_2,centrality
744,0.6931471805599453,0.755409,test,p0,dataset_2,centrality
584,0.6931471805599453,0.7043617,test,p0,dataset_2,centrality
1037,0.6931471805599453,0.7043617,test,p0,dataset_2,centrality
906,0.6931471805599453,0.7043617,test,p0,dataset_2,centrality
377,0.6931471805599453,0.7043617,test,p0,dataset_2,centrality
549,0.6931471805599453,0.7043617,test,p0,dataset_2,centrality
1417,0.6931471805599453,0.7043617,test,p0,dataset_2,centrality
771,0.6931471805599453,0.7043617,test,p0,dataset_2,centrality
691,1.0986122886681098,1.1473119,test,p0,dataset_2,centrality
706,0.6931471805599453,0.7043617,test,p0,dataset_2,centrality
297,0.6931471805599453,0.7043617,test,p0,dataset_2,centrality
1247,0.6931471805599453,0.7043617,test,p0,dataset_2,centrality
893,0.6931471805599453,0.7043617,test,p0,dataset_2,centrality
947,0.6931471805599453,0.7043617,test,p0,dataset_2,centrality
1403,0.6931471805599453,0.70676804,train,p5,dataset_2,centrality
1209,0.6931471805599453,0.70676804,train,p5,dataset_2,centrality
472,0.6931471805599453,0.70676804,train,p5,dataset_2,centrality
1064,0.6931471805599453,0.70676804,train,p5,dataset_2,centrality
50,0.6931471805599453,0.70676804,train,p5,dataset_2,centrality
223,0.6931471805599453,0.70676804,train,p5,dataset_2,centrality
1395,0.6931471805599453,0.70676804,train,p5,dataset_2,centrality
1348,0.6931471805599453,0.70676804,train,p5,dataset_2,centrality
935,0.6931471805599453,0.70676804,train,p5,dataset_2,centrality
1061,0.6931471805599453,0.70676804,train,p5,dataset_2,centrality
354,0.6931471805599453,0.70676804,train,p5,dataset_2,centrality
69,0.6931471805599453,0.70676804,train,p5,dataset_2,centrality
827,0.6931471805599453,0.70676804,train,p5,dataset_2,centrality
319,0.6931471805599453,0.70676804,train,p5,dataset_2,centrality
840,0.6931471805599453,0.70676804,train,p5,dataset_2,centrality
260,0.6931471805599453,0.70676804,train,p5,dataset_2,centrality
868,0.6931471805599453,0.70676804,train,p5,dataset_2,centrality
130,0.6931471805599453,0.70676804,train,p5,dataset_2,centrality
705,0.6931471805599453,0.70676804,train,p5,dataset_2,centrality
1425,0.6931471805599453,0.70676804,train,p5,dataset_2,centrality
172,0.6931471805599453,0.70676804,train,p5,dataset_2,centrality
333,0.6931471805599453,0.70676804,train,p5,dataset_2,centrality
412,0.6931471805599453,0.70676804,train,p5,dataset_2,centrality
536,0.6931471805599453,0.70676804,train,p5,dataset_2,centrality
1248,0.6931471805599453,0.70676804,train,p5,dataset_2,centrality
3,0.6931471805599453,0.70676804,train,p5,dataset_2,centrality
45,0.6931471805599453,0.70676804,train,p5,dataset_2,centrality
1051,0.6931471805599453,0.70676804,train,p5,dataset_2,centrality
228,0.6931471805599453,0.70676804,train,p5,dataset_2,centrality
890,1.0986122886681098,0.70676804,train,p5,dataset_2,centrality
1430,0.6931471805599453,0.70676804,train,p5,dataset_2,centrality
689,0.6931471805599453,1.0038786,train,p5,dataset_2,centrality
783,0.6931471805599453,0.70676804,train,p5,dataset_2,centrality
742,0.6931471805599453,0.70676804,train,p5,dataset_2,centrality
9,0.6931471805599453,0.70676804,train,p5,dataset_2,centrality
1284,0.6931471805599453,0.70676804,train,p5,dataset_2,centrality
1073,0.6931471805599453,0.70676804,train,p5,dataset_2,centrality
603,0.6931471805599453,0.70676804,train,p5,dataset_2,centrality
254,0.6931471805599453,0.70676804,train,p5,dataset_2,centrality
1029,0.6931471805599453,0.70676804,train,p5,dataset_2,centrality
253,0.6931471805599453,0.70676804,train,p5,dataset_2,centrality
1214,0.6931471805599453,0.70676804,train,p5,dataset_2,centrality
1211,0.6931471805599453,0.70676804,train,p5,dataset_2,centrality
133,0.6931471805599453,0.70676804,train,p5,dataset_2,centrality
693,0.6931471805599453,0.70676804,train,p5,dataset_2,centrality
988,0.6931471805599453,0.70676804,train,p5,dataset_2,centrality
7,0.6931471805599453,0.70676804,train,p5,dataset_2,centrality
701,1.0986122886681098,0.70676804,train,p5,dataset_2,centrality
1310,0.6931471805599453,0.70676804,train,p5,dataset_2,centrality
1082,0.6931471805599453,0.70676804,train,p5,dataset_2,centrality
466,0.6931471805599453,0.70676804,train,p5,dataset_2,centrality
1099,0.6931471805599453,0.95888436,train,p5,dataset_2,centrality
1278,0.6931471805599453,0.70676804,train,p5,dataset_2,centrality
326,0.6931471805599453,0.70676804,train,p5,dataset_2,centrality
337,0.6931471805599453,0.70676804,train,p5,dataset_2,centrality
1210,0.6931471805599453,0.70676804,train,p5,dataset_2,centrality
480,0.6931471805599453,0.70676804,train,p5,dataset_2,centrality
1389,0.6931471805599453,0.70676804,train,p5,dataset_2,centrality
206,0.6931471805599453,0.70676804,train,p5,dataset_2,centrality
369,0.6931471805599453,0.70676804,train,p5,dataset_2,centrality
190,0.6931471805599453,0.70676804,train,p5,dataset_2,centrality
258,0.6931471805599453,0.70676804,train,p5,dataset_2,centrality
506,0.6931471805599453,0.70676804,train,p5,dataset_2,centrality
956,0.6931471805599453,0.70676804,train,p5,dataset_2,centrality
109,0.6931471805599453,0.70676804,train,p5,dataset_2,centrality
559,0.6931471805599453,0.76401854,train,p5,dataset_2,centrality
213,1.0986122886681098,1.0038786,train,p5,dataset_2,centrality
523,0.6931471805599453,0.70676804,train,p5,dataset_2,centrality
312,0.6931471805599453,0.70676804,train,p5,dataset_2,centrality
145,0.6931471805599453,0.70676804,train,p5,dataset_2,centrality
1207,0.6931471805599453,0.70676804,train,p5,dataset_2,centrality
979,0.6931471805599453,0.70676804,train,p5,dataset_2,centrality
747,0.6931471805599453,0.70676804,train,p5,dataset_2,centrality
817,0.6931471805599453,0.70676804,train,p5,dataset_2,centrality
899,0.6931471805599453,0.70676804,train,p5,dataset_2,centrality
859,0.6931471805599453,0.70676804,train,p5,dataset_2,centrality
1353,0.6931471805599453,0.76401854,train,p5,dataset_2,centrality
151,0.6931471805599453,0.70676804,train,p5,dataset_2,centrality
1409,0.6931471805599453,0.70676804,train,p5,dataset_2,centrality
891,0.6931471805599453,0.70676804,train,p5,dataset_2,centrality
46,0.6931471805599453,0.70676804,train,p5,dataset_2,centrality
1387,0.6931471805599453,0.70676804,train,p5,dataset_2,centrality
1040,0.6931471805599453,0.70676804,train,p5,dataset_2,centrality
340,1.0986122886681098,0.70676804,train,p5,dataset_2,centrality
75,0.6931471805599453,1.1536636,train,p5,dataset_2,centrality
1042,0.6931471805599453,0.70676804,train,p5,dataset_2,centrality
347,0.6931471805599453,0.70676804,train,p5,dataset_2,centrality
105,0.6931471805599453,0.70676804,train,p5,dataset_2,centrality
1244,0.6931471805599453,0.70676804,train,p5,dataset_2,centrality
1324,0.6931471805599453,0.76401854,train,p5,dataset_2,centrality
299,0.6931471805599453,0.70676804,train,p5,dataset_2,centrality
1114,0.6931471805599453,0.70676804,train,p5,dataset_2,centrality
398,3.295836866004329,2.842372,train,p5,dataset_2,centrality
1413,0.6931471805599453,0.70676804,train,p5,dataset_2,centrality
919,0.6931471805599453,0.70676804,train,p5,dataset_2,centrality
54,0.6931471805599453,0.70676804,train,p5,dataset_2,centrality
798,0.6931471805599453,0.70676804,train,p5,dataset_2,centrality
143,0.6931471805599453,0.70676804,train,p5,dataset_2,centrality
846,0.6931471805599453,0.70676804,train,p5,dataset_2,centrality
208,3.1780538303479458,2.6096883,train,p5,dataset_2,centrality
200,0.6931471805599453,0.70676804,train,p5,dataset_2,centrality
886,0.6931471805599453,0.845083,train,p5,dataset_2,centrality
397,2.4849066497880004,2.4473975,train,p5,dataset_2,centrality
1217,0.6931471805599453,0.70676804,train,p5,dataset_2,centrality
150,0.6931471805599453,0.70676804,train,p5,dataset_2,centrality
921,0.6931471805599453,0.70676804,train,p5,dataset_2,centrality
33,0.6931471805599453,0.76401854,train,p5,dataset_2,centrality
792,0.6931471805599453,0.70676804,train,p5,dataset_2,centrality
867,0.6931471805599453,0.70676804,train,p5,dataset_2,centrality
224,2.772588722239781,1.9389735,train,p5,dataset_2,centrality
341,0.6931471805599453,0.70676804,train,p5,dataset_2,centrality
1344,0.6931471805599453,0.70676804,train,p5,dataset_2,centrality
1426,0.6931471805599453,0.70676804,train,p5,dataset_2,centrality
1159,0.6931471805599453,0.70676804,train,p5,dataset_2,centrality
169,0.6931471805599453,0.70676804,train,p5,dataset_2,centrality
531,0.6931471805599453,0.70676804,train,p5,dataset_2,centrality
1360,0.6931471805599453,0.70676804,train,p5,dataset_2,centrality
512,0.6931471805599453,0.70676804,train,p5,dataset_2,centrality
1257,0.6931471805599453,0.70676804,train,p5,dataset_2,centrality
572,0.6931471805599453,0.70676804,train,p5,dataset_2,centrality
1135,0.6931471805599453,0.70676804,train,p5,dataset_2,centrality
1047,0.6931471805599453,0.70676804,train,p5,dataset_2,centrality
909,0.6931471805599453,0.70676804,train,p5,dataset_2,centrality
557,0.6931471805599453,0.70676804,train,p5,dataset_2,centrality
1013,0.6931471805599453,0.70676804,train,p5,dataset_2,centrality
55,0.6931471805599453,0.70676804,train,p5,dataset_2,centrality
1161,1.791759469228055,1.0820765,train,p5,dataset_2,centrality
1107,0.6931471805599453,0.70676804,train,p5,dataset_2,centrality
586,0.6931471805599453,0.70676804,train,p5,dataset_2,centrality
1079,0.6931471805599453,0.70676804,train,p5,dataset_2,centrality
107,0.6931471805599453,0.70676804,train,p5,dataset_2,centrality
835,0.6931471805599453,0.70676804,train,p5,dataset_2,centrality
1206,0.6931471805599453,0.70676804,train,p5,dataset_2,centrality
1276,0.6931471805599453,0.70676804,train,p5,dataset_2,centrality
498,0.6931471805599453,0.70676804,train,p5,dataset_2,centrality
555,0.6931471805599453,0.76401854,train,p5,dataset_2,centrality
1241,0.6931471805599453,0.70676804,train,p5,dataset_2,centrality
449,0.6931471805599453,0.70676804,train,p5,dataset_2,centrality
828,0.6931471805599453,0.70676804,train,p5,dataset_2,centrality
205,0.6931471805599453,0.70676804,train,p5,dataset_2,centrality
664,0.6931471805599453,0.70676804,train,p5,dataset_2,centrality
460,0.6931471805599453,0.70676804,train,p5,dataset_2,centrality
920,0.6931471805599453,0.70676804,train,p5,dataset_2,centrality
295,0.6931471805599453,0.70676804,train,p5,dataset_2,centrality
1157,0.6931471805599453,0.70676804,train,p5,dataset_2,centrality
1336,0.6931471805599453,0.70676804,train,p5,dataset_2,centrality
1188,0.6931471805599453,0.70676804,train,p5,dataset_2,centrality
791,0.6931471805599453,0.70676804,train,p5,dataset_2,centrality
1173,1.3862943611198906,1.1987443,train,p5,dataset_2,centrality
1243,0.6931471805599453,0.70676804,train,p5,dataset_2,centrality
926,0.6931471805599453,0.70676804,train,p5,dataset_2,centrality
924,0.6931471805599453,0.70676804,train,p5,dataset_2,centrality
58,0.6931471805599453,0.70676804,train,p5,dataset_2,centrality
1054,0.6931471805599453,0.70676804,train,p5,dataset_2,centrality
1256,0.6931471805599453,0.70676804,train,p5,dataset_2,centrality
379,1.0986122886681098,0.70676804,train,p5,dataset_2,centrality
373,0.6931471805599453,0.70676804,train,p5,dataset_2,centrality
758,0.6931471805599453,0.70676804,train,p5,dataset_2,centrality
552,0.6931471805599453,0.9023335,train,p5,dataset_2,centrality
671,0.6931471805599453,0.70676804,train,p5,dataset_2,centrality
654,0.6931471805599453,0.70676804,train,p5,dataset_2,centrality
646,0.6931471805599453,0.76401854,train,p5,dataset_2,centrality
541,0.6931471805599453,0.76401854,train,p5,dataset_2,centrality
844,0.6931471805599453,0.70676804,train,p5,dataset_2,centrality
876,0.6931471805599453,0.70676804,train,p5,dataset_2,centrality
176,0.6931471805599453,0.70676804,train,p5,dataset_2,centrality
600,0.6931471805599453,0.70676804,train,p5,dataset_2,centrality
500,0.6931471805599453,0.70676804,train,p5,dataset_2,centrality
731,0.6931471805599453,0.76401854,train,p5,dataset_2,centrality
442,0.6931471805599453,0.70676804,train,p5,dataset_2,centrality
1109,0.6931471805599453,0.70676804,train,p5,dataset_2,centrality
280,0.6931471805599453,0.70676804,train,p5,dataset_2,centrality
1392,0.6931471805599453,0.70676804,train,p5,dataset_2,centrality
482,0.6931471805599453,0.70676804,train,p5,dataset_2,centrality
754,0.6931471805599453,0.70676804,train,p5,dataset_2,centrality
5,0.6931471805599453,0.70676804,train,p5,dataset_2,centrality
737,0.6931471805599453,0.70676804,train,p5,dataset_2,centrality
554,2.302585092994046,2.190628,train,p5,dataset_2,centrality
810,0.6931471805599453,0.70676804,train,p5,dataset_2,centrality
346,0.6931471805599453,0.70676804,train,p5,dataset_2,centrality
1407,0.6931471805599453,0.70676804,train,p5,dataset_2,centrality
370,0.6931471805599453,0.70676804,train,p5,dataset_2,centrality
484,0.6931471805599453,0.70676804,train,p5,dataset_2,centrality
1125,1.0986122886681098,0.86556363,train,p5,dataset_2,centrality
1202,0.6931471805599453,0.70676804,train,p5,dataset_2,centrality
1081,0.6931471805599453,0.70676804,train,p5,dataset_2,centrality
820,0.6931471805599453,0.70676804,train,p5,dataset_2,centrality
593,0.6931471805599453,0.70676804,train,p5,dataset_2,centrality
1429,0.6931471805599453,0.70676804,train,p5,dataset_2,centrality
563,0.6931471805599453,0.70676804,train,p5,dataset_2,centrality
1381,0.6931471805599453,0.70676804,train,p5,dataset_2,centrality
865,0.6931471805599453,0.70676804,train,p5,dataset_2,centrality
238,0.6931471805599453,0.76401854,train,p5,dataset_2,centrality
546,0.6931471805599453,0.70676804,train,p5,dataset_2,centrality
648,0.6931471805599453,0.70676804,train,p5,dataset_2,centrality
1366,0.6931471805599453,0.70676804,train,p5,dataset_2,centrality
936,0.6931471805599453,0.70676804,train,p5,dataset_2,centrality
307,0.6931471805599453,0.70676804,train,p5,dataset_2,centrality
1427,0.6931471805599453,0.70676804,train,p5,dataset_2,centrality
1406,0.6931471805599453,0.70676804,train,p5,dataset_2,centrality
971,0.6931471805599453,0.70676804,train,p5,dataset_2,centrality
877,0.6931471805599453,0.70676804,train,p5,dataset_2,centrality
139,0.6931471805599453,0.70676804,train,p5,dataset_2,centrality
1418,0.6931471805599453,0.70676804,train,p5,dataset_2,centrality
263,0.6931471805599453,0.70676804,train,p5,dataset_2,centrality
723,0.6931471805599453,0.845083,train,p5,dataset_2,centrality
264,0.6931471805599453,0.70676804,train,p5,dataset_2,centrality
951,0.6931471805599453,0.70676804,train,p5,dataset_2,centrality
152,0.6931471805599453,0.70676804,train,p5,dataset_2,centrality
1118,0.6931471805599453,0.70676804,train,p5,dataset_2,centrality
631,1.3862943611198906,2.3996804,train,p5,dataset_2,centrality
456,0.6931471805599453,0.70676804,train,p5,dataset_2,centrality
210,1.791759469228055,1.9626052,train,p5,dataset_2,centrality
537,1.0986122886681098,1.1536636,train,p5,dataset_2,centrality
720,1.6094379124341005,1.2318615,train,p5,dataset_2,centrality
1339,0.6931471805599453,0.70676804,train,p5,dataset_2,centrality
1282,0.6931471805599453,0.70676804,train,p5,dataset_2,centrality
838,0.6931471805599453,0.70676804,train,p5,dataset_2,centrality
1136,0.6931471805599453,0.70676804,train,p5,dataset_2,centrality
194,0.6931471805599453,0.70676804,train,p5,dataset_2,centrality
553,0.6931471805599453,0.70676804,train,p5,dataset_2,centrality
165,0.6931471805599453,0.70676804,train,p5,dataset_2,centrality
698,0.6931471805599453,0.70676804,train,p5,dataset_2,centrality
1002,0.6931471805599453,0.70676804,train,p5,dataset_2,centrality
777,0.6931471805599453,0.70676804,train,p5,dataset_2,centrality
1150,0.6931471805599453,0.70676804,train,p5,dataset_2,centrality
760,0.6931471805599453,0.70676804,train,p5,dataset_2,centrality
147,0.6931471805599453,0.70676804,train,p5,dataset_2,centrality
612,0.6931471805599453,0.70676804,train,p5,dataset_2,centrality
511,0.6931471805599453,0.70676804,train,p5,dataset_2,centrality
1299,0.6931471805599453,0.70676804,train,p5,dataset_2,centrality
974,0.6931471805599453,0.70676804,train,p5,dataset_2,centrality
599,0.6931471805599453,0.70676804,train,p5,dataset_2,centrality
368,0.6931471805599453,0.70676804,train,p5,dataset_2,centrality
441,0.6931471805599453,0.70676804,train,p5,dataset_2,centrality
360,0.6931471805599453,0.70676804,train,p5,dataset_2,centrality
581,0.6931471805599453,0.70676804,train,p5,dataset_2,centrality
1314,0.6931471805599453,0.70676804,train,p5,dataset_2,centrality
801,0.6931471805599453,0.70676804,train,p5,dataset_2,centrality
808,0.6931471805599453,0.70676804,train,p5,dataset_2,centrality
1115,0.6931471805599453,0.70676804,train,p5,dataset_2,centrality
657,0.6931471805599453,0.76401854,train,p5,dataset_2,centrality
695,0.6931471805599453,0.70676804,train,p5,dataset_2,centrality
201,0.6931471805599453,0.70676804,train,p5,dataset_2,centrality
1007,0.6931471805599453,0.70676804,train,p5,dataset_2,centrality
1401,0.6931471805599453,0.70676804,train,p5,dataset_2,centrality
669,0.6931471805599453,0.70676804,train,p5,dataset_2,centrality
1347,0.6931471805599453,0.70676804,train,p5,dataset_2,centrality
1267,0.6931471805599453,0.70676804,train,p5,dataset_2,centrality
1117,0.6931471805599453,0.70676804,train,p5,dataset_2,centrality
1218,0.6931471805599453,0.70676804,train,p5,dataset_2,centrality
638,0.6931471805599453,1.0038786,train,p5,dataset_2,centrality
74,0.6931471805599453,0.70676804,train,p5,dataset_2,centrality
1011,0.6931471805599453,0.70676804,train,p5,dataset_2,centrality
576,0.6931471805599453,0.70676804,train,p5,dataset_2,centrality
233,0.6931471805599453,0.70676804,train,p5,dataset_2,centrality
1216,0.6931471805599453,0.70676804,train,p5,dataset_2,centrality
97,0.6931471805599453,0.70676804,train,p5,dataset_2,centrality
1440,0.6931471805599453,0.70676804,train,p5,dataset_2,centrality
862,0.6931471805599453,0.70676804,train,p5,dataset_2,centrality
171,0.6931471805599453,0.70676804,train,p5,dataset_2,centrality
1146,0.6931471805599453,0.70676804,train,p5,dataset_2,centrality
395,2.0794415416798357,1.9389735,train,p5,dataset_2,centrality
629,2.995732273553991,2.842372,train,p5,dataset_2,centrality
467,0.6931471805599453,0.70676804,train,p5,dataset_2,centrality
59,0.6931471805599453,0.70676804,train,p5,dataset_2,centrality
623,1.9459101490553132,1.1536636,train,p5,dataset_2,centrality
432,1.3862943611198906,1.3444095,train,p5,dataset_2,centrality
1078,0.6931471805599453,0.70676804,train,p5,dataset_2,centrality
972,0.6931471805599453,0.70676804,train,p5,dataset_2,centrality
1017,0.6931471805599453,0.70676804,train,p5,dataset_2,centrality
1001,0.6931471805599453,0.70676804,train,p5,dataset_2,centrality
734,0.6931471805599453,0.70676804,train,p5,dataset_2,centrality
681,0.6931471805599453,0.70676804,train,p5,dataset_2,centrality
703,0.6931471805599453,0.70676804,train,p5,dataset_2,centrality
1071,0.6931471805599453,0.70676804,train,p5,dataset_2,centrality
444,0.6931471805599453,0.76401854,train,p5,dataset_2,centrality
622,0.6931471805599453,0.70676804,train,p5,dataset_2,centrality
1312,0.6931471805599453,0.70676804,train,p5,dataset_2,centrality
89,0.6931471805599453,0.70676804,train,p5,dataset_2,centrality
17,1.0986122886681098,0.70676804,train,p5,dataset_2,centrality
406,0.6931471805599453,0.70676804,train,p5,dataset_2,centrality
391,1.3862943611198906,0.9023335,train,p5,dataset_2,centrality
328,0.6931471805599453,0.70676804,train,p5,dataset_2,centrality
178,0.6931471805599453,0.70676804,train,p5,dataset_2,centrality
550,0.6931471805599453,0.70676804,train,p5,dataset_2,centrality
1280,0.6931471805599453,0.70676804,train,p5,dataset_2,centrality
138,0.6931471805599453,0.70676804,train,p5,dataset_2,centrality
1428,0.6931471805599453,0.70676804,train,p5,dataset_2,centrality
96,0.6931471805599453,0.70676804,train,p5,dataset_2,centrality
1291,0.6931471805599453,0.70676804,train,p5,dataset_2,centrality
273,0.6931471805599453,0.70676804,train,p5,dataset_2,centrality
1196,0.6931471805599453,0.70676804,train,p5,dataset_2,centrality
1307,0.6931471805599453,0.70676804,train,p5,dataset_2,centrality
1119,0.6931471805599453,0.76401854,train,p5,dataset_2,centrality
1283,0.6931471805599453,0.70676804,train,p5,dataset_2,centrality
885,0.6931471805599453,0.70676804,train,p5,dataset_2,centrality
851,0.6931471805599453,0.70676804,train,p5,dataset_2,centrality
1204,0.6931471805599453,0.70676804,train,p5,dataset_2,centrality
746,0.6931471805599453,0.70676804,train,p5,dataset_2,centrality
167,0.6931471805599453,0.70676804,train,p5,dataset_2,centrality
1221,0.6931471805599453,0.76401854,train,p5,dataset_2,centrality
613,0.6931471805599453,0.70676804,train,p5,dataset_2,centrality
667,0.6931471805599453,0.70676804,train,p5,dataset_2,centrality
1242,0.6931471805599453,0.70676804,train,p5,dataset_2,centrality
544,0.6931471805599453,0.70676804,train,p5,dataset_2,centrality
204,0.6931471805599453,0.70676804,train,p5,dataset_2,centrality
110,0.6931471805599453,0.70676804,train,p5,dataset_2,centrality
470,0.6931471805599453,0.70676804,train,p5,dataset_2,centrality
958,0.6931471805599453,0.70676804,train,p5,dataset_2,centrality
717,2.70805020110221,2.5619712,train,p5,dataset_2,centrality
221,0.6931471805599453,0.70676804,train,p5,dataset_2,centrality
1133,0.6931471805599453,0.76401854,train,p5,dataset_2,centrality
1132,0.6931471805599453,0.70676804,train,p5,dataset_2,centrality
486,0.6931471805599453,0.70676804,train,p5,dataset_2,centrality
137,0.6931471805599453,0.70676804,train,p5,dataset_2,centrality
789,0.6931471805599453,0.70676804,train,p5,dataset_2,centrality
92,0.6931471805599453,0.70676804,train,p5,dataset_2,centrality
230,0.6931471805599453,0.70676804,train,p5,dataset_2,centrality
16,0.6931471805599453,0.70676804,train,p5,dataset_2,centrality
764,0.6931471805599453,0.70676804,train,p5,dataset_2,centrality
645,1.3862943611198906,1.2318615,train,p5,dataset_2,centrality
1056,0.6931471805599453,0.70676804,train,p5,dataset_2,centrality
750,1.0986122886681098,0.76401854,train,p5,dataset_2,centrality
48,0.6931471805599453,0.70676804,train,p5,dataset_2,centrality
1194,0.6931471805599453,0.70676804,train,p5,dataset_2,centrality
957,0.6931471805599453,0.70676804,train,p5,dataset_2,centrality
1374,0.6931471805599453,0.70676804,train,p5,dataset_2,centrality
266,0.6931471805599453,0.70676804,train,p5,dataset_2,centrality
108,0.6931471805599453,0.70676804,train,p5,dataset_2,centrality
727,0.6931471805599453,0.76401854,train,p5,dataset_2,centrality
677,0.6931471805599453,0.70676804,train,p5,dataset_2,centrality
942,0.6931471805599453,0.70676804,train,p5,dataset_2,centrality
719,1.791759469228055,1.0038786,train,p5,dataset_2,centrality
211,3.091042453358316,1.9351504,train,p5,dataset_2,centrality
756,0.6931471805599453,0.70676804,train,p5,dataset_2,centrality
1212,0.6931471805599453,0.70676804,train,p5,dataset_2,centrality
1035,0.6931471805599453,0.70676804,train,p5,dataset_2,centrality
20,0.6931471805599453,0.70676804,train,p5,dataset_2,centrality
561,0.6931471805599453,0.70676804,train,p5,dataset_2,centrality
759,0.6931471805599453,0.70676804,train,p5,dataset_2,centrality
1416,0.6931471805599453,0.70676804,train,p5,dataset_2,centrality
670,0.6931471805599453,0.70676804,train,p5,dataset_2,centrality
443,0.6931471805599453,0.70676804,train,p5,dataset_2,centrality
225,0.6931471805599453,0.70676804,train,p5,dataset_2,centrality
1148,0.6931471805599453,0.70676804,train,p5,dataset_2,centrality
1168,1.3862943611198906,1.3485293,train,p5,dataset_2,centrality
1294,0.6931471805599453,0.70676804,train,p5,dataset_2,centrality
700,0.6931471805599453,0.70676804,train,p5,dataset_2,centrality
716,2.3978952727983707,2.1669967,train,p5,dataset_2,centrality
1180,1.0986122886681098,1.0038786,train,p5,dataset_2,centrality
250,0.6931471805599453,0.70676804,train,p5,dataset_2,centrality
439,0.6931471805599453,0.70676804,train,p5,dataset_2,centrality
805,0.6931471805599453,0.70676804,train,p5,dataset_2,centrality
595,1.9459101490553132,1.9196999,train,p5,dataset_2,centrality
119,0.6931471805599453,0.70676804,train,p5,dataset_2,centrality
1044,0.6931471805599453,0.70676804,train,p5,dataset_2,centrality
774,0.6931471805599453,0.70676804,train,p5,dataset_2,centrality
372,0.6931471805599453,0.70676804,train,p5,dataset_2,centrality
726,0.6931471805599453,0.76401854,train,p5,dataset_2,centrality
736,1.0986122886681098,0.70676804,train,p5,dataset_2,centrality
809,0.6931471805599453,0.70676804,train,p5,dataset_2,centrality
1356,0.6931471805599453,0.70676804,train,p5,dataset_2,centrality
1320,0.6931471805599453,1.0038786,train,p5,dataset_2,centrality
294,0.6931471805599453,0.70676804,train,p5,dataset_2,centrality
569,0.6931471805599453,0.70676804,train,p5,dataset_2,centrality
1072,0.6931471805599453,0.70676804,train,p5,dataset_2,centrality
335,0.6931471805599453,0.70676804,train,p5,dataset_2,centrality
1260,0.6931471805599453,0.70676804,train,p5,dataset_2,centrality
1140,0.6931471805599453,0.70676804,train,p5,dataset_2,centrality
609,0.6931471805599453,0.70676804,train,p5,dataset_2,centrality
1184,0.6931471805599453,0.70676804,train,p5,dataset_2,centrality
383,0.6931471805599453,0.70676804,train,p5,dataset_2,centrality
1145,0.6931471805599453,0.70676804,train,p5,dataset_2,centrality
508,0.6931471805599453,0.70676804,train,p5,dataset_2,centrality
359,0.6931471805599453,0.70676804,train,p5,dataset_2,centrality
940,0.6931471805599453,0.70676804,train,p5,dataset_2,centrality
928,0.6931471805599453,0.70676804,train,p5,dataset_2,centrality
156,0.6931471805599453,0.70676804,train,p5,dataset_2,centrality
1408,0.6931471805599453,0.70676804,train,p5,dataset_2,centrality
1249,0.6931471805599453,0.70676804,train,p5,dataset_2,centrality
534,0.6931471805599453,0.70676804,train,p5,dataset_2,centrality
296,0.6931471805599453,0.70676804,train,p5,dataset_2,centrality
487,0.6931471805599453,0.70676804,train,p5,dataset_2,centrality
22,0.6931471805599453,0.70676804,train,p5,dataset_2,centrality
962,0.6931471805599453,0.70676804,train,p5,dataset_2,centrality
1110,0.6931471805599453,0.70676804,train,p5,dataset_2,centrality
880,0.6931471805599453,0.70676804,train,p5,dataset_2,centrality
336,0.6931471805599453,0.70676804,train,p5,dataset_2,centrality
426,0.6931471805599453,0.76401854,train,p5,dataset_2,centrality
84,0.6931471805599453,0.70676804,train,p5,dataset_2,centrality
992,0.6931471805599453,0.70676804,train,p5,dataset_2,centrality
1439,0.6931471805599453,0.70676804,train,p5,dataset_2,centrality
1386,0.6931471805599453,0.70676804,train,p5,dataset_2,centrality
1033,0.6931471805599453,0.70676804,train,p5,dataset_2,centrality
1349,0.6931471805599453,0.70676804,train,p5,dataset_2,centrality
220,0.6931471805599453,0.76401854,train,p5,dataset_2,centrality
1328,0.6931471805599453,0.70676804,train,p5,dataset_2,centrality
565,0.6931471805599453,0.70676804,train,p5,dataset_2,centrality
434,0.6931471805599453,0.70676804,train,p5,dataset_2,centrality
515,0.6931471805599453,0.70676804,train,p5,dataset_2,centrality
761,0.6931471805599453,0.70676804,train,p5,dataset_2,centrality
1222,0.6931471805599453,0.70676804,train,p5,dataset_2,centrality
52,0.6931471805599453,0.70676804,train,p5,dataset_2,centrality
589,0.6931471805599453,0.70676804,train,p5,dataset_2,centrality
975,0.6931471805599453,0.70676804,train,p5,dataset_2,centrality
281,0.6931471805599453,0.70676804,train,p5,dataset_2,centrality
1271,0.6931471805599453,0.70676804,train,p5,dataset_2,centrality
562,0.6931471805599453,0.70676804,train,p5,dataset_2,centrality
10,0.6931471805599453,0.70676804,train,p5,dataset_2,centrality
738,1.0986122886681098,0.70676804,train,p5,dataset_2,centrality
1229,0.6931471805599453,0.70676804,train,p5,dataset_2,centrality
352,0.6931471805599453,0.70676804,train,p5,dataset_2,centrality
1371,0.6931471805599453,0.70676804,train,p5,dataset_2,centrality
1041,0.6931471805599453,0.70676804,train,p5,dataset_2,centrality
660,0.6931471805599453,0.70676804,train,p5,dataset_2,centrality
1205,0.6931471805599453,0.70676804,train,p5,dataset_2,centrality
624,0.6931471805599453,0.70676804,train,p5,dataset_2,centrality
21,0.6931471805599453,0.70676804,train,p5,dataset_2,centrality
448,0.6931471805599453,0.70676804,train,p5,dataset_2,centrality
923,0.6931471805599453,0.70676804,train,p5,dataset_2,centrality
800,0.6931471805599453,0.70676804,train,p5,dataset_2,centrality
94,0.6931471805599453,0.70676804,train,p5,dataset_2,centrality
966,0.6931471805599453,0.70676804,train,p5,dataset_2,centrality
146,0.6931471805599453,0.70676804,train,p5,dataset_2,centrality
993,0.6931471805599453,0.70676804,train,p5,dataset_2,centrality
829,0.6931471805599453,0.70676804,train,p5,dataset_2,centrality
644,0.6931471805599453,0.70676804,train,p5,dataset_2,centrality
331,0.6931471805599453,0.70676804,train,p5,dataset_2,centrality
366,0.6931471805599453,0.70676804,train,p5,dataset_2,centrality
768,0.6931471805599453,0.70676804,train,p5,dataset_2,centrality
1046,0.6931471805599453,0.70676804,train,p5,dataset_2,centrality
725,0.6931471805599453,1.1987443,train,p5,dataset_2,centrality
422,0.6931471805599453,0.70676804,train,p5,dataset_2,centrality
1067,0.6931471805599453,0.70676804,train,p5,dataset_2,centrality
954,0.6931471805599453,0.70676804,train,p5,dataset_2,centrality
207,4.110873864173311,2.842372,train,p5,dataset_2,centrality
249,0.6931471805599453,0.70676804,train,p5,dataset_2,centrality
353,0.6931471805599453,0.70676804,train,p5,dataset_2,centrality
883,0.6931471805599453,0.70676804,train,p5,dataset_2,centrality
525,0.6931471805599453,0.70676804,train,p5,dataset_2,centrality
1345,0.6931471805599453,0.70676804,train,p5,dataset_2,centrality
390,0.6931471805599453,0.70676804,train,p5,dataset_2,centrality
526,0.6931471805599453,0.70676804,train,p5,dataset_2,centrality
1262,0.6931471805599453,0.70676804,train,p5,dataset_2,centrality
1370,0.6931471805599453,0.70676804,train,p5,dataset_2,centrality
1183,0.6931471805599453,0.70676804,train,p5,dataset_2,centrality
1375,0.6931471805599453,0.70676804,train,p5,dataset_2,centrality
8,0.6931471805599453,0.70676804,train,p5,dataset_2,centrality
298,0.6931471805599453,0.70676804,train,p5,dataset_2,centrality
1230,0.6931471805599453,0.70676804,train,p5,dataset_2,centrality
344,0.6931471805599453,0.70676804,train,p5,dataset_2,centrality
320,0.6931471805599453,0.70676804,train,p5,dataset_2,centrality
1252,0.6931471805599453,0.70676804,train,p5,dataset_2,centrality
452,0.6931471805599453,0.70676804,train,p5,dataset_2,centrality
1153,0.6931471805599453,0.70676804,train,p5,dataset_2,centrality
166,0.6931471805599453,0.70676804,train,p5,dataset_2,centrality
388,0.6931471805599453,0.70676804,train,p5,dataset_2,centrality
446,0.6931471805599453,0.70676804,train,p5,dataset_2,centrality
1287,0.6931471805599453,0.70676804,train,p5,dataset_2,centrality
1327,0.6931471805599453,0.70676804,train,p5,dataset_2,centrality
1268,0.6931471805599453,0.70676804,train,p5,dataset_2,centrality
4,0.6931471805599453,0.70676804,train,p5,dataset_2,centrality
1372,0.6931471805599453,0.70676804,train,p5,dataset_2,centrality
767,1.0986122886681098,0.76401854,train,p5,dataset_2,centrality
574,0.6931471805599453,0.70676804,train,p5,dataset_2,centrality
524,0.6931471805599453,0.70676804,train,p5,dataset_2,centrality
989,0.6931471805599453,0.70676804,train,p5,dataset_2,centrality
882,0.6931471805599453,0.70676804,train,p5,dataset_2,centrality
236,0.6931471805599453,0.70676804,train,p5,dataset_2,centrality
1419,0.6931471805599453,0.70676804,train,p5,dataset_2,centrality
1096,0.6931471805599453,0.70676804,train,p5,dataset_2,centrality
182,0.6931471805599453,0.70676804,train,p5,dataset_2,centrality
952,0.6931471805599453,0.70676804,train,p5,dataset_2,centrality
604,0.6931471805599453,0.70676804,train,p5,dataset_2,centrality
453,0.6931471805599453,0.70676804,train,p5,dataset_2,centrality
350,0.6931471805599453,0.70676804,train,p5,dataset_2,centrality
278,0.6931471805599453,0.70676804,train,p5,dataset_2,centrality
635,3.610917912644224,2.5233357,train,p5,dataset_2,centrality
226,0.6931471805599453,0.70676804,train,p5,dataset_2,centrality
1074,0.6931471805599453,0.70676804,train,p5,dataset_2,centrality
1277,0.6931471805599453,0.70676804,train,p5,dataset_2,centrality
269,0.6931471805599453,0.70676804,train,p5,dataset_2,centrality
1368,0.6931471805599453,0.70676804,train,p5,dataset_2,centrality
1128,0.6931471805599453,0.76401854,train,p5,dataset_2,centrality
568,0.6931471805599453,0.70676804,train,p5,dataset_2,centrality
1319,0.6931471805599453,0.70676804,train,p5,dataset_2,centrality
517,0.6931471805599453,0.70676804,train,p5,dataset_2,centrality
822,0.6931471805599453,0.70676804,train,p5,dataset_2,centrality
1062,0.6931471805599453,0.70676804,train,p5,dataset_2,centrality
191,0.6931471805599453,0.70676804,train,p5,dataset_2,centrality
895,0.6931471805599453,0.70676804,train,p5,dataset_2,centrality
917,0.6931471805599453,0.70676804,train,p5,dataset_2,centrality
606,0.6931471805599453,0.70676804,train,p5,dataset_2,centrality
1182,1.3862943611198906,0.76401854,train,p5,dataset_2,centrality
797,0.6931471805599453,0.70676804,train,p5,dataset_2,centrality
183,0.6931471805599453,0.70676804,train,p5,dataset_2,centrality
311,0.6931471805599453,0.70676804,train,p5,dataset_2,centrality
73,0.6931471805599453,0.70676804,train,p5,dataset_2,centrality
687,0.6931471805599453,0.70676804,train,p5,dataset_2,centrality
134,0.6931471805599453,0.70676804,train,p5,dataset_2,centrality
1322,0.6931471805599453,0.70676804,train,p5,dataset_2,centrality
349,0.6931471805599453,0.70676804,train,p5,dataset_2,centrality
1089,0.6931471805599453,0.70676804,train,p5,dataset_2,centrality
1275,0.6931471805599453,0.70676804,train,p5,dataset_2,centrality
489,0.6931471805599453,0.70676804,train,p5,dataset_2,centrality
445,0.6931471805599453,0.70676804,train,p5,dataset_2,centrality
580,0.6931471805599453,0.70676804,train,p5,dataset_2,centrality
504,0.6931471805599453,0.70676804,train,p5,dataset_2,centrality
342,0.6931471805599453,0.70676804,train,p5,dataset_2,centrality
807,0.6931471805599453,0.70676804,train,p5,dataset_2,centrality
79,0.6931471805599453,0.70676804,train,p5,dataset_2,centrality
998,0.6931471805599453,0.70676804,train,p5,dataset_2,centrality
953,0.6931471805599453,0.70676804,train,p5,dataset_2,centrality
773,0.6931471805599453,0.70676804,train,p5,dataset_2,centrality
241,1.6094379124341005,1.5392752,train,p5,dataset_2,centrality
1142,0.6931471805599453,0.70676804,train,p5,dataset_2,centrality
1139,0.6931471805599453,0.70676804,train,p5,dataset_2,centrality
647,0.6931471805599453,1.0038786,train,p5,dataset_2,centrality
180,0.6931471805599453,0.70676804,train,p5,dataset_2,centrality
23,0.6931471805599453,0.70676804,train,p5,dataset_2,centrality
1424,0.6931471805599453,0.70676804,train,p5,dataset_2,centrality
154,0.6931471805599453,0.70676804,train,p5,dataset_2,centrality
144,0.6931471805599453,0.70676804,train,p5,dataset_2,centrality
724,1.0986122886681098,0.76401854,train,p5,dataset_2,centrality
643,1.0986122886681098,1.2318615,train,p5,dataset_2,centrality
120,0.6931471805599453,0.70676804,train,p5,dataset_2,centrality
1127,0.6931471805599453,0.70676804,train,p5,dataset_2,centrality
948,0.6931471805599453,0.70676804,train,p5,dataset_2,centrality
633,1.0986122886681098,1.9063987,train,p5,dataset_2,centrality
1309,0.6931471805599453,0.70676804,train,p5,dataset_2,centrality
41,0.6931471805599453,0.70676804,train,p5,dataset_2,centrality
255,0.6931471805599453,0.70676804,train,p5,dataset_2,centrality
455,0.6931471805599453,0.70676804,train,p5,dataset_2,centrality
491,0.6931471805599453,0.70676804,train,p5,dataset_2,centrality
185,0.6931471805599453,0.70676804,train,p5,dataset_2,centrality
540,0.6931471805599453,0.70676804,train,p5,dataset_2,centrality
459,0.6931471805599453,0.70676804,train,p5,dataset_2,centrality
1124,0.6931471805599453,0.76401854,train,p5,dataset_2,centrality
1245,0.6931471805599453,0.70676804,train,p5,dataset_2,centrality
1195,0.6931471805599453,0.70676804,train,p5,dataset_2,centrality
476,0.6931471805599453,0.70676804,train,p5,dataset_2,centrality
321,0.6931471805599453,0.70676804,train,p5,dataset_2,centrality
591,0.6931471805599453,0.70676804,train,p5,dataset_2,centrality
26,0.6931471805599453,0.70676804,train,p5,dataset_2,centrality
1186,0.6931471805599453,0.70676804,train,p5,dataset_2,centrality
1010,0.6931471805599453,0.70676804,train,p5,dataset_2,centrality
1059,0.6931471805599453,0.70676804,train,p5,dataset_2,centrality
911,0.6931471805599453,0.70676804,train,p5,dataset_2,centrality
616,0.6931471805599453,0.70676804,train,p5,dataset_2,centrality
1170,1.3862943611198906,1.2318615,train,p5,dataset_2,centrality
428,0.6931471805599453,0.70676804,train,p5,dataset_2,centrality
778,0.6931471805599453,0.70676804,train,p5,dataset_2,centrality
393,1.0986122886681098,0.76401854,train,p5,dataset_2,centrality
1274,0.6931471805599453,0.70676804,train,p5,dataset_2,centrality
728,0.6931471805599453,0.70676804,train,p5,dataset_2,centrality
430,0.6931471805599453,0.70676804,train,p5,dataset_2,centrality
1415,0.6931471805599453,0.70676804,train,p5,dataset_2,centrality
272,0.6931471805599453,0.70676804,train,p5,dataset_2,centrality
488,0.6931471805599453,0.70676804,train,p5,dataset_2,centrality
187,0.6931471805599453,0.70676804,train,p5,dataset_2,centrality
823,0.6931471805599453,0.70676804,train,p5,dataset_2,centrality
1095,0.6931471805599453,0.70676804,train,p5,dataset_2,centrality
39,0.6931471805599453,0.70676804,train,p5,dataset_2,centrality
755,0.6931471805599453,0.70676804,train,p5,dataset_2,centrality
153,0.6931471805599453,0.70676804,train,p5,dataset_2,centrality
987,0.6931471805599453,0.70676804,train,p5,dataset_2,centrality
1018,0.6931471805599453,0.70676804,train,p5,dataset_2,centrality
37,0.6931471805599453,0.70676804,train,p5,dataset_2,centrality
1435,0.6931471805599453,0.70676804,train,p5,dataset_2,centrality
900,0.6931471805599453,0.70676804,train,p5,dataset_2,centrality
1253,0.6931471805599453,0.70676804,train,p5,dataset_2,centrality
86,0.6931471805599453,0.70676804,train,p5,dataset_2,centrality
1019,0.6931471805599453,0.70676804,train,p5,dataset_2,centrality
1105,0.6931471805599453,0.70676804,train,p5,dataset_2,centrality
1220,0.6931471805599453,0.70676804,train,p5,dataset_2,centrality
941,0.6931471805599453,0.70676804,train,p5,dataset_2,centrality
881,0.6931471805599453,0.70676804,train,p5,dataset_2,centrality
696,0.6931471805599453,0.70676804,train,p5,dataset_2,centrality
1385,0.6931471805599453,0.70676804,train,p5,dataset_2,centrality
915,0.6931471805599453,0.70676804,train,p5,dataset_2,centrality
1334,0.6931471805599453,0.70676804,train,p5,dataset_2,centrality
1198,0.6931471805599453,0.70676804,train,p5,dataset_2,centrality
1094,0.6931471805599453,0.70676804,train,p5,dataset_2,centrality
1049,0.6931471805599453,0.70676804,train,p5,dataset_2,centrality
967,0.6931471805599453,0.70676804,train,p5,dataset_2,centrality
1063,0.6931471805599453,0.70676804,train,p5,dataset_2,centrality
875,0.6931471805599453,0.70676804,train,p5,dataset_2,centrality
826,0.6931471805599453,0.70676804,train,p5,dataset_2,centrality
305,0.6931471805599453,0.70676804,train,p5,dataset_2,centrality
831,0.6931471805599453,0.70676804,train,p5,dataset_2,centrality
1335,0.6931471805599453,0.70676804,train,p5,dataset_2,centrality
849,0.6931471805599453,0.70676804,train,p5,dataset_2,centrality
90,0.6931471805599453,0.70676804,train,p5,dataset_2,centrality
642,0.6931471805599453,1.0038786,train,p5,dataset_2,centrality
1091,0.6931471805599453,0.70676804,train,p5,dataset_2,centrality
1149,0.6931471805599453,0.70676804,train,p5,dataset_2,centrality
676,0.6931471805599453,0.70676804,train,p5,dataset_2,centrality
125,0.6931471805599453,0.70676804,train,p5,dataset_2,centrality
1225,0.6931471805599453,0.70676804,train,p5,dataset_2,centrality
1364,0.6931471805599453,0.70676804,train,p5,dataset_2,centrality
902,0.6931471805599453,0.70676804,train,p5,dataset_2,centrality
243,0.6931471805599453,0.70676804,train,p5,dataset_2,centrality
11,0.6931471805599453,0.70676804,train,p5,dataset_2,centrality
1032,0.6931471805599453,0.70676804,train,p5,dataset_2,centrality
1084,0.6931471805599453,0.70676804,train,p5,dataset_2,centrality
694,1.0986122886681098,1.2318615,train,p5,dataset_2,centrality
246,1.3862943611198906,1.1536636,train,p5,dataset_2,centrality
1050,0.6931471805599453,0.70676804,train,p5,dataset_2,centrality
814,0.6931471805599453,0.70676804,train,p5,dataset_2,centrality
1137,0.6931471805599453,0.70676804,train,p5,dataset_2,centrality
897,0.6931471805599453,0.70676804,train,p5,dataset_2,centrality
495,0.6931471805599453,0.70676804,train,p5,dataset_2,centrality
437,0.6931471805599453,0.70676804,train,p5,dataset_2,centrality
821,0.6931471805599453,0.70676804,train,p5,dataset_2,centrality
155,0.6931471805599453,0.70676804,train,p5,dataset_2,centrality
530,0.6931471805599453,0.70676804,train,p5,dataset_2,centrality
66,0.6931471805599453,0.70676804,train,p5,dataset_2,centrality
538,0.6931471805599453,1.0038786,train,p5,dataset_2,centrality
364,0.6931471805599453,0.70676804,train,p5,dataset_2,centrality
1269,0.6931471805599453,0.70676804,train,p5,dataset_2,centrality
521,0.6931471805599453,0.70676804,train,p5,dataset_2,centrality
1306,0.6931471805599453,0.70676804,train,p5,dataset_2,centrality
977,0.6931471805599453,0.70676804,train,p5,dataset_2,centrality
114,0.6931471805599453,0.70676804,train,p5,dataset_2,centrality
634,2.9444389791664403,1.6011788,train,p5,dataset_2,centrality
1004,0.6931471805599453,0.70676804,train,p5,dataset_2,centrality
984,0.6931471805599453,0.70676804,train,p5,dataset_2,centrality
386,0.6931471805599453,0.70676804,train,p5,dataset_2,centrality
1208,0.6931471805599453,0.70676804,train,p5,dataset_2,centrality
1433,0.6931471805599453,0.70676804,train,p5,dataset_2,centrality
907,0.6931471805599453,0.70676804,train,p5,dataset_2,centrality
40,0.6931471805599453,0.70676804,train,p5,dataset_2,centrality
712,1.0986122886681098,0.76401854,train,p5,dataset_2,centrality
608,0.6931471805599453,0.70676804,train,p5,dataset_2,centrality
1265,0.6931471805599453,0.70676804,train,p5,dataset_2,centrality
996,0.6931471805599453,0.70676804,train,p5,dataset_2,centrality
399,2.1972245773362196,2.1669967,train,p5,dataset_2,centrality
692,0.6931471805599453,0.70676804,train,p5,dataset_2,centrality
1111,0.6931471805599453,0.70676804,train,p5,dataset_2,centrality
542,0.6931471805599453,0.70676804,train,p5,dataset_2,centrality
262,0.6931471805599453,0.70676804,train,p5,dataset_2,centrality
626,2.0794415416798357,2.842372,train,p5,dataset_2,centrality
477,0.6931471805599453,0.70676804,train,p5,dataset_2,centrality
535,0.6931471805599453,0.70676804,train,p5,dataset_2,centrality
1264,0.6931471805599453,0.70676804,train,p5,dataset_2,centrality
357,0.6931471805599453,0.70676804,train,p5,dataset_2,centrality
1388,0.6931471805599453,0.70676804,train,p5,dataset_2,centrality
903,0.6931471805599453,0.70676804,train,p5,dataset_2,centrality
1155,0.6931471805599453,0.70676804,train,p5,dataset_2,centrality
245,0.6931471805599453,0.70676804,train,p5,dataset_2,centrality
1052,0.6931471805599453,0.70676804,train,p5,dataset_2,centrality
834,0.6931471805599453,0.70676804,train,p5,dataset_2,centrality
1405,0.6931471805599453,0.70676804,train,p5,dataset_2,centrality
314,0.6931471805599453,0.70676804,train,p5,dataset_2,centrality
387,0.6931471805599453,0.70676804,train,p5,dataset_2,centrality
1350,0.6931471805599453,0.70676804,train,p5,dataset_2,centrality
334,0.6931471805599453,0.70676804,train,p5,dataset_2,centrality
944,0.6931471805599453,0.70676804,train,p5,dataset_2,centrality
27,0.6931471805599453,0.70676804,train,p5,dataset_2,centrality
1359,0.6931471805599453,0.70676804,train,p5,dataset_2,centrality
1158,1.0986122886681098,0.86556363,train,p5,dataset_2,centrality
548,0.6931471805599453,0.70676804,train,p5,dataset_2,centrality
793,0.6931471805599453,0.70676804,train,p5,dataset_2,centrality
162,0.6931471805599453,0.70676804,train,p5,dataset_2,centrality
1213,0.6931471805599453,0.70676804,train,p5,dataset_2,centrality
356,0.6931471805599453,0.70676804,train,p5,dataset_2,centrality
1279,0.6931471805599453,0.70676804,train,p5,dataset_2,centrality
431,1.0986122886681098,0.70676804,train,p5,dataset_2,centrality
870,0.6931471805599453,0.70676804,train,p5,dataset_2,centrality
25,0.6931471805599453,0.70676804,train,p5,dataset_2,centrality
1015,0.6931471805599453,0.70676804,train,p5,dataset_2,centrality
991,0.6931471805599453,0.70676804,train,p5,dataset_2,centrality
118,0.6931471805599453,0.70676804,train,p5,dataset_2,centrality
675,0.6931471805599453,0.76401854,train,p5,dataset_2,centrality
392,0.6931471805599453,0.76401854,train,p5,dataset_2,centrality
658,0.6931471805599453,0.76401854,train,p5,dataset_2,centrality
367,0.6931471805599453,0.70676804,train,p5,dataset_2,centrality
199,0.6931471805599453,0.70676804,train,p5,dataset_2,centrality
762,0.6931471805599453,0.70676804,train,p5,dataset_2,centrality
159,0.6931471805599453,0.70676804,train,p5,dataset_2,centrality
502,0.6931471805599453,0.70676804,train,p5,dataset_2,centrality
1038,0.6931471805599453,0.70676804,train,p5,dataset_2,centrality
753,0.6931471805599453,0.70676804,train,p5,dataset_2,centrality
1332,0.6931471805599453,0.70676804,train,p5,dataset_2,centrality
1167,0.6931471805599453,0.70676804,train,p5,dataset_2,centrality
678,0.6931471805599453,0.70676804,train,p5,dataset_2,centrality
1397,0.6931471805599453,0.70676804,train,p5,dataset_2,centrality
516,0.6931471805599453,0.70676804,train,p5,dataset_2,centrality
740,0.6931471805599453,0.70676804,train,p5,dataset_2,centrality
852,0.6931471805599453,0.70676804,train,p5,dataset_2,centrality
1234,0.6931471805599453,0.70676804,train,p5,dataset_2,centrality
995,0.6931471805599453,0.70676804,train,p5,dataset_2,centrality
132,0.6931471805599453,0.70676804,train,p5,dataset_2,centrality
854,0.6931471805599453,0.70676804,train,p5,dataset_2,centrality
186,0.6931471805599453,0.70676804,train,p5,dataset_2,centrality
1437,0.6931471805599453,0.70676804,train,p5,dataset_2,centrality
1363,0.6931471805599453,0.70676804,train,p5,dataset_2,centrality
1164,0.6931471805599453,0.76401854,train,p5,dataset_2,centrality
284,2.0794415416798357,1.0038786,train,p5,dataset_2,centrality
1165,2.3978952727983707,2.5619712,train,p5,dataset_2,centrality
1436,0.6931471805599453,0.70676804,train,p5,dataset_2,centrality
325,0.6931471805599453,0.70676804,train,p5,dataset_2,centrality
287,0.6931471805599453,0.70676804,train,p5,dataset_2,centrality
1060,0.6931471805599453,0.70676804,train,p5,dataset_2,centrality
955,0.6931471805599453,0.70676804,train,p5,dataset_2,centrality
1101,0.6931471805599453,0.70676804,train,p5,dataset_2,centrality
1200,0.6931471805599453,0.70676804,train,p5,dataset_2,centrality
252,0.6931471805599453,0.70676804,train,p5,dataset_2,centrality
157,0.6931471805599453,0.70676804,train,p5,dataset_2,centrality
1113,0.6931471805599453,0.70676804,train,p5,dataset_2,centrality
435,0.6931471805599453,0.76401854,train,p5,dataset_2,centrality
1340,0.6931471805599453,0.70676804,train,p5,dataset_2,centrality
785,0.6931471805599453,0.70676804,train,p5,dataset_2,centrality
1316,0.6931471805599453,0.70676804,train,p5,dataset_2,centrality
709,0.6931471805599453,0.70676804,train,p5,dataset_2,centrality
81,1.0986122886681098,1.1946245,train,p5,dataset_2,centrality
735,0.6931471805599453,0.70676804,train,p5,dataset_2,centrality
98,0.6931471805599453,0.70676804,train,p5,dataset_2,centrality
640,1.6094379124341005,1.3444095,train,p5,dataset_2,centrality
976,0.6931471805599453,0.70676804,train,p5,dataset_2,centrality
918,0.6931471805599453,0.70676804,train,p5,dataset_2,centrality
1219,0.6931471805599453,0.70676804,train,p5,dataset_2,centrality
982,0.6931471805599453,0.70676804,train,p5,dataset_2,centrality
292,1.0986122886681098,0.76401854,train,p5,dataset_2,centrality
556,0.6931471805599453,0.70676804,train,p5,dataset_2,centrality
1005,0.6931471805599453,0.70676804,train,p5,dataset_2,centrality
1058,0.6931471805599453,0.70676804,train,p5,dataset_2,centrality
1103,0.6931471805599453,0.70676804,train,p5,dataset_2,centrality
514,0.6931471805599453,0.70676804,train,p5,dataset_2,centrality
129,0.6931471805599453,0.70676804,train,p5,dataset_2,centrality
389,0.6931471805599453,0.70676804,train,p5,dataset_2,centrality
436,0.6931471805599453,0.70676804,train,p5,dataset_2,centrality
338,0.6931471805599453,0.70676804,train,p5,dataset_2,centrality
1367,0.6931471805599453,0.70676804,train,p5,dataset_2,centrality
473,0.6931471805599453,0.70676804,train,p5,dataset_2,centrality
293,0.6931471805599453,0.70676804,train,p5,dataset_2,centrality
302,0.6931471805599453,0.70676804,train,p5,dataset_2,centrality
189,0.6931471805599453,0.70676804,train,p5,dataset_2,centrality
348,0.6931471805599453,0.76401854,train,p5,dataset_2,centrality
663,0.6931471805599453,0.70676804,train,p5,dataset_2,centrality
416,1.0986122886681098,1.1536636,train,p5,dataset_2,centrality
1122,0.6931471805599453,0.70676804,train,p5,dataset_2,centrality
410,1.791759469228055,1.0038786,train,p5,dataset_2,centrality
310,0.6931471805599453,0.70676804,train,p5,dataset_2,centrality
327,0.6931471805599453,0.70676804,train,p5,dataset_2,centrality
13,0.6931471805599453,0.70676804,train,p5,dataset_2,centrality
1293,0.6931471805599453,0.70676804,train,p5,dataset_2,centrality
699,0.6931471805599453,0.70676804,train,p5,dataset_2,centrality
227,0.6931471805599453,0.70676804,train,p5,dataset_2,centrality
1296,0.6931471805599453,0.70676804,train,p5,dataset_2,centrality
1354,2.0794415416798357,1.9389735,train,p5,dataset_2,centrality
652,1.0986122886681098,0.76401854,train,p5,dataset_2,centrality
547,0.6931471805599453,0.70676804,train,p5,dataset_2,centrality
1215,0.6931471805599453,0.70676804,train,p5,dataset_2,centrality
1377,1.3862943611198906,1.6011788,train,p5,dataset_2,centrality
908,0.6931471805599453,0.70676804,train,p5,dataset_2,centrality
313,0.6931471805599453,0.70676804,train,p5,dataset_2,centrality
1270,0.6931471805599453,0.70676804,train,p5,dataset_2,centrality
385,0.6931471805599453,0.70676804,train,p5,dataset_2,centrality
222,0.6931471805599453,0.70676804,train,p5,dataset_2,centrality
196,0.6931471805599453,0.70676804,train,p5,dataset_2,centrality
181,0.6931471805599453,0.70676804,train,p5,dataset_2,centrality
1016,0.6931471805599453,0.70676804,train,p5,dataset_2,centrality
323,0.6931471805599453,0.70676804,train,p5,dataset_2,centrality
64,0.6931471805599453,0.70676804,train,p5,dataset_2,centrality
216,0.6931471805599453,0.70676804,train,p5,dataset_2,centrality
1240,0.6931471805599453,0.70676804,train,p5,dataset_2,centrality
1102,0.6931471805599453,0.70676804,train,p5,dataset_2,centrality
1376,0.6931471805599453,0.70676804,train,p5,dataset_2,centrality
197,0.6931471805599453,0.70676804,train,p5,dataset_2,centrality
343,0.6931471805599453,0.70676804,train,p5,dataset_2,centrality
929,0.6931471805599453,0.70676804,train,p5,dataset_2,centrality
267,0.6931471805599453,0.70676804,train,p5,dataset_2,centrality
1106,0.6931471805599453,0.70676804,train,p5,dataset_2,centrality
411,0.6931471805599453,0.70676804,train,p5,dataset_2,centrality
842,0.6931471805599453,0.70676804,train,p5,dataset_2,centrality
469,0.6931471805599453,0.70676804,train,p5,dataset_2,centrality
401,0.6931471805599453,0.70676804,train,p5,dataset_2,centrality
170,0.6931471805599453,0.70676804,train,p5,dataset_2,centrality
1351,0.6931471805599453,0.70676804,train,p5,dataset_2,centrality
884,0.6931471805599453,0.70676804,train,p5,dataset_2,centrality
219,0.6931471805599453,0.70676804,train,p5,dataset_2,centrality
1077,0.6931471805599453,0.70676804,train,p5,dataset_2,centrality
19,0.6931471805599453,0.70676804,train,p5,dataset_2,centrality
685,0.6931471805599453,0.70676804,train,p5,dataset_2,centrality
860,0.6931471805599453,0.70676804,train,p5,dataset_2,centrality
286,0.6931471805599453,0.70676804,train,p5,dataset_2,centrality
288,0.6931471805599453,0.70676804,train,p5,dataset_2,centrality
384,0.6931471805599453,0.70676804,train,p5,dataset_2,centrality
82,1.0986122886681098,0.76401854,train,p5,dataset_2,centrality
1420,0.6931471805599453,0.70676804,train,p5,dataset_2,centrality
597,0.6931471805599453,0.70676804,train,p5,dataset_2,centrality
1315,0.6931471805599453,0.70676804,train,p5,dataset_2,centrality
790,0.6931471805599453,0.70676804,train,p5,dataset_2,centrality
83,1.0986122886681098,0.76401854,train,p5,dataset_2,centrality
668,1.3862943611198906,0.86556363,train,p5,dataset_2,centrality
72,0.6931471805599453,0.70676804,train,p5,dataset_2,centrality
160,0.6931471805599453,0.70676804,train,p5,dataset_2,centrality
475,0.6931471805599453,0.70676804,train,p5,dataset_2,centrality
142,0.6931471805599453,0.70676804,train,p5,dataset_2,centrality
1076,0.6931471805599453,0.70676804,train,p5,dataset_2,centrality
980,0.6931471805599453,0.70676804,train,p5,dataset_2,centrality
1169,0.6931471805599453,1.1536636,train,p5,dataset_2,centrality
1134,0.6931471805599453,0.70676804,train,p5,dataset_2,centrality
965,0.6931471805599453,0.70676804,train,p5,dataset_2,centrality
650,0.6931471805599453,0.76401854,train,p5,dataset_2,centrality
781,0.6931471805599453,0.70676804,train,p5,dataset_2,centrality
943,0.6931471805599453,0.70676804,train,p5,dataset_2,centrality
1021,0.6931471805599453,0.70676804,train,p5,dataset_2,centrality
1361,0.6931471805599453,0.70676804,train,p5,dataset_2,centrality
402,2.70805020110221,2.6856265,train,p5,dataset_2,centrality
994,0.6931471805599453,0.70676804,train,p5,dataset_2,centrality
124,0.6931471805599453,0.70676804,train,p5,dataset_2,centrality
684,0.6931471805599453,0.70676804,train,p5,dataset_2,centrality
577,0.6931471805599453,0.70676804,train,p5,dataset_2,centrality
304,0.6931471805599453,0.70676804,train,p5,dataset_2,centrality
1129,1.0986122886681098,0.76401854,train,p5,dataset_2,centrality
1365,0.6931471805599453,0.70676804,train,p5,dataset_2,centrality
930,0.6931471805599453,0.70676804,train,p5,dataset_2,centrality
1086,0.6931471805599453,0.70676804,train,p5,dataset_2,centrality
1383,0.6931471805599453,0.70676804,train,p5,dataset_2,centrality
1343,0.6931471805599453,0.70676804,train,p5,dataset_2,centrality
704,0.6931471805599453,0.70676804,train,p5,dataset_2,centrality
937,0.6931471805599453,0.70676804,train,p5,dataset_2,centrality
87,0.6931471805599453,0.70676804,train,p5,dataset_2,centrality
729,1.0986122886681098,0.76401854,train,p5,dataset_2,centrality
1317,0.6931471805599453,0.70676804,train,p5,dataset_2,centrality
301,0.6931471805599453,0.70676804,train,p5,dataset_2,centrality
117,0.6931471805599453,0.70676804,train,p5,dataset_2,centrality
683,0.6931471805599453,0.70676804,train,p5,dataset_2,centrality
1093,0.6931471805599453,0.70676804,train,p5,dataset_2,centrality
630,2.70805020110221,2.842372,train,p5,dataset_2,centrality
749,0.6931471805599453,0.70676804,train,p5,dataset_2,centrality
815,0.6931471805599453,0.70676804,train,p5,dataset_2,centrality
421,0.6931471805599453,0.70676804,train,p5,dataset_2,centrality
1176,0.6931471805599453,0.70676804,train,p5,dataset_2,centrality
573,0.6931471805599453,0.70676804,train,p5,dataset_2,centrality
843,0.6931471805599453,0.70676804,train,p5,dataset_2,centrality
100,0.6931471805599453,0.70676804,train,p5,dataset_2,centrality
688,0.6931471805599453,0.70676804,train,p5,dataset_2,centrality
1143,1.3862943611198906,1.1536636,train,p5,dataset_2,centrality
939,0.6931471805599453,0.70676804,train,p5,dataset_2,centrality
149,0.6931471805599453,0.70676804,train,p5,dataset_2,centrality
1289,0.6931471805599453,0.70676804,train,p5,dataset_2,centrality
1083,0.6931471805599453,0.70676804,train,p5,dataset_2,centrality
779,0.6931471805599453,0.70676804,train,p5,dataset_2,centrality
1172,0.6931471805599453,0.70676804,train,p5,dataset_2,centrality
425,0.6931471805599453,0.70676804,train,p5,dataset_2,centrality
614,0.6931471805599453,0.70676804,train,p5,dataset_2,centrality
1008,0.6931471805599453,0.70676804,train,p5,dataset_2,centrality
1342,0.6931471805599453,0.70676804,train,p5,dataset_2,centrality
775,0.6931471805599453,0.70676804,train,p5,dataset_2,centrality
1301,0.6931471805599453,0.70676804,train,p5,dataset_2,centrality
830,0.6931471805599453,0.70676804,train,p5,dataset_2,centrality
857,0.6931471805599453,0.70676804,train,p5,dataset_2,centrality
786,0.6931471805599453,0.70676804,train,p5,dataset_2,centrality
1326,0.6931471805599453,0.76401854,train,p5,dataset_2,centrality
932,0.6931471805599453,0.70676804,train,p5,dataset_2,centrality
483,0.6931471805599453,0.70676804,train,p5,dataset_2,centrality
1404,0.6931471805599453,0.70676804,train,p5,dataset_2,centrality
1369,0.6931471805599453,0.70676804,train,p5,dataset_2,centrality
519,0.6931471805599453,0.70676804,train,p5,dataset_2,centrality
193,0.6931471805599453,0.70676804,train,p5,dataset_2,centrality
378,0.6931471805599453,0.70676804,train,p5,dataset_2,centrality
1263,0.6931471805599453,0.70676804,train,p5,dataset_2,centrality
1174,1.3862943611198906,0.86556363,train,p5,dataset_2,centrality
850,0.6931471805599453,0.70676804,train,p5,dataset_2,centrality
913,0.6931471805599453,0.70676804,train,p5,dataset_2,centrality
637,1.6094379124341005,1.2318615,train,p5,dataset_2,centrality
450,0.6931471805599453,0.70676804,train,p5,dataset_2,centrality
856,0.6931471805599453,0.70676804,train,p5,dataset_2,centrality
14,0.6931471805599453,0.70676804,train,p5,dataset_2,centrality
841,0.6931471805599453,0.70676804,train,p5,dataset_2,centrality
803,0.6931471805599453,0.70676804,train,p5,dataset_2,centrality
1171,1.0986122886681098,0.76401854,train,p5,dataset_2,centrality
501,0.6931471805599453,0.70676804,train,p5,dataset_2,centrality
234,0.6931471805599453,0.70676804,train,p5,dataset_2,centrality
329,0.6931471805599453,0.70676804,train,p5,dataset_2,centrality
104,0.6931471805599453,0.70676804,train,p5,dataset_2,centrality
317,0.6931471805599453,0.70676804,train,p5,dataset_2,centrality
1391,0.6931471805599453,0.76401854,train,p5,dataset_2,centrality
1302,0.6931471805599453,0.70676804,train,p5,dataset_2,centrality
492,0.6931471805599453,0.70676804,train,p5,dataset_2,centrality
235,1.9459101490553132,1.9389735,train,p5,dataset_2,centrality
1318,0.6931471805599453,0.70676804,train,p5,dataset_2,centrality
1147,0.6931471805599453,0.76401854,train,p5,dataset_2,centrality
1393,0.6931471805599453,0.70676804,train,p5,dataset_2,centrality
1331,0.6931471805599453,0.70676804,train,p5,dataset_2,centrality
866,0.6931471805599453,0.70676804,train,p5,dataset_2,centrality
653,0.6931471805599453,0.76401854,train,p5,dataset_2,centrality
1358,1.0986122886681098,1.2318615,train,p5,dataset_2,centrality
158,0.6931471805599453,0.70676804,train,p5,dataset_2,centrality
6,0.6931471805599453,0.70676804,train,p5,dataset_2,centrality
42,0.6931471805599453,0.70676804,train,p5,dataset_2,centrality
1003,0.6931471805599453,0.70676804,train,p5,dataset_2,centrality
215,0.6931471805599453,0.70676804,train,p5,dataset_2,centrality
1352,1.0986122886681098,1.2318615,train,p5,dataset_2,centrality
592,0.6931471805599453,0.70676804,train,p5,dataset_2,centrality
279,0.6931471805599453,0.70676804,train,p5,dataset_2,centrality
414,0.6931471805599453,0.70676804,train,p5,dataset_2,centrality
408,0.6931471805599453,0.70676804,train,p5,dataset_2,centrality
1329,0.6931471805599453,0.70676804,train,p5,dataset_2,centrality
1305,0.6931471805599453,0.70676804,train,p5,dataset_2,centrality
214,0.6931471805599453,0.70676804,train,p5,dataset_2,centrality
188,0.6931471805599453,0.70676804,train,p5,dataset_2,centrality
1185,0.6931471805599453,0.70676804,train,p5,dataset_2,centrality
256,0.6931471805599453,0.70676804,train,p5,dataset_2,centrality
839,0.6931471805599453,0.70676804,train,p5,dataset_2,centrality
1012,0.6931471805599453,0.70676804,train,p5,dataset_2,centrality
1323,1.6094379124341005,1.1536636,train,p5,dataset_2,centrality
496,0.6931471805599453,0.70676804,train,p5,dataset_2,centrality
1382,0.6931471805599453,0.70676804,train,p5,dataset_2,centrality
718,2.1972245773362196,2.6800811,train,p5,dataset_2,centrality
743,0.6931471805599453,0.70676804,train,p5,dataset_2,centrality
1304,0.6931471805599453,0.70676804,train,p5,dataset_2,centrality
111,0.6931471805599453,0.70676804,train,p5,dataset_2,centrality
659,0.6931471805599453,0.76401854,train,p5,dataset_2,centrality
1400,0.6931471805599453,0.70676804,train,p5,dataset_2,centrality
617,0.6931471805599453,0.70676804,train,p5,dataset_2,centrality
1362,0.6931471805599453,0.70676804,train,p5,dataset_2,centrality
1273,0.6931471805599453,0.70676804,train,p5,dataset_2,centrality
2,0.6931471805599453,0.70676804,train,p5,dataset_2,centrality
440,0.6931471805599453,0.70676804,train,p5,dataset_2,centrality
1020,0.6931471805599453,0.70676804,train,p5,dataset_2,centrality
300,0.6931471805599453,0.70676804,train,p5,dataset_2,centrality
404,1.3862943611198906,1.4267272,train,p5,dataset_2,centrality
1177,0.6931471805599453,0.70676804,train,p5,dataset_2,centrality
1070,0.6931471805599453,0.70676804,train,p5,dataset_2,centrality
632,2.0794415416798357,2.1669967,train,p5,dataset_2,centrality
1055,0.6931471805599453,0.70676804,train,p5,dataset_2,centrality
85,0.6931471805599453,0.70676804,train,p5,dataset_2,centrality
291,0.6931471805599453,0.70676804,train,p5,dataset_2,centrality
375,0.6931471805599453,0.70676804,train,p5,dataset_2,centrality
596,1.6094379124341005,1.3444095,train,p5,dataset_2,centrality
396,0.6931471805599453,1.3555169,train,p5,dataset_2,centrality
1266,0.6931471805599453,0.70676804,train,p5,dataset_2,centrality
837,0.6931471805599453,0.70676804,train,p5,dataset_2,centrality
904,0.6931471805599453,0.70676804,train,p5,dataset_2,centrality
232,0.6931471805599453,0.70676804,train,p5,dataset_2,centrality
458,0.6931471805599453,0.70676804,train,p5,dataset_2,centrality
1355,1.6094379124341005,2.1669967,train,p5,dataset_2,centrality
1141,0.6931471805599453,0.70676804,train,p5,dataset_2,centrality
1357,1.791759469228055,1.6011788,train,p5,dataset_2,centrality
615,0.6931471805599453,0.70676804,train,p5,dataset_2,centrality
896,0.6931471805599453,0.70676804,train,p5,dataset_2,centrality
707,0.6931471805599453,0.70676804,train,p5,dataset_2,centrality
355,0.6931471805599453,0.70676804,train,p5,dataset_2,centrality
879,0.6931471805599453,0.70676804,train,p5,dataset_2,centrality
1325,0.6931471805599453,0.70676804,train,p5,dataset_2,centrality
938,0.6931471805599453,0.70676804,train,p5,dataset_2,centrality
1152,0.6931471805599453,0.70676804,train,p5,dataset_2,centrality
874,0.6931471805599453,0.70676804,train,p5,dataset_2,centrality
1224,0.6931471805599453,0.70676804,train,p5,dataset_2,centrality
981,0.6931471805599453,0.70676804,train,p5,dataset_2,centrality
960,0.6931471805599453,0.70676804,train,p5,dataset_2,centrality
620,0.6931471805599453,0.70676804,train,p5,dataset_2,centrality
128,0.6931471805599453,0.70676804,train,p5,dataset_2,centrality
601,0.6931471805599453,0.70676804,train,p5,dataset_2,centrality
772,0.6931471805599453,0.70676804,train,p5,dataset_2,centrality
769,0.6931471805599453,0.70676804,train,p5,dataset_2,centrality
31,0.6931471805599453,0.86556363,train,p5,dataset_2,centrality
35,0.6931471805599453,0.70676804,train,p5,dataset_2,centrality
697,0.6931471805599453,0.70676804,train,p5,dataset_2,centrality
969,0.6931471805599453,0.70676804,train,p5,dataset_2,centrality
1175,0.6931471805599453,0.70676804,train,p5,dataset_2,centrality
433,0.6931471805599453,0.70676804,train,p5,dataset_2,centrality
721,1.791759469228055,2.3044684,train,p5,dataset_2,centrality
212,0.6931471805599453,0.70676804,train,p5,dataset_2,centrality
925,0.6931471805599453,0.70676804,train,p5,dataset_2,centrality
209,1.0986122886681098,2.0476987,train,p5,dataset_2,centrality
1442,0.6931471805599453,0.70676804,train,p5,dataset_2,centrality
339,0.6931471805599453,0.70676804,train,p5,dataset_2,centrality
131,0.6931471805599453,0.70676804,train,p5,dataset_2,centrality
161,0.6931471805599453,0.70676804,train,p5,dataset_2,centrality
1160,0.6931471805599453,0.70676804,train,p5,dataset_2,centrality
177,0.6931471805599453,0.70676804,train,p5,dataset_2,centrality
474,0.6931471805599453,0.70676804,train,p5,dataset_2,centrality
1066,0.6931471805599453,0.70676804,train,p5,dataset_2,centrality
1232,0.6931471805599453,0.70676804,train,p5,dataset_2,centrality
990,0.6931471805599453,0.70676804,train,p5,dataset_2,centrality
509,0.6931471805599453,0.70676804,train,p5,dataset_2,centrality
468,0.6931471805599453,0.70676804,train,p5,dataset_2,centrality
457,0.6931471805599453,0.70676804,train,p5,dataset_2,centrality
748,1.0986122886681098,0.70676804,train,p5,dataset_2,centrality
102,0.6931471805599453,0.70676804,train,p5,dataset_2,centrality
656,0.6931471805599453,0.70676804,train,p5,dataset_2,centrality
1272,0.6931471805599453,0.70676804,train,p5,dataset_2,centrality
1303,0.6931471805599453,0.70676804,train,p5,dataset_2,centrality
1321,1.0986122886681098,1.2318615,train,p5,dataset_2,centrality
80,0.6931471805599453,0.70676804,train,p5,dataset_2,centrality
1154,0.6931471805599453,0.70676804,train,p5,dataset_2,centrality
285,1.3862943611198906,1.2318615,train,p5,dataset_2,centrality
1045,0.6931471805599453,0.70676804,train,p5,dataset_2,centrality
970,0.6931471805599453,0.70676804,train,p5,dataset_2,centrality
1226,0.6931471805599453,0.70676804,train,p5,dataset_2,centrality
136,0.6931471805599453,0.70676804,train,p5,dataset_2,centrality
825,0.6931471805599453,0.70676804,train,p5,dataset_2,centrality
1116,0.6931471805599453,0.70676804,train,p5,dataset_2,centrality
1255,0.6931471805599453,0.70676804,train,p5,dataset_2,centrality
418,1.0986122886681098,0.70676804,train,p5,dataset_2,centrality
493,0.6931471805599453,0.70676804,train,p5,dataset_2,centrality
503,0.6931471805599453,0.70676804,train,p5,dataset_2,centrality
248,0.6931471805599453,0.70676804,train,p5,dataset_2,centrality
1022,0.6931471805599453,0.70676804,train,p5,dataset_2,centrality
641,1.3862943611198906,1.1536636,train,p5,dataset_2,centrality
794,0.6931471805599453,0.70676804,train,p5,dataset_2,centrality
520,0.6931471805599453,0.70676804,train,p5,dataset_2,centrality
655,1.0986122886681098,0.76401854,train,p5,dataset_2,centrality
1162,0.6931471805599453,0.70676804,train,p5,dataset_2,centrality
112,0.6931471805599453,0.70676804,validation,p5,dataset_2,centrality
532,0.6931471805599453,0.70676804,validation,p5,dataset_2,centrality
1254,0.6931471805599453,0.70676804,validation,p5,dataset_2,centrality
1000,0.6931471805599453,0.70676804,validation,p5,dataset_2,centrality
1292,0.6931471805599453,0.70676804,validation,p5,dataset_2,centrality
1411,0.6931471805599453,0.70676804,validation,p5,dataset_2,centrality
1097,0.6931471805599453,0.70676804,validation,p5,dataset_2,centrality
710,0.6931471805599453,0.70676804,validation,p5,dataset_2,centrality
1373,0.6931471805599453,0.70676804,validation,p5,dataset_2,centrality
533,0.6931471805599453,0.70676804,validation,p5,dataset_2,centrality
454,0.6931471805599453,0.70676804,validation,p5,dataset_2,centrality
1104,0.6931471805599453,0.70676804,validation,p5,dataset_2,centrality
564,0.6931471805599453,0.70676804,validation,p5,dataset_2,centrality
36,0.6931471805599453,0.70676804,validation,p5,dataset_2,centrality
179,0.6931471805599453,0.70676804,validation,p5,dataset_2,centrality
963,0.6931471805599453,0.70676804,validation,p5,dataset_2,centrality
1181,0.6931471805599453,0.70676804,validation,p5,dataset_2,centrality
318,0.6931471805599453,0.70676804,validation,p5,dataset_2,centrality
140,0.6931471805599453,0.70676804,validation,p5,dataset_2,centrality
113,0.6931471805599453,0.70676804,validation,p5,dataset_2,centrality
505,0.6931471805599453,0.70676804,validation,p5,dataset_2,centrality
95,0.6931471805599453,0.70676804,validation,p5,dataset_2,centrality
1189,0.6931471805599453,0.70676804,validation,p5,dataset_2,centrality
1233,0.6931471805599453,0.70676804,validation,p5,dataset_2,centrality
766,0.6931471805599453,0.70676804,validation,p5,dataset_2,centrality
1410,0.6931471805599453,0.70676804,validation,p5,dataset_2,centrality
510,0.6931471805599453,0.76401854,validation,p5,dataset_2,centrality
1295,0.6931471805599453,0.70676804,validation,p5,dataset_2,centrality
490,0.6931471805599453,0.70676804,validation,p5,dataset_2,centrality
1126,0.6931471805599453,0.70676804,validation,p5,dataset_2,centrality
579,0.6931471805599453,0.70676804,validation,p5,dataset_2,centrality
1238,0.6931471805599453,0.70676804,validation,p5,dataset_2,centrality
1080,0.6931471805599453,0.70676804,validation,p5,dataset_2,centrality
1300,0.6931471805599453,0.70676804,validation,p5,dataset_2,centrality
315,0.6931471805599453,0.70676804,validation,p5,dataset_2,centrality
62,0.6931471805599453,0.70676804,validation,p5,dataset_2,centrality
872,0.6931471805599453,0.70676804,validation,p5,dataset_2,centrality
202,0.6931471805599453,0.70676804,validation,p5,dataset_2,centrality
618,0.6931471805599453,0.70676804,validation,p5,dataset_2,centrality
682,0.6931471805599453,0.70676804,validation,p5,dataset_2,centrality
997,0.6931471805599453,0.70676804,validation,p5,dataset_2,centrality
732,0.6931471805599453,0.9023335,validation,p5,dataset_2,centrality
91,0.6931471805599453,0.70676804,validation,p5,dataset_2,centrality
127,0.6931471805599453,0.70676804,validation,p5,dataset_2,centrality
539,0.6931471805599453,1.1946245,validation,p5,dataset_2,centrality
739,0.6931471805599453,0.70676804,validation,p5,dataset_2,centrality
1421,0.6931471805599453,0.70676804,validation,p5,dataset_2,centrality
832,0.6931471805599453,0.70676804,validation,p5,dataset_2,centrality
927,0.6931471805599453,0.70676804,validation,p5,dataset_2,centrality
811,0.6931471805599453,0.70676804,validation,p5,dataset_2,centrality
1441,0.6931471805599453,0.70676804,validation,p5,dataset_2,centrality
582,0.6931471805599453,0.70676804,validation,p5,dataset_2,centrality
148,0.6931471805599453,0.70676804,validation,p5,dataset_2,centrality
1341,0.6931471805599453,0.70676804,validation,p5,dataset_2,centrality
38,0.6931471805599453,0.70676804,validation,p5,dataset_2,centrality
268,1.0986122886681098,1.1536636,validation,p5,dataset_2,centrality
1069,0.6931471805599453,0.70676804,validation,p5,dataset_2,centrality
1190,0.6931471805599453,0.70676804,validation,p5,dataset_2,centrality
330,0.6931471805599453,0.70676804,validation,p5,dataset_2,centrality
833,0.6931471805599453,0.70676804,validation,p5,dataset_2,centrality
1337,0.6931471805599453,0.70676804,validation,p5,dataset_2,centrality
545,0.6931471805599453,0.70676804,validation,p5,dataset_2,centrality
1379,1.0986122886681098,1.3555169,validation,p5,dataset_2,centrality
1100,0.6931471805599453,0.70676804,validation,p5,dataset_2,centrality
1286,0.6931471805599453,0.70676804,validation,p5,dataset_2,centrality
571,0.6931471805599453,0.70676804,validation,p5,dataset_2,centrality
784,0.6931471805599453,0.70676804,validation,p5,dataset_2,centrality
708,0.6931471805599453,0.70676804,validation,p5,dataset_2,centrality
1191,0.6931471805599453,0.70676804,validation,p5,dataset_2,centrality
1130,0.6931471805599453,0.76401854,validation,p5,dataset_2,centrality
1028,0.6931471805599453,0.70676804,validation,p5,dataset_2,centrality
763,0.6931471805599453,0.70676804,validation,p5,dataset_2,centrality
625,2.1972245773362196,2.190628,validation,p5,dataset_2,centrality
983,0.6931471805599453,0.70676804,validation,p5,dataset_2,centrality
283,0.6931471805599453,0.76401854,validation,p5,dataset_2,centrality
1151,0.6931471805599453,0.70676804,validation,p5,dataset_2,centrality
587,0.6931471805599453,0.70676804,validation,p5,dataset_2,centrality
471,0.6931471805599453,0.70676804,validation,p5,dataset_2,centrality
265,0.6931471805599453,0.70676804,validation,p5,dataset_2,centrality
1228,0.6931471805599453,0.70676804,validation,p5,dataset_2,centrality
1112,0.6931471805599453,0.70676804,validation,p5,dataset_2,centrality
795,0.6931471805599453,0.70676804,validation,p5,dataset_2,centrality
1338,0.6931471805599453,0.70676804,validation,p5,dataset_2,centrality
1048,0.6931471805599453,0.70676804,validation,p5,dataset_2,centrality
780,0.6931471805599453,0.70676804,validation,p5,dataset_2,centrality
959,0.6931471805599453,0.70676804,validation,p5,dataset_2,centrality
878,1.0986122886681098,0.70676804,validation,p5,dataset_2,centrality
174,0.6931471805599453,0.70676804,validation,p5,dataset_2,centrality
93,0.6931471805599453,0.70676804,validation,p5,dataset_2,centrality
122,0.6931471805599453,0.70676804,validation,p5,dataset_2,centrality
961,0.6931471805599453,0.70676804,validation,p5,dataset_2,centrality
1026,0.6931471805599453,0.70676804,validation,p5,dataset_2,centrality
57,0.6931471805599453,0.70676804,validation,p5,dataset_2,centrality
106,0.6931471805599453,0.70676804,validation,p5,dataset_2,centrality
518,0.6931471805599453,0.70676804,validation,p5,dataset_2,centrality
345,0.6931471805599453,0.70676804,validation,p5,dataset_2,centrality
1231,0.6931471805599453,0.70676804,validation,p5,dataset_2,centrality
34,1.0986122886681098,0.76401854,validation,p5,dataset_2,centrality
405,0.6931471805599453,0.76401854,validation,p5,dataset_2,centrality
1432,0.6931471805599453,0.70676804,validation,p5,dataset_2,centrality
126,0.6931471805599453,0.70676804,validation,p5,dataset_2,centrality
217,0.6931471805599453,0.70676804,validation,p5,dataset_2,centrality
914,0.6931471805599453,0.70676804,validation,p5,dataset_2,centrality
787,0.6931471805599453,0.70676804,validation,p5,dataset_2,centrality
24,0.6931471805599453,0.70676804,validation,p5,dataset_2,centrality
424,0.6931471805599453,0.70676804,validation,p5,dataset_2,centrality
403,2.8903717578961645,2.842372,validation,p5,dataset_2,centrality
1131,0.6931471805599453,0.70676804,validation,p5,dataset_2,centrality
733,0.6931471805599453,1.2318615,validation,p5,dataset_2,centrality
666,0.6931471805599453,0.70676804,validation,p5,dataset_2,centrality
77,0.6931471805599453,0.70676804,validation,p5,dataset_2,centrality
1396,0.6931471805599453,0.70676804,validation,p5,dataset_2,centrality
438,0.6931471805599453,0.70676804,validation,p5,dataset_2,centrality
912,0.6931471805599453,0.70676804,validation,p5,dataset_2,centrality
173,0.6931471805599453,0.70676804,validation,p5,dataset_2,centrality
28,0.6931471805599453,0.70676804,validation,p5,dataset_2,centrality
1009,0.6931471805599453,0.70676804,validation,p5,dataset_2,centrality
409,0.6931471805599453,0.70676804,validation,p5,dataset_2,centrality
686,0.6931471805599453,0.70676804,validation,p5,dataset_2,centrality
1065,0.6931471805599453,0.70676804,validation,p5,dataset_2,centrality
1251,0.6931471805599453,0.70676804,validation,p5,dataset_2,centrality
195,0.6931471805599453,0.70676804,validation,p5,dataset_2,centrality
419,1.0986122886681098,0.70676804,validation,p5,dataset_2,centrality
662,0.6931471805599453,0.76401854,validation,p5,dataset_2,centrality
690,0.6931471805599453,0.70676804,validation,p5,dataset_2,centrality
813,0.6931471805599453,0.70676804,validation,p5,dataset_2,centrality
242,1.6094379124341005,1.0038786,validation,p5,dataset_2,centrality
558,0.6931471805599453,0.70676804,validation,p5,dataset_2,centrality
251,0.6931471805599453,0.70676804,validation,p5,dataset_2,centrality
806,0.6931471805599453,0.70676804,validation,p5,dataset_2,centrality
276,0.6931471805599453,0.70676804,validation,p5,dataset_2,centrality
1121,0.6931471805599453,0.86556363,validation,p5,dataset_2,centrality
673,1.0986122886681098,0.76401854,validation,p5,dataset_2,centrality
1014,0.6931471805599453,0.70676804,validation,p5,dataset_2,centrality
950,0.6931471805599453,0.70676804,validation,p5,dataset_2,centrality
447,0.6931471805599453,0.70676804,validation,p5,dataset_2,centrality
68,0.6931471805599453,0.70676804,validation,p5,dataset_2,centrality
229,0.6931471805599453,0.70676804,validation,p5,dataset_2,centrality
934,0.6931471805599453,0.70676804,validation,p5,dataset_2,centrality
770,0.6931471805599453,0.70676804,validation,p5,dataset_2,centrality
1123,0.6931471805599453,0.70676804,validation,p5,dataset_2,centrality
751,1.0986122886681098,0.76401854,validation,p5,dataset_2,centrality
1298,0.6931471805599453,0.70676804,validation,p5,dataset_2,centrality
1087,0.6931471805599453,0.76401854,validation,p5,dataset_2,centrality
611,0.6931471805599453,0.70676804,validation,p5,dataset_2,centrality
949,0.6931471805599453,0.70676804,validation,p5,dataset_2,centrality
1179,0.6931471805599453,0.76401854,validation,p5,dataset_2,centrality
1422,0.6931471805599453,0.70676804,validation,p5,dataset_2,centrality
47,0.6931471805599453,0.70676804,validation,p5,dataset_2,centrality
1258,0.6931471805599453,0.70676804,validation,p5,dataset_2,centrality
607,0.6931471805599453,0.70676804,validation,p5,dataset_2,centrality
1199,0.6931471805599453,0.70676804,validation,p5,dataset_2,centrality
1246,0.6931471805599453,0.70676804,validation,p5,dataset_2,centrality
1,0.6931471805599453,0.70676804,validation,p5,dataset_2,centrality
257,1.9459101490553132,1.1536636,validation,p5,dataset_2,centrality
60,0.6931471805599453,0.70676804,validation,p5,dataset_2,centrality
407,0.6931471805599453,0.76401854,validation,p5,dataset_2,centrality
1281,0.6931471805599453,0.70676804,validation,p5,dataset_2,centrality
804,0.6931471805599453,0.70676804,validation,p5,dataset_2,centrality
639,1.9459101490553132,1.4613769,validation,p5,dataset_2,centrality
0,0.6931471805599453,0.70676804,validation,p5,dataset_2,centrality
560,1.0986122886681098,1.0038786,validation,p5,dataset_2,centrality
12,0.6931471805599453,0.70676804,validation,p5,dataset_2,centrality
1250,0.6931471805599453,0.70676804,validation,p5,dataset_2,centrality
61,0.6931471805599453,0.70676804,validation,p5,dataset_2,centrality
116,0.6931471805599453,0.70676804,validation,p5,dataset_2,centrality
702,0.6931471805599453,0.70676804,validation,p5,dataset_2,centrality
1025,0.6931471805599453,0.70676804,validation,p5,dataset_2,centrality
869,0.6931471805599453,0.70676804,validation,p5,dataset_2,centrality
1193,0.6931471805599453,0.70676804,validation,p5,dataset_2,centrality
1290,0.6931471805599453,0.70676804,validation,p5,dataset_2,centrality
551,1.0986122886681098,1.7441078,validation,p5,dataset_2,centrality
1311,0.6931471805599453,0.70676804,validation,p5,dataset_2,centrality
819,0.6931471805599453,0.70676804,validation,p5,dataset_2,centrality
18,1.0986122886681098,0.70676804,validation,p5,dataset_2,centrality
417,0.6931471805599453,0.70676804,validation,p5,dataset_2,centrality
1297,0.6931471805599453,0.70676804,validation,p5,dataset_2,centrality
121,0.6931471805599453,0.70676804,validation,p5,dataset_2,centrality
513,0.6931471805599453,0.70676804,validation,p5,dataset_2,centrality
1414,0.6931471805599453,0.70676804,validation,p5,dataset_2,centrality
848,0.6931471805599453,0.70676804,validation,p5,dataset_2,centrality
362,0.6931471805599453,0.70676804,validation,p5,dataset_2,centrality
679,0.6931471805599453,1.0038786,validation,p5,dataset_2,centrality
863,0.6931471805599453,0.70676804,validation,p5,dataset_2,centrality
978,0.6931471805599453,0.70676804,validation,p5,dataset_2,centrality
308,0.6931471805599453,0.70676804,validation,p5,dataset_2,centrality
290,0.6931471805599453,0.70676804,validation,p5,dataset_2,centrality
71,0.6931471805599453,0.70676804,validation,p5,dataset_2,centrality
376,0.6931471805599453,0.70676804,validation,p5,dataset_2,centrality
135,0.6931471805599453,0.70676804,validation,p5,dataset_2,centrality
463,0.6931471805599453,0.70676804,validation,p5,dataset_2,centrality
1120,0.6931471805599453,0.70676804,validation,p5,dataset_2,centrality
1156,0.6931471805599453,0.70676804,validation,p5,dataset_2,centrality
282,1.6094379124341005,0.86556363,validation,p5,dataset_2,centrality
88,0.6931471805599453,0.70676804,validation,p5,dataset_2,centrality
1402,0.6931471805599453,0.70676804,validation,p5,dataset_2,centrality
494,0.6931471805599453,0.70676804,validation,p5,dataset_2,centrality
465,0.6931471805599453,0.70676804,validation,p5,dataset_2,centrality
103,0.6931471805599453,0.70676804,validation,p5,dataset_2,centrality
1346,0.6931471805599453,0.70676804,validation,p5,dataset_2,centrality
1288,0.6931471805599453,0.70676804,validation,p5,dataset_2,centrality
507,0.6931471805599453,0.70676804,validation,p5,dataset_2,centrality
627,2.302585092994046,2.842372,validation,p5,dataset_2,centrality
968,0.6931471805599453,0.70676804,validation,p5,dataset_2,centrality
765,0.6931471805599453,0.70676804,validation,p5,dataset_2,centrality
916,0.6931471805599453,0.70676804,validation,p5,dataset_2,centrality
53,0.6931471805599453,0.70676804,validation,p5,dataset_2,centrality
871,0.6931471805599453,0.70676804,validation,p5,dataset_2,centrality
713,3.258096538021482,2.4473975,validation,p5,dataset_2,centrality
910,0.6931471805599453,0.70676804,validation,p5,dataset_2,centrality
400,1.6094379124341005,1.7441078,validation,p5,dataset_2,centrality
853,0.6931471805599453,0.70676804,validation,p5,dataset_2,centrality
714,3.49650756146648,2.842372,validation,p5,dataset_2,centrality
164,0.6931471805599453,0.70676804,validation,p5,dataset_2,centrality
499,0.6931471805599453,0.70676804,validation,p5,dataset_2,centrality
1138,0.6931471805599453,0.70676804,validation,p5,dataset_2,centrality
776,0.6931471805599453,0.70676804,validation,p5,dataset_2,centrality
413,0.6931471805599453,0.70676804,test,p5,dataset_2,centrality
316,0.6931471805599453,0.70676804,test,p5,dataset_2,centrality
1034,0.6931471805599453,0.70676804,test,p5,dataset_2,centrality
65,0.6931471805599453,0.70676804,test,p5,dataset_2,centrality
1024,0.6931471805599453,0.70676804,test,p5,dataset_2,centrality
661,0.6931471805599453,0.70676804,test,p5,dataset_2,centrality
175,0.6931471805599453,0.70676804,test,p5,dataset_2,centrality
824,0.6931471805599453,0.70676804,test,p5,dataset_2,centrality
649,0.6931471805599453,0.76401854,test,p5,dataset_2,centrality
231,0.6931471805599453,0.70676804,test,p5,dataset_2,centrality
198,0.6931471805599453,0.70676804,test,p5,dataset_2,centrality
845,0.6931471805599453,0.70676804,test,p5,dataset_2,centrality
1108,0.6931471805599453,0.70676804,test,p5,dataset_2,centrality
1394,0.6931471805599453,0.70676804,test,p5,dataset_2,centrality
358,0.6931471805599453,0.70676804,test,p5,dataset_2,centrality
1088,2.1972245773362196,1.0038786,test,p5,dataset_2,centrality
394,3.4011973816621555,2.6856265,test,p5,dataset_2,centrality
275,0.6931471805599453,0.70676804,test,p5,dataset_2,centrality
782,0.6931471805599453,0.70676804,test,p5,dataset_2,centrality
715,1.9459101490553132,2.3996804,test,p5,dataset_2,centrality
239,0.6931471805599453,0.76401854,test,p5,dataset_2,centrality
240,1.9459101490553132,1.7672974,test,p5,dataset_2,centrality
420,0.6931471805599453,0.70676804,test,p5,dataset_2,centrality
1259,0.6931471805599453,0.70676804,test,p5,dataset_2,centrality
986,0.6931471805599453,0.70676804,test,p5,dataset_2,centrality
752,0.6931471805599453,0.70676804,test,p5,dataset_2,centrality
590,0.6931471805599453,0.76401854,test,p5,dataset_2,centrality
1398,0.6931471805599453,0.70676804,test,p5,dataset_2,centrality
51,0.6931471805599453,0.70676804,test,p5,dataset_2,centrality
680,0.6931471805599453,0.70676804,test,p5,dataset_2,centrality
374,0.6931471805599453,0.70676804,test,p5,dataset_2,centrality
168,0.6931471805599453,0.70676804,test,p5,dataset_2,centrality
244,0.6931471805599453,0.70676804,test,p5,dataset_2,centrality
585,0.6931471805599453,0.70676804,test,p5,dataset_2,centrality
1412,0.6931471805599453,0.70676804,test,p5,dataset_2,centrality
598,0.6931471805599453,1.0038786,test,p5,dataset_2,centrality
49,0.6931471805599453,0.70676804,test,p5,dataset_2,centrality
462,0.6931471805599453,0.70676804,test,p5,dataset_2,centrality
1223,0.6931471805599453,0.70676804,test,p5,dataset_2,centrality
29,0.6931471805599453,0.9023335,test,p5,dataset_2,centrality
192,0.6931471805599453,0.70676804,test,p5,dataset_2,centrality
922,0.6931471805599453,0.70676804,test,p5,dataset_2,centrality
1434,0.6931471805599453,0.70676804,test,p5,dataset_2,centrality
621,0.6931471805599453,0.70676804,test,p5,dataset_2,centrality
1027,0.6931471805599453,0.70676804,test,p5,dataset_2,centrality
730,0.6931471805599453,0.70676804,test,p5,dataset_2,centrality
67,0.6931471805599453,0.70676804,test,p5,dataset_2,centrality
1313,0.6931471805599453,0.70676804,test,p5,dataset_2,centrality
527,0.6931471805599453,0.70676804,test,p5,dataset_2,centrality
812,0.6931471805599453,0.70676804,test,p5,dataset_2,centrality
1261,0.6931471805599453,0.70676804,test,p5,dataset_2,centrality
741,1.3862943611198906,0.76401854,test,p5,dataset_2,centrality
1227,0.6931471805599453,0.70676804,test,p5,dataset_2,centrality
261,0.6931471805599453,0.70676804,test,p5,dataset_2,centrality
836,0.6931471805599453,0.70676804,test,p5,dataset_2,centrality
123,0.6931471805599453,0.70676804,test,p5,dataset_2,centrality
1384,0.6931471805599453,0.76401854,test,p5,dataset_2,centrality
605,0.6931471805599453,0.70676804,test,p5,dataset_2,centrality
973,0.6931471805599453,0.70676804,test,p5,dataset_2,centrality
594,0.6931471805599453,0.70676804,test,p5,dataset_2,centrality
184,0.6931471805599453,0.70676804,test,p5,dataset_2,centrality
946,0.6931471805599453,0.70676804,test,p5,dataset_2,centrality
888,0.6931471805599453,0.70676804,test,p5,dataset_2,centrality
141,0.6931471805599453,0.70676804,test,p5,dataset_2,centrality
964,0.6931471805599453,0.70676804,test,p5,dataset_2,centrality
816,0.6931471805599453,0.70676804,test,p5,dataset_2,centrality
1239,0.6931471805599453,0.70676804,test,p5,dataset_2,centrality
44,0.6931471805599453,0.70676804,test,p5,dataset_2,centrality
799,0.6931471805599453,0.70676804,test,p5,dataset_2,centrality
566,0.6931471805599453,0.70676804,test,p5,dataset_2,centrality
1144,0.6931471805599453,0.70676804,test,p5,dataset_2,centrality
802,0.6931471805599453,0.70676804,test,p5,dataset_2,centrality
1030,0.6931471805599453,0.70676804,test,p5,dataset_2,centrality
76,1.3862943611198906,1.1536636,test,p5,dataset_2,centrality
361,0.6931471805599453,0.70676804,test,p5,dataset_2,centrality
1333,0.6931471805599453,0.70676804,test,p5,dataset_2,centrality
270,0.6931471805599453,0.70676804,test,p5,dataset_2,centrality
1098,0.6931471805599453,0.70676804,test,p5,dataset_2,centrality
1197,0.6931471805599453,0.70676804,test,p5,dataset_2,centrality
1036,0.6931471805599453,0.70676804,test,p5,dataset_2,centrality
1039,0.6931471805599453,0.70676804,test,p5,dataset_2,centrality
78,0.6931471805599453,0.76401854,test,p5,dataset_2,centrality
745,0.6931471805599453,0.76401854,test,p5,dataset_2,centrality
271,0.6931471805599453,0.70676804,test,p5,dataset_2,centrality
575,0.6931471805599453,0.70676804,test,p5,dataset_2,centrality
1285,0.6931471805599453,0.70676804,test,p5,dataset_2,centrality
1023,0.6931471805599453,0.70676804,test,p5,dataset_2,centrality
651,0.6931471805599453,0.76401854,test,p5,dataset_2,centrality
70,0.6931471805599453,0.70676804,test,p5,dataset_2,centrality
15,0.6931471805599453,0.70676804,test,p5,dataset_2,centrality
1438,0.6931471805599453,0.70676804,test,p5,dataset_2,centrality
351,0.6931471805599453,0.70676804,test,p5,dataset_2,centrality
115,0.6931471805599453,0.70676804,test,p5,dataset_2,centrality
303,0.6931471805599453,0.70676804,test,p5,dataset_2,centrality
1075,0.6931471805599453,0.70676804,test,p5,dataset_2,centrality
796,0.6931471805599453,0.70676804,test,p5,dataset_2,centrality
528,0.6931471805599453,0.70676804,test,p5,dataset_2,centrality
901,0.6931471805599453,0.70676804,test,p5,dataset_2,centrality
479,0.6931471805599453,0.70676804,test,p5,dataset_2,centrality
905,0.6931471805599453,0.70676804,test,p5,dataset_2,centrality
415,0.6931471805599453,0.76401854,test,p5,dataset_2,centrality
711,0.6931471805599453,0.70676804,test,p5,dataset_2,centrality
309,0.6931471805599453,0.70676804,test,p5,dataset_2,centrality
1053,0.6931471805599453,0.70676804,test,p5,dataset_2,centrality
788,0.6931471805599453,0.70676804,test,p5,dataset_2,centrality
1236,0.6931471805599453,0.70676804,test,p5,dataset_2,centrality
887,0.6931471805599453,0.70676804,test,p5,dataset_2,centrality
1399,0.6931471805599453,0.70676804,test,p5,dataset_2,centrality
1068,0.6931471805599453,0.70676804,test,p5,dataset_2,centrality
478,0.6931471805599453,0.70676804,test,p5,dataset_2,centrality
999,0.6931471805599453,0.70676804,test,p5,dataset_2,centrality
873,0.6931471805599453,0.70676804,test,p5,dataset_2,centrality
818,0.6931471805599453,0.70676804,test,p5,dataset_2,centrality
1090,1.791759469228055,1.0820765,test,p5,dataset_2,centrality
757,0.6931471805599453,0.70676804,test,p5,dataset_2,centrality
1031,0.6931471805599453,0.70676804,test,p5,dataset_2,centrality
322,0.6931471805599453,0.70676804,test,p5,dataset_2,centrality
332,0.6931471805599453,0.70676804,test,p5,dataset_2,centrality
567,0.6931471805599453,0.70676804,test,p5,dataset_2,centrality
892,0.6931471805599453,0.70676804,test,p5,dataset_2,centrality
610,0.6931471805599453,0.70676804,test,p5,dataset_2,centrality
529,0.6931471805599453,0.76401854,test,p5,dataset_2,centrality
570,0.6931471805599453,0.70676804,test,p5,dataset_2,centrality
429,0.6931471805599453,0.70676804,test,p5,dataset_2,centrality
985,0.6931471805599453,0.70676804,test,p5,dataset_2,centrality
43,0.6931471805599453,0.70676804,test,p5,dataset_2,centrality
497,0.6931471805599453,0.70676804,test,p5,dataset_2,centrality
451,0.6931471805599453,0.70676804,test,p5,dataset_2,centrality
1085,0.6931471805599453,0.70676804,test,p5,dataset_2,centrality
1423,0.6931471805599453,0.70676804,test,p5,dataset_2,centrality
101,0.6931471805599453,0.70676804,test,p5,dataset_2,centrality
889,0.6931471805599453,0.70676804,test,p5,dataset_2,centrality
289,0.6931471805599453,0.70676804,test,p5,dataset_2,centrality
1006,0.6931471805599453,0.70676804,test,p5,dataset_2,centrality
1443,0.6931471805599453,0.70676804,test,p5,dataset_2,centrality
1308,0.6931471805599453,0.70676804,test,p5,dataset_2,centrality
1330,0.6931471805599453,0.70676804,test,p5,dataset_2,centrality
381,0.6931471805599453,0.70676804,test,p5,dataset_2,centrality
847,0.6931471805599453,0.70676804,test,p5,dataset_2,centrality
1057,0.6931471805599453,0.70676804,test,p5,dataset_2,centrality
602,0.6931471805599453,0.70676804,test,p5,dataset_2,centrality
898,0.6931471805599453,0.70676804,test,p5,dataset_2,centrality
636,1.791759469228055,2.5233357,test,p5,dataset_2,centrality
665,1.0986122886681098,0.76401854,test,p5,dataset_2,centrality
588,1.0986122886681098,0.70676804,test,p5,dataset_2,centrality
163,0.6931471805599453,0.70676804,test,p5,dataset_2,centrality
32,0.6931471805599453,0.76401854,test,p5,dataset_2,centrality
619,0.6931471805599453,0.70676804,test,p5,dataset_2,centrality
672,0.6931471805599453,0.70676804,test,p5,dataset_2,centrality
324,0.6931471805599453,0.70676804,test,p5,dataset_2,centrality
382,0.6931471805599453,0.70676804,test,p5,dataset_2,centrality
306,0.6931471805599453,0.70676804,test,p5,dataset_2,centrality
1163,0.6931471805599453,0.70676804,test,p5,dataset_2,centrality
855,0.6931471805599453,0.70676804,test,p5,dataset_2,centrality
722,1.0986122886681098,1.0038786,test,p5,dataset_2,centrality
365,0.6931471805599453,0.70676804,test,p5,dataset_2,centrality
423,0.6931471805599453,0.70676804,test,p5,dataset_2,centrality
933,0.6931471805599453,0.70676804,test,p5,dataset_2,centrality
247,0.6931471805599453,0.70676804,test,p5,dataset_2,centrality
427,0.6931471805599453,0.76401854,test,p5,dataset_2,centrality
1380,0.6931471805599453,0.9023335,test,p5,dataset_2,centrality
543,0.6931471805599453,0.70676804,test,p5,dataset_2,centrality
218,0.6931471805599453,0.70676804,test,p5,dataset_2,centrality
864,0.6931471805599453,0.70676804,test,p5,dataset_2,centrality
274,0.6931471805599453,0.70676804,test,p5,dataset_2,centrality
628,3.5263605246161616,2.842372,test,p5,dataset_2,centrality
1237,0.6931471805599453,0.70676804,test,p5,dataset_2,centrality
1431,0.6931471805599453,0.70676804,test,p5,dataset_2,centrality
63,0.6931471805599453,0.70676804,test,p5,dataset_2,centrality
1178,0.6931471805599453,0.70676804,test,p5,dataset_2,centrality
380,0.6931471805599453,0.70676804,test,p5,dataset_2,centrality
1203,0.6931471805599453,0.70676804,test,p5,dataset_2,centrality
1235,0.6931471805599453,0.70676804,test,p5,dataset_2,centrality
485,0.6931471805599453,0.70676804,test,p5,dataset_2,centrality
674,1.0986122886681098,0.70676804,test,p5,dataset_2,centrality
1201,0.6931471805599453,0.70676804,test,p5,dataset_2,centrality
931,0.6931471805599453,0.70676804,test,p5,dataset_2,centrality
203,0.6931471805599453,0.70676804,test,p5,dataset_2,centrality
522,0.6931471805599453,0.70676804,test,p5,dataset_2,centrality
894,0.6931471805599453,0.70676804,test,p5,dataset_2,centrality
30,1.9459101490553132,0.76401854,test,p5,dataset_2,centrality
56,0.6931471805599453,0.70676804,test,p5,dataset_2,centrality
1166,2.4849066497880004,2.842372,test,p5,dataset_2,centrality
1092,0.6931471805599453,0.70676804,test,p5,dataset_2,centrality
371,0.6931471805599453,0.70676804,test,p5,dataset_2,centrality
945,0.6931471805599453,0.70676804,test,p5,dataset_2,centrality
1378,0.6931471805599453,0.70676804,test,p5,dataset_2,centrality
1192,0.6931471805599453,0.70676804,test,p5,dataset_2,centrality
858,0.6931471805599453,0.70676804,test,p5,dataset_2,centrality
464,0.6931471805599453,0.70676804,test,p5,dataset_2,centrality
363,0.6931471805599453,0.70676804,test,p5,dataset_2,centrality
1187,0.6931471805599453,0.70676804,test,p5,dataset_2,centrality
578,0.6931471805599453,0.70676804,test,p5,dataset_2,centrality
237,1.3862943611198906,1.0038786,test,p5,dataset_2,centrality
1390,0.6931471805599453,0.70676804,test,p5,dataset_2,centrality
99,0.6931471805599453,0.70676804,test,p5,dataset_2,centrality
461,0.6931471805599453,0.70676804,test,p5,dataset_2,centrality
259,0.6931471805599453,0.70676804,test,p5,dataset_2,centrality
481,0.6931471805599453,0.70676804,test,p5,dataset_2,centrality
583,0.6931471805599453,0.70676804,test,p5,dataset_2,centrality
861,0.6931471805599453,0.70676804,test,p5,dataset_2,centrality
1043,0.6931471805599453,0.70676804,test,p5,dataset_2,centrality
277,0.6931471805599453,0.70676804,test,p5,dataset_2,centrality
744,0.6931471805599453,0.76401854,test,p5,dataset_2,centrality
584,0.6931471805599453,0.70676804,test,p5,dataset_2,centrality
1037,0.6931471805599453,0.70676804,test,p5,dataset_2,centrality
906,0.6931471805599453,0.70676804,test,p5,dataset_2,centrality
377,0.6931471805599453,0.70676804,test,p5,dataset_2,centrality
549,0.6931471805599453,0.70676804,test,p5,dataset_2,centrality
1417,0.6931471805599453,0.70676804,test,p5,dataset_2,centrality
771,0.6931471805599453,0.70676804,test,p5,dataset_2,centrality
691,1.0986122886681098,1.1536636,test,p5,dataset_2,centrality
706,0.6931471805599453,0.70676804,test,p5,dataset_2,centrality
297,0.6931471805599453,0.70676804,test,p5,dataset_2,centrality
1247,0.6931471805599453,0.70676804,test,p5,dataset_2,centrality
893,0.6931471805599453,0.70676804,test,p5,dataset_2,centrality
947,0.6931471805599453,0.70676804,test,p5,dataset_2,centrality
1403,0.6931471805599453,0.70376676,train,p10,dataset_2,centrality
1209,0.6931471805599453,0.70376676,train,p10,dataset_2,centrality
472,0.6931471805599453,0.70376676,train,p10,dataset_2,centrality
1064,0.6931471805599453,0.70376676,train,p10,dataset_2,centrality
50,0.6931471805599453,0.70376676,train,p10,dataset_2,centrality
223,0.6931471805599453,0.70376676,train,p10,dataset_2,centrality
1395,0.6931471805599453,0.70376676,train,p10,dataset_2,centrality
1348,0.6931471805599453,0.70376676,train,p10,dataset_2,centrality
935,0.6931471805599453,0.70376676,train,p10,dataset_2,centrality
1061,0.6931471805599453,0.70376676,train,p10,dataset_2,centrality
354,0.6931471805599453,0.70376676,train,p10,dataset_2,centrality
69,0.6931471805599453,0.70376676,train,p10,dataset_2,centrality
827,0.6931471805599453,0.70376676,train,p10,dataset_2,centrality
319,0.6931471805599453,0.70376676,train,p10,dataset_2,centrality
840,0.6931471805599453,0.70376676,train,p10,dataset_2,centrality
260,0.6931471805599453,0.70376676,train,p10,dataset_2,centrality
868,0.6931471805599453,0.70376676,train,p10,dataset_2,centrality
130,0.6931471805599453,0.70376676,train,p10,dataset_2,centrality
705,0.6931471805599453,0.70376676,train,p10,dataset_2,centrality
1425,0.6931471805599453,0.70376676,train,p10,dataset_2,centrality
172,0.6931471805599453,0.70376676,train,p10,dataset_2,centrality
333,0.6931471805599453,0.70376676,train,p10,dataset_2,centrality
412,0.6931471805599453,0.70376676,train,p10,dataset_2,centrality
536,0.6931471805599453,0.70376676,train,p10,dataset_2,centrality
1248,0.6931471805599453,0.70376676,train,p10,dataset_2,centrality
3,0.6931471805599453,0.70376676,train,p10,dataset_2,centrality
45,0.6931471805599453,0.70376676,train,p10,dataset_2,centrality
1051,0.6931471805599453,0.70376676,train,p10,dataset_2,centrality
228,0.6931471805599453,0.70376676,train,p10,dataset_2,centrality
890,1.0986122886681098,0.70376676,train,p10,dataset_2,centrality
1430,0.6931471805599453,0.70376676,train,p10,dataset_2,centrality
689,0.6931471805599453,0.9800867,train,p10,dataset_2,centrality
783,0.6931471805599453,0.70376676,train,p10,dataset_2,centrality
742,0.6931471805599453,0.70376676,train,p10,dataset_2,centrality
9,0.6931471805599453,0.70376676,train,p10,dataset_2,centrality
1284,0.6931471805599453,0.70376676,train,p10,dataset_2,centrality
1073,0.6931471805599453,0.70376676,train,p10,dataset_2,centrality
603,0.6931471805599453,0.70376676,train,p10,dataset_2,centrality
254,0.6931471805599453,0.70376676,train,p10,dataset_2,centrality
1029,0.6931471805599453,0.70376676,train,p10,dataset_2,centrality
253,0.6931471805599453,0.70376676,train,p10,dataset_2,centrality
1214,0.6931471805599453,0.70376676,train,p10,dataset_2,centrality
1211,0.6931471805599453,0.70376676,train,p10,dataset_2,centrality
133,0.6931471805599453,0.70376676,train,p10,dataset_2,centrality
693,0.6931471805599453,0.70376676,train,p10,dataset_2,centrality
988,0.6931471805599453,0.70376676,train,p10,dataset_2,centrality
7,0.6931471805599453,0.70376676,train,p10,dataset_2,centrality
701,1.0986122886681098,0.70376676,train,p10,dataset_2,centrality
1310,0.6931471805599453,0.70376676,train,p10,dataset_2,centrality
1082,0.6931471805599453,0.70376676,train,p10,dataset_2,centrality
466,0.6931471805599453,0.70376676,train,p10,dataset_2,centrality
1099,0.6931471805599453,0.7751377,train,p10,dataset_2,centrality
1278,0.6931471805599453,0.70376676,train,p10,dataset_2,centrality
326,0.6931471805599453,0.70376676,train,p10,dataset_2,centrality
337,0.6931471805599453,0.70376676,train,p10,dataset_2,centrality
1210,0.6931471805599453,0.70376676,train,p10,dataset_2,centrality
480,0.6931471805599453,0.70376676,train,p10,dataset_2,centrality
1389,0.6931471805599453,0.70376676,train,p10,dataset_2,centrality
206,0.6931471805599453,0.70376676,train,p10,dataset_2,centrality
369,0.6931471805599453,0.70376676,train,p10,dataset_2,centrality
190,0.6931471805599453,0.70376676,train,p10,dataset_2,centrality
258,0.6931471805599453,0.70376676,train,p10,dataset_2,centrality
506,0.6931471805599453,0.70376676,train,p10,dataset_2,centrality
956,0.6931471805599453,0.70376676,train,p10,dataset_2,centrality
109,0.6931471805599453,0.70376676,train,p10,dataset_2,centrality
559,0.6931471805599453,0.7751377,train,p10,dataset_2,centrality
213,1.0986122886681098,0.89801574,train,p10,dataset_2,centrality
523,0.6931471805599453,0.70376676,train,p10,dataset_2,centrality
312,0.6931471805599453,0.70376676,train,p10,dataset_2,centrality
145,0.6931471805599453,0.70376676,train,p10,dataset_2,centrality
1207,0.6931471805599453,0.70376676,train,p10,dataset_2,centrality
979,0.6931471805599453,0.70376676,train,p10,dataset_2,centrality
747,0.6931471805599453,0.70376676,train,p10,dataset_2,centrality
817,0.6931471805599453,0.70376676,train,p10,dataset_2,centrality
899,0.6931471805599453,0.70376676,train,p10,dataset_2,centrality
859,0.6931471805599453,0.70376676,train,p10,dataset_2,centrality
1353,0.6931471805599453,0.7751377,train,p10,dataset_2,centrality
151,0.6931471805599453,0.70376676,train,p10,dataset_2,centrality
1409,0.6931471805599453,0.70376676,train,p10,dataset_2,centrality
891,0.6931471805599453,0.70376676,train,p10,dataset_2,centrality
46,0.6931471805599453,0.70376676,train,p10,dataset_2,centrality
1387,0.6931471805599453,0.70376676,train,p10,dataset_2,centrality
1040,0.6931471805599453,0.70376676,train,p10,dataset_2,centrality
340,1.0986122886681098,0.70376676,train,p10,dataset_2,centrality
75,0.6931471805599453,1.2713583,train,p10,dataset_2,centrality
1042,0.6931471805599453,0.70376676,train,p10,dataset_2,centrality
347,0.6931471805599453,0.70376676,train,p10,dataset_2,centrality
105,0.6931471805599453,0.70376676,train,p10,dataset_2,centrality
1244,0.6931471805599453,0.70376676,train,p10,dataset_2,centrality
1324,0.6931471805599453,0.7751377,train,p10,dataset_2,centrality
299,0.6931471805599453,0.70376676,train,p10,dataset_2,centrality
1114,0.6931471805599453,0.70376676,train,p10,dataset_2,centrality
398,3.332204510175204,2.7849612,train,p10,dataset_2,centrality
1413,0.6931471805599453,0.70376676,train,p10,dataset_2,centrality
919,0.6931471805599453,0.70376676,train,p10,dataset_2,centrality
54,0.6931471805599453,0.70376676,train,p10,dataset_2,centrality
798,0.6931471805599453,0.70376676,train,p10,dataset_2,centrality
143,0.6931471805599453,0.70376676,train,p10,dataset_2,centrality
846,0.6931471805599453,0.70376676,train,p10,dataset_2,centrality
208,3.1780538303479458,2.7849612,train,p10,dataset_2,centrality
200,0.6931471805599453,0.70376676,train,p10,dataset_2,centrality
886,0.6931471805599453,0.7858377,train,p10,dataset_2,centrality
397,2.4849066497880004,2.4118443,train,p10,dataset_2,centrality
1217,0.6931471805599453,0.70376676,train,p10,dataset_2,centrality
150,0.6931471805599453,0.70376676,train,p10,dataset_2,centrality
921,0.6931471805599453,0.70376676,train,p10,dataset_2,centrality
33,0.6931471805599453,0.7751377,train,p10,dataset_2,centrality
792,0.6931471805599453,0.70376676,train,p10,dataset_2,centrality
867,0.6931471805599453,0.70376676,train,p10,dataset_2,centrality
224,2.772588722239781,2.4118443,train,p10,dataset_2,centrality
341,0.6931471805599453,0.70376676,train,p10,dataset_2,centrality
1344,0.6931471805599453,0.70376676,train,p10,dataset_2,centrality
1426,0.6931471805599453,0.70376676,train,p10,dataset_2,centrality
1159,0.6931471805599453,0.70376676,train,p10,dataset_2,centrality
169,0.6931471805599453,0.70376676,train,p10,dataset_2,centrality
531,0.6931471805599453,0.70376676,train,p10,dataset_2,centrality
1360,0.6931471805599453,0.70376676,train,p10,dataset_2,centrality
512,0.6931471805599453,0.70376676,train,p10,dataset_2,centrality
1257,0.6931471805599453,0.70376676,train,p10,dataset_2,centrality
572,0.6931471805599453,0.70376676,train,p10,dataset_2,centrality
1135,0.6931471805599453,0.70376676,train,p10,dataset_2,centrality
1047,0.6931471805599453,0.70376676,train,p10,dataset_2,centrality
909,0.6931471805599453,0.70376676,train,p10,dataset_2,centrality
557,0.6931471805599453,0.70376676,train,p10,dataset_2,centrality
1013,0.6931471805599453,0.70376676,train,p10,dataset_2,centrality
55,0.6931471805599453,0.70376676,train,p10,dataset_2,centrality
1161,1.791759469228055,1.1733,train,p10,dataset_2,centrality
1107,0.6931471805599453,0.70376676,train,p10,dataset_2,centrality
586,0.6931471805599453,0.70376676,train,p10,dataset_2,centrality
1079,0.6931471805599453,0.70376676,train,p10,dataset_2,centrality
107,0.6931471805599453,0.70376676,train,p10,dataset_2,centrality
835,0.6931471805599453,0.70376676,train,p10,dataset_2,centrality
1206,0.6931471805599453,0.70376676,train,p10,dataset_2,centrality
1276,0.6931471805599453,0.70376676,train,p10,dataset_2,centrality
498,0.6931471805599453,0.70376676,train,p10,dataset_2,centrality
555,0.6931471805599453,0.7751377,train,p10,dataset_2,centrality
1241,0.6931471805599453,0.70376676,train,p10,dataset_2,centrality
449,0.6931471805599453,0.70376676,train,p10,dataset_2,centrality
828,0.6931471805599453,0.70376676,train,p10,dataset_2,centrality
205,0.6931471805599453,0.70376676,train,p10,dataset_2,centrality
664,0.6931471805599453,0.70376676,train,p10,dataset_2,centrality
460,0.6931471805599453,0.70376676,train,p10,dataset_2,centrality
920,0.6931471805599453,0.70376676,train,p10,dataset_2,centrality
295,0.6931471805599453,0.70376676,train,p10,dataset_2,centrality
1157,0.6931471805599453,0.70376676,train,p10,dataset_2,centrality
1336,0.6931471805599453,0.70376676,train,p10,dataset_2,centrality
1188,0.6931471805599453,0.70376676,train,p10,dataset_2,centrality
791,0.6931471805599453,0.70376676,train,p10,dataset_2,centrality
1173,1.3862943611198906,0.89801574,train,p10,dataset_2,centrality
1243,0.6931471805599453,0.70376676,train,p10,dataset_2,centrality
926,0.6931471805599453,0.70376676,train,p10,dataset_2,centrality
924,0.6931471805599453,0.70376676,train,p10,dataset_2,centrality
58,0.6931471805599453,0.70376676,train,p10,dataset_2,centrality
1054,0.6931471805599453,0.70376676,train,p10,dataset_2,centrality
1256,0.6931471805599453,0.70376676,train,p10,dataset_2,centrality
379,1.0986122886681098,0.70376676,train,p10,dataset_2,centrality
373,0.6931471805599453,0.70376676,train,p10,dataset_2,centrality
758,0.6931471805599453,0.70376676,train,p10,dataset_2,centrality
552,0.6931471805599453,0.85720867,train,p10,dataset_2,centrality
671,0.6931471805599453,0.70376676,train,p10,dataset_2,centrality
654,0.6931471805599453,0.70376676,train,p10,dataset_2,centrality
646,0.6931471805599453,0.7751377,train,p10,dataset_2,centrality
541,0.6931471805599453,0.7751377,train,p10,dataset_2,centrality
844,0.6931471805599453,0.70376676,train,p10,dataset_2,centrality
876,0.6931471805599453,0.70376676,train,p10,dataset_2,centrality
176,0.6931471805599453,0.70376676,train,p10,dataset_2,centrality
600,0.6931471805599453,0.70376676,train,p10,dataset_2,centrality
500,0.6931471805599453,0.70376676,train,p10,dataset_2,centrality
731,0.6931471805599453,0.7751377,train,p10,dataset_2,centrality
442,0.6931471805599453,0.70376676,train,p10,dataset_2,centrality
1109,0.6931471805599453,0.70376676,train,p10,dataset_2,centrality
280,0.6931471805599453,0.70376676,train,p10,dataset_2,centrality
1392,0.6931471805599453,0.70376676,train,p10,dataset_2,centrality
482,0.6931471805599453,0.70376676,train,p10,dataset_2,centrality
754,0.6931471805599453,0.70376676,train,p10,dataset_2,centrality
5,0.6931471805599453,0.70376676,train,p10,dataset_2,centrality
737,0.6931471805599453,0.70376676,train,p10,dataset_2,centrality
554,2.3978952727983707,2.4118443,train,p10,dataset_2,centrality
810,0.6931471805599453,0.70376676,train,p10,dataset_2,centrality
346,0.6931471805599453,0.70376676,train,p10,dataset_2,centrality
1407,0.6931471805599453,0.70376676,train,p10,dataset_2,centrality
370,0.6931471805599453,0.70376676,train,p10,dataset_2,centrality
484,0.6931471805599453,0.70376676,train,p10,dataset_2,centrality
1125,1.0986122886681098,0.89801574,train,p10,dataset_2,centrality
1202,0.6931471805599453,0.70376676,train,p10,dataset_2,centrality
1081,0.6931471805599453,0.70376676,train,p10,dataset_2,centrality
820,0.6931471805599453,0.70376676,train,p10,dataset_2,centrality
593,0.6931471805599453,0.70376676,train,p10,dataset_2,centrality
1429,0.6931471805599453,0.70376676,train,p10,dataset_2,centrality
563,0.6931471805599453,0.70376676,train,p10,dataset_2,centrality
1381,0.6931471805599453,0.70376676,train,p10,dataset_2,centrality
865,0.6931471805599453,0.70376676,train,p10,dataset_2,centrality
238,0.6931471805599453,0.7751377,train,p10,dataset_2,centrality
546,0.6931471805599453,0.70376676,train,p10,dataset_2,centrality
648,0.6931471805599453,0.70376676,train,p10,dataset_2,centrality
1366,0.6931471805599453,0.70376676,train,p10,dataset_2,centrality
936,0.6931471805599453,0.70376676,train,p10,dataset_2,centrality
307,0.6931471805599453,0.70376676,train,p10,dataset_2,centrality
1427,0.6931471805599453,0.70376676,train,p10,dataset_2,centrality
1406,0.6931471805599453,0.70376676,train,p10,dataset_2,centrality
971,0.6931471805599453,0.70376676,train,p10,dataset_2,centrality
877,0.6931471805599453,0.70376676,train,p10,dataset_2,centrality
139,0.6931471805599453,0.70376676,train,p10,dataset_2,centrality
1418,0.6931471805599453,0.70376676,train,p10,dataset_2,centrality
263,0.6931471805599453,0.70376676,train,p10,dataset_2,centrality
723,0.6931471805599453,0.7858377,train,p10,dataset_2,centrality
264,0.6931471805599453,0.70376676,train,p10,dataset_2,centrality
951,0.6931471805599453,0.70376676,train,p10,dataset_2,centrality
152,0.6931471805599453,0.70376676,train,p10,dataset_2,centrality
1118,0.6931471805599453,0.70376676,train,p10,dataset_2,centrality
631,1.6094379124341005,2.4118443,train,p10,dataset_2,centrality
456,0.6931471805599453,0.70376676,train,p10,dataset_2,centrality
210,1.791759469228055,2.1457498,train,p10,dataset_2,centrality
537,1.0986122886681098,1.2231727,train,p10,dataset_2,centrality
720,1.6094379124341005,1.7111979,train,p10,dataset_2,centrality
1339,0.6931471805599453,0.70376676,train,p10,dataset_2,centrality
1282,0.6931471805599453,0.70376676,train,p10,dataset_2,centrality
838,0.6931471805599453,0.70376676,train,p10,dataset_2,centrality
1136,0.6931471805599453,0.70376676,train,p10,dataset_2,centrality
194,0.6931471805599453,0.70376676,train,p10,dataset_2,centrality
553,0.6931471805599453,0.70376676,train,p10,dataset_2,centrality
165,0.6931471805599453,0.70376676,train,p10,dataset_2,centrality
698,0.6931471805599453,0.70376676,train,p10,dataset_2,centrality
1002,0.6931471805599453,0.70376676,train,p10,dataset_2,centrality
777,0.6931471805599453,0.70376676,train,p10,dataset_2,centrality
1150,0.6931471805599453,0.70376676,train,p10,dataset_2,centrality
760,0.6931471805599453,0.70376676,train,p10,dataset_2,centrality
147,0.6931471805599453,0.70376676,train,p10,dataset_2,centrality
612,0.6931471805599453,0.70376676,train,p10,dataset_2,centrality
511,0.6931471805599453,0.70376676,train,p10,dataset_2,centrality
1299,0.6931471805599453,0.70376676,train,p10,dataset_2,centrality
974,0.6931471805599453,0.70376676,train,p10,dataset_2,centrality
599,0.6931471805599453,0.70376676,train,p10,dataset_2,centrality
368,0.6931471805599453,0.70376676,train,p10,dataset_2,centrality
441,0.6931471805599453,0.70376676,train,p10,dataset_2,centrality
360,0.6931471805599453,0.70376676,train,p10,dataset_2,centrality
581,0.6931471805599453,0.70376676,train,p10,dataset_2,centrality
1314,0.6931471805599453,0.70376676,train,p10,dataset_2,centrality
801,0.6931471805599453,0.70376676,train,p10,dataset_2,centrality
808,0.6931471805599453,0.70376676,train,p10,dataset_2,centrality
1115,0.6931471805599453,0.70376676,train,p10,dataset_2,centrality
657,0.6931471805599453,0.7751377,train,p10,dataset_2,centrality
695,0.6931471805599453,0.70376676,train,p10,dataset_2,centrality
201,0.6931471805599453,0.70376676,train,p10,dataset_2,centrality
1007,0.6931471805599453,0.70376676,train,p10,dataset_2,centrality
1401,0.6931471805599453,0.70376676,train,p10,dataset_2,centrality
669,0.6931471805599453,0.70376676,train,p10,dataset_2,centrality
1347,0.6931471805599453,0.70376676,train,p10,dataset_2,centrality
1267,0.6931471805599453,0.70376676,train,p10,dataset_2,centrality
1117,0.6931471805599453,0.70376676,train,p10,dataset_2,centrality
1218,0.6931471805599453,0.70376676,train,p10,dataset_2,centrality
638,0.6931471805599453,0.89801574,train,p10,dataset_2,centrality
74,0.6931471805599453,0.70376676,train,p10,dataset_2,centrality
1011,0.6931471805599453,0.70376676,train,p10,dataset_2,centrality
576,0.6931471805599453,0.70376676,train,p10,dataset_2,centrality
233,0.6931471805599453,0.70376676,train,p10,dataset_2,centrality
1216,0.6931471805599453,0.70376676,train,p10,dataset_2,centrality
97,0.6931471805599453,0.70376676,train,p10,dataset_2,centrality
1440,0.6931471805599453,0.70376676,train,p10,dataset_2,centrality
862,0.6931471805599453,0.70376676,train,p10,dataset_2,centrality
171,0.6931471805599453,0.70376676,train,p10,dataset_2,centrality
1146,0.6931471805599453,0.70376676,train,p10,dataset_2,centrality
395,2.0794415416798357,2.0520005,train,p10,dataset_2,centrality
629,2.995732273553991,2.7849612,train,p10,dataset_2,centrality
467,0.6931471805599453,0.70376676,train,p10,dataset_2,centrality
59,0.6931471805599453,0.70376676,train,p10,dataset_2,centrality
623,1.9459101490553132,1.2231727,train,p10,dataset_2,centrality
432,1.3862943611198906,1.2865057,train,p10,dataset_2,centrality
1078,0.6931471805599453,0.70376676,train,p10,dataset_2,centrality
972,0.6931471805599453,0.70376676,train,p10,dataset_2,centrality
1017,0.6931471805599453,0.70376676,train,p10,dataset_2,centrality
1001,0.6931471805599453,0.70376676,train,p10,dataset_2,centrality
734,0.6931471805599453,0.70376676,train,p10,dataset_2,centrality
681,0.6931471805599453,0.70376676,train,p10,dataset_2,centrality
703,0.6931471805599453,0.70376676,train,p10,dataset_2,centrality
1071,0.6931471805599453,0.70376676,train,p10,dataset_2,centrality
444,0.6931471805599453,0.7751377,train,p10,dataset_2,centrality
622,0.6931471805599453,0.70376676,train,p10,dataset_2,centrality
1312,0.6931471805599453,0.70376676,train,p10,dataset_2,centrality
89,0.6931471805599453,0.70376676,train,p10,dataset_2,centrality
17,1.0986122886681098,0.70376676,train,p10,dataset_2,centrality
406,0.6931471805599453,0.70376676,train,p10,dataset_2,centrality
391,1.3862943611198906,0.7751377,train,p10,dataset_2,centrality
328,0.6931471805599453,0.70376676,train,p10,dataset_2,centrality
178,0.6931471805599453,0.70376676,train,p10,dataset_2,centrality
550,0.6931471805599453,0.70376676,train,p10,dataset_2,centrality
1280,0.6931471805599453,0.70376676,train,p10,dataset_2,centrality
138,0.6931471805599453,0.70376676,train,p10,dataset_2,centrality
1428,0.6931471805599453,0.70376676,train,p10,dataset_2,centrality
96,0.6931471805599453,0.70376676,train,p10,dataset_2,centrality
1291,0.6931471805599453,0.70376676,train,p10,dataset_2,centrality
273,0.6931471805599453,0.70376676,train,p10,dataset_2,centrality
1196,0.6931471805599453,0.70376676,train,p10,dataset_2,centrality
1307,0.6931471805599453,0.70376676,train,p10,dataset_2,centrality
1119,0.6931471805599453,0.7751377,train,p10,dataset_2,centrality
1283,0.6931471805599453,0.70376676,train,p10,dataset_2,centrality
885,0.6931471805599453,0.70376676,train,p10,dataset_2,centrality
851,0.6931471805599453,0.70376676,train,p10,dataset_2,centrality
1204,0.6931471805599453,0.70376676,train,p10,dataset_2,centrality
746,0.6931471805599453,0.70376676,train,p10,dataset_2,centrality
167,0.6931471805599453,0.70376676,train,p10,dataset_2,centrality
1221,0.6931471805599453,0.7751377,train,p10,dataset_2,centrality
613,0.6931471805599453,0.70376676,train,p10,dataset_2,centrality
667,0.6931471805599453,0.70376676,train,p10,dataset_2,centrality
1242,0.6931471805599453,0.70376676,train,p10,dataset_2,centrality
544,0.6931471805599453,0.70376676,train,p10,dataset_2,centrality
204,0.6931471805599453,0.70376676,train,p10,dataset_2,centrality
110,0.6931471805599453,0.70376676,train,p10,dataset_2,centrality
470,0.6931471805599453,0.70376676,train,p10,dataset_2,centrality
958,0.6931471805599453,0.70376676,train,p10,dataset_2,centrality
717,2.833213344056216,2.7849612,train,p10,dataset_2,centrality
221,0.6931471805599453,0.70376676,train,p10,dataset_2,centrality
1133,0.6931471805599453,0.7751377,train,p10,dataset_2,centrality
1132,0.6931471805599453,0.70376676,train,p10,dataset_2,centrality
486,0.6931471805599453,0.70376676,train,p10,dataset_2,centrality
137,0.6931471805599453,0.70376676,train,p10,dataset_2,centrality
789,0.6931471805599453,0.70376676,train,p10,dataset_2,centrality
92,0.6931471805599453,0.70376676,train,p10,dataset_2,centrality
230,0.6931471805599453,0.70376676,train,p10,dataset_2,centrality
16,0.6931471805599453,0.70376676,train,p10,dataset_2,centrality
764,0.6931471805599453,0.70376676,train,p10,dataset_2,centrality
645,1.3862943611198906,1.5466437,train,p10,dataset_2,centrality
1056,0.6931471805599453,0.70376676,train,p10,dataset_2,centrality
750,1.0986122886681098,0.7751377,train,p10,dataset_2,centrality
48,0.6931471805599453,0.70376676,train,p10,dataset_2,centrality
1194,0.6931471805599453,0.70376676,train,p10,dataset_2,centrality
957,0.6931471805599453,0.70376676,train,p10,dataset_2,centrality
1374,0.6931471805599453,0.70376676,train,p10,dataset_2,centrality
266,0.6931471805599453,0.70376676,train,p10,dataset_2,centrality
108,0.6931471805599453,0.70376676,train,p10,dataset_2,centrality
727,0.6931471805599453,0.7751377,train,p10,dataset_2,centrality
677,0.6931471805599453,0.70376676,train,p10,dataset_2,centrality
942,0.6931471805599453,0.70376676,train,p10,dataset_2,centrality
719,1.791759469228055,0.89801574,train,p10,dataset_2,centrality
211,3.6635616461296463,2.2581809,train,p10,dataset_2,centrality
756,0.6931471805599453,0.70376676,train,p10,dataset_2,centrality
1212,0.6931471805599453,0.70376676,train,p10,dataset_2,centrality
1035,0.6931471805599453,0.70376676,train,p10,dataset_2,centrality
20,0.6931471805599453,0.70376676,train,p10,dataset_2,centrality
561,0.6931471805599453,0.70376676,train,p10,dataset_2,centrality
759,0.6931471805599453,0.70376676,train,p10,dataset_2,centrality
1416,0.6931471805599453,0.70376676,train,p10,dataset_2,centrality
670,0.6931471805599453,0.70376676,train,p10,dataset_2,centrality
443,0.6931471805599453,0.70376676,train,p10,dataset_2,centrality
225,0.6931471805599453,0.70376676,train,p10,dataset_2,centrality
1148,0.6931471805599453,0.70376676,train,p10,dataset_2,centrality
1168,1.3862943611198906,1.7540689,train,p10,dataset_2,centrality
1294,0.6931471805599453,0.70376676,train,p10,dataset_2,centrality
700,0.6931471805599453,0.70376676,train,p10,dataset_2,centrality
716,2.3978952727983707,2.0520005,train,p10,dataset_2,centrality
1180,1.0986122886681098,0.89801574,train,p10,dataset_2,centrality
250,0.6931471805599453,0.70376676,train,p10,dataset_2,centrality
439,0.6931471805599453,0.70376676,train,p10,dataset_2,centrality
805,0.6931471805599453,0.70376676,train,p10,dataset_2,centrality
595,1.9459101490553132,2.5828965,train,p10,dataset_2,centrality
119,0.6931471805599453,0.70376676,train,p10,dataset_2,centrality
1044,0.6931471805599453,0.70376676,train,p10,dataset_2,centrality
774,0.6931471805599453,0.70376676,train,p10,dataset_2,centrality
372,0.6931471805599453,0.70376676,train,p10,dataset_2,centrality
726,0.6931471805599453,0.7751377,train,p10,dataset_2,centrality
736,1.0986122886681098,0.70376676,train,p10,dataset_2,centrality
809,0.6931471805599453,0.70376676,train,p10,dataset_2,centrality
1356,0.6931471805599453,0.70376676,train,p10,dataset_2,centrality
1320,0.6931471805599453,0.89801574,train,p10,dataset_2,centrality
294,0.6931471805599453,0.70376676,train,p10,dataset_2,centrality
569,0.6931471805599453,0.70376676,train,p10,dataset_2,centrality
1072,0.6931471805599453,0.70376676,train,p10,dataset_2,centrality
335,0.6931471805599453,0.70376676,train,p10,dataset_2,centrality
1260,0.6931471805599453,0.70376676,train,p10,dataset_2,centrality
1140,0.6931471805599453,0.70376676,train,p10,dataset_2,centrality
609,0.6931471805599453,0.70376676,train,p10,dataset_2,centrality
1184,0.6931471805599453,0.70376676,train,p10,dataset_2,centrality
383,0.6931471805599453,0.70376676,train,p10,dataset_2,centrality
1145,0.6931471805599453,0.70376676,train,p10,dataset_2,centrality
508,0.6931471805599453,0.70376676,train,p10,dataset_2,centrality
359,0.6931471805599453,0.70376676,train,p10,dataset_2,centrality
940,0.6931471805599453,0.70376676,train,p10,dataset_2,centrality
928,0.6931471805599453,0.70376676,train,p10,dataset_2,centrality
156,0.6931471805599453,0.70376676,train,p10,dataset_2,centrality
1408,0.6931471805599453,0.70376676,train,p10,dataset_2,centrality
1249,0.6931471805599453,0.70376676,train,p10,dataset_2,centrality
534,0.6931471805599453,0.70376676,train,p10,dataset_2,centrality
296,0.6931471805599453,0.70376676,train,p10,dataset_2,centrality
487,0.6931471805599453,0.70376676,train,p10,dataset_2,centrality
22,0.6931471805599453,0.70376676,train,p10,dataset_2,centrality
962,0.6931471805599453,0.70376676,train,p10,dataset_2,centrality
1110,0.6931471805599453,0.70376676,train,p10,dataset_2,centrality
880,0.6931471805599453,0.70376676,train,p10,dataset_2,centrality
336,0.6931471805599453,0.70376676,train,p10,dataset_2,centrality
426,0.6931471805599453,0.7751377,train,p10,dataset_2,centrality
84,0.6931471805599453,0.70376676,train,p10,dataset_2,centrality
992,0.6931471805599453,0.70376676,train,p10,dataset_2,centrality
1439,0.6931471805599453,0.70376676,train,p10,dataset_2,centrality
1386,0.6931471805599453,0.70376676,train,p10,dataset_2,centrality
1033,0.6931471805599453,0.70376676,train,p10,dataset_2,centrality
1349,0.6931471805599453,0.70376676,train,p10,dataset_2,centrality
220,0.6931471805599453,0.7751377,train,p10,dataset_2,centrality
1328,0.6931471805599453,0.70376676,train,p10,dataset_2,centrality
565,0.6931471805599453,0.70376676,train,p10,dataset_2,centrality
434,0.6931471805599453,0.70376676,train,p10,dataset_2,centrality
515,0.6931471805599453,0.70376676,train,p10,dataset_2,centrality
761,0.6931471805599453,0.70376676,train,p10,dataset_2,centrality
1222,0.6931471805599453,0.70376676,train,p10,dataset_2,centrality
52,0.6931471805599453,0.70376676,train,p10,dataset_2,centrality
589,0.6931471805599453,0.70376676,train,p10,dataset_2,centrality
975,0.6931471805599453,0.70376676,train,p10,dataset_2,centrality
281,0.6931471805599453,0.70376676,train,p10,dataset_2,centrality
1271,0.6931471805599453,0.70376676,train,p10,dataset_2,centrality
562,0.6931471805599453,0.70376676,train,p10,dataset_2,centrality
10,0.6931471805599453,0.70376676,train,p10,dataset_2,centrality
738,1.0986122886681098,0.70376676,train,p10,dataset_2,centrality
1229,0.6931471805599453,0.70376676,train,p10,dataset_2,centrality
352,0.6931471805599453,0.70376676,train,p10,dataset_2,centrality
1371,0.6931471805599453,0.70376676,train,p10,dataset_2,centrality
1041,0.6931471805599453,0.70376676,train,p10,dataset_2,centrality
660,0.6931471805599453,0.70376676,train,p10,dataset_2,centrality
1205,0.6931471805599453,0.70376676,train,p10,dataset_2,centrality
624,0.6931471805599453,0.70376676,train,p10,dataset_2,centrality
21,0.6931471805599453,0.70376676,train,p10,dataset_2,centrality
448,0.6931471805599453,0.70376676,train,p10,dataset_2,centrality
923,0.6931471805599453,0.70376676,train,p10,dataset_2,centrality
800,0.6931471805599453,0.70376676,train,p10,dataset_2,centrality
94,0.6931471805599453,0.70376676,train,p10,dataset_2,centrality
966,0.6931471805599453,0.70376676,train,p10,dataset_2,centrality
146,0.6931471805599453,0.70376676,train,p10,dataset_2,centrality
993,0.6931471805599453,0.70376676,train,p10,dataset_2,centrality
829,0.6931471805599453,0.70376676,train,p10,dataset_2,centrality
644,0.6931471805599453,0.70376676,train,p10,dataset_2,centrality
331,0.6931471805599453,0.70376676,train,p10,dataset_2,centrality
366,0.6931471805599453,0.70376676,train,p10,dataset_2,centrality
768,0.6931471805599453,0.70376676,train,p10,dataset_2,centrality
1046,0.6931471805599453,0.70376676,train,p10,dataset_2,centrality
725,0.6931471805599453,0.9800867,train,p10,dataset_2,centrality
422,0.6931471805599453,0.70376676,train,p10,dataset_2,centrality
1067,0.6931471805599453,0.70376676,train,p10,dataset_2,centrality
954,0.6931471805599453,0.70376676,train,p10,dataset_2,centrality
207,4.110873864173311,2.7849612,train,p10,dataset_2,centrality
249,0.6931471805599453,0.70376676,train,p10,dataset_2,centrality
353,0.6931471805599453,0.70376676,train,p10,dataset_2,centrality
883,0.6931471805599453,0.70376676,train,p10,dataset_2,centrality
525,0.6931471805599453,0.70376676,train,p10,dataset_2,centrality
1345,0.6931471805599453,0.70376676,train,p10,dataset_2,centrality
390,0.6931471805599453,0.70376676,train,p10,dataset_2,centrality
526,0.6931471805599453,0.70376676,train,p10,dataset_2,centrality
1262,0.6931471805599453,0.70376676,train,p10,dataset_2,centrality
1370,0.6931471805599453,0.70376676,train,p10,dataset_2,centrality
1183,0.6931471805599453,0.70376676,train,p10,dataset_2,centrality
1375,0.6931471805599453,0.70376676,train,p10,dataset_2,centrality
8,0.6931471805599453,0.70376676,train,p10,dataset_2,centrality
298,0.6931471805599453,0.70376676,train,p10,dataset_2,centrality
1230,0.6931471805599453,0.70376676,train,p10,dataset_2,centrality
344,0.6931471805599453,0.70376676,train,p10,dataset_2,centrality
320,0.6931471805599453,0.70376676,train,p10,dataset_2,centrality
1252,0.6931471805599453,0.70376676,train,p10,dataset_2,centrality
452,0.6931471805599453,0.70376676,train,p10,dataset_2,centrality
1153,0.6931471805599453,0.70376676,train,p10,dataset_2,centrality
166,0.6931471805599453,0.70376676,train,p10,dataset_2,centrality
388,0.6931471805599453,0.70376676,train,p10,dataset_2,centrality
446,0.6931471805599453,0.70376676,train,p10,dataset_2,centrality
1287,0.6931471805599453,0.70376676,train,p10,dataset_2,centrality
1327,0.6931471805599453,0.70376676,train,p10,dataset_2,centrality
1268,0.6931471805599453,0.70376676,train,p10,dataset_2,centrality
4,0.6931471805599453,0.70376676,train,p10,dataset_2,centrality
1372,0.6931471805599453,0.70376676,train,p10,dataset_2,centrality
767,1.0986122886681098,0.7751377,train,p10,dataset_2,centrality
574,0.6931471805599453,0.70376676,train,p10,dataset_2,centrality
524,0.6931471805599453,0.70376676,train,p10,dataset_2,centrality
989,0.6931471805599453,0.70376676,train,p10,dataset_2,centrality
882,0.6931471805599453,0.70376676,train,p10,dataset_2,centrality
236,0.6931471805599453,0.70376676,train,p10,dataset_2,centrality
1419,0.6931471805599453,0.70376676,train,p10,dataset_2,centrality
1096,0.6931471805599453,0.70376676,train,p10,dataset_2,centrality
182,0.6931471805599453,0.70376676,train,p10,dataset_2,centrality
952,0.6931471805599453,0.70376676,train,p10,dataset_2,centrality
604,0.6931471805599453,0.70376676,train,p10,dataset_2,centrality
453,0.6931471805599453,0.70376676,train,p10,dataset_2,centrality
350,0.6931471805599453,0.70376676,train,p10,dataset_2,centrality
278,0.6931471805599453,0.70376676,train,p10,dataset_2,centrality
635,3.610917912644224,2.4118443,train,p10,dataset_2,centrality
226,0.6931471805599453,0.70376676,train,p10,dataset_2,centrality
1074,0.6931471805599453,0.70376676,train,p10,dataset_2,centrality
1277,0.6931471805599453,0.70376676,train,p10,dataset_2,centrality
269,0.6931471805599453,0.70376676,train,p10,dataset_2,centrality
1368,0.6931471805599453,0.70376676,train,p10,dataset_2,centrality
1128,0.6931471805599453,0.7751377,train,p10,dataset_2,centrality
568,0.6931471805599453,0.70376676,train,p10,dataset_2,centrality
1319,0.6931471805599453,0.70376676,train,p10,dataset_2,centrality
517,0.6931471805599453,0.70376676,train,p10,dataset_2,centrality
822,0.6931471805599453,0.70376676,train,p10,dataset_2,centrality
1062,0.6931471805599453,0.70376676,train,p10,dataset_2,centrality
191,0.6931471805599453,0.70376676,train,p10,dataset_2,centrality
895,0.6931471805599453,0.70376676,train,p10,dataset_2,centrality
917,0.6931471805599453,0.70376676,train,p10,dataset_2,centrality
606,0.6931471805599453,0.70376676,train,p10,dataset_2,centrality
1182,1.3862943611198906,0.7751377,train,p10,dataset_2,centrality
797,0.6931471805599453,0.70376676,train,p10,dataset_2,centrality
183,0.6931471805599453,0.70376676,train,p10,dataset_2,centrality
311,0.6931471805599453,0.70376676,train,p10,dataset_2,centrality
73,0.6931471805599453,0.70376676,train,p10,dataset_2,centrality
687,0.6931471805599453,0.70376676,train,p10,dataset_2,centrality
134,0.6931471805599453,0.70376676,train,p10,dataset_2,centrality
1322,0.6931471805599453,0.70376676,train,p10,dataset_2,centrality
349,0.6931471805599453,0.70376676,train,p10,dataset_2,centrality
1089,0.6931471805599453,0.70376676,train,p10,dataset_2,centrality
1275,0.6931471805599453,0.70376676,train,p10,dataset_2,centrality
489,0.6931471805599453,0.70376676,train,p10,dataset_2,centrality
445,0.6931471805599453,0.70376676,train,p10,dataset_2,centrality
580,0.6931471805599453,0.70376676,train,p10,dataset_2,centrality
504,0.6931471805599453,0.70376676,train,p10,dataset_2,centrality
342,0.6931471805599453,0.70376676,train,p10,dataset_2,centrality
807,0.6931471805599453,0.70376676,train,p10,dataset_2,centrality
79,0.6931471805599453,0.70376676,train,p10,dataset_2,centrality
998,0.6931471805599453,0.70376676,train,p10,dataset_2,centrality
953,0.6931471805599453,0.70376676,train,p10,dataset_2,centrality
773,0.6931471805599453,0.70376676,train,p10,dataset_2,centrality
241,1.6094379124341005,1.7272825,train,p10,dataset_2,centrality
1142,0.6931471805599453,0.70376676,train,p10,dataset_2,centrality
1139,0.6931471805599453,0.70376676,train,p10,dataset_2,centrality
647,0.6931471805599453,0.89801574,train,p10,dataset_2,centrality
180,0.6931471805599453,0.70376676,train,p10,dataset_2,centrality
23,0.6931471805599453,0.70376676,train,p10,dataset_2,centrality
1424,0.6931471805599453,0.70376676,train,p10,dataset_2,centrality
154,0.6931471805599453,0.70376676,train,p10,dataset_2,centrality
144,0.6931471805599453,0.70376676,train,p10,dataset_2,centrality
724,1.0986122886681098,0.7751377,train,p10,dataset_2,centrality
643,1.0986122886681098,1.2865057,train,p10,dataset_2,centrality
120,0.6931471805599453,0.70376676,train,p10,dataset_2,centrality
1127,0.6931471805599453,0.70376676,train,p10,dataset_2,centrality
948,0.6931471805599453,0.70376676,train,p10,dataset_2,centrality
633,1.0986122886681098,1.7631966,train,p10,dataset_2,centrality
1309,0.6931471805599453,0.70376676,train,p10,dataset_2,centrality
41,0.6931471805599453,0.70376676,train,p10,dataset_2,centrality
255,0.6931471805599453,0.70376676,train,p10,dataset_2,centrality
455,0.6931471805599453,0.70376676,train,p10,dataset_2,centrality
491,0.6931471805599453,0.70376676,train,p10,dataset_2,centrality
185,0.6931471805599453,0.70376676,train,p10,dataset_2,centrality
540,0.6931471805599453,0.70376676,train,p10,dataset_2,centrality
459,0.6931471805599453,0.70376676,train,p10,dataset_2,centrality
1124,0.6931471805599453,0.7751377,train,p10,dataset_2,centrality
1245,0.6931471805599453,0.70376676,train,p10,dataset_2,centrality
1195,0.6931471805599453,0.70376676,train,p10,dataset_2,centrality
476,0.6931471805599453,0.70376676,train,p10,dataset_2,centrality
321,0.6931471805599453,0.70376676,train,p10,dataset_2,centrality
591,0.6931471805599453,0.70376676,train,p10,dataset_2,centrality
26,0.6931471805599453,0.70376676,train,p10,dataset_2,centrality
1186,0.6931471805599453,0.70376676,train,p10,dataset_2,centrality
1010,0.6931471805599453,0.70376676,train,p10,dataset_2,centrality
1059,0.6931471805599453,0.70376676,train,p10,dataset_2,centrality
911,0.6931471805599453,0.70376676,train,p10,dataset_2,centrality
616,0.6931471805599453,0.70376676,train,p10,dataset_2,centrality
1170,1.3862943611198906,1.4984581,train,p10,dataset_2,centrality
428,0.6931471805599453,0.70376676,train,p10,dataset_2,centrality
778,0.6931471805599453,0.70376676,train,p10,dataset_2,centrality
393,1.0986122886681098,0.7751377,train,p10,dataset_2,centrality
1274,0.6931471805599453,0.70376676,train,p10,dataset_2,centrality
728,0.6931471805599453,0.70376676,train,p10,dataset_2,centrality
430,0.6931471805599453,0.70376676,train,p10,dataset_2,centrality
1415,0.6931471805599453,0.70376676,train,p10,dataset_2,centrality
272,0.6931471805599453,0.70376676,train,p10,dataset_2,centrality
488,0.6931471805599453,0.70376676,train,p10,dataset_2,centrality
187,0.6931471805599453,0.70376676,train,p10,dataset_2,centrality
823,0.6931471805599453,0.70376676,train,p10,dataset_2,centrality
1095,0.6931471805599453,0.70376676,train,p10,dataset_2,centrality
39,0.6931471805599453,0.70376676,train,p10,dataset_2,centrality
755,0.6931471805599453,0.70376676,train,p10,dataset_2,centrality
153,0.6931471805599453,0.70376676,train,p10,dataset_2,centrality
987,0.6931471805599453,0.70376676,train,p10,dataset_2,centrality
1018,0.6931471805599453,0.70376676,train,p10,dataset_2,centrality
37,0.6931471805599453,0.70376676,train,p10,dataset_2,centrality
1435,0.6931471805599453,0.70376676,train,p10,dataset_2,centrality
900,0.6931471805599453,0.70376676,train,p10,dataset_2,centrality
1253,0.6931471805599453,0.70376676,train,p10,dataset_2,centrality
86,0.6931471805599453,0.70376676,train,p10,dataset_2,centrality
1019,0.6931471805599453,0.70376676,train,p10,dataset_2,centrality
1105,0.6931471805599453,0.70376676,train,p10,dataset_2,centrality
1220,0.6931471805599453,0.70376676,train,p10,dataset_2,centrality
941,0.6931471805599453,0.70376676,train,p10,dataset_2,centrality
881,0.6931471805599453,0.70376676,train,p10,dataset_2,centrality
696,0.6931471805599453,0.70376676,train,p10,dataset_2,centrality
1385,0.6931471805599453,0.70376676,train,p10,dataset_2,centrality
915,0.6931471805599453,0.70376676,train,p10,dataset_2,centrality
1334,0.6931471805599453,0.70376676,train,p10,dataset_2,centrality
1198,0.6931471805599453,0.70376676,train,p10,dataset_2,centrality
1094,0.6931471805599453,0.70376676,train,p10,dataset_2,centrality
1049,0.6931471805599453,0.70376676,train,p10,dataset_2,centrality
967,0.6931471805599453,0.70376676,train,p10,dataset_2,centrality
1063,0.6931471805599453,0.70376676,train,p10,dataset_2,centrality
875,0.6931471805599453,0.70376676,train,p10,dataset_2,centrality
826,0.6931471805599453,0.70376676,train,p10,dataset_2,centrality
305,0.6931471805599453,0.70376676,train,p10,dataset_2,centrality
831,0.6931471805599453,0.70376676,train,p10,dataset_2,centrality
1335,0.6931471805599453,0.70376676,train,p10,dataset_2,centrality
849,0.6931471805599453,0.70376676,train,p10,dataset_2,centrality
90,0.6931471805599453,0.70376676,train,p10,dataset_2,centrality
642,0.6931471805599453,0.89801574,train,p10,dataset_2,centrality
1091,0.6931471805599453,0.70376676,train,p10,dataset_2,centrality
1149,0.6931471805599453,0.70376676,train,p10,dataset_2,centrality
676,0.6931471805599453,0.70376676,train,p10,dataset_2,centrality
125,0.6931471805599453,0.70376676,train,p10,dataset_2,centrality
1225,0.6931471805599453,0.70376676,train,p10,dataset_2,centrality
1364,0.6931471805599453,0.70376676,train,p10,dataset_2,centrality
902,0.6931471805599453,0.70376676,train,p10,dataset_2,centrality
243,0.6931471805599453,0.70376676,train,p10,dataset_2,centrality
11,0.6931471805599453,0.70376676,train,p10,dataset_2,centrality
1032,0.6931471805599453,0.70376676,train,p10,dataset_2,centrality
1084,0.6931471805599453,0.70376676,train,p10,dataset_2,centrality
694,1.0986122886681098,1.2383201,train,p10,dataset_2,centrality
246,1.3862943611198906,1.2231727,train,p10,dataset_2,centrality
1050,0.6931471805599453,0.70376676,train,p10,dataset_2,centrality
814,0.6931471805599453,0.70376676,train,p10,dataset_2,centrality
1137,0.6931471805599453,0.70376676,train,p10,dataset_2,centrality
897,0.6931471805599453,0.70376676,train,p10,dataset_2,centrality
495,0.6931471805599453,0.70376676,train,p10,dataset_2,centrality
437,0.6931471805599453,0.70376676,train,p10,dataset_2,centrality
821,0.6931471805599453,0.70376676,train,p10,dataset_2,centrality
155,0.6931471805599453,0.70376676,train,p10,dataset_2,centrality
530,0.6931471805599453,0.70376676,train,p10,dataset_2,centrality
66,0.6931471805599453,0.70376676,train,p10,dataset_2,centrality
538,0.6931471805599453,0.89801574,train,p10,dataset_2,centrality
364,0.6931471805599453,0.70376676,train,p10,dataset_2,centrality
1269,0.6931471805599453,0.70376676,train,p10,dataset_2,centrality
521,0.6931471805599453,0.70376676,train,p10,dataset_2,centrality
1306,0.6931471805599453,0.70376676,train,p10,dataset_2,centrality
977,0.6931471805599453,0.70376676,train,p10,dataset_2,centrality
114,0.6931471805599453,0.70376676,train,p10,dataset_2,centrality
634,3.58351893845611,2.3314528,train,p10,dataset_2,centrality
1004,0.6931471805599453,0.70376676,train,p10,dataset_2,centrality
984,0.6931471805599453,0.70376676,train,p10,dataset_2,centrality
386,0.6931471805599453,0.70376676,train,p10,dataset_2,centrality
1208,0.6931471805599453,0.70376676,train,p10,dataset_2,centrality
1433,0.6931471805599453,0.70376676,train,p10,dataset_2,centrality
907,0.6931471805599453,0.70376676,train,p10,dataset_2,centrality
40,0.6931471805599453,0.70376676,train,p10,dataset_2,centrality
712,1.0986122886681098,0.7751377,train,p10,dataset_2,centrality
608,0.6931471805599453,0.70376676,train,p10,dataset_2,centrality
1265,0.6931471805599453,0.70376676,train,p10,dataset_2,centrality
996,0.6931471805599453,0.70376676,train,p10,dataset_2,centrality
399,2.1972245773362196,2.2165544,train,p10,dataset_2,centrality
692,0.6931471805599453,0.70376676,train,p10,dataset_2,centrality
1111,0.6931471805599453,0.70376676,train,p10,dataset_2,centrality
542,0.6931471805599453,0.70376676,train,p10,dataset_2,centrality
262,0.6931471805599453,0.70376676,train,p10,dataset_2,centrality
626,2.0794415416798357,2.7849612,train,p10,dataset_2,centrality
477,0.6931471805599453,0.70376676,train,p10,dataset_2,centrality
535,0.6931471805599453,0.70376676,train,p10,dataset_2,centrality
1264,0.6931471805599453,0.70376676,train,p10,dataset_2,centrality
357,0.6931471805599453,0.70376676,train,p10,dataset_2,centrality
1388,0.6931471805599453,0.70376676,train,p10,dataset_2,centrality
903,0.6931471805599453,0.70376676,train,p10,dataset_2,centrality
1155,0.6931471805599453,0.70376676,train,p10,dataset_2,centrality
245,0.6931471805599453,0.70376676,train,p10,dataset_2,centrality
1052,0.6931471805599453,0.70376676,train,p10,dataset_2,centrality
834,0.6931471805599453,0.70376676,train,p10,dataset_2,centrality
1405,0.6931471805599453,0.70376676,train,p10,dataset_2,centrality
314,0.6931471805599453,0.70376676,train,p10,dataset_2,centrality
387,0.6931471805599453,0.70376676,train,p10,dataset_2,centrality
1350,0.6931471805599453,0.70376676,train,p10,dataset_2,centrality
334,0.6931471805599453,0.70376676,train,p10,dataset_2,centrality
944,0.6931471805599453,0.70376676,train,p10,dataset_2,centrality
27,0.6931471805599453,0.70376676,train,p10,dataset_2,centrality
1359,0.6931471805599453,0.70376676,train,p10,dataset_2,centrality
1158,1.0986122886681098,0.89801574,train,p10,dataset_2,centrality
548,0.6931471805599453,0.70376676,train,p10,dataset_2,centrality
793,0.6931471805599453,0.70376676,train,p10,dataset_2,centrality
162,0.6931471805599453,0.70376676,train,p10,dataset_2,centrality
1213,0.6931471805599453,0.70376676,train,p10,dataset_2,centrality
356,0.6931471805599453,0.70376676,train,p10,dataset_2,centrality
1279,0.6931471805599453,0.70376676,train,p10,dataset_2,centrality
431,1.0986122886681098,0.70376676,train,p10,dataset_2,centrality
870,0.6931471805599453,0.70376676,train,p10,dataset_2,centrality
25,0.6931471805599453,0.70376676,train,p10,dataset_2,centrality
1015,0.6931471805599453,0.70376676,train,p10,dataset_2,centrality
991,0.6931471805599453,0.70376676,train,p10,dataset_2,centrality
118,0.6931471805599453,0.70376676,train,p10,dataset_2,centrality
675,0.6931471805599453,0.7751377,train,p10,dataset_2,centrality
392,0.6931471805599453,0.7751377,train,p10,dataset_2,centrality
658,0.6931471805599453,0.7751377,train,p10,dataset_2,centrality
367,0.6931471805599453,0.70376676,train,p10,dataset_2,centrality
199,0.6931471805599453,0.70376676,train,p10,dataset_2,centrality
762,1.0986122886681098,0.70376676,train,p10,dataset_2,centrality
159,0.6931471805599453,0.70376676,train,p10,dataset_2,centrality
502,0.6931471805599453,0.70376676,train,p10,dataset_2,centrality
1038,0.6931471805599453,0.70376676,train,p10,dataset_2,centrality
753,0.6931471805599453,0.70376676,train,p10,dataset_2,centrality
1332,0.6931471805599453,0.70376676,train,p10,dataset_2,centrality
1167,0.6931471805599453,0.70376676,train,p10,dataset_2,centrality
678,0.6931471805599453,0.70376676,train,p10,dataset_2,centrality
1397,0.6931471805599453,0.70376676,train,p10,dataset_2,centrality
516,0.6931471805599453,0.70376676,train,p10,dataset_2,centrality
740,0.6931471805599453,0.70376676,train,p10,dataset_2,centrality
852,0.6931471805599453,0.70376676,train,p10,dataset_2,centrality
1234,0.6931471805599453,0.70376676,train,p10,dataset_2,centrality
995,0.6931471805599453,0.70376676,train,p10,dataset_2,centrality
132,0.6931471805599453,0.70376676,train,p10,dataset_2,centrality
854,0.6931471805599453,0.70376676,train,p10,dataset_2,centrality
186,0.6931471805599453,0.70376676,train,p10,dataset_2,centrality
1437,0.6931471805599453,0.70376676,train,p10,dataset_2,centrality
1363,0.6931471805599453,0.70376676,train,p10,dataset_2,centrality
1164,0.6931471805599453,0.7751377,train,p10,dataset_2,centrality
284,2.0794415416798357,0.9800867,train,p10,dataset_2,centrality
1165,2.3978952727983707,2.7849612,train,p10,dataset_2,centrality
1436,0.6931471805599453,0.70376676,train,p10,dataset_2,centrality
325,0.6931471805599453,0.70376676,train,p10,dataset_2,centrality
287,0.6931471805599453,0.70376676,train,p10,dataset_2,centrality
1060,0.6931471805599453,0.70376676,train,p10,dataset_2,centrality
955,0.6931471805599453,0.70376676,train,p10,dataset_2,centrality
1101,0.6931471805599453,0.70376676,train,p10,dataset_2,centrality
1200,0.6931471805599453,0.70376676,train,p10,dataset_2,centrality
252,0.6931471805599453,0.70376676,train,p10,dataset_2,centrality
157,0.6931471805599453,0.70376676,train,p10,dataset_2,centrality
1113,0.6931471805599453,0.70376676,train,p10,dataset_2,centrality
435,0.6931471805599453,0.7751377,train,p10,dataset_2,centrality
1340,0.6931471805599453,0.70376676,train,p10,dataset_2,centrality
785,0.6931471805599453,0.70376676,train,p10,dataset_2,centrality
1316,0.6931471805599453,0.70376676,train,p10,dataset_2,centrality
709,0.6931471805599453,0.70376676,train,p10,dataset_2,centrality
81,1.0986122886681098,0.9131632,train,p10,dataset_2,centrality
735,0.6931471805599453,0.70376676,train,p10,dataset_2,centrality
98,0.6931471805599453,0.70376676,train,p10,dataset_2,centrality
640,1.6094379124341005,1.8918366,train,p10,dataset_2,centrality
976,0.6931471805599453,0.70376676,train,p10,dataset_2,centrality
918,0.6931471805599453,0.70376676,train,p10,dataset_2,centrality
1219,0.6931471805599453,0.70376676,train,p10,dataset_2,centrality
982,0.6931471805599453,0.70376676,train,p10,dataset_2,centrality
292,1.0986122886681098,0.7751377,train,p10,dataset_2,centrality
556,0.6931471805599453,0.70376676,train,p10,dataset_2,centrality
1005,0.6931471805599453,0.70376676,train,p10,dataset_2,centrality
1058,0.6931471805599453,0.70376676,train,p10,dataset_2,centrality
1103,0.6931471805599453,0.70376676,train,p10,dataset_2,centrality
514,0.6931471805599453,0.70376676,train,p10,dataset_2,centrality
129,0.6931471805599453,0.70376676,train,p10,dataset_2,centrality
389,0.6931471805599453,0.70376676,train,p10,dataset_2,centrality
436,0.6931471805599453,0.70376676,train,p10,dataset_2,centrality
338,0.6931471805599453,0.70376676,train,p10,dataset_2,centrality
1367,0.6931471805599453,0.70376676,train,p10,dataset_2,centrality
473,0.6931471805599453,0.70376676,train,p10,dataset_2,centrality
293,0.6931471805599453,0.70376676,train,p10,dataset_2,centrality
302,0.6931471805599453,0.70376676,train,p10,dataset_2,centrality
189,0.6931471805599453,0.70376676,train,p10,dataset_2,centrality
348,0.6931471805599453,0.7751377,train,p10,dataset_2,centrality
663,0.6931471805599453,0.70376676,train,p10,dataset_2,centrality
416,1.0986122886681098,1.2231727,train,p10,dataset_2,centrality
1122,0.6931471805599453,0.70376676,train,p10,dataset_2,centrality
410,1.791759469228055,0.9800867,train,p10,dataset_2,centrality
310,0.6931471805599453,0.70376676,train,p10,dataset_2,centrality
327,0.6931471805599453,0.70376676,train,p10,dataset_2,centrality
13,0.6931471805599453,0.70376676,train,p10,dataset_2,centrality
1293,0.6931471805599453,0.70376676,train,p10,dataset_2,centrality
699,0.6931471805599453,0.70376676,train,p10,dataset_2,centrality
227,0.6931471805599453,0.70376676,train,p10,dataset_2,centrality
1296,0.6931471805599453,0.70376676,train,p10,dataset_2,centrality
1354,2.0794415416798357,2.0520005,train,p10,dataset_2,centrality
652,1.0986122886681098,0.7751377,train,p10,dataset_2,centrality
547,0.6931471805599453,0.70376676,train,p10,dataset_2,centrality
1215,0.6931471805599453,0.70376676,train,p10,dataset_2,centrality
1377,1.3862943611198906,1.4510598,train,p10,dataset_2,centrality
908,0.6931471805599453,0.70376676,train,p10,dataset_2,centrality
313,0.6931471805599453,0.70376676,train,p10,dataset_2,centrality
1270,0.6931471805599453,0.70376676,train,p10,dataset_2,centrality
385,0.6931471805599453,0.70376676,train,p10,dataset_2,centrality
222,0.6931471805599453,0.70376676,train,p10,dataset_2,centrality
196,0.6931471805599453,0.70376676,train,p10,dataset_2,centrality
181,0.6931471805599453,0.70376676,train,p10,dataset_2,centrality
1016,0.6931471805599453,0.70376676,train,p10,dataset_2,centrality
323,0.6931471805599453,0.70376676,train,p10,dataset_2,centrality
64,0.6931471805599453,0.70376676,train,p10,dataset_2,centrality
216,0.6931471805599453,0.70376676,train,p10,dataset_2,centrality
1240,0.6931471805599453,0.70376676,train,p10,dataset_2,centrality
1102,0.6931471805599453,0.70376676,train,p10,dataset_2,centrality
1376,0.6931471805599453,0.70376676,train,p10,dataset_2,centrality
197,0.6931471805599453,0.70376676,train,p10,dataset_2,centrality
343,0.6931471805599453,0.70376676,train,p10,dataset_2,centrality
929,0.6931471805599453,0.70376676,train,p10,dataset_2,centrality
267,0.6931471805599453,0.70376676,train,p10,dataset_2,centrality
1106,0.6931471805599453,0.70376676,train,p10,dataset_2,centrality
411,0.6931471805599453,0.70376676,train,p10,dataset_2,centrality
842,0.6931471805599453,0.70376676,train,p10,dataset_2,centrality
469,0.6931471805599453,0.70376676,train,p10,dataset_2,centrality
401,0.6931471805599453,0.70376676,train,p10,dataset_2,centrality
170,0.6931471805599453,0.70376676,train,p10,dataset_2,centrality
1351,0.6931471805599453,0.70376676,train,p10,dataset_2,centrality
884,0.6931471805599453,0.70376676,train,p10,dataset_2,centrality
219,0.6931471805599453,0.70376676,train,p10,dataset_2,centrality
1077,0.6931471805599453,0.70376676,train,p10,dataset_2,centrality
19,0.6931471805599453,0.70376676,train,p10,dataset_2,centrality
685,0.6931471805599453,0.70376676,train,p10,dataset_2,centrality
860,0.6931471805599453,0.70376676,train,p10,dataset_2,centrality
286,0.6931471805599453,0.70376676,train,p10,dataset_2,centrality
288,0.6931471805599453,0.70376676,train,p10,dataset_2,centrality
384,0.6931471805599453,0.70376676,train,p10,dataset_2,centrality
82,1.0986122886681098,0.7751377,train,p10,dataset_2,centrality
1420,0.6931471805599453,0.70376676,train,p10,dataset_2,centrality
597,0.6931471805599453,0.70376676,train,p10,dataset_2,centrality
1315,0.6931471805599453,0.70376676,train,p10,dataset_2,centrality
790,0.6931471805599453,0.70376676,train,p10,dataset_2,centrality
83,1.0986122886681098,0.7751377,train,p10,dataset_2,centrality
668,1.3862943611198906,0.89801574,train,p10,dataset_2,centrality
72,0.6931471805599453,0.70376676,train,p10,dataset_2,centrality
160,0.6931471805599453,0.70376676,train,p10,dataset_2,centrality
475,0.6931471805599453,0.70376676,train,p10,dataset_2,centrality
142,0.6931471805599453,0.70376676,train,p10,dataset_2,centrality
1076,0.6931471805599453,0.70376676,train,p10,dataset_2,centrality
980,0.6931471805599453,0.70376676,train,p10,dataset_2,centrality
1169,3.58351893845611,2.5120916,train,p10,dataset_2,centrality
1134,0.6931471805599453,0.70376676,train,p10,dataset_2,centrality
965,0.6931471805599453,0.70376676,train,p10,dataset_2,centrality
650,0.6931471805599453,0.7751377,train,p10,dataset_2,centrality
781,0.6931471805599453,0.70376676,train,p10,dataset_2,centrality
943,0.6931471805599453,0.70376676,train,p10,dataset_2,centrality
1021,0.6931471805599453,0.70376676,train,p10,dataset_2,centrality
1361,0.6931471805599453,0.70376676,train,p10,dataset_2,centrality
402,2.70805020110221,2.7849612,train,p10,dataset_2,centrality
994,0.6931471805599453,0.70376676,train,p10,dataset_2,centrality
124,0.6931471805599453,0.70376676,train,p10,dataset_2,centrality
684,0.6931471805599453,0.70376676,train,p10,dataset_2,centrality
577,0.6931471805599453,0.70376676,train,p10,dataset_2,centrality
304,0.6931471805599453,0.70376676,train,p10,dataset_2,centrality
1129,1.0986122886681098,0.7751377,train,p10,dataset_2,centrality
1365,0.6931471805599453,0.70376676,train,p10,dataset_2,centrality
930,0.6931471805599453,0.70376676,train,p10,dataset_2,centrality
1086,0.6931471805599453,0.70376676,train,p10,dataset_2,centrality
1383,0.6931471805599453,0.70376676,train,p10,dataset_2,centrality
1343,0.6931471805599453,0.70376676,train,p10,dataset_2,centrality
704,0.6931471805599453,0.70376676,train,p10,dataset_2,centrality
937,0.6931471805599453,0.70376676,train,p10,dataset_2,centrality
87,0.6931471805599453,0.70376676,train,p10,dataset_2,centrality
729,1.0986122886681098,0.7751377,train,p10,dataset_2,centrality
1317,0.6931471805599453,0.70376676,train,p10,dataset_2,centrality
301,0.6931471805599453,0.70376676,train,p10,dataset_2,centrality
117,0.6931471805599453,0.70376676,train,p10,dataset_2,centrality
683,0.6931471805599453,0.70376676,train,p10,dataset_2,centrality
1093,0.6931471805599453,0.70376676,train,p10,dataset_2,centrality
630,2.772588722239781,2.7849612,train,p10,dataset_2,centrality
749,0.6931471805599453,0.70376676,train,p10,dataset_2,centrality
815,0.6931471805599453,0.70376676,train,p10,dataset_2,centrality
421,0.6931471805599453,0.70376676,train,p10,dataset_2,centrality
1176,0.6931471805599453,0.70376676,train,p10,dataset_2,centrality
573,0.6931471805599453,0.70376676,train,p10,dataset_2,centrality
843,0.6931471805599453,0.70376676,train,p10,dataset_2,centrality
100,0.6931471805599453,0.70376676,train,p10,dataset_2,centrality
688,0.6931471805599453,0.70376676,train,p10,dataset_2,centrality
1143,1.3862943611198906,1.3052437,train,p10,dataset_2,centrality
939,0.6931471805599453,0.70376676,train,p10,dataset_2,centrality
149,0.6931471805599453,0.70376676,train,p10,dataset_2,centrality
1289,0.6931471805599453,0.70376676,train,p10,dataset_2,centrality
1083,0.6931471805599453,0.70376676,train,p10,dataset_2,centrality
779,0.6931471805599453,0.70376676,train,p10,dataset_2,centrality
1172,0.6931471805599453,0.70376676,train,p10,dataset_2,centrality
425,0.6931471805599453,0.70376676,train,p10,dataset_2,centrality
614,0.6931471805599453,0.70376676,train,p10,dataset_2,centrality
1008,0.6931471805599453,0.70376676,train,p10,dataset_2,centrality
1342,0.6931471805599453,0.70376676,train,p10,dataset_2,centrality
775,0.6931471805599453,0.70376676,train,p10,dataset_2,centrality
1301,0.6931471805599453,0.70376676,train,p10,dataset_2,centrality
830,0.6931471805599453,0.70376676,train,p10,dataset_2,centrality
857,0.6931471805599453,0.70376676,train,p10,dataset_2,centrality
786,0.6931471805599453,0.70376676,train,p10,dataset_2,centrality
1326,0.6931471805599453,0.7751377,train,p10,dataset_2,centrality
932,0.6931471805599453,0.70376676,train,p10,dataset_2,centrality
483,0.6931471805599453,0.70376676,train,p10,dataset_2,centrality
1404,0.6931471805599453,0.70376676,train,p10,dataset_2,centrality
1369,0.6931471805599453,0.70376676,train,p10,dataset_2,centrality
519,0.6931471805599453,0.70376676,train,p10,dataset_2,centrality
193,0.6931471805599453,0.70376676,train,p10,dataset_2,centrality
378,0.6931471805599453,0.70376676,train,p10,dataset_2,centrality
1263,0.6931471805599453,0.70376676,train,p10,dataset_2,centrality
1174,1.3862943611198906,0.89801574,train,p10,dataset_2,centrality
850,0.6931471805599453,0.70376676,train,p10,dataset_2,centrality
913,0.6931471805599453,0.70376676,train,p10,dataset_2,centrality
637,1.6094379124341005,1.4984581,train,p10,dataset_2,centrality
450,0.6931471805599453,0.70376676,train,p10,dataset_2,centrality
856,0.6931471805599453,0.70376676,train,p10,dataset_2,centrality
14,0.6931471805599453,0.70376676,train,p10,dataset_2,centrality
841,0.6931471805599453,0.70376676,train,p10,dataset_2,centrality
803,0.6931471805599453,0.70376676,train,p10,dataset_2,centrality
1171,1.0986122886681098,0.7751377,train,p10,dataset_2,centrality
501,0.6931471805599453,0.70376676,train,p10,dataset_2,centrality
234,0.6931471805599453,0.70376676,train,p10,dataset_2,centrality
329,0.6931471805599453,0.70376676,train,p10,dataset_2,centrality
104,0.6931471805599453,0.70376676,train,p10,dataset_2,centrality
317,0.6931471805599453,0.70376676,train,p10,dataset_2,centrality
1391,0.6931471805599453,0.7751377,train,p10,dataset_2,centrality
1302,0.6931471805599453,0.70376676,train,p10,dataset_2,centrality
492,0.6931471805599453,0.70376676,train,p10,dataset_2,centrality
235,1.9459101490553132,2.0520005,train,p10,dataset_2,centrality
1318,0.6931471805599453,0.70376676,train,p10,dataset_2,centrality
1147,0.6931471805599453,0.7751377,train,p10,dataset_2,centrality
1393,0.6931471805599453,0.70376676,train,p10,dataset_2,centrality
1331,0.6931471805599453,0.70376676,train,p10,dataset_2,centrality
866,0.6931471805599453,0.70376676,train,p10,dataset_2,centrality
653,0.6931471805599453,0.7751377,train,p10,dataset_2,centrality
1358,1.0986122886681098,1.4922309,train,p10,dataset_2,centrality
158,0.6931471805599453,0.70376676,train,p10,dataset_2,centrality
6,0.6931471805599453,0.70376676,train,p10,dataset_2,centrality
42,0.6931471805599453,0.70376676,train,p10,dataset_2,centrality
1003,0.6931471805599453,0.70376676,train,p10,dataset_2,centrality
215,0.6931471805599453,0.70376676,train,p10,dataset_2,centrality
1352,1.0986122886681098,1.4922309,train,p10,dataset_2,centrality
592,0.6931471805599453,0.70376676,train,p10,dataset_2,centrality
279,0.6931471805599453,0.70376676,train,p10,dataset_2,centrality
414,0.6931471805599453,0.70376676,train,p10,dataset_2,centrality
408,0.6931471805599453,0.70376676,train,p10,dataset_2,centrality
1329,0.6931471805599453,0.70376676,train,p10,dataset_2,centrality
1305,0.6931471805599453,0.70376676,train,p10,dataset_2,centrality
214,0.6931471805599453,0.70376676,train,p10,dataset_2,centrality
188,0.6931471805599453,0.70376676,train,p10,dataset_2,centrality
1185,0.6931471805599453,0.70376676,train,p10,dataset_2,centrality
256,0.6931471805599453,0.70376676,train,p10,dataset_2,centrality
839,0.6931471805599453,0.70376676,train,p10,dataset_2,centrality
1012,0.6931471805599453,0.70376676,train,p10,dataset_2,centrality
1323,1.6094379124341005,1.3052437,train,p10,dataset_2,centrality
496,0.6931471805599453,0.70376676,train,p10,dataset_2,centrality
1382,0.6931471805599453,0.70376676,train,p10,dataset_2,centrality
718,2.1972245773362196,2.4118443,train,p10,dataset_2,centrality
743,0.6931471805599453,0.70376676,train,p10,dataset_2,centrality
1304,0.6931471805599453,0.70376676,train,p10,dataset_2,centrality
111,0.6931471805599453,0.70376676,train,p10,dataset_2,centrality
659,0.6931471805599453,0.7751377,train,p10,dataset_2,centrality
1400,0.6931471805599453,0.70376676,train,p10,dataset_2,centrality
617,0.6931471805599453,0.70376676,train,p10,dataset_2,centrality
1362,0.6931471805599453,0.70376676,train,p10,dataset_2,centrality
1273,0.6931471805599453,0.70376676,train,p10,dataset_2,centrality
2,0.6931471805599453,0.70376676,train,p10,dataset_2,centrality
440,0.6931471805599453,0.70376676,train,p10,dataset_2,centrality
1020,0.6931471805599453,0.70376676,train,p10,dataset_2,centrality
300,0.6931471805599453,0.70376676,train,p10,dataset_2,centrality
404,1.3862943611198906,1.4984581,train,p10,dataset_2,centrality
1177,0.6931471805599453,0.70376676,train,p10,dataset_2,centrality
1070,0.6931471805599453,0.70376676,train,p10,dataset_2,centrality
632,2.0794415416798357,2.0520005,train,p10,dataset_2,centrality
1055,0.6931471805599453,0.70376676,train,p10,dataset_2,centrality
85,0.6931471805599453,0.70376676,train,p10,dataset_2,centrality
291,0.6931471805599453,0.70376676,train,p10,dataset_2,centrality
375,0.6931471805599453,0.70376676,train,p10,dataset_2,centrality
596,1.6094379124341005,1.4984581,train,p10,dataset_2,centrality
396,0.6931471805599453,1.7111979,train,p10,dataset_2,centrality
1266,0.6931471805599453,0.70376676,train,p10,dataset_2,centrality
837,0.6931471805599453,0.70376676,train,p10,dataset_2,centrality
904,0.6931471805599453,0.70376676,train,p10,dataset_2,centrality
232,0.6931471805599453,0.70376676,train,p10,dataset_2,centrality
458,0.6931471805599453,0.70376676,train,p10,dataset_2,centrality
1355,1.6094379124341005,2.4118443,train,p10,dataset_2,centrality
1141,0.6931471805599453,0.70376676,train,p10,dataset_2,centrality
1357,1.791759469228055,1.5466437,train,p10,dataset_2,centrality
615,0.6931471805599453,0.70376676,train,p10,dataset_2,centrality
896,0.6931471805599453,0.70376676,train,p10,dataset_2,centrality
707,0.6931471805599453,0.70376676,train,p10,dataset_2,centrality
355,0.6931471805599453,0.70376676,train,p10,dataset_2,centrality
879,0.6931471805599453,0.70376676,train,p10,dataset_2,centrality
1325,0.6931471805599453,0.70376676,train,p10,dataset_2,centrality
938,0.6931471805599453,0.70376676,train,p10,dataset_2,centrality
1152,0.6931471805599453,0.70376676,train,p10,dataset_2,centrality
874,0.6931471805599453,0.70376676,train,p10,dataset_2,centrality
1224,0.6931471805599453,0.70376676,train,p10,dataset_2,centrality
981,0.6931471805599453,0.70376676,train,p10,dataset_2,centrality
960,0.6931471805599453,0.70376676,train,p10,dataset_2,centrality
620,0.6931471805599453,0.70376676,train,p10,dataset_2,centrality
128,0.6931471805599453,0.70376676,train,p10,dataset_2,centrality
601,0.6931471805599453,0.70376676,train,p10,dataset_2,centrality
772,0.6931471805599453,0.70376676,train,p10,dataset_2,centrality
769,0.6931471805599453,0.70376676,train,p10,dataset_2,centrality
31,0.6931471805599453,0.89801574,train,p10,dataset_2,centrality
35,0.6931471805599453,0.70376676,train,p10,dataset_2,centrality
697,0.6931471805599453,0.70376676,train,p10,dataset_2,centrality
969,0.6931471805599453,0.70376676,train,p10,dataset_2,centrality
1175,0.6931471805599453,0.70376676,train,p10,dataset_2,centrality
433,0.6931471805599453,0.70376676,train,p10,dataset_2,centrality
721,1.791759469228055,2.2165544,train,p10,dataset_2,centrality
212,0.6931471805599453,0.70376676,train,p10,dataset_2,centrality
925,0.6931471805599453,0.70376676,train,p10,dataset_2,centrality
209,1.0986122886681098,1.8918366,train,p10,dataset_2,centrality
1442,0.6931471805599453,0.70376676,train,p10,dataset_2,centrality
339,0.6931471805599453,0.70376676,train,p10,dataset_2,centrality
131,0.6931471805599453,0.70376676,train,p10,dataset_2,centrality
161,0.6931471805599453,0.70376676,train,p10,dataset_2,centrality
1160,0.6931471805599453,0.70376676,train,p10,dataset_2,centrality
177,0.6931471805599453,0.70376676,train,p10,dataset_2,centrality
474,0.6931471805599453,0.70376676,train,p10,dataset_2,centrality
1066,0.6931471805599453,0.70376676,train,p10,dataset_2,centrality
1232,0.6931471805599453,0.70376676,train,p10,dataset_2,centrality
990,0.6931471805599453,0.70376676,train,p10,dataset_2,centrality
509,0.6931471805599453,0.70376676,train,p10,dataset_2,centrality
468,0.6931471805599453,0.70376676,train,p10,dataset_2,centrality
457,0.6931471805599453,0.70376676,train,p10,dataset_2,centrality
748,1.0986122886681098,0.70376676,train,p10,dataset_2,centrality
102,0.6931471805599453,0.70376676,train,p10,dataset_2,centrality
656,0.6931471805599453,0.70376676,train,p10,dataset_2,centrality
1272,0.6931471805599453,0.70376676,train,p10,dataset_2,centrality
1303,0.6931471805599453,0.70376676,train,p10,dataset_2,centrality
1321,1.0986122886681098,1.2383201,train,p10,dataset_2,centrality
80,0.6931471805599453,0.70376676,train,p10,dataset_2,centrality
1154,0.6931471805599453,0.70376676,train,p10,dataset_2,centrality
285,1.3862943611198906,1.2865057,train,p10,dataset_2,centrality
1045,0.6931471805599453,0.70376676,train,p10,dataset_2,centrality
970,0.6931471805599453,0.70376676,train,p10,dataset_2,centrality
1226,0.6931471805599453,0.70376676,train,p10,dataset_2,centrality
136,0.6931471805599453,0.70376676,train,p10,dataset_2,centrality
825,0.6931471805599453,0.70376676,train,p10,dataset_2,centrality
1116,0.6931471805599453,0.70376676,train,p10,dataset_2,centrality
1255,0.6931471805599453,0.70376676,train,p10,dataset_2,centrality
418,1.0986122886681098,0.70376676,train,p10,dataset_2,centrality
493,0.6931471805599453,0.70376676,train,p10,dataset_2,centrality
503,0.6931471805599453,0.70376676,train,p10,dataset_2,centrality
248,0.6931471805599453,0.70376676,train,p10,dataset_2,centrality
1022,0.6931471805599453,0.70376676,train,p10,dataset_2,centrality
641,1.3862943611198906,1.3052437,train,p10,dataset_2,centrality
794,0.6931471805599453,0.70376676,train,p10,dataset_2,centrality
520,0.6931471805599453,0.70376676,train,p10,dataset_2,centrality
655,1.0986122886681098,0.7751377,train,p10,dataset_2,centrality
1162,0.6931471805599453,0.70376676,train,p10,dataset_2,centrality
112,0.6931471805599453,0.70376676,validation,p10,dataset_2,centrality
532,0.6931471805599453,0.70376676,validation,p10,dataset_2,centrality
1254,0.6931471805599453,0.70376676,validation,p10,dataset_2,centrality
1000,0.6931471805599453,0.70376676,validation,p10,dataset_2,centrality
1292,0.6931471805599453,0.70376676,validation,p10,dataset_2,centrality
1411,0.6931471805599453,0.70376676,validation,p10,dataset_2,centrality
1097,0.6931471805599453,0.70376676,validation,p10,dataset_2,centrality
710,0.6931471805599453,0.70376676,validation,p10,dataset_2,centrality
1373,0.6931471805599453,0.70376676,validation,p10,dataset_2,centrality
533,0.6931471805599453,0.70376676,validation,p10,dataset_2,centrality
454,0.6931471805599453,0.70376676,validation,p10,dataset_2,centrality
1104,0.6931471805599453,0.70376676,validation,p10,dataset_2,centrality
564,0.6931471805599453,0.70376676,validation,p10,dataset_2,centrality
36,0.6931471805599453,0.70376676,validation,p10,dataset_2,centrality
179,0.6931471805599453,0.70376676,validation,p10,dataset_2,centrality
963,0.6931471805599453,0.70376676,validation,p10,dataset_2,centrality
1181,0.6931471805599453,0.70376676,validation,p10,dataset_2,centrality
318,0.6931471805599453,0.70376676,validation,p10,dataset_2,centrality
140,0.6931471805599453,0.70376676,validation,p10,dataset_2,centrality
113,0.6931471805599453,0.70376676,validation,p10,dataset_2,centrality
505,0.6931471805599453,0.70376676,validation,p10,dataset_2,centrality
95,0.6931471805599453,0.70376676,validation,p10,dataset_2,centrality
1189,0.6931471805599453,0.70376676,validation,p10,dataset_2,centrality
1233,0.6931471805599453,0.70376676,validation,p10,dataset_2,centrality
766,0.6931471805599453,0.70376676,validation,p10,dataset_2,centrality
1410,0.6931471805599453,0.70376676,validation,p10,dataset_2,centrality
510,0.6931471805599453,0.7751377,validation,p10,dataset_2,centrality
1295,0.6931471805599453,0.70376676,validation,p10,dataset_2,centrality
490,0.6931471805599453,0.70376676,validation,p10,dataset_2,centrality
1126,0.6931471805599453,0.70376676,validation,p10,dataset_2,centrality
579,0.6931471805599453,0.70376676,validation,p10,dataset_2,centrality
1238,0.6931471805599453,0.70376676,validation,p10,dataset_2,centrality
1080,0.6931471805599453,0.70376676,validation,p10,dataset_2,centrality
1300,0.6931471805599453,0.70376676,validation,p10,dataset_2,centrality
315,0.6931471805599453,0.70376676,validation,p10,dataset_2,centrality
62,0.6931471805599453,0.70376676,validation,p10,dataset_2,centrality
872,0.6931471805599453,0.70376676,validation,p10,dataset_2,centrality
202,0.6931471805599453,0.70376676,validation,p10,dataset_2,centrality
618,0.6931471805599453,0.70376676,validation,p10,dataset_2,centrality
682,0.6931471805599453,0.70376676,validation,p10,dataset_2,centrality
997,0.6931471805599453,0.70376676,validation,p10,dataset_2,centrality
732,0.6931471805599453,0.85720867,validation,p10,dataset_2,centrality
91,0.6931471805599453,0.70376676,validation,p10,dataset_2,centrality
127,0.6931471805599453,0.70376676,validation,p10,dataset_2,centrality
539,0.6931471805599453,0.9131632,validation,p10,dataset_2,centrality
739,0.6931471805599453,0.70376676,validation,p10,dataset_2,centrality
1421,0.6931471805599453,0.70376676,validation,p10,dataset_2,centrality
832,0.6931471805599453,0.70376676,validation,p10,dataset_2,centrality
927,0.6931471805599453,0.70376676,validation,p10,dataset_2,centrality
811,0.6931471805599453,0.70376676,validation,p10,dataset_2,centrality
1441,0.6931471805599453,0.70376676,validation,p10,dataset_2,centrality
582,0.6931471805599453,0.70376676,validation,p10,dataset_2,centrality
148,0.6931471805599453,0.70376676,validation,p10,dataset_2,centrality
1341,0.6931471805599453,0.70376676,validation,p10,dataset_2,centrality
38,0.6931471805599453,0.70376676,validation,p10,dataset_2,centrality
268,1.0986122886681098,1.3534293,validation,p10,dataset_2,centrality
1069,0.6931471805599453,0.70376676,validation,p10,dataset_2,centrality
1190,0.6931471805599453,0.70376676,validation,p10,dataset_2,centrality
330,0.6931471805599453,0.70376676,validation,p10,dataset_2,centrality
833,0.6931471805599453,0.70376676,validation,p10,dataset_2,centrality
1337,0.6931471805599453,0.70376676,validation,p10,dataset_2,centrality
545,0.6931471805599453,0.70376676,validation,p10,dataset_2,centrality
1379,1.0986122886681098,1.8918366,validation,p10,dataset_2,centrality
1100,0.6931471805599453,0.70376676,validation,p10,dataset_2,centrality
1286,0.6931471805599453,0.70376676,validation,p10,dataset_2,centrality
571,0.6931471805599453,0.70376676,validation,p10,dataset_2,centrality
784,0.6931471805599453,0.70376676,validation,p10,dataset_2,centrality
708,0.6931471805599453,0.70376676,validation,p10,dataset_2,centrality
1191,0.6931471805599453,0.70376676,validation,p10,dataset_2,centrality
1130,0.6931471805599453,0.7751377,validation,p10,dataset_2,centrality
1028,0.6931471805599453,0.70376676,validation,p10,dataset_2,centrality
763,0.6931471805599453,0.70376676,validation,p10,dataset_2,centrality
625,2.1972245773362196,2.4118443,validation,p10,dataset_2,centrality
983,0.6931471805599453,0.70376676,validation,p10,dataset_2,centrality
283,0.6931471805599453,0.7751377,validation,p10,dataset_2,centrality
1151,0.6931471805599453,0.70376676,validation,p10,dataset_2,centrality
587,0.6931471805599453,0.70376676,validation,p10,dataset_2,centrality
471,0.6931471805599453,0.70376676,validation,p10,dataset_2,centrality
265,0.6931471805599453,0.70376676,validation,p10,dataset_2,centrality
1228,0.6931471805599453,0.70376676,validation,p10,dataset_2,centrality
1112,0.6931471805599453,0.70376676,validation,p10,dataset_2,centrality
795,0.6931471805599453,0.70376676,validation,p10,dataset_2,centrality
1338,0.6931471805599453,0.70376676,validation,p10,dataset_2,centrality
1048,0.6931471805599453,0.70376676,validation,p10,dataset_2,centrality
780,0.6931471805599453,0.70376676,validation,p10,dataset_2,centrality
959,0.6931471805599453,0.70376676,validation,p10,dataset_2,centrality
878,1.0986122886681098,0.70376676,validation,p10,dataset_2,centrality
174,0.6931471805599453,0.70376676,validation,p10,dataset_2,centrality
93,0.6931471805599453,0.70376676,validation,p10,dataset_2,centrality
122,0.6931471805599453,0.70376676,validation,p10,dataset_2,centrality
961,0.6931471805599453,0.70376676,validation,p10,dataset_2,centrality
1026,0.6931471805599453,0.70376676,validation,p10,dataset_2,centrality
57,0.6931471805599453,0.70376676,validation,p10,dataset_2,centrality
106,1.0986122886681098,0.70376676,validation,p10,dataset_2,centrality
518,0.6931471805599453,0.70376676,validation,p10,dataset_2,centrality
345,0.6931471805599453,0.70376676,validation,p10,dataset_2,centrality
1231,0.6931471805599453,0.70376676,validation,p10,dataset_2,centrality
34,1.0986122886681098,0.7751377,validation,p10,dataset_2,centrality
405,1.0986122886681098,0.7751377,validation,p10,dataset_2,centrality
1432,0.6931471805599453,0.70376676,validation,p10,dataset_2,centrality
126,0.6931471805599453,0.70376676,validation,p10,dataset_2,centrality
217,0.6931471805599453,0.70376676,validation,p10,dataset_2,centrality
914,0.6931471805599453,0.70376676,validation,p10,dataset_2,centrality
787,0.6931471805599453,0.70376676,validation,p10,dataset_2,centrality
24,0.6931471805599453,0.70376676,validation,p10,dataset_2,centrality
424,0.6931471805599453,0.70376676,validation,p10,dataset_2,centrality
403,3.5553480614894135,2.7849612,validation,p10,dataset_2,centrality
1131,0.6931471805599453,0.70376676,validation,p10,dataset_2,centrality
733,0.6931471805599453,1.2865057,validation,p10,dataset_2,centrality
666,0.6931471805599453,0.70376676,validation,p10,dataset_2,centrality
77,0.6931471805599453,0.70376676,validation,p10,dataset_2,centrality
1396,0.6931471805599453,0.70376676,validation,p10,dataset_2,centrality
438,0.6931471805599453,0.70376676,validation,p10,dataset_2,centrality
912,0.6931471805599453,0.70376676,validation,p10,dataset_2,centrality
173,0.6931471805599453,0.70376676,validation,p10,dataset_2,centrality
28,0.6931471805599453,0.70376676,validation,p10,dataset_2,centrality
1009,0.6931471805599453,0.70376676,validation,p10,dataset_2,centrality
409,0.6931471805599453,0.70376676,validation,p10,dataset_2,centrality
686,0.6931471805599453,0.70376676,validation,p10,dataset_2,centrality
1065,0.6931471805599453,0.70376676,validation,p10,dataset_2,centrality
1251,0.6931471805599453,0.70376676,validation,p10,dataset_2,centrality
195,0.6931471805599453,0.70376676,validation,p10,dataset_2,centrality
419,1.0986122886681098,0.70376676,validation,p10,dataset_2,centrality
662,0.6931471805599453,0.7751377,validation,p10,dataset_2,centrality
690,0.6931471805599453,0.70376676,validation,p10,dataset_2,centrality
813,0.6931471805599453,0.70376676,validation,p10,dataset_2,centrality
242,1.6094379124341005,0.89801574,validation,p10,dataset_2,centrality
558,0.6931471805599453,0.70376676,validation,p10,dataset_2,centrality
251,0.6931471805599453,0.70376676,validation,p10,dataset_2,centrality
806,0.6931471805599453,0.70376676,validation,p10,dataset_2,centrality
276,0.6931471805599453,0.70376676,validation,p10,dataset_2,centrality
1121,0.6931471805599453,0.89801574,validation,p10,dataset_2,centrality
673,1.0986122886681098,0.7751377,validation,p10,dataset_2,centrality
1014,0.6931471805599453,0.70376676,validation,p10,dataset_2,centrality
950,0.6931471805599453,0.70376676,validation,p10,dataset_2,centrality
447,0.6931471805599453,0.70376676,validation,p10,dataset_2,centrality
68,0.6931471805599453,0.70376676,validation,p10,dataset_2,centrality
229,0.6931471805599453,0.70376676,validation,p10,dataset_2,centrality
934,0.6931471805599453,0.70376676,validation,p10,dataset_2,centrality
770,0.6931471805599453,0.70376676,validation,p10,dataset_2,centrality
1123,0.6931471805599453,0.70376676,validation,p10,dataset_2,centrality
751,1.0986122886681098,0.7751377,validation,p10,dataset_2,centrality
1298,0.6931471805599453,0.70376676,validation,p10,dataset_2,centrality
1087,0.6931471805599453,0.7751377,validation,p10,dataset_2,centrality
611,0.6931471805599453,0.70376676,validation,p10,dataset_2,centrality
949,0.6931471805599453,0.70376676,validation,p10,dataset_2,centrality
1179,0.6931471805599453,0.7751377,validation,p10,dataset_2,centrality
1422,0.6931471805599453,0.70376676,validation,p10,dataset_2,centrality
47,0.6931471805599453,0.70376676,validation,p10,dataset_2,centrality
1258,0.6931471805599453,0.70376676,validation,p10,dataset_2,centrality
607,0.6931471805599453,0.70376676,validation,p10,dataset_2,centrality
1199,0.6931471805599453,0.70376676,validation,p10,dataset_2,centrality
1246,0.6931471805599453,0.70376676,validation,p10,dataset_2,centrality
1,0.6931471805599453,0.70376676,validation,p10,dataset_2,centrality
257,1.9459101490553132,1.2231727,validation,p10,dataset_2,centrality
60,0.6931471805599453,0.70376676,validation,p10,dataset_2,centrality
407,0.6931471805599453,0.7751377,validation,p10,dataset_2,centrality
1281,0.6931471805599453,0.70376676,validation,p10,dataset_2,centrality
804,0.6931471805599453,0.70376676,validation,p10,dataset_2,centrality
639,1.9459101490553132,1.451997,validation,p10,dataset_2,centrality
0,0.6931471805599453,0.70376676,validation,p10,dataset_2,centrality
560,1.0986122886681098,0.89801574,validation,p10,dataset_2,centrality
12,0.6931471805599453,0.70376676,validation,p10,dataset_2,centrality
1250,0.6931471805599453,0.70376676,validation,p10,dataset_2,centrality
61,0.6931471805599453,0.70376676,validation,p10,dataset_2,centrality
116,0.6931471805599453,0.70376676,validation,p10,dataset_2,centrality
702,0.6931471805599453,0.70376676,validation,p10,dataset_2,centrality
1025,0.6931471805599453,0.70376676,validation,p10,dataset_2,centrality
869,0.6931471805599453,0.70376676,validation,p10,dataset_2,centrality
1193,0.6931471805599453,0.70376676,validation,p10,dataset_2,centrality
1290,0.6931471805599453,0.70376676,validation,p10,dataset_2,centrality
551,1.0986122886681098,2.4118443,validation,p10,dataset_2,centrality
1311,0.6931471805599453,0.70376676,validation,p10,dataset_2,centrality
819,0.6931471805599453,0.70376676,validation,p10,dataset_2,centrality
18,1.0986122886681098,0.70376676,validation,p10,dataset_2,centrality
417,0.6931471805599453,0.70376676,validation,p10,dataset_2,centrality
1297,0.6931471805599453,0.70376676,validation,p10,dataset_2,centrality
121,0.6931471805599453,0.70376676,validation,p10,dataset_2,centrality
513,0.6931471805599453,0.70376676,validation,p10,dataset_2,centrality
1414,0.6931471805599453,0.70376676,validation,p10,dataset_2,centrality
848,0.6931471805599453,0.70376676,validation,p10,dataset_2,centrality
362,0.6931471805599453,0.70376676,validation,p10,dataset_2,centrality
679,0.6931471805599453,0.9800867,validation,p10,dataset_2,centrality
863,0.6931471805599453,0.70376676,validation,p10,dataset_2,centrality
978,0.6931471805599453,0.70376676,validation,p10,dataset_2,centrality
308,0.6931471805599453,0.70376676,validation,p10,dataset_2,centrality
290,0.6931471805599453,0.70376676,validation,p10,dataset_2,centrality
71,0.6931471805599453,0.70376676,validation,p10,dataset_2,centrality
376,0.6931471805599453,0.70376676,validation,p10,dataset_2,centrality
135,0.6931471805599453,0.70376676,validation,p10,dataset_2,centrality
463,0.6931471805599453,0.70376676,validation,p10,dataset_2,centrality
1120,0.6931471805599453,0.70376676,validation,p10,dataset_2,centrality
1156,0.6931471805599453,0.70376676,validation,p10,dataset_2,centrality
282,1.6094379124341005,0.89801574,validation,p10,dataset_2,centrality
88,0.6931471805599453,0.70376676,validation,p10,dataset_2,centrality
1402,0.6931471805599453,0.70376676,validation,p10,dataset_2,centrality
494,0.6931471805599453,0.70376676,validation,p10,dataset_2,centrality
465,0.6931471805599453,0.70376676,validation,p10,dataset_2,centrality
103,0.6931471805599453,0.70376676,validation,p10,dataset_2,centrality
1346,0.6931471805599453,0.70376676,validation,p10,dataset_2,centrality
1288,0.6931471805599453,0.70376676,validation,p10,dataset_2,centrality
507,0.6931471805599453,0.70376676,validation,p10,dataset_2,centrality
627,2.3978952727983707,2.7849612,validation,p10,dataset_2,centrality
968,0.6931471805599453,0.70376676,validation,p10,dataset_2,centrality
765,0.6931471805599453,0.70376676,validation,p10,dataset_2,centrality
916,0.6931471805599453,0.70376676,validation,p10,dataset_2,centrality
53,0.6931471805599453,0.70376676,validation,p10,dataset_2,centrality
871,0.6931471805599453,0.70376676,validation,p10,dataset_2,centrality
713,3.258096538021482,2.4118443,validation,p10,dataset_2,centrality
910,0.6931471805599453,0.70376676,validation,p10,dataset_2,centrality
400,1.791759469228055,1.6112213,validation,p10,dataset_2,centrality
853,0.6931471805599453,0.70376676,validation,p10,dataset_2,centrality
714,3.49650756146648,2.7849612,validation,p10,dataset_2,centrality
164,0.6931471805599453,0.70376676,validation,p10,dataset_2,centrality
499,0.6931471805599453,0.70376676,validation,p10,dataset_2,centrality
1138,0.6931471805599453,0.70376676,validation,p10,dataset_2,centrality
776,0.6931471805599453,0.70376676,validation,p10,dataset_2,centrality
413,0.6931471805599453,0.70376676,test,p10,dataset_2,centrality
316,0.6931471805599453,0.70376676,test,p10,dataset_2,centrality
1034,0.6931471805599453,0.70376676,test,p10,dataset_2,centrality
65,0.6931471805599453,0.70376676,test,p10,dataset_2,centrality
1024,0.6931471805599453,0.70376676,test,p10,dataset_2,centrality
661,0.6931471805599453,0.70376676,test,p10,dataset_2,centrality
175,0.6931471805599453,0.70376676,test,p10,dataset_2,centrality
824,0.6931471805599453,0.70376676,test,p10,dataset_2,centrality
649,0.6931471805599453,0.7751377,test,p10,dataset_2,centrality
231,0.6931471805599453,0.70376676,test,p10,dataset_2,centrality
198,0.6931471805599453,0.70376676,test,p10,dataset_2,centrality
845,0.6931471805599453,0.70376676,test,p10,dataset_2,centrality
1108,0.6931471805599453,0.70376676,test,p10,dataset_2,centrality
1394,0.6931471805599453,0.70376676,test,p10,dataset_2,centrality
358,0.6931471805599453,0.70376676,test,p10,dataset_2,centrality
1088,2.1972245773362196,0.9800867,test,p10,dataset_2,centrality
394,3.4657359027997265,2.7849612,test,p10,dataset_2,centrality
275,0.6931471805599453,0.70376676,test,p10,dataset_2,centrality
782,0.6931471805599453,0.70376676,test,p10,dataset_2,centrality
715,2.1972245773362196,2.4118443,test,p10,dataset_2,centrality
239,0.6931471805599453,0.7751377,test,p10,dataset_2,centrality
240,2.0794415416798357,1.8918366,test,p10,dataset_2,centrality
420,0.6931471805599453,0.70376676,test,p10,dataset_2,centrality
1259,0.6931471805599453,0.70376676,test,p10,dataset_2,centrality
986,0.6931471805599453,0.70376676,test,p10,dataset_2,centrality
752,0.6931471805599453,0.70376676,test,p10,dataset_2,centrality
590,0.6931471805599453,0.7751377,test,p10,dataset_2,centrality
1398,0.6931471805599453,0.70376676,test,p10,dataset_2,centrality
51,0.6931471805599453,0.70376676,test,p10,dataset_2,centrality
680,0.6931471805599453,0.70376676,test,p10,dataset_2,centrality
374,0.6931471805599453,0.70376676,test,p10,dataset_2,centrality
168,0.6931471805599453,0.70376676,test,p10,dataset_2,centrality
244,0.6931471805599453,0.70376676,test,p10,dataset_2,centrality
585,0.6931471805599453,0.70376676,test,p10,dataset_2,centrality
1412,0.6931471805599453,0.70376676,test,p10,dataset_2,centrality
598,0.6931471805599453,0.89801574,test,p10,dataset_2,centrality
49,0.6931471805599453,0.70376676,test,p10,dataset_2,centrality
462,0.6931471805599453,0.70376676,test,p10,dataset_2,centrality
1223,0.6931471805599453,0.70376676,test,p10,dataset_2,centrality
29,0.6931471805599453,0.7751377,test,p10,dataset_2,centrality
192,0.6931471805599453,0.70376676,test,p10,dataset_2,centrality
922,0.6931471805599453,0.70376676,test,p10,dataset_2,centrality
1434,0.6931471805599453,0.70376676,test,p10,dataset_2,centrality
621,0.6931471805599453,0.70376676,test,p10,dataset_2,centrality
1027,0.6931471805599453,0.70376676,test,p10,dataset_2,centrality
730,0.6931471805599453,0.70376676,test,p10,dataset_2,centrality
67,0.6931471805599453,0.70376676,test,p10,dataset_2,centrality
1313,0.6931471805599453,0.70376676,test,p10,dataset_2,centrality
527,0.6931471805599453,0.70376676,test,p10,dataset_2,centrality
812,0.6931471805599453,0.70376676,test,p10,dataset_2,centrality
1261,0.6931471805599453,0.70376676,test,p10,dataset_2,centrality
741,1.3862943611198906,0.7751377,test,p10,dataset_2,centrality
1227,0.6931471805599453,0.70376676,test,p10,dataset_2,centrality
261,0.6931471805599453,0.70376676,test,p10,dataset_2,centrality
836,0.6931471805599453,0.70376676,test,p10,dataset_2,centrality
123,0.6931471805599453,0.70376676,test,p10,dataset_2,centrality
1384,0.6931471805599453,0.7751377,test,p10,dataset_2,centrality
605,0.6931471805599453,0.70376676,test,p10,dataset_2,centrality
973,0.6931471805599453,0.70376676,test,p10,dataset_2,centrality
594,0.6931471805599453,0.70376676,test,p10,dataset_2,centrality
184,0.6931471805599453,0.70376676,test,p10,dataset_2,centrality
946,0.6931471805599453,0.70376676,test,p10,dataset_2,centrality
888,0.6931471805599453,0.70376676,test,p10,dataset_2,centrality
141,0.6931471805599453,0.70376676,test,p10,dataset_2,centrality
964,0.6931471805599453,0.70376676,test,p10,dataset_2,centrality
816,0.6931471805599453,0.70376676,test,p10,dataset_2,centrality
1239,0.6931471805599453,0.70376676,test,p10,dataset_2,centrality
44,0.6931471805599453,0.70376676,test,p10,dataset_2,centrality
799,0.6931471805599453,0.70376676,test,p10,dataset_2,centrality
566,0.6931471805599453,0.70376676,test,p10,dataset_2,centrality
1144,0.6931471805599453,0.70376676,test,p10,dataset_2,centrality
802,0.6931471805599453,0.70376676,test,p10,dataset_2,centrality
1030,0.6931471805599453,0.70376676,test,p10,dataset_2,centrality
76,1.3862943611198906,1.3052437,test,p10,dataset_2,centrality
361,0.6931471805599453,0.70376676,test,p10,dataset_2,centrality
1333,0.6931471805599453,0.70376676,test,p10,dataset_2,centrality
270,0.6931471805599453,0.70376676,test,p10,dataset_2,centrality
1098,0.6931471805599453,0.70376676,test,p10,dataset_2,centrality
1197,0.6931471805599453,0.70376676,test,p10,dataset_2,centrality
1036,0.6931471805599453,0.70376676,test,p10,dataset_2,centrality
1039,0.6931471805599453,0.70376676,test,p10,dataset_2,centrality
78,0.6931471805599453,0.7751377,test,p10,dataset_2,centrality
745,0.6931471805599453,0.7751377,test,p10,dataset_2,centrality
271,0.6931471805599453,0.70376676,test,p10,dataset_2,centrality
575,0.6931471805599453,0.70376676,test,p10,dataset_2,centrality
1285,0.6931471805599453,0.70376676,test,p10,dataset_2,centrality
1023,0.6931471805599453,0.70376676,test,p10,dataset_2,centrality
651,0.6931471805599453,0.7751377,test,p10,dataset_2,centrality
70,0.6931471805599453,0.70376676,test,p10,dataset_2,centrality
15,0.6931471805599453,0.70376676,test,p10,dataset_2,centrality
1438,0.6931471805599453,0.70376676,test,p10,dataset_2,centrality
351,0.6931471805599453,0.70376676,test,p10,dataset_2,centrality
115,0.6931471805599453,0.70376676,test,p10,dataset_2,centrality
303,0.6931471805599453,0.70376676,test,p10,dataset_2,centrality
1075,0.6931471805599453,0.70376676,test,p10,dataset_2,centrality
796,0.6931471805599453,0.70376676,test,p10,dataset_2,centrality
528,0.6931471805599453,0.70376676,test,p10,dataset_2,centrality
901,0.6931471805599453,0.70376676,test,p10,dataset_2,centrality
479,0.6931471805599453,0.70376676,test,p10,dataset_2,centrality
905,0.6931471805599453,0.70376676,test,p10,dataset_2,centrality
415,0.6931471805599453,0.7751377,test,p10,dataset_2,centrality
711,0.6931471805599453,0.70376676,test,p10,dataset_2,centrality
309,0.6931471805599453,0.70376676,test,p10,dataset_2,centrality
1053,0.6931471805599453,0.70376676,test,p10,dataset_2,centrality
788,0.6931471805599453,0.70376676,test,p10,dataset_2,centrality
1236,0.6931471805599453,0.70376676,test,p10,dataset_2,centrality
887,0.6931471805599453,0.70376676,test,p10,dataset_2,centrality
1399,0.6931471805599453,0.70376676,test,p10,dataset_2,centrality
1068,0.6931471805599453,0.70376676,test,p10,dataset_2,centrality
478,0.6931471805599453,0.70376676,test,p10,dataset_2,centrality
999,0.6931471805599453,0.70376676,test,p10,dataset_2,centrality
873,0.6931471805599453,0.70376676,test,p10,dataset_2,centrality
818,0.6931471805599453,0.70376676,test,p10,dataset_2,centrality
1090,1.791759469228055,0.9131632,test,p10,dataset_2,centrality
757,0.6931471805599453,0.70376676,test,p10,dataset_2,centrality
1031,0.6931471805599453,0.70376676,test,p10,dataset_2,centrality
322,0.6931471805599453,0.70376676,test,p10,dataset_2,centrality
332,0.6931471805599453,0.70376676,test,p10,dataset_2,centrality
567,0.6931471805599453,0.70376676,test,p10,dataset_2,centrality
892,0.6931471805599453,0.70376676,test,p10,dataset_2,centrality
610,0.6931471805599453,0.70376676,test,p10,dataset_2,centrality
529,0.6931471805599453,0.7751377,test,p10,dataset_2,centrality
570,0.6931471805599453,0.70376676,test,p10,dataset_2,centrality
429,0.6931471805599453,0.70376676,test,p10,dataset_2,centrality
985,0.6931471805599453,0.70376676,test,p10,dataset_2,centrality
43,0.6931471805599453,0.70376676,test,p10,dataset_2,centrality
497,0.6931471805599453,0.70376676,test,p10,dataset_2,centrality
451,0.6931471805599453,0.70376676,test,p10,dataset_2,centrality
1085,0.6931471805599453,0.70376676,test,p10,dataset_2,centrality
1423,0.6931471805599453,0.70376676,test,p10,dataset_2,centrality
101,0.6931471805599453,0.70376676,test,p10,dataset_2,centrality
889,0.6931471805599453,0.70376676,test,p10,dataset_2,centrality
289,0.6931471805599453,0.70376676,test,p10,dataset_2,centrality
1006,0.6931471805599453,0.70376676,test,p10,dataset_2,centrality
1443,0.6931471805599453,0.70376676,test,p10,dataset_2,centrality
1308,0.6931471805599453,0.70376676,test,p10,dataset_2,centrality
1330,0.6931471805599453,0.70376676,test,p10,dataset_2,centrality
381,0.6931471805599453,0.70376676,test,p10,dataset_2,centrality
847,0.6931471805599453,0.70376676,test,p10,dataset_2,centrality
1057,0.6931471805599453,0.70376676,test,p10,dataset_2,centrality
602,0.6931471805599453,0.70376676,test,p10,dataset_2,centrality
898,0.6931471805599453,0.70376676,test,p10,dataset_2,centrality
636,1.9459101490553132,2.4118443,test,p10,dataset_2,centrality
665,1.0986122886681098,0.7751377,test,p10,dataset_2,centrality
588,1.0986122886681098,0.70376676,test,p10,dataset_2,centrality
163,0.6931471805599453,0.70376676,test,p10,dataset_2,centrality
32,0.6931471805599453,0.7751377,test,p10,dataset_2,centrality
619,0.6931471805599453,0.70376676,test,p10,dataset_2,centrality
672,0.6931471805599453,0.70376676,test,p10,dataset_2,centrality
324,0.6931471805599453,0.70376676,test,p10,dataset_2,centrality
382,0.6931471805599453,0.70376676,test,p10,dataset_2,centrality
306,0.6931471805599453,0.70376676,test,p10,dataset_2,centrality
1163,0.6931471805599453,0.70376676,test,p10,dataset_2,centrality
855,0.6931471805599453,0.70376676,test,p10,dataset_2,centrality
722,1.0986122886681098,0.89801574,test,p10,dataset_2,centrality
365,0.6931471805599453,0.70376676,test,p10,dataset_2,centrality
423,0.6931471805599453,0.70376676,test,p10,dataset_2,centrality
933,0.6931471805599453,0.70376676,test,p10,dataset_2,centrality
247,0.6931471805599453,0.70376676,test,p10,dataset_2,centrality
427,0.6931471805599453,0.7751377,test,p10,dataset_2,centrality
1380,0.6931471805599453,0.7751377,test,p10,dataset_2,centrality
543,0.6931471805599453,0.70376676,test,p10,dataset_2,centrality
218,0.6931471805599453,0.70376676,test,p10,dataset_2,centrality
864,0.6931471805599453,0.70376676,test,p10,dataset_2,centrality
274,0.6931471805599453,0.70376676,test,p10,dataset_2,centrality
628,3.9318256327243257,2.7849612,test,p10,dataset_2,centrality
1237,0.6931471805599453,0.70376676,test,p10,dataset_2,centrality
1431,0.6931471805599453,0.70376676,test,p10,dataset_2,centrality
63,0.6931471805599453,0.70376676,test,p10,dataset_2,centrality
1178,0.6931471805599453,0.70376676,test,p10,dataset_2,centrality
380,0.6931471805599453,0.70376676,test,p10,dataset_2,centrality
1203,0.6931471805599453,0.70376676,test,p10,dataset_2,centrality
1235,0.6931471805599453,0.70376676,test,p10,dataset_2,centrality
485,0.6931471805599453,0.70376676,test,p10,dataset_2,centrality
674,1.0986122886681098,0.70376676,test,p10,dataset_2,centrality
1201,0.6931471805599453,0.70376676,test,p10,dataset_2,centrality
931,0.6931471805599453,0.70376676,test,p10,dataset_2,centrality
203,0.6931471805599453,0.70376676,test,p10,dataset_2,centrality
522,0.6931471805599453,0.70376676,test,p10,dataset_2,centrality
894,0.6931471805599453,0.70376676,test,p10,dataset_2,centrality
30,1.9459101490553132,0.7751377,test,p10,dataset_2,centrality
56,0.6931471805599453,0.70376676,test,p10,dataset_2,centrality
1166,2.4849066497880004,2.7849612,test,p10,dataset_2,centrality
1092,0.6931471805599453,0.70376676,test,p10,dataset_2,centrality
371,0.6931471805599453,0.70376676,test,p10,dataset_2,centrality
945,0.6931471805599453,0.70376676,test,p10,dataset_2,centrality
1378,0.6931471805599453,0.70376676,test,p10,dataset_2,centrality
1192,0.6931471805599453,0.70376676,test,p10,dataset_2,centrality
858,0.6931471805599453,0.70376676,test,p10,dataset_2,centrality
464,0.6931471805599453,0.70376676,test,p10,dataset_2,centrality
363,0.6931471805599453,0.70376676,test,p10,dataset_2,centrality
1187,0.6931471805599453,0.70376676,test,p10,dataset_2,centrality
578,0.6931471805599453,0.70376676,test,p10,dataset_2,centrality
237,1.3862943611198906,0.89801574,test,p10,dataset_2,centrality
1390,0.6931471805599453,0.70376676,test,p10,dataset_2,centrality
99,0.6931471805599453,0.70376676,test,p10,dataset_2,centrality
461,0.6931471805599453,0.70376676,test,p10,dataset_2,centrality
259,0.6931471805599453,0.70376676,test,p10,dataset_2,centrality
481,0.6931471805599453,0.70376676,test,p10,dataset_2,centrality
583,0.6931471805599453,0.70376676,test,p10,dataset_2,centrality
861,0.6931471805599453,0.70376676,test,p10,dataset_2,centrality
1043,0.6931471805599453,0.70376676,test,p10,dataset_2,centrality
277,0.6931471805599453,0.70376676,test,p10,dataset_2,centrality
744,0.6931471805599453,0.7751377,test,p10,dataset_2,centrality
584,0.6931471805599453,0.70376676,test,p10,dataset_2,centrality
1037,0.6931471805599453,0.70376676,test,p10,dataset_2,centrality
906,0.6931471805599453,0.70376676,test,p10,dataset_2,centrality
377,0.6931471805599453,0.70376676,test,p10,dataset_2,centrality
549,0.6931471805599453,0.70376676,test,p10,dataset_2,centrality
1417,0.6931471805599453,0.70376676,test,p10,dataset_2,centrality
771,0.6931471805599453,0.70376676,test,p10,dataset_2,centrality
691,1.0986122886681098,1.2231727,test,p10,dataset_2,centrality
706,0.6931471805599453,0.70376676,test,p10,dataset_2,centrality
297,0.6931471805599453,0.70376676,test,p10,dataset_2,centrality
1247,0.6931471805599453,0.70376676,test,p10,dataset_2,centrality
893,0.6931471805599453,0.70376676,test,p10,dataset_2,centrality
947,0.6931471805599453,0.70376676,test,p10,dataset_2,centrality
1403,0.6931471805599453,0.70504797,train,p15,dataset_2,centrality
1209,0.6931471805599453,0.70504797,train,p15,dataset_2,centrality
472,0.6931471805599453,0.70504797,train,p15,dataset_2,centrality
1064,0.6931471805599453,0.70504797,train,p15,dataset_2,centrality
50,0.6931471805599453,0.70504797,train,p15,dataset_2,centrality
223,0.6931471805599453,0.70504797,train,p15,dataset_2,centrality
1395,0.6931471805599453,0.70504797,train,p15,dataset_2,centrality
1348,0.6931471805599453,0.70504797,train,p15,dataset_2,centrality
935,0.6931471805599453,0.70504797,train,p15,dataset_2,centrality
1061,0.6931471805599453,0.70504797,train,p15,dataset_2,centrality
354,0.6931471805599453,0.70504797,train,p15,dataset_2,centrality
69,0.6931471805599453,0.70504797,train,p15,dataset_2,centrality
827,0.6931471805599453,0.70504797,train,p15,dataset_2,centrality
319,0.6931471805599453,0.70504797,train,p15,dataset_2,centrality
840,0.6931471805599453,0.70504797,train,p15,dataset_2,centrality
260,0.6931471805599453,0.70504797,train,p15,dataset_2,centrality
868,0.6931471805599453,0.70504797,train,p15,dataset_2,centrality
130,0.6931471805599453,0.70504797,train,p15,dataset_2,centrality
705,0.6931471805599453,0.70504797,train,p15,dataset_2,centrality
1425,0.6931471805599453,0.70504797,train,p15,dataset_2,centrality
172,0.6931471805599453,0.70504797,train,p15,dataset_2,centrality
333,0.6931471805599453,0.70504797,train,p15,dataset_2,centrality
412,0.6931471805599453,0.70504797,train,p15,dataset_2,centrality
536,0.6931471805599453,0.70504797,train,p15,dataset_2,centrality
1248,0.6931471805599453,0.70504797,train,p15,dataset_2,centrality
3,0.6931471805599453,0.70504797,train,p15,dataset_2,centrality
45,0.6931471805599453,0.70504797,train,p15,dataset_2,centrality
1051,0.6931471805599453,0.70504797,train,p15,dataset_2,centrality
228,0.6931471805599453,0.70504797,train,p15,dataset_2,centrality
890,1.0986122886681098,0.70504797,train,p15,dataset_2,centrality
1430,0.6931471805599453,0.70504797,train,p15,dataset_2,centrality
689,0.6931471805599453,1.10064,train,p15,dataset_2,centrality
783,0.6931471805599453,0.70504797,train,p15,dataset_2,centrality
742,0.6931471805599453,0.70504797,train,p15,dataset_2,centrality
9,0.6931471805599453,0.70504797,train,p15,dataset_2,centrality
1284,0.6931471805599453,0.70504797,train,p15,dataset_2,centrality
1073,0.6931471805599453,0.70504797,train,p15,dataset_2,centrality
603,0.6931471805599453,0.70504797,train,p15,dataset_2,centrality
254,0.6931471805599453,0.70504797,train,p15,dataset_2,centrality
1029,0.6931471805599453,0.70504797,train,p15,dataset_2,centrality
253,0.6931471805599453,0.70504797,train,p15,dataset_2,centrality
1214,0.6931471805599453,0.70504797,train,p15,dataset_2,centrality
1211,0.6931471805599453,0.70504797,train,p15,dataset_2,centrality
133,0.6931471805599453,0.70504797,train,p15,dataset_2,centrality
693,0.6931471805599453,0.70504797,train,p15,dataset_2,centrality
988,0.6931471805599453,0.70504797,train,p15,dataset_2,centrality
7,0.6931471805599453,0.70504797,train,p15,dataset_2,centrality
701,1.0986122886681098,0.70504797,train,p15,dataset_2,centrality
1310,0.6931471805599453,0.70504797,train,p15,dataset_2,centrality
1082,0.6931471805599453,0.70504797,train,p15,dataset_2,centrality
466,0.6931471805599453,0.70504797,train,p15,dataset_2,centrality
1099,0.6931471805599453,0.7675219,train,p15,dataset_2,centrality
1278,0.6931471805599453,0.70504797,train,p15,dataset_2,centrality
326,0.6931471805599453,0.70504797,train,p15,dataset_2,centrality
337,0.6931471805599453,0.70504797,train,p15,dataset_2,centrality
1210,0.6931471805599453,0.70504797,train,p15,dataset_2,centrality
480,0.6931471805599453,0.70504797,train,p15,dataset_2,centrality
1389,0.6931471805599453,0.70504797,train,p15,dataset_2,centrality
206,0.6931471805599453,0.70504797,train,p15,dataset_2,centrality
369,0.6931471805599453,0.70504797,train,p15,dataset_2,centrality
190,0.6931471805599453,0.70504797,train,p15,dataset_2,centrality
258,0.6931471805599453,0.70504797,train,p15,dataset_2,centrality
506,0.6931471805599453,0.70504797,train,p15,dataset_2,centrality
956,0.6931471805599453,0.70504797,train,p15,dataset_2,centrality
109,0.6931471805599453,0.70504797,train,p15,dataset_2,centrality
559,0.6931471805599453,0.7610447,train,p15,dataset_2,centrality
213,1.0986122886681098,0.8701411,train,p15,dataset_2,centrality
523,0.6931471805599453,0.70504797,train,p15,dataset_2,centrality
312,0.6931471805599453,0.70504797,train,p15,dataset_2,centrality
145,0.6931471805599453,0.70504797,train,p15,dataset_2,centrality
1207,0.6931471805599453,0.70504797,train,p15,dataset_2,centrality
979,0.6931471805599453,0.70504797,train,p15,dataset_2,centrality
747,0.6931471805599453,0.70504797,train,p15,dataset_2,centrality
817,0.6931471805599453,0.70504797,train,p15,dataset_2,centrality
899,0.6931471805599453,0.70504797,train,p15,dataset_2,centrality
859,0.6931471805599453,0.70504797,train,p15,dataset_2,centrality
1353,0.6931471805599453,0.7610447,train,p15,dataset_2,centrality
151,0.6931471805599453,0.70504797,train,p15,dataset_2,centrality
1409,0.6931471805599453,0.70504797,train,p15,dataset_2,centrality
891,0.6931471805599453,0.70504797,train,p15,dataset_2,centrality
46,0.6931471805599453,0.70504797,train,p15,dataset_2,centrality
1387,0.6931471805599453,0.70504797,train,p15,dataset_2,centrality
1040,0.6931471805599453,0.70504797,train,p15,dataset_2,centrality
340,1.0986122886681098,0.70504797,train,p15,dataset_2,centrality
75,0.6931471805599453,1.253248,train,p15,dataset_2,centrality
1042,0.6931471805599453,0.70504797,train,p15,dataset_2,centrality
347,0.6931471805599453,0.70504797,train,p15,dataset_2,centrality
105,0.6931471805599453,0.70504797,train,p15,dataset_2,centrality
1244,0.6931471805599453,0.70504797,train,p15,dataset_2,centrality
1324,0.6931471805599453,0.7610447,train,p15,dataset_2,centrality
299,0.6931471805599453,0.70504797,train,p15,dataset_2,centrality
1114,0.6931471805599453,0.70504797,train,p15,dataset_2,centrality
398,3.332204510175204,2.8052707,train,p15,dataset_2,centrality
1413,0.6931471805599453,0.70504797,train,p15,dataset_2,centrality
919,0.6931471805599453,0.70504797,train,p15,dataset_2,centrality
54,0.6931471805599453,0.70504797,train,p15,dataset_2,centrality
798,0.6931471805599453,0.70504797,train,p15,dataset_2,centrality
143,0.6931471805599453,0.70504797,train,p15,dataset_2,centrality
846,0.6931471805599453,0.70504797,train,p15,dataset_2,centrality
208,3.218875824868201,2.8052707,train,p15,dataset_2,centrality
200,0.6931471805599453,0.70504797,train,p15,dataset_2,centrality
886,0.6931471805599453,0.7813494,train,p15,dataset_2,centrality
397,2.772588722239781,2.6464934,train,p15,dataset_2,centrality
1217,0.6931471805599453,0.70504797,train,p15,dataset_2,centrality
150,0.6931471805599453,0.70504797,train,p15,dataset_2,centrality
921,0.6931471805599453,0.70504797,train,p15,dataset_2,centrality
33,0.6931471805599453,0.7610447,train,p15,dataset_2,centrality
792,0.6931471805599453,0.70504797,train,p15,dataset_2,centrality
867,0.6931471805599453,0.70504797,train,p15,dataset_2,centrality
224,3.044522437723423,2.6464934,train,p15,dataset_2,centrality
341,0.6931471805599453,0.70504797,train,p15,dataset_2,centrality
1344,0.6931471805599453,0.70504797,train,p15,dataset_2,centrality
1426,0.6931471805599453,0.70504797,train,p15,dataset_2,centrality
1159,0.6931471805599453,0.70504797,train,p15,dataset_2,centrality
169,0.6931471805599453,0.70504797,train,p15,dataset_2,centrality
531,0.6931471805599453,0.70504797,train,p15,dataset_2,centrality
1360,0.6931471805599453,0.70504797,train,p15,dataset_2,centrality
512,0.6931471805599453,0.70504797,train,p15,dataset_2,centrality
1257,0.6931471805599453,0.70504797,train,p15,dataset_2,centrality
572,0.6931471805599453,0.70504797,train,p15,dataset_2,centrality
1135,0.6931471805599453,0.70504797,train,p15,dataset_2,centrality
1047,0.6931471805599453,0.70504797,train,p15,dataset_2,centrality
909,0.6931471805599453,0.70504797,train,p15,dataset_2,centrality
557,0.6931471805599453,0.70504797,train,p15,dataset_2,centrality
1013,0.6931471805599453,0.70504797,train,p15,dataset_2,centrality
55,0.6931471805599453,0.70504797,train,p15,dataset_2,centrality
1161,1.791759469228055,1.2169156,train,p15,dataset_2,centrality
1107,0.6931471805599453,0.70504797,train,p15,dataset_2,centrality
586,0.6931471805599453,0.70504797,train,p15,dataset_2,centrality
1079,0.6931471805599453,0.70504797,train,p15,dataset_2,centrality
107,0.6931471805599453,0.70504797,train,p15,dataset_2,centrality
835,0.6931471805599453,0.70504797,train,p15,dataset_2,centrality
1206,0.6931471805599453,0.70504797,train,p15,dataset_2,centrality
1276,0.6931471805599453,0.70504797,train,p15,dataset_2,centrality
498,0.6931471805599453,0.70504797,train,p15,dataset_2,centrality
555,0.6931471805599453,0.7610447,train,p15,dataset_2,centrality
1241,0.6931471805599453,0.70504797,train,p15,dataset_2,centrality
449,0.6931471805599453,0.70504797,train,p15,dataset_2,centrality
828,0.6931471805599453,0.70504797,train,p15,dataset_2,centrality
205,0.6931471805599453,0.70504797,train,p15,dataset_2,centrality
664,0.6931471805599453,0.70504797,train,p15,dataset_2,centrality
460,0.6931471805599453,0.70504797,train,p15,dataset_2,centrality
920,0.6931471805599453,0.70504797,train,p15,dataset_2,centrality
295,0.6931471805599453,0.70504797,train,p15,dataset_2,centrality
1157,0.6931471805599453,0.70504797,train,p15,dataset_2,centrality
1336,0.6931471805599453,0.70504797,train,p15,dataset_2,centrality
1188,0.6931471805599453,0.70504797,train,p15,dataset_2,centrality
791,0.6931471805599453,0.70504797,train,p15,dataset_2,centrality
1173,1.3862943611198906,1.0308158,train,p15,dataset_2,centrality
1243,0.6931471805599453,0.70504797,train,p15,dataset_2,centrality
926,0.6931471805599453,0.70504797,train,p15,dataset_2,centrality
924,0.6931471805599453,0.70504797,train,p15,dataset_2,centrality
58,0.6931471805599453,0.70504797,train,p15,dataset_2,centrality
1054,0.6931471805599453,0.70504797,train,p15,dataset_2,centrality
1256,0.6931471805599453,0.70504797,train,p15,dataset_2,centrality
379,1.0986122886681098,0.70504797,train,p15,dataset_2,centrality
373,0.6931471805599453,0.70504797,train,p15,dataset_2,centrality
758,0.6931471805599453,0.70504797,train,p15,dataset_2,centrality
552,0.6931471805599453,0.83734614,train,p15,dataset_2,centrality
671,0.6931471805599453,0.70504797,train,p15,dataset_2,centrality
654,0.6931471805599453,0.70504797,train,p15,dataset_2,centrality
646,0.6931471805599453,0.9152419,train,p15,dataset_2,centrality
541,0.6931471805599453,0.7610447,train,p15,dataset_2,centrality
844,0.6931471805599453,0.70504797,train,p15,dataset_2,centrality
876,0.6931471805599453,0.70504797,train,p15,dataset_2,centrality
176,0.6931471805599453,0.70504797,train,p15,dataset_2,centrality
600,0.6931471805599453,0.70504797,train,p15,dataset_2,centrality
500,0.6931471805599453,0.70504797,train,p15,dataset_2,centrality
731,0.6931471805599453,0.9152419,train,p15,dataset_2,centrality
442,0.6931471805599453,0.70504797,train,p15,dataset_2,centrality
1109,0.6931471805599453,0.70504797,train,p15,dataset_2,centrality
280,0.6931471805599453,0.70504797,train,p15,dataset_2,centrality
1392,0.6931471805599453,0.70504797,train,p15,dataset_2,centrality
482,0.6931471805599453,0.70504797,train,p15,dataset_2,centrality
754,0.6931471805599453,0.70504797,train,p15,dataset_2,centrality
5,0.6931471805599453,0.70504797,train,p15,dataset_2,centrality
737,0.6931471805599453,0.70504797,train,p15,dataset_2,centrality
554,2.4849066497880004,2.3917773,train,p15,dataset_2,centrality
810,0.6931471805599453,0.70504797,train,p15,dataset_2,centrality
346,0.6931471805599453,0.70504797,train,p15,dataset_2,centrality
1407,0.6931471805599453,0.70504797,train,p15,dataset_2,centrality
370,0.6931471805599453,0.70504797,train,p15,dataset_2,centrality
484,0.6931471805599453,0.70504797,train,p15,dataset_2,centrality
1125,1.0986122886681098,0.8701411,train,p15,dataset_2,centrality
1202,0.6931471805599453,0.70504797,train,p15,dataset_2,centrality
1081,0.6931471805599453,0.70504797,train,p15,dataset_2,centrality
820,0.6931471805599453,0.70504797,train,p15,dataset_2,centrality
593,0.6931471805599453,0.70504797,train,p15,dataset_2,centrality
1429,0.6931471805599453,0.70504797,train,p15,dataset_2,centrality
563,0.6931471805599453,0.70504797,train,p15,dataset_2,centrality
1381,0.6931471805599453,0.70504797,train,p15,dataset_2,centrality
865,0.6931471805599453,0.70504797,train,p15,dataset_2,centrality
238,0.6931471805599453,0.9152419,train,p15,dataset_2,centrality
546,0.6931471805599453,0.70504797,train,p15,dataset_2,centrality
648,0.6931471805599453,0.70504797,train,p15,dataset_2,centrality
1366,0.6931471805599453,0.70504797,train,p15,dataset_2,centrality
936,0.6931471805599453,0.70504797,train,p15,dataset_2,centrality
307,0.6931471805599453,0.70504797,train,p15,dataset_2,centrality
1427,0.6931471805599453,0.70504797,train,p15,dataset_2,centrality
1406,0.6931471805599453,0.70504797,train,p15,dataset_2,centrality
971,0.6931471805599453,0.70504797,train,p15,dataset_2,centrality
877,0.6931471805599453,0.70504797,train,p15,dataset_2,centrality
139,0.6931471805599453,0.70504797,train,p15,dataset_2,centrality
1418,0.6931471805599453,0.70504797,train,p15,dataset_2,centrality
263,0.6931471805599453,0.70504797,train,p15,dataset_2,centrality
723,0.6931471805599453,0.7813494,train,p15,dataset_2,centrality
264,0.6931471805599453,0.70504797,train,p15,dataset_2,centrality
951,0.6931471805599453,0.70504797,train,p15,dataset_2,centrality
152,0.6931471805599453,0.70504797,train,p15,dataset_2,centrality
1118,0.6931471805599453,0.70504797,train,p15,dataset_2,centrality
631,1.6094379124341005,2.6464934,train,p15,dataset_2,centrality
456,0.6931471805599453,0.70504797,train,p15,dataset_2,centrality
210,1.791759469228055,2.1561658,train,p15,dataset_2,centrality
537,1.0986122886681098,1.1264546,train,p15,dataset_2,centrality
720,1.6094379124341005,1.7453353,train,p15,dataset_2,centrality
1339,0.6931471805599453,0.70504797,train,p15,dataset_2,centrality
1282,0.6931471805599453,0.70504797,train,p15,dataset_2,centrality
838,0.6931471805599453,0.70504797,train,p15,dataset_2,centrality
1136,0.6931471805599453,0.70504797,train,p15,dataset_2,centrality
194,0.6931471805599453,0.70504797,train,p15,dataset_2,centrality
553,0.6931471805599453,0.70504797,train,p15,dataset_2,centrality
165,0.6931471805599453,0.70504797,train,p15,dataset_2,centrality
698,0.6931471805599453,0.70504797,train,p15,dataset_2,centrality
1002,0.6931471805599453,0.70504797,train,p15,dataset_2,centrality
777,0.6931471805599453,0.70504797,train,p15,dataset_2,centrality
1150,0.6931471805599453,0.70504797,train,p15,dataset_2,centrality
760,0.6931471805599453,0.70504797,train,p15,dataset_2,centrality
147,0.6931471805599453,0.70504797,train,p15,dataset_2,centrality
612,0.6931471805599453,0.70504797,train,p15,dataset_2,centrality
511,0.6931471805599453,0.70504797,train,p15,dataset_2,centrality
1299,0.6931471805599453,0.70504797,train,p15,dataset_2,centrality
974,0.6931471805599453,0.70504797,train,p15,dataset_2,centrality
599,0.6931471805599453,0.70504797,train,p15,dataset_2,centrality
368,0.6931471805599453,0.70504797,train,p15,dataset_2,centrality
441,0.6931471805599453,0.70504797,train,p15,dataset_2,centrality
360,0.6931471805599453,0.70504797,train,p15,dataset_2,centrality
581,0.6931471805599453,0.70504797,train,p15,dataset_2,centrality
1314,0.6931471805599453,0.70504797,train,p15,dataset_2,centrality
801,0.6931471805599453,0.70504797,train,p15,dataset_2,centrality
808,0.6931471805599453,0.70504797,train,p15,dataset_2,centrality
1115,0.6931471805599453,0.70504797,train,p15,dataset_2,centrality
657,0.6931471805599453,0.7610447,train,p15,dataset_2,centrality
695,0.6931471805599453,0.70504797,train,p15,dataset_2,centrality
201,0.6931471805599453,0.70504797,train,p15,dataset_2,centrality
1007,0.6931471805599453,0.70504797,train,p15,dataset_2,centrality
1401,0.6931471805599453,0.70504797,train,p15,dataset_2,centrality
669,1.0986122886681098,0.70504797,train,p15,dataset_2,centrality
1347,0.6931471805599453,0.70504797,train,p15,dataset_2,centrality
1267,0.6931471805599453,0.70504797,train,p15,dataset_2,centrality
1117,0.6931471805599453,0.70504797,train,p15,dataset_2,centrality
1218,0.6931471805599453,0.70504797,train,p15,dataset_2,centrality
638,0.6931471805599453,1.0243386,train,p15,dataset_2,centrality
74,0.6931471805599453,0.70504797,train,p15,dataset_2,centrality
1011,0.6931471805599453,0.70504797,train,p15,dataset_2,centrality
576,0.6931471805599453,0.70504797,train,p15,dataset_2,centrality
233,0.6931471805599453,0.70504797,train,p15,dataset_2,centrality
1216,0.6931471805599453,0.70504797,train,p15,dataset_2,centrality
97,0.6931471805599453,0.70504797,train,p15,dataset_2,centrality
1440,0.6931471805599453,0.70504797,train,p15,dataset_2,centrality
862,0.6931471805599453,0.70504797,train,p15,dataset_2,centrality
171,0.6931471805599453,0.70504797,train,p15,dataset_2,centrality
1146,0.6931471805599453,0.70504797,train,p15,dataset_2,centrality
395,2.0794415416798357,2.2655687,train,p15,dataset_2,centrality
629,3.044522437723423,2.8052707,train,p15,dataset_2,centrality
467,0.6931471805599453,0.70504797,train,p15,dataset_2,centrality
59,0.6931471805599453,0.70504797,train,p15,dataset_2,centrality
623,1.9459101490553132,1.1264546,train,p15,dataset_2,centrality
432,1.3862943611198906,1.2790555,train,p15,dataset_2,centrality
1078,0.6931471805599453,0.70504797,train,p15,dataset_2,centrality
972,0.6931471805599453,0.70504797,train,p15,dataset_2,centrality
1017,0.6931471805599453,0.70504797,train,p15,dataset_2,centrality
1001,0.6931471805599453,0.70504797,train,p15,dataset_2,centrality
734,0.6931471805599453,0.70504797,train,p15,dataset_2,centrality
681,0.6931471805599453,0.70504797,train,p15,dataset_2,centrality
703,0.6931471805599453,0.70504797,train,p15,dataset_2,centrality
1071,0.6931471805599453,0.70504797,train,p15,dataset_2,centrality
444,0.6931471805599453,0.7610447,train,p15,dataset_2,centrality
622,0.6931471805599453,0.70504797,train,p15,dataset_2,centrality
1312,0.6931471805599453,0.70504797,train,p15,dataset_2,centrality
89,0.6931471805599453,0.70504797,train,p15,dataset_2,centrality
17,1.0986122886681098,0.70504797,train,p15,dataset_2,centrality
406,0.6931471805599453,0.70504797,train,p15,dataset_2,centrality
391,1.3862943611198906,0.7610447,train,p15,dataset_2,centrality
328,0.6931471805599453,0.70504797,train,p15,dataset_2,centrality
178,0.6931471805599453,0.70504797,train,p15,dataset_2,centrality
550,0.6931471805599453,0.70504797,train,p15,dataset_2,centrality
1280,0.6931471805599453,0.70504797,train,p15,dataset_2,centrality
138,0.6931471805599453,0.70504797,train,p15,dataset_2,centrality
1428,0.6931471805599453,0.70504797,train,p15,dataset_2,centrality
96,0.6931471805599453,0.70504797,train,p15,dataset_2,centrality
1291,0.6931471805599453,0.70504797,train,p15,dataset_2,centrality
273,0.6931471805599453,0.70504797,train,p15,dataset_2,centrality
1196,0.6931471805599453,0.70504797,train,p15,dataset_2,centrality
1307,0.6931471805599453,0.70504797,train,p15,dataset_2,centrality
1119,0.6931471805599453,0.7610447,train,p15,dataset_2,centrality
1283,0.6931471805599453,0.70504797,train,p15,dataset_2,centrality
885,0.6931471805599453,0.70504797,train,p15,dataset_2,centrality
851,0.6931471805599453,0.70504797,train,p15,dataset_2,centrality
1204,0.6931471805599453,0.70504797,train,p15,dataset_2,centrality
746,0.6931471805599453,0.70504797,train,p15,dataset_2,centrality
167,0.6931471805599453,0.70504797,train,p15,dataset_2,centrality
1221,0.6931471805599453,0.7610447,train,p15,dataset_2,centrality
613,0.6931471805599453,0.70504797,train,p15,dataset_2,centrality
667,0.6931471805599453,0.70504797,train,p15,dataset_2,centrality
1242,0.6931471805599453,0.70504797,train,p15,dataset_2,centrality
544,0.6931471805599453,0.70504797,train,p15,dataset_2,centrality
204,0.6931471805599453,0.70504797,train,p15,dataset_2,centrality
110,0.6931471805599453,0.70504797,train,p15,dataset_2,centrality
470,0.6931471805599453,0.70504797,train,p15,dataset_2,centrality
958,0.6931471805599453,0.70504797,train,p15,dataset_2,centrality
717,2.8903717578961645,2.8052707,train,p15,dataset_2,centrality
221,0.6931471805599453,0.70504797,train,p15,dataset_2,centrality
1133,0.6931471805599453,0.7610447,train,p15,dataset_2,centrality
1132,0.6931471805599453,0.70504797,train,p15,dataset_2,centrality
486,0.6931471805599453,0.70504797,train,p15,dataset_2,centrality
137,0.6931471805599453,0.70504797,train,p15,dataset_2,centrality
789,0.6931471805599453,0.70504797,train,p15,dataset_2,centrality
92,0.6931471805599453,0.70504797,train,p15,dataset_2,centrality
230,0.6931471805599453,0.70504797,train,p15,dataset_2,centrality
16,0.6931471805599453,0.70504797,train,p15,dataset_2,centrality
764,0.6931471805599453,0.70504797,train,p15,dataset_2,centrality
645,1.3862943611198906,1.6000222,train,p15,dataset_2,centrality
1056,0.6931471805599453,0.70504797,train,p15,dataset_2,centrality
750,1.0986122886681098,0.7610447,train,p15,dataset_2,centrality
48,0.6931471805599453,0.70504797,train,p15,dataset_2,centrality
1194,0.6931471805599453,0.70504797,train,p15,dataset_2,centrality
957,0.6931471805599453,0.70504797,train,p15,dataset_2,centrality
1374,0.6931471805599453,0.70504797,train,p15,dataset_2,centrality
266,0.6931471805599453,0.70504797,train,p15,dataset_2,centrality
108,0.6931471805599453,0.70504797,train,p15,dataset_2,centrality
727,0.6931471805599453,0.7610447,train,p15,dataset_2,centrality
677,0.6931471805599453,0.70504797,train,p15,dataset_2,centrality
942,0.6931471805599453,0.70504797,train,p15,dataset_2,centrality
719,1.791759469228055,1.0243386,train,p15,dataset_2,centrality
211,3.713572066704308,2.3771992,train,p15,dataset_2,centrality
756,0.6931471805599453,0.70504797,train,p15,dataset_2,centrality
1212,0.6931471805599453,0.70504797,train,p15,dataset_2,centrality
1035,0.6931471805599453,0.70504797,train,p15,dataset_2,centrality
20,0.6931471805599453,0.70504797,train,p15,dataset_2,centrality
561,0.6931471805599453,0.70504797,train,p15,dataset_2,centrality
759,0.6931471805599453,0.70504797,train,p15,dataset_2,centrality
1416,0.6931471805599453,0.70504797,train,p15,dataset_2,centrality
670,0.6931471805599453,0.70504797,train,p15,dataset_2,centrality
443,0.6931471805599453,0.70504797,train,p15,dataset_2,centrality
225,0.6931471805599453,0.70504797,train,p15,dataset_2,centrality
1148,0.6931471805599453,0.70504797,train,p15,dataset_2,centrality
1168,1.3862943611198906,1.6773953,train,p15,dataset_2,centrality
1294,0.6931471805599453,0.70504797,train,p15,dataset_2,centrality
700,0.6931471805599453,0.70504797,train,p15,dataset_2,centrality
716,2.4849066497880004,2.2655687,train,p15,dataset_2,centrality
1180,1.0986122886681098,0.8701411,train,p15,dataset_2,centrality
250,0.6931471805599453,0.70504797,train,p15,dataset_2,centrality
439,0.6931471805599453,0.70504797,train,p15,dataset_2,centrality
805,0.6931471805599453,0.70504797,train,p15,dataset_2,centrality
595,1.9459101490553132,2.6319156,train,p15,dataset_2,centrality
119,0.6931471805599453,0.70504797,train,p15,dataset_2,centrality
1044,0.6931471805599453,0.70504797,train,p15,dataset_2,centrality
774,0.6931471805599453,0.70504797,train,p15,dataset_2,centrality
372,0.6931471805599453,0.70504797,train,p15,dataset_2,centrality
726,0.6931471805599453,0.7610447,train,p15,dataset_2,centrality
736,1.0986122886681098,0.70504797,train,p15,dataset_2,centrality
809,0.6931471805599453,0.70504797,train,p15,dataset_2,centrality
1356,0.6931471805599453,0.70504797,train,p15,dataset_2,centrality
1320,0.6931471805599453,1.0308158,train,p15,dataset_2,centrality
294,0.6931471805599453,0.70504797,train,p15,dataset_2,centrality
569,0.6931471805599453,0.70504797,train,p15,dataset_2,centrality
1072,0.6931471805599453,0.70504797,train,p15,dataset_2,centrality
335,0.6931471805599453,0.70504797,train,p15,dataset_2,centrality
1260,0.6931471805599453,0.70504797,train,p15,dataset_2,centrality
1140,0.6931471805599453,0.70504797,train,p15,dataset_2,centrality
609,0.6931471805599453,0.70504797,train,p15,dataset_2,centrality
1184,0.6931471805599453,0.70504797,train,p15,dataset_2,centrality
383,0.6931471805599453,0.70504797,train,p15,dataset_2,centrality
1145,0.6931471805599453,0.70504797,train,p15,dataset_2,centrality
508,0.6931471805599453,0.70504797,train,p15,dataset_2,centrality
359,0.6931471805599453,0.70504797,train,p15,dataset_2,centrality
940,0.6931471805599453,0.70504797,train,p15,dataset_2,centrality
928,0.6931471805599453,0.70504797,train,p15,dataset_2,centrality
156,0.6931471805599453,0.70504797,train,p15,dataset_2,centrality
1408,0.6931471805599453,0.70504797,train,p15,dataset_2,centrality
1249,0.6931471805599453,0.70504797,train,p15,dataset_2,centrality
534,0.6931471805599453,0.70504797,train,p15,dataset_2,centrality
296,0.6931471805599453,0.70504797,train,p15,dataset_2,centrality
487,0.6931471805599453,0.70504797,train,p15,dataset_2,centrality
22,0.6931471805599453,0.70504797,train,p15,dataset_2,centrality
962,0.6931471805599453,0.70504797,train,p15,dataset_2,centrality
1110,0.6931471805599453,0.70504797,train,p15,dataset_2,centrality
880,0.6931471805599453,0.70504797,train,p15,dataset_2,centrality
336,0.6931471805599453,0.70504797,train,p15,dataset_2,centrality
426,0.6931471805599453,0.7610447,train,p15,dataset_2,centrality
84,0.6931471805599453,0.70504797,train,p15,dataset_2,centrality
992,0.6931471805599453,0.70504797,train,p15,dataset_2,centrality
1439,0.6931471805599453,0.70504797,train,p15,dataset_2,centrality
1386,0.6931471805599453,0.70504797,train,p15,dataset_2,centrality
1033,0.6931471805599453,0.70504797,train,p15,dataset_2,centrality
1349,0.6931471805599453,0.70504797,train,p15,dataset_2,centrality
220,0.6931471805599453,0.7610447,train,p15,dataset_2,centrality
1328,0.6931471805599453,0.70504797,train,p15,dataset_2,centrality
565,0.6931471805599453,0.70504797,train,p15,dataset_2,centrality
434,0.6931471805599453,0.70504797,train,p15,dataset_2,centrality
515,0.6931471805599453,0.70504797,train,p15,dataset_2,centrality
761,0.6931471805599453,0.70504797,train,p15,dataset_2,centrality
1222,0.6931471805599453,0.70504797,train,p15,dataset_2,centrality
52,0.6931471805599453,0.70504797,train,p15,dataset_2,centrality
589,0.6931471805599453,0.70504797,train,p15,dataset_2,centrality
975,0.6931471805599453,0.70504797,train,p15,dataset_2,centrality
281,0.6931471805599453,0.70504797,train,p15,dataset_2,centrality
1271,0.6931471805599453,0.70504797,train,p15,dataset_2,centrality
562,0.6931471805599453,0.70504797,train,p15,dataset_2,centrality
10,0.6931471805599453,0.70504797,train,p15,dataset_2,centrality
738,1.0986122886681098,0.70504797,train,p15,dataset_2,centrality
1229,0.6931471805599453,0.70504797,train,p15,dataset_2,centrality
352,0.6931471805599453,0.70504797,train,p15,dataset_2,centrality
1371,0.6931471805599453,0.70504797,train,p15,dataset_2,centrality
1041,0.6931471805599453,0.70504797,train,p15,dataset_2,centrality
660,0.6931471805599453,0.70504797,train,p15,dataset_2,centrality
1205,0.6931471805599453,0.70504797,train,p15,dataset_2,centrality
624,0.6931471805599453,0.70504797,train,p15,dataset_2,centrality
21,0.6931471805599453,0.70504797,train,p15,dataset_2,centrality
448,0.6931471805599453,0.70504797,train,p15,dataset_2,centrality
923,0.6931471805599453,0.70504797,train,p15,dataset_2,centrality
800,0.6931471805599453,0.70504797,train,p15,dataset_2,centrality
94,0.6931471805599453,0.70504797,train,p15,dataset_2,centrality
966,0.6931471805599453,0.70504797,train,p15,dataset_2,centrality
146,0.6931471805599453,0.70504797,train,p15,dataset_2,centrality
993,0.6931471805599453,0.70504797,train,p15,dataset_2,centrality
829,0.6931471805599453,0.70504797,train,p15,dataset_2,centrality
644,0.6931471805599453,0.70504797,train,p15,dataset_2,centrality
331,0.6931471805599453,0.70504797,train,p15,dataset_2,centrality
366,0.6931471805599453,0.70504797,train,p15,dataset_2,centrality
768,0.6931471805599453,0.70504797,train,p15,dataset_2,centrality
1046,0.6931471805599453,0.70504797,train,p15,dataset_2,centrality
725,1.0986122886681098,1.1071173,train,p15,dataset_2,centrality
422,0.6931471805599453,0.70504797,train,p15,dataset_2,centrality
1067,0.6931471805599453,0.70504797,train,p15,dataset_2,centrality
954,0.6931471805599453,0.70504797,train,p15,dataset_2,centrality
207,4.143134726391533,2.8052707,train,p15,dataset_2,centrality
249,0.6931471805599453,0.70504797,train,p15,dataset_2,centrality
353,0.6931471805599453,0.70504797,train,p15,dataset_2,centrality
883,0.6931471805599453,0.70504797,train,p15,dataset_2,centrality
525,1.0986122886681098,0.70504797,train,p15,dataset_2,centrality
1345,0.6931471805599453,0.70504797,train,p15,dataset_2,centrality
390,0.6931471805599453,0.70504797,train,p15,dataset_2,centrality
526,0.6931471805599453,0.70504797,train,p15,dataset_2,centrality
1262,0.6931471805599453,0.70504797,train,p15,dataset_2,centrality
1370,0.6931471805599453,0.70504797,train,p15,dataset_2,centrality
1183,0.6931471805599453,0.70504797,train,p15,dataset_2,centrality
1375,0.6931471805599453,0.70504797,train,p15,dataset_2,centrality
8,0.6931471805599453,0.70504797,train,p15,dataset_2,centrality
298,0.6931471805599453,0.70504797,train,p15,dataset_2,centrality
1230,0.6931471805599453,0.70504797,train,p15,dataset_2,centrality
344,0.6931471805599453,0.70504797,train,p15,dataset_2,centrality
320,0.6931471805599453,0.70504797,train,p15,dataset_2,centrality
1252,0.6931471805599453,0.70504797,train,p15,dataset_2,centrality
452,0.6931471805599453,0.70504797,train,p15,dataset_2,centrality
1153,0.6931471805599453,0.70504797,train,p15,dataset_2,centrality
166,0.6931471805599453,0.70504797,train,p15,dataset_2,centrality
388,0.6931471805599453,0.70504797,train,p15,dataset_2,centrality
446,0.6931471805599453,0.70504797,train,p15,dataset_2,centrality
1287,0.6931471805599453,0.70504797,train,p15,dataset_2,centrality
1327,0.6931471805599453,0.70504797,train,p15,dataset_2,centrality
1268,0.6931471805599453,0.70504797,train,p15,dataset_2,centrality
4,0.6931471805599453,0.70504797,train,p15,dataset_2,centrality
1372,0.6931471805599453,0.70504797,train,p15,dataset_2,centrality
767,1.0986122886681098,0.7610447,train,p15,dataset_2,centrality
574,0.6931471805599453,0.70504797,train,p15,dataset_2,centrality
524,0.6931471805599453,0.70504797,train,p15,dataset_2,centrality
989,0.6931471805599453,0.70504797,train,p15,dataset_2,centrality
882,0.6931471805599453,0.70504797,train,p15,dataset_2,centrality
236,0.6931471805599453,0.70504797,train,p15,dataset_2,centrality
1419,0.6931471805599453,0.70504797,train,p15,dataset_2,centrality
1096,0.6931471805599453,0.70504797,train,p15,dataset_2,centrality
182,0.6931471805599453,0.70504797,train,p15,dataset_2,centrality
952,0.6931471805599453,0.70504797,train,p15,dataset_2,centrality
604,0.6931471805599453,0.70504797,train,p15,dataset_2,centrality
453,0.6931471805599453,0.70504797,train,p15,dataset_2,centrality
350,0.6931471805599453,0.70504797,train,p15,dataset_2,centrality
278,0.6931471805599453,0.70504797,train,p15,dataset_2,centrality
635,3.6635616461296463,2.6464934,train,p15,dataset_2,centrality
226,0.6931471805599453,0.70504797,train,p15,dataset_2,centrality
1074,0.6931471805599453,0.70504797,train,p15,dataset_2,centrality
1277,0.6931471805599453,0.70504797,train,p15,dataset_2,centrality
269,0.6931471805599453,0.70504797,train,p15,dataset_2,centrality
1368,0.6931471805599453,0.70504797,train,p15,dataset_2,centrality
1128,0.6931471805599453,0.7610447,train,p15,dataset_2,centrality
568,0.6931471805599453,0.70504797,train,p15,dataset_2,centrality
1319,0.6931471805599453,0.70504797,train,p15,dataset_2,centrality
517,0.6931471805599453,0.70504797,train,p15,dataset_2,centrality
822,0.6931471805599453,0.70504797,train,p15,dataset_2,centrality
1062,0.6931471805599453,0.70504797,train,p15,dataset_2,centrality
191,0.6931471805599453,0.70504797,train,p15,dataset_2,centrality
895,0.6931471805599453,0.70504797,train,p15,dataset_2,centrality
917,0.6931471805599453,0.70504797,train,p15,dataset_2,centrality
606,0.6931471805599453,0.70504797,train,p15,dataset_2,centrality
1182,1.3862943611198906,0.7610447,train,p15,dataset_2,centrality
797,0.6931471805599453,0.70504797,train,p15,dataset_2,centrality
183,0.6931471805599453,0.70504797,train,p15,dataset_2,centrality
311,0.6931471805599453,0.70504797,train,p15,dataset_2,centrality
73,0.6931471805599453,0.70504797,train,p15,dataset_2,centrality
687,0.6931471805599453,0.70504797,train,p15,dataset_2,centrality
134,0.6931471805599453,0.70504797,train,p15,dataset_2,centrality
1322,0.6931471805599453,0.70504797,train,p15,dataset_2,centrality
349,0.6931471805599453,0.70504797,train,p15,dataset_2,centrality
1089,0.6931471805599453,0.70504797,train,p15,dataset_2,centrality
1275,0.6931471805599453,0.70504797,train,p15,dataset_2,centrality
489,0.6931471805599453,0.70504797,train,p15,dataset_2,centrality
445,0.6931471805599453,0.70504797,train,p15,dataset_2,centrality
580,0.6931471805599453,0.70504797,train,p15,dataset_2,centrality
504,0.6931471805599453,0.70504797,train,p15,dataset_2,centrality
342,0.6931471805599453,0.70504797,train,p15,dataset_2,centrality
807,0.6931471805599453,0.70504797,train,p15,dataset_2,centrality
79,0.6931471805599453,0.70504797,train,p15,dataset_2,centrality
998,0.6931471805599453,0.70504797,train,p15,dataset_2,centrality
953,0.6931471805599453,0.70504797,train,p15,dataset_2,centrality
773,0.6931471805599453,0.70504797,train,p15,dataset_2,centrality
241,1.6094379124341005,1.8327341,train,p15,dataset_2,centrality
1142,0.6931471805599453,0.70504797,train,p15,dataset_2,centrality
1139,0.6931471805599453,0.70504797,train,p15,dataset_2,centrality
647,0.6931471805599453,1.0243386,train,p15,dataset_2,centrality
180,0.6931471805599453,0.70504797,train,p15,dataset_2,centrality
23,0.6931471805599453,0.70504797,train,p15,dataset_2,centrality
1424,0.6931471805599453,0.70504797,train,p15,dataset_2,centrality
154,0.6931471805599453,0.70504797,train,p15,dataset_2,centrality
144,0.6931471805599453,0.70504797,train,p15,dataset_2,centrality
724,1.3862943611198906,0.9152419,train,p15,dataset_2,centrality
643,1.0986122886681098,1.5337719,train,p15,dataset_2,centrality
120,0.6931471805599453,0.70504797,train,p15,dataset_2,centrality
1127,0.6931471805599453,0.70504797,train,p15,dataset_2,centrality
948,0.6931471805599453,0.70504797,train,p15,dataset_2,centrality
633,1.0986122886681098,1.8706656,train,p15,dataset_2,centrality
1309,0.6931471805599453,0.70504797,train,p15,dataset_2,centrality
41,0.6931471805599453,0.70504797,train,p15,dataset_2,centrality
255,0.6931471805599453,0.70504797,train,p15,dataset_2,centrality
455,0.6931471805599453,0.70504797,train,p15,dataset_2,centrality
491,0.6931471805599453,0.70504797,train,p15,dataset_2,centrality
185,0.6931471805599453,0.70504797,train,p15,dataset_2,centrality
540,0.6931471805599453,0.70504797,train,p15,dataset_2,centrality
459,0.6931471805599453,0.70504797,train,p15,dataset_2,centrality
1124,0.6931471805599453,0.7610447,train,p15,dataset_2,centrality
1245,0.6931471805599453,0.70504797,train,p15,dataset_2,centrality
1195,0.6931471805599453,0.70504797,train,p15,dataset_2,centrality
476,0.6931471805599453,0.70504797,train,p15,dataset_2,centrality
321,0.6931471805599453,0.70504797,train,p15,dataset_2,centrality
591,0.6931471805599453,0.70504797,train,p15,dataset_2,centrality
26,0.6931471805599453,0.70504797,train,p15,dataset_2,centrality
1186,0.6931471805599453,0.70504797,train,p15,dataset_2,centrality
1010,0.6931471805599453,0.70504797,train,p15,dataset_2,centrality
1059,0.6931471805599453,0.70504797,train,p15,dataset_2,centrality
911,0.6931471805599453,0.70504797,train,p15,dataset_2,centrality
616,0.6931471805599453,0.70504797,train,p15,dataset_2,centrality
1170,1.3862943611198906,1.479706,train,p15,dataset_2,centrality
428,0.6931471805599453,0.70504797,train,p15,dataset_2,centrality
778,0.6931471805599453,0.70504797,train,p15,dataset_2,centrality
393,1.0986122886681098,0.7610447,train,p15,dataset_2,centrality
1274,0.6931471805599453,0.70504797,train,p15,dataset_2,centrality
728,0.6931471805599453,0.70504797,train,p15,dataset_2,centrality
430,0.6931471805599453,0.70504797,train,p15,dataset_2,centrality
1415,0.6931471805599453,0.70504797,train,p15,dataset_2,centrality
272,0.6931471805599453,0.70504797,train,p15,dataset_2,centrality
488,0.6931471805599453,0.70504797,train,p15,dataset_2,centrality
187,0.6931471805599453,0.70504797,train,p15,dataset_2,centrality
823,0.6931471805599453,0.70504797,train,p15,dataset_2,centrality
1095,0.6931471805599453,0.70504797,train,p15,dataset_2,centrality
39,0.6931471805599453,0.70504797,train,p15,dataset_2,centrality
755,0.6931471805599453,0.70504797,train,p15,dataset_2,centrality
153,0.6931471805599453,0.70504797,train,p15,dataset_2,centrality
987,0.6931471805599453,0.70504797,train,p15,dataset_2,centrality
1018,0.6931471805599453,0.70504797,train,p15,dataset_2,centrality
37,0.6931471805599453,0.70504797,train,p15,dataset_2,centrality
1435,0.6931471805599453,0.70504797,train,p15,dataset_2,centrality
900,0.6931471805599453,0.70504797,train,p15,dataset_2,centrality
1253,0.6931471805599453,0.70504797,train,p15,dataset_2,centrality
86,0.6931471805599453,0.70504797,train,p15,dataset_2,centrality
1019,0.6931471805599453,0.70504797,train,p15,dataset_2,centrality
1105,0.6931471805599453,0.70504797,train,p15,dataset_2,centrality
1220,0.6931471805599453,0.70504797,train,p15,dataset_2,centrality
941,0.6931471805599453,0.70504797,train,p15,dataset_2,centrality
881,0.6931471805599453,0.70504797,train,p15,dataset_2,centrality
696,0.6931471805599453,0.70504797,train,p15,dataset_2,centrality
1385,0.6931471805599453,0.70504797,train,p15,dataset_2,centrality
915,0.6931471805599453,0.70504797,train,p15,dataset_2,centrality
1334,0.6931471805599453,0.70504797,train,p15,dataset_2,centrality
1198,0.6931471805599453,0.70504797,train,p15,dataset_2,centrality
1094,0.6931471805599453,0.70504797,train,p15,dataset_2,centrality
1049,0.6931471805599453,0.70504797,train,p15,dataset_2,centrality
967,0.6931471805599453,0.70504797,train,p15,dataset_2,centrality
1063,0.6931471805599453,0.70504797,train,p15,dataset_2,centrality
875,0.6931471805599453,0.70504797,train,p15,dataset_2,centrality
826,0.6931471805599453,0.70504797,train,p15,dataset_2,centrality
305,0.6931471805599453,0.70504797,train,p15,dataset_2,centrality
831,0.6931471805599453,0.70504797,train,p15,dataset_2,centrality
1335,0.6931471805599453,0.70504797,train,p15,dataset_2,centrality
849,0.6931471805599453,0.70504797,train,p15,dataset_2,centrality
90,0.6931471805599453,0.70504797,train,p15,dataset_2,centrality
642,0.6931471805599453,1.0243386,train,p15,dataset_2,centrality
1091,0.6931471805599453,0.70504797,train,p15,dataset_2,centrality
1149,0.6931471805599453,0.70504797,train,p15,dataset_2,centrality
676,0.6931471805599453,0.70504797,train,p15,dataset_2,centrality
125,0.6931471805599453,0.70504797,train,p15,dataset_2,centrality
1225,0.6931471805599453,0.70504797,train,p15,dataset_2,centrality
1364,0.6931471805599453,0.70504797,train,p15,dataset_2,centrality
902,0.6931471805599453,0.70504797,train,p15,dataset_2,centrality
243,0.6931471805599453,0.70504797,train,p15,dataset_2,centrality
11,0.6931471805599453,0.70504797,train,p15,dataset_2,centrality
1032,0.6931471805599453,0.70504797,train,p15,dataset_2,centrality
1084,0.6931471805599453,0.70504797,train,p15,dataset_2,centrality
694,1.0986122886681098,1.1522621,train,p15,dataset_2,centrality
246,1.3862943611198906,1.1264546,train,p15,dataset_2,centrality
1050,0.6931471805599453,0.70504797,train,p15,dataset_2,centrality
814,0.6931471805599453,0.70504797,train,p15,dataset_2,centrality
1137,0.6931471805599453,0.70504797,train,p15,dataset_2,centrality
897,0.6931471805599453,0.70504797,train,p15,dataset_2,centrality
495,0.6931471805599453,0.70504797,train,p15,dataset_2,centrality
437,0.6931471805599453,0.70504797,train,p15,dataset_2,centrality
821,0.6931471805599453,0.70504797,train,p15,dataset_2,centrality
155,0.6931471805599453,0.70504797,train,p15,dataset_2,centrality
530,0.6931471805599453,0.70504797,train,p15,dataset_2,centrality
66,0.6931471805599453,0.70504797,train,p15,dataset_2,centrality
538,0.6931471805599453,1.0243386,train,p15,dataset_2,centrality
364,0.6931471805599453,0.70504797,train,p15,dataset_2,centrality
1269,0.6931471805599453,0.70504797,train,p15,dataset_2,centrality
521,0.6931471805599453,0.70504797,train,p15,dataset_2,centrality
1306,0.6931471805599453,0.70504797,train,p15,dataset_2,centrality
977,0.6931471805599453,0.70504797,train,p15,dataset_2,centrality
114,0.6931471805599453,0.70504797,train,p15,dataset_2,centrality
634,3.6375861597263857,2.1444876,train,p15,dataset_2,centrality
1004,0.6931471805599453,0.70504797,train,p15,dataset_2,centrality
984,0.6931471805599453,0.70504797,train,p15,dataset_2,centrality
386,0.6931471805599453,0.70504797,train,p15,dataset_2,centrality
1208,0.6931471805599453,0.70504797,train,p15,dataset_2,centrality
1433,0.6931471805599453,0.70504797,train,p15,dataset_2,centrality
907,0.6931471805599453,0.70504797,train,p15,dataset_2,centrality
40,0.6931471805599453,0.70504797,train,p15,dataset_2,centrality
712,1.0986122886681098,0.7610447,train,p15,dataset_2,centrality
608,0.6931471805599453,0.70504797,train,p15,dataset_2,centrality
1265,0.6931471805599453,0.70504797,train,p15,dataset_2,centrality
996,0.6931471805599453,0.70504797,train,p15,dataset_2,centrality
399,2.302585092994046,2.4108818,train,p15,dataset_2,centrality
692,0.6931471805599453,0.70504797,train,p15,dataset_2,centrality
1111,0.6931471805599453,0.70504797,train,p15,dataset_2,centrality
542,0.6931471805599453,0.70504797,train,p15,dataset_2,centrality
262,0.6931471805599453,0.70504797,train,p15,dataset_2,centrality
626,2.0794415416798357,2.8052707,train,p15,dataset_2,centrality
477,0.6931471805599453,0.70504797,train,p15,dataset_2,centrality
535,0.6931471805599453,0.70504797,train,p15,dataset_2,centrality
1264,0.6931471805599453,0.70504797,train,p15,dataset_2,centrality
357,0.6931471805599453,0.70504797,train,p15,dataset_2,centrality
1388,0.6931471805599453,0.70504797,train,p15,dataset_2,centrality
903,0.6931471805599453,0.70504797,train,p15,dataset_2,centrality
1155,0.6931471805599453,0.70504797,train,p15,dataset_2,centrality
245,0.6931471805599453,0.70504797,train,p15,dataset_2,centrality
1052,0.6931471805599453,0.70504797,train,p15,dataset_2,centrality
834,0.6931471805599453,0.70504797,train,p15,dataset_2,centrality
1405,0.6931471805599453,0.70504797,train,p15,dataset_2,centrality
314,0.6931471805599453,0.70504797,train,p15,dataset_2,centrality
387,0.6931471805599453,0.70504797,train,p15,dataset_2,centrality
1350,0.6931471805599453,0.70504797,train,p15,dataset_2,centrality
334,0.6931471805599453,0.70504797,train,p15,dataset_2,centrality
944,0.6931471805599453,0.70504797,train,p15,dataset_2,centrality
27,0.6931471805599453,0.70504797,train,p15,dataset_2,centrality
1359,0.6931471805599453,0.70504797,train,p15,dataset_2,centrality
1158,1.0986122886681098,1.0243386,train,p15,dataset_2,centrality
548,0.6931471805599453,0.70504797,train,p15,dataset_2,centrality
793,0.6931471805599453,0.70504797,train,p15,dataset_2,centrality
162,0.6931471805599453,0.70504797,train,p15,dataset_2,centrality
1213,0.6931471805599453,0.70504797,train,p15,dataset_2,centrality
356,0.6931471805599453,0.70504797,train,p15,dataset_2,centrality
1279,0.6931471805599453,0.70504797,train,p15,dataset_2,centrality
431,1.0986122886681098,0.70504797,train,p15,dataset_2,centrality
870,0.6931471805599453,0.70504797,train,p15,dataset_2,centrality
25,0.6931471805599453,0.70504797,train,p15,dataset_2,centrality
1015,0.6931471805599453,0.70504797,train,p15,dataset_2,centrality
991,0.6931471805599453,0.70504797,train,p15,dataset_2,centrality
118,0.6931471805599453,0.70504797,train,p15,dataset_2,centrality
675,0.6931471805599453,0.7610447,train,p15,dataset_2,centrality
392,0.6931471805599453,0.7610447,train,p15,dataset_2,centrality
658,0.6931471805599453,0.7610447,train,p15,dataset_2,centrality
367,0.6931471805599453,0.70504797,train,p15,dataset_2,centrality
199,0.6931471805599453,0.70504797,train,p15,dataset_2,centrality
762,1.0986122886681098,0.70504797,train,p15,dataset_2,centrality
159,0.6931471805599453,0.70504797,train,p15,dataset_2,centrality
502,0.6931471805599453,0.70504797,train,p15,dataset_2,centrality
1038,0.6931471805599453,0.70504797,train,p15,dataset_2,centrality
753,0.6931471805599453,0.70504797,train,p15,dataset_2,centrality
1332,0.6931471805599453,0.70504797,train,p15,dataset_2,centrality
1167,0.6931471805599453,0.70504797,train,p15,dataset_2,centrality
678,0.6931471805599453,0.70504797,train,p15,dataset_2,centrality
1397,0.6931471805599453,0.70504797,train,p15,dataset_2,centrality
516,0.6931471805599453,0.70504797,train,p15,dataset_2,centrality
740,0.6931471805599453,0.70504797,train,p15,dataset_2,centrality
852,0.6931471805599453,0.70504797,train,p15,dataset_2,centrality
1234,0.6931471805599453,0.70504797,train,p15,dataset_2,centrality
995,0.6931471805599453,0.70504797,train,p15,dataset_2,centrality
132,0.6931471805599453,0.70504797,train,p15,dataset_2,centrality
854,0.6931471805599453,0.70504797,train,p15,dataset_2,centrality
186,0.6931471805599453,0.70504797,train,p15,dataset_2,centrality
1437,0.6931471805599453,0.70504797,train,p15,dataset_2,centrality
1363,0.6931471805599453,0.70504797,train,p15,dataset_2,centrality
1164,1.0986122886681098,0.7610447,train,p15,dataset_2,centrality
284,2.0794415416798357,1.10064,train,p15,dataset_2,centrality
1165,2.4849066497880004,2.8052707,train,p15,dataset_2,centrality
1436,0.6931471805599453,0.70504797,train,p15,dataset_2,centrality
325,0.6931471805599453,0.70504797,train,p15,dataset_2,centrality
287,0.6931471805599453,0.70504797,train,p15,dataset_2,centrality
1060,0.6931471805599453,0.70504797,train,p15,dataset_2,centrality
955,0.6931471805599453,0.70504797,train,p15,dataset_2,centrality
1101,0.6931471805599453,0.70504797,train,p15,dataset_2,centrality
1200,0.6931471805599453,0.70504797,train,p15,dataset_2,centrality
252,0.6931471805599453,0.70504797,train,p15,dataset_2,centrality
157,0.6931471805599453,0.70504797,train,p15,dataset_2,centrality
1113,0.6931471805599453,0.70504797,train,p15,dataset_2,centrality
435,0.6931471805599453,0.7610447,train,p15,dataset_2,centrality
1340,0.6931471805599453,0.70504797,train,p15,dataset_2,centrality
785,0.6931471805599453,0.70504797,train,p15,dataset_2,centrality
1316,0.6931471805599453,0.70504797,train,p15,dataset_2,centrality
709,0.6931471805599453,0.70504797,train,p15,dataset_2,centrality
81,1.0986122886681098,0.8959486,train,p15,dataset_2,centrality
735,0.6931471805599453,0.70504797,train,p15,dataset_2,centrality
98,0.6931471805599453,0.70504797,train,p15,dataset_2,centrality
640,1.791759469228055,1.9780471,train,p15,dataset_2,centrality
976,0.6931471805599453,0.70504797,train,p15,dataset_2,centrality
918,0.6931471805599453,0.70504797,train,p15,dataset_2,centrality
1219,0.6931471805599453,0.70504797,train,p15,dataset_2,centrality
982,0.6931471805599453,0.70504797,train,p15,dataset_2,centrality
292,1.0986122886681098,0.7610447,train,p15,dataset_2,centrality
556,0.6931471805599453,0.70504797,train,p15,dataset_2,centrality
1005,0.6931471805599453,0.70504797,train,p15,dataset_2,centrality
1058,0.6931471805599453,0.70504797,train,p15,dataset_2,centrality
1103,0.6931471805599453,0.70504797,train,p15,dataset_2,centrality
514,0.6931471805599453,0.70504797,train,p15,dataset_2,centrality
129,0.6931471805599453,0.70504797,train,p15,dataset_2,centrality
389,0.6931471805599453,0.70504797,train,p15,dataset_2,centrality
436,0.6931471805599453,0.70504797,train,p15,dataset_2,centrality
338,0.6931471805599453,0.70504797,train,p15,dataset_2,centrality
1367,0.6931471805599453,0.70504797,train,p15,dataset_2,centrality
473,0.6931471805599453,0.70504797,train,p15,dataset_2,centrality
293,0.6931471805599453,0.70504797,train,p15,dataset_2,centrality
302,0.6931471805599453,0.70504797,train,p15,dataset_2,centrality
189,0.6931471805599453,0.70504797,train,p15,dataset_2,centrality
348,0.6931471805599453,0.7610447,train,p15,dataset_2,centrality
663,0.6931471805599453,0.70504797,train,p15,dataset_2,centrality
416,1.0986122886681098,1.1264546,train,p15,dataset_2,centrality
1122,0.6931471805599453,0.70504797,train,p15,dataset_2,centrality
410,1.9459101490553132,1.10064,train,p15,dataset_2,centrality
310,0.6931471805599453,0.70504797,train,p15,dataset_2,centrality
327,0.6931471805599453,0.70504797,train,p15,dataset_2,centrality
13,0.6931471805599453,0.70504797,train,p15,dataset_2,centrality
1293,0.6931471805599453,0.70504797,train,p15,dataset_2,centrality
699,0.6931471805599453,0.70504797,train,p15,dataset_2,centrality
227,0.6931471805599453,0.70504797,train,p15,dataset_2,centrality
1296,0.6931471805599453,0.70504797,train,p15,dataset_2,centrality
1354,2.0794415416798357,2.2655687,train,p15,dataset_2,centrality
652,1.0986122886681098,0.7610447,train,p15,dataset_2,centrality
547,0.6931471805599453,0.70504797,train,p15,dataset_2,centrality
1215,0.6931471805599453,0.70504797,train,p15,dataset_2,centrality
1377,1.3862943611198906,1.679085,train,p15,dataset_2,centrality
908,0.6931471805599453,0.70504797,train,p15,dataset_2,centrality
313,0.6931471805599453,0.70504797,train,p15,dataset_2,centrality
1270,0.6931471805599453,0.70504797,train,p15,dataset_2,centrality
385,0.6931471805599453,0.70504797,train,p15,dataset_2,centrality
222,0.6931471805599453,0.70504797,train,p15,dataset_2,centrality
196,0.6931471805599453,0.70504797,train,p15,dataset_2,centrality
181,0.6931471805599453,0.70504797,train,p15,dataset_2,centrality
1016,0.6931471805599453,0.70504797,train,p15,dataset_2,centrality
323,0.6931471805599453,0.70504797,train,p15,dataset_2,centrality
64,0.6931471805599453,0.70504797,train,p15,dataset_2,centrality
216,0.6931471805599453,0.70504797,train,p15,dataset_2,centrality
1240,0.6931471805599453,0.70504797,train,p15,dataset_2,centrality
1102,0.6931471805599453,0.70504797,train,p15,dataset_2,centrality
1376,0.6931471805599453,0.70504797,train,p15,dataset_2,centrality
197,0.6931471805599453,0.70504797,train,p15,dataset_2,centrality
343,0.6931471805599453,0.70504797,train,p15,dataset_2,centrality
929,0.6931471805599453,0.70504797,train,p15,dataset_2,centrality
267,0.6931471805599453,0.70504797,train,p15,dataset_2,centrality
1106,0.6931471805599453,0.70504797,train,p15,dataset_2,centrality
411,0.6931471805599453,0.70504797,train,p15,dataset_2,centrality
842,0.6931471805599453,0.70504797,train,p15,dataset_2,centrality
469,0.6931471805599453,0.70504797,train,p15,dataset_2,centrality
401,0.6931471805599453,0.70504797,train,p15,dataset_2,centrality
170,0.6931471805599453,0.70504797,train,p15,dataset_2,centrality
1351,0.6931471805599453,0.70504797,train,p15,dataset_2,centrality
884,0.6931471805599453,0.70504797,train,p15,dataset_2,centrality
219,0.6931471805599453,0.70504797,train,p15,dataset_2,centrality
1077,0.6931471805599453,0.70504797,train,p15,dataset_2,centrality
19,0.6931471805599453,0.70504797,train,p15,dataset_2,centrality
685,0.6931471805599453,0.70504797,train,p15,dataset_2,centrality
860,0.6931471805599453,0.70504797,train,p15,dataset_2,centrality
286,0.6931471805599453,0.70504797,train,p15,dataset_2,centrality
288,0.6931471805599453,0.70504797,train,p15,dataset_2,centrality
384,0.6931471805599453,0.70504797,train,p15,dataset_2,centrality
82,1.0986122886681098,0.7610447,train,p15,dataset_2,centrality
1420,0.6931471805599453,0.70504797,train,p15,dataset_2,centrality
597,0.6931471805599453,0.70504797,train,p15,dataset_2,centrality
1315,0.6931471805599453,0.70504797,train,p15,dataset_2,centrality
790,0.6931471805599453,0.70504797,train,p15,dataset_2,centrality
83,1.0986122886681098,0.7610447,train,p15,dataset_2,centrality
668,1.3862943611198906,1.0243386,train,p15,dataset_2,centrality
72,0.6931471805599453,0.70504797,train,p15,dataset_2,centrality
160,0.6931471805599453,0.70504797,train,p15,dataset_2,centrality
475,0.6931471805599453,0.70504797,train,p15,dataset_2,centrality
142,0.6931471805599453,0.70504797,train,p15,dataset_2,centrality
1076,0.6931471805599453,0.70504797,train,p15,dataset_2,centrality
980,0.6931471805599453,0.70504797,train,p15,dataset_2,centrality
1169,3.6375861597263857,2.6319156,train,p15,dataset_2,centrality
1134,0.6931471805599453,0.70504797,train,p15,dataset_2,centrality
965,0.6931471805599453,0.70504797,train,p15,dataset_2,centrality
650,0.6931471805599453,0.7610447,train,p15,dataset_2,centrality
781,0.6931471805599453,0.70504797,train,p15,dataset_2,centrality
943,0.6931471805599453,0.70504797,train,p15,dataset_2,centrality
1021,0.6931471805599453,0.70504797,train,p15,dataset_2,centrality
1361,0.6931471805599453,0.70504797,train,p15,dataset_2,centrality
402,2.772588722239781,2.8052707,train,p15,dataset_2,centrality
994,0.6931471805599453,0.70504797,train,p15,dataset_2,centrality
124,0.6931471805599453,0.70504797,train,p15,dataset_2,centrality
684,0.6931471805599453,0.70504797,train,p15,dataset_2,centrality
577,0.6931471805599453,0.70504797,train,p15,dataset_2,centrality
304,0.6931471805599453,0.70504797,train,p15,dataset_2,centrality
1129,1.0986122886681098,0.7610447,train,p15,dataset_2,centrality
1365,0.6931471805599453,0.70504797,train,p15,dataset_2,centrality
930,0.6931471805599453,0.70504797,train,p15,dataset_2,centrality
1086,0.6931471805599453,0.70504797,train,p15,dataset_2,centrality
1383,0.6931471805599453,0.70504797,train,p15,dataset_2,centrality
1343,0.6931471805599453,0.70504797,train,p15,dataset_2,centrality
704,0.6931471805599453,0.70504797,train,p15,dataset_2,centrality
937,0.6931471805599453,0.70504797,train,p15,dataset_2,centrality
87,0.6931471805599453,0.70504797,train,p15,dataset_2,centrality
729,1.0986122886681098,0.7610447,train,p15,dataset_2,centrality
1317,0.6931471805599453,0.70504797,train,p15,dataset_2,centrality
301,0.6931471805599453,0.70504797,train,p15,dataset_2,centrality
117,0.6931471805599453,0.70504797,train,p15,dataset_2,centrality
683,0.6931471805599453,0.70504797,train,p15,dataset_2,centrality
1093,0.6931471805599453,0.70504797,train,p15,dataset_2,centrality
630,2.772588722239781,2.8052707,train,p15,dataset_2,centrality
749,0.6931471805599453,0.70504797,train,p15,dataset_2,centrality
815,0.6931471805599453,0.70504797,train,p15,dataset_2,centrality
421,0.6931471805599453,0.70504797,train,p15,dataset_2,centrality
1176,0.6931471805599453,0.70504797,train,p15,dataset_2,centrality
573,0.6931471805599453,0.70504797,train,p15,dataset_2,centrality
843,0.6931471805599453,0.70504797,train,p15,dataset_2,centrality
100,0.6931471805599453,0.70504797,train,p15,dataset_2,centrality
688,0.6931471805599453,0.70504797,train,p15,dataset_2,centrality
1143,1.3862943611198906,1.202756,train,p15,dataset_2,centrality
939,0.6931471805599453,0.70504797,train,p15,dataset_2,centrality
149,0.6931471805599453,0.70504797,train,p15,dataset_2,centrality
1289,0.6931471805599453,0.70504797,train,p15,dataset_2,centrality
1083,0.6931471805599453,0.70504797,train,p15,dataset_2,centrality
779,0.6931471805599453,0.70504797,train,p15,dataset_2,centrality
1172,0.6931471805599453,0.70504797,train,p15,dataset_2,centrality
425,0.6931471805599453,0.70504797,train,p15,dataset_2,centrality
614,0.6931471805599453,0.70504797,train,p15,dataset_2,centrality
1008,0.6931471805599453,0.70504797,train,p15,dataset_2,centrality
1342,0.6931471805599453,0.70504797,train,p15,dataset_2,centrality
775,0.6931471805599453,0.70504797,train,p15,dataset_2,centrality
1301,0.6931471805599453,0.70504797,train,p15,dataset_2,centrality
830,0.6931471805599453,0.70504797,train,p15,dataset_2,centrality
857,0.6931471805599453,0.70504797,train,p15,dataset_2,centrality
786,0.6931471805599453,0.70504797,train,p15,dataset_2,centrality
1326,0.6931471805599453,0.7610447,train,p15,dataset_2,centrality
932,0.6931471805599453,0.70504797,train,p15,dataset_2,centrality
483,0.6931471805599453,0.70504797,train,p15,dataset_2,centrality
1404,0.6931471805599453,0.70504797,train,p15,dataset_2,centrality
1369,0.6931471805599453,0.70504797,train,p15,dataset_2,centrality
519,0.6931471805599453,0.70504797,train,p15,dataset_2,centrality
193,0.6931471805599453,0.70504797,train,p15,dataset_2,centrality
378,0.6931471805599453,0.70504797,train,p15,dataset_2,centrality
1263,0.6931471805599453,0.70504797,train,p15,dataset_2,centrality
1174,1.3862943611198906,1.0243386,train,p15,dataset_2,centrality
850,0.6931471805599453,0.70504797,train,p15,dataset_2,centrality
913,0.6931471805599453,0.70504797,train,p15,dataset_2,centrality
637,1.791759469228055,1.4732288,train,p15,dataset_2,centrality
450,0.6931471805599453,0.70504797,train,p15,dataset_2,centrality
856,0.6931471805599453,0.70504797,train,p15,dataset_2,centrality
14,0.6931471805599453,0.70504797,train,p15,dataset_2,centrality
841,0.6931471805599453,0.70504797,train,p15,dataset_2,centrality
803,0.6931471805599453,0.70504797,train,p15,dataset_2,centrality
1171,1.0986122886681098,0.9152419,train,p15,dataset_2,centrality
501,0.6931471805599453,0.70504797,train,p15,dataset_2,centrality
234,0.6931471805599453,0.70504797,train,p15,dataset_2,centrality
329,0.6931471805599453,0.70504797,train,p15,dataset_2,centrality
104,0.6931471805599453,0.70504797,train,p15,dataset_2,centrality
317,0.6931471805599453,0.70504797,train,p15,dataset_2,centrality
1391,0.6931471805599453,0.7610447,train,p15,dataset_2,centrality
1302,0.6931471805599453,0.70504797,train,p15,dataset_2,centrality
492,0.6931471805599453,0.70504797,train,p15,dataset_2,centrality
235,1.9459101490553132,2.2655687,train,p15,dataset_2,centrality
1318,0.6931471805599453,0.70504797,train,p15,dataset_2,centrality
1147,0.6931471805599453,0.7610447,train,p15,dataset_2,centrality
1393,0.6931471805599453,0.70504797,train,p15,dataset_2,centrality
1331,0.6931471805599453,0.70504797,train,p15,dataset_2,centrality
866,0.6931471805599453,0.70504797,train,p15,dataset_2,centrality
653,0.6931471805599453,0.7610447,train,p15,dataset_2,centrality
1358,1.0986122886681098,1.1522621,train,p15,dataset_2,centrality
158,0.6931471805599453,0.70504797,train,p15,dataset_2,centrality
6,0.6931471805599453,0.70504797,train,p15,dataset_2,centrality
42,0.6931471805599453,0.70504797,train,p15,dataset_2,centrality
1003,0.6931471805599453,0.70504797,train,p15,dataset_2,centrality
215,0.6931471805599453,0.70504797,train,p15,dataset_2,centrality
1352,1.0986122886681098,1.1522621,train,p15,dataset_2,centrality
592,0.6931471805599453,0.70504797,train,p15,dataset_2,centrality
279,0.6931471805599453,0.70504797,train,p15,dataset_2,centrality
414,0.6931471805599453,0.70504797,train,p15,dataset_2,centrality
408,0.6931471805599453,0.70504797,train,p15,dataset_2,centrality
1329,0.6931471805599453,0.70504797,train,p15,dataset_2,centrality
1305,0.6931471805599453,0.70504797,train,p15,dataset_2,centrality
214,0.6931471805599453,0.70504797,train,p15,dataset_2,centrality
188,0.6931471805599453,0.70504797,train,p15,dataset_2,centrality
1185,0.6931471805599453,0.70504797,train,p15,dataset_2,centrality
256,0.6931471805599453,0.70504797,train,p15,dataset_2,centrality
839,0.6931471805599453,0.70504797,train,p15,dataset_2,centrality
1012,0.6931471805599453,0.70504797,train,p15,dataset_2,centrality
1323,1.6094379124341005,1.202756,train,p15,dataset_2,centrality
496,0.6931471805599453,0.70504797,train,p15,dataset_2,centrality
1382,0.6931471805599453,0.70504797,train,p15,dataset_2,centrality
718,2.4849066497880004,2.6464934,train,p15,dataset_2,centrality
743,0.6931471805599453,0.70504797,train,p15,dataset_2,centrality
1304,0.6931471805599453,0.70504797,train,p15,dataset_2,centrality
111,0.6931471805599453,0.70504797,train,p15,dataset_2,centrality
659,0.6931471805599453,0.7610447,train,p15,dataset_2,centrality
1400,0.6931471805599453,0.70504797,train,p15,dataset_2,centrality
617,0.6931471805599453,0.70504797,train,p15,dataset_2,centrality
1362,0.6931471805599453,0.70504797,train,p15,dataset_2,centrality
1273,0.6931471805599453,0.70504797,train,p15,dataset_2,centrality
2,0.6931471805599453,0.70504797,train,p15,dataset_2,centrality
440,0.6931471805599453,0.70504797,train,p15,dataset_2,centrality
1020,0.6931471805599453,0.70504797,train,p15,dataset_2,centrality
300,0.6931471805599453,0.70504797,train,p15,dataset_2,centrality
404,1.3862943611198906,1.479706,train,p15,dataset_2,centrality
1177,0.6931471805599453,0.70504797,train,p15,dataset_2,centrality
1070,0.6931471805599453,0.70504797,train,p15,dataset_2,centrality
632,2.0794415416798357,2.2655687,train,p15,dataset_2,centrality
1055,0.6931471805599453,0.70504797,train,p15,dataset_2,centrality
85,0.6931471805599453,0.70504797,train,p15,dataset_2,centrality
291,0.6931471805599453,0.70504797,train,p15,dataset_2,centrality
375,0.6931471805599453,0.70504797,train,p15,dataset_2,centrality
596,1.6094379124341005,1.4732288,train,p15,dataset_2,centrality
396,0.6931471805599453,1.7453353,train,p15,dataset_2,centrality
1266,0.6931471805599453,0.70504797,train,p15,dataset_2,centrality
837,0.6931471805599453,0.70504797,train,p15,dataset_2,centrality
904,0.6931471805599453,0.70504797,train,p15,dataset_2,centrality
232,0.6931471805599453,0.70504797,train,p15,dataset_2,centrality
458,0.6931471805599453,0.70504797,train,p15,dataset_2,centrality
1355,1.9459101490553132,2.3917773,train,p15,dataset_2,centrality
1141,0.6931471805599453,0.70504797,train,p15,dataset_2,centrality
1357,1.9459101490553132,1.8547386,train,p15,dataset_2,centrality
615,0.6931471805599453,0.70504797,train,p15,dataset_2,centrality
896,0.6931471805599453,0.70504797,train,p15,dataset_2,centrality
707,0.6931471805599453,0.70504797,train,p15,dataset_2,centrality
355,0.6931471805599453,0.70504797,train,p15,dataset_2,centrality
879,0.6931471805599453,0.70504797,train,p15,dataset_2,centrality
1325,0.6931471805599453,0.70504797,train,p15,dataset_2,centrality
938,0.6931471805599453,0.70504797,train,p15,dataset_2,centrality
1152,0.6931471805599453,0.70504797,train,p15,dataset_2,centrality
874,0.6931471805599453,0.70504797,train,p15,dataset_2,centrality
1224,0.6931471805599453,0.70504797,train,p15,dataset_2,centrality
981,0.6931471805599453,0.70504797,train,p15,dataset_2,centrality
960,0.6931471805599453,0.70504797,train,p15,dataset_2,centrality
620,0.6931471805599453,0.70504797,train,p15,dataset_2,centrality
128,0.6931471805599453,0.70504797,train,p15,dataset_2,centrality
601,0.6931471805599453,0.70504797,train,p15,dataset_2,centrality
772,0.6931471805599453,0.70504797,train,p15,dataset_2,centrality
769,0.6931471805599453,0.70504797,train,p15,dataset_2,centrality
31,0.6931471805599453,0.8701411,train,p15,dataset_2,centrality
35,0.6931471805599453,0.70504797,train,p15,dataset_2,centrality
697,0.6931471805599453,0.70504797,train,p15,dataset_2,centrality
969,0.6931471805599453,0.70504797,train,p15,dataset_2,centrality
1175,0.6931471805599453,0.70504797,train,p15,dataset_2,centrality
433,0.6931471805599453,0.70504797,train,p15,dataset_2,centrality
721,1.791759469228055,2.2327652,train,p15,dataset_2,centrality
212,0.6931471805599453,0.70504797,train,p15,dataset_2,centrality
925,0.6931471805599453,0.70504797,train,p15,dataset_2,centrality
209,1.0986122886681098,1.9780471,train,p15,dataset_2,centrality
1442,0.6931471805599453,0.70504797,train,p15,dataset_2,centrality
339,0.6931471805599453,0.70504797,train,p15,dataset_2,centrality
131,0.6931471805599453,0.70504797,train,p15,dataset_2,centrality
161,0.6931471805599453,0.70504797,train,p15,dataset_2,centrality
1160,0.6931471805599453,0.70504797,train,p15,dataset_2,centrality
177,0.6931471805599453,0.70504797,train,p15,dataset_2,centrality
474,0.6931471805599453,0.70504797,train,p15,dataset_2,centrality
1066,0.6931471805599453,0.70504797,train,p15,dataset_2,centrality
1232,0.6931471805599453,0.70504797,train,p15,dataset_2,centrality
990,0.6931471805599453,0.70504797,train,p15,dataset_2,centrality
509,0.6931471805599453,0.70504797,train,p15,dataset_2,centrality
468,0.6931471805599453,0.70504797,train,p15,dataset_2,centrality
457,0.6931471805599453,0.70504797,train,p15,dataset_2,centrality
748,1.0986122886681098,0.70504797,train,p15,dataset_2,centrality
102,0.6931471805599453,0.70504797,train,p15,dataset_2,centrality
656,0.6931471805599453,0.70504797,train,p15,dataset_2,centrality
1272,0.6931471805599453,0.70504797,train,p15,dataset_2,centrality
1303,0.6931471805599453,0.70504797,train,p15,dataset_2,centrality
1321,1.0986122886681098,1.1522621,train,p15,dataset_2,centrality
80,0.6931471805599453,0.70504797,train,p15,dataset_2,centrality
1154,0.6931471805599453,0.70504797,train,p15,dataset_2,centrality
285,1.3862943611198906,1.2790555,train,p15,dataset_2,centrality
1045,0.6931471805599453,0.70504797,train,p15,dataset_2,centrality
970,0.6931471805599453,0.70504797,train,p15,dataset_2,centrality
1226,0.6931471805599453,0.70504797,train,p15,dataset_2,centrality
136,0.6931471805599453,0.70504797,train,p15,dataset_2,centrality
825,0.6931471805599453,0.70504797,train,p15,dataset_2,centrality
1116,0.6931471805599453,0.70504797,train,p15,dataset_2,centrality
1255,0.6931471805599453,0.70504797,train,p15,dataset_2,centrality
418,1.0986122886681098,0.70504797,train,p15,dataset_2,centrality
493,0.6931471805599453,0.70504797,train,p15,dataset_2,centrality
503,0.6931471805599453,0.70504797,train,p15,dataset_2,centrality
248,0.6931471805599453,0.70504797,train,p15,dataset_2,centrality
1022,0.6931471805599453,0.70504797,train,p15,dataset_2,centrality
641,1.6094379124341005,1.202756,train,p15,dataset_2,centrality
794,0.6931471805599453,0.70504797,train,p15,dataset_2,centrality
520,0.6931471805599453,0.70504797,train,p15,dataset_2,centrality
655,1.0986122886681098,0.7610447,train,p15,dataset_2,centrality
1162,0.6931471805599453,0.70504797,train,p15,dataset_2,centrality
112,0.6931471805599453,0.70504797,validation,p15,dataset_2,centrality
532,0.6931471805599453,0.70504797,validation,p15,dataset_2,centrality
1254,0.6931471805599453,0.70504797,validation,p15,dataset_2,centrality
1000,0.6931471805599453,0.70504797,validation,p15,dataset_2,centrality
1292,0.6931471805599453,0.70504797,validation,p15,dataset_2,centrality
1411,0.6931471805599453,0.70504797,validation,p15,dataset_2,centrality
1097,0.6931471805599453,0.70504797,validation,p15,dataset_2,centrality
710,0.6931471805599453,0.70504797,validation,p15,dataset_2,centrality
1373,0.6931471805599453,0.70504797,validation,p15,dataset_2,centrality
533,0.6931471805599453,0.70504797,validation,p15,dataset_2,centrality
454,0.6931471805599453,0.70504797,validation,p15,dataset_2,centrality
1104,0.6931471805599453,0.70504797,validation,p15,dataset_2,centrality
564,0.6931471805599453,0.70504797,validation,p15,dataset_2,centrality
36,0.6931471805599453,0.70504797,validation,p15,dataset_2,centrality
179,0.6931471805599453,0.70504797,validation,p15,dataset_2,centrality
963,0.6931471805599453,0.70504797,validation,p15,dataset_2,centrality
1181,0.6931471805599453,0.70504797,validation,p15,dataset_2,centrality
318,0.6931471805599453,0.70504797,validation,p15,dataset_2,centrality
140,0.6931471805599453,0.70504797,validation,p15,dataset_2,centrality
113,0.6931471805599453,0.70504797,validation,p15,dataset_2,centrality
505,0.6931471805599453,0.70504797,validation,p15,dataset_2,centrality
95,0.6931471805599453,0.70504797,validation,p15,dataset_2,centrality
1189,0.6931471805599453,0.70504797,validation,p15,dataset_2,centrality
1233,0.6931471805599453,0.70504797,validation,p15,dataset_2,centrality
766,0.6931471805599453,0.70504797,validation,p15,dataset_2,centrality
1410,0.6931471805599453,0.70504797,validation,p15,dataset_2,centrality
510,0.6931471805599453,0.7610447,validation,p15,dataset_2,centrality
1295,0.6931471805599453,0.70504797,validation,p15,dataset_2,centrality
490,0.6931471805599453,0.70504797,validation,p15,dataset_2,centrality
1126,0.6931471805599453,0.70504797,validation,p15,dataset_2,centrality
579,0.6931471805599453,0.70504797,validation,p15,dataset_2,centrality
1238,0.6931471805599453,0.70504797,validation,p15,dataset_2,centrality
1080,0.6931471805599453,0.70504797,validation,p15,dataset_2,centrality
1300,0.6931471805599453,0.70504797,validation,p15,dataset_2,centrality
315,0.6931471805599453,0.70504797,validation,p15,dataset_2,centrality
62,0.6931471805599453,0.70504797,validation,p15,dataset_2,centrality
872,0.6931471805599453,0.70504797,validation,p15,dataset_2,centrality
202,0.6931471805599453,0.70504797,validation,p15,dataset_2,centrality
618,0.6931471805599453,0.70504797,validation,p15,dataset_2,centrality
682,0.6931471805599453,0.70504797,validation,p15,dataset_2,centrality
997,0.6931471805599453,0.70504797,validation,p15,dataset_2,centrality
732,0.6931471805599453,0.83734614,validation,p15,dataset_2,centrality
91,0.6931471805599453,0.70504797,validation,p15,dataset_2,centrality
127,0.6931471805599453,0.70504797,validation,p15,dataset_2,centrality
539,0.6931471805599453,0.8959486,validation,p15,dataset_2,centrality
739,0.6931471805599453,0.70504797,validation,p15,dataset_2,centrality
1421,0.6931471805599453,0.70504797,validation,p15,dataset_2,centrality
832,0.6931471805599453,0.70504797,validation,p15,dataset_2,centrality
927,0.6931471805599453,0.70504797,validation,p15,dataset_2,centrality
811,0.6931471805599453,0.70504797,validation,p15,dataset_2,centrality
1441,0.6931471805599453,0.70504797,validation,p15,dataset_2,centrality
582,0.6931471805599453,0.70504797,validation,p15,dataset_2,centrality
148,0.6931471805599453,0.70504797,validation,p15,dataset_2,centrality
1341,0.6931471805599453,0.70504797,validation,p15,dataset_2,centrality
38,0.6931471805599453,0.70504797,validation,p15,dataset_2,centrality
268,1.0986122886681098,1.3295494,validation,p15,dataset_2,centrality
1069,0.6931471805599453,0.70504797,validation,p15,dataset_2,centrality
1190,0.6931471805599453,0.70504797,validation,p15,dataset_2,centrality
330,0.6931471805599453,0.70504797,validation,p15,dataset_2,centrality
833,0.6931471805599453,0.70504797,validation,p15,dataset_2,centrality
1337,0.6931471805599453,0.70504797,validation,p15,dataset_2,centrality
545,0.6931471805599453,0.70504797,validation,p15,dataset_2,centrality
1379,1.0986122886681098,2.2327652,validation,p15,dataset_2,centrality
1100,0.6931471805599453,0.70504797,validation,p15,dataset_2,centrality
1286,0.6931471805599453,0.70504797,validation,p15,dataset_2,centrality
571,0.6931471805599453,0.70504797,validation,p15,dataset_2,centrality
784,0.6931471805599453,0.70504797,validation,p15,dataset_2,centrality
708,0.6931471805599453,0.70504797,validation,p15,dataset_2,centrality
1191,0.6931471805599453,0.70504797,validation,p15,dataset_2,centrality
1130,0.6931471805599453,0.7610447,validation,p15,dataset_2,centrality
1028,0.6931471805599453,0.70504797,validation,p15,dataset_2,centrality
763,0.6931471805599453,0.70504797,validation,p15,dataset_2,centrality
625,2.302585092994046,2.3917773,validation,p15,dataset_2,centrality
983,0.6931471805599453,0.70504797,validation,p15,dataset_2,centrality
283,0.6931471805599453,0.7610447,validation,p15,dataset_2,centrality
1151,0.6931471805599453,0.70504797,validation,p15,dataset_2,centrality
587,0.6931471805599453,0.70504797,validation,p15,dataset_2,centrality
471,0.6931471805599453,0.70504797,validation,p15,dataset_2,centrality
265,0.6931471805599453,0.70504797,validation,p15,dataset_2,centrality
1228,0.6931471805599453,0.70504797,validation,p15,dataset_2,centrality
1112,0.6931471805599453,0.70504797,validation,p15,dataset_2,centrality
795,0.6931471805599453,0.70504797,validation,p15,dataset_2,centrality
1338,0.6931471805599453,0.70504797,validation,p15,dataset_2,centrality
1048,0.6931471805599453,0.70504797,validation,p15,dataset_2,centrality
780,0.6931471805599453,0.70504797,validation,p15,dataset_2,centrality
959,0.6931471805599453,0.70504797,validation,p15,dataset_2,centrality
878,1.0986122886681098,0.70504797,validation,p15,dataset_2,centrality
174,0.6931471805599453,0.70504797,validation,p15,dataset_2,centrality
93,0.6931471805599453,0.70504797,validation,p15,dataset_2,centrality
122,0.6931471805599453,0.70504797,validation,p15,dataset_2,centrality
961,0.6931471805599453,0.70504797,validation,p15,dataset_2,centrality
1026,0.6931471805599453,0.70504797,validation,p15,dataset_2,centrality
57,0.6931471805599453,0.70504797,validation,p15,dataset_2,centrality
106,1.0986122886681098,0.70504797,validation,p15,dataset_2,centrality
518,0.6931471805599453,0.70504797,validation,p15,dataset_2,centrality
345,0.6931471805599453,0.70504797,validation,p15,dataset_2,centrality
1231,0.6931471805599453,0.70504797,validation,p15,dataset_2,centrality
34,1.0986122886681098,0.7610447,validation,p15,dataset_2,centrality
405,1.0986122886681098,0.7610447,validation,p15,dataset_2,centrality
1432,0.6931471805599453,0.70504797,validation,p15,dataset_2,centrality
126,0.6931471805599453,0.70504797,validation,p15,dataset_2,centrality
217,0.6931471805599453,0.70504797,validation,p15,dataset_2,centrality
914,0.6931471805599453,0.70504797,validation,p15,dataset_2,centrality
787,0.6931471805599453,0.70504797,validation,p15,dataset_2,centrality
24,0.6931471805599453,0.70504797,validation,p15,dataset_2,centrality
424,0.6931471805599453,0.70504797,validation,p15,dataset_2,centrality
403,3.610917912644224,2.8052707,validation,p15,dataset_2,centrality
1131,0.6931471805599453,0.70504797,validation,p15,dataset_2,centrality
733,0.6931471805599453,1.5337719,validation,p15,dataset_2,centrality
666,0.6931471805599453,0.70504797,validation,p15,dataset_2,centrality
77,0.6931471805599453,0.70504797,validation,p15,dataset_2,centrality
1396,0.6931471805599453,0.70504797,validation,p15,dataset_2,centrality
438,0.6931471805599453,0.70504797,validation,p15,dataset_2,centrality
912,0.6931471805599453,0.70504797,validation,p15,dataset_2,centrality
173,0.6931471805599453,0.70504797,validation,p15,dataset_2,centrality
28,0.6931471805599453,0.70504797,validation,p15,dataset_2,centrality
1009,0.6931471805599453,0.70504797,validation,p15,dataset_2,centrality
409,0.6931471805599453,0.70504797,validation,p15,dataset_2,centrality
686,0.6931471805599453,0.70504797,validation,p15,dataset_2,centrality
1065,0.6931471805599453,0.70504797,validation,p15,dataset_2,centrality
1251,0.6931471805599453,0.70504797,validation,p15,dataset_2,centrality
195,0.6931471805599453,0.70504797,validation,p15,dataset_2,centrality
419,1.0986122886681098,0.70504797,validation,p15,dataset_2,centrality
662,0.6931471805599453,0.7610447,validation,p15,dataset_2,centrality
690,0.6931471805599453,0.70504797,validation,p15,dataset_2,centrality
813,0.6931471805599453,0.70504797,validation,p15,dataset_2,centrality
242,1.6094379124341005,1.0243386,validation,p15,dataset_2,centrality
558,0.6931471805599453,0.70504797,validation,p15,dataset_2,centrality
251,0.6931471805599453,0.70504797,validation,p15,dataset_2,centrality
806,0.6931471805599453,0.70504797,validation,p15,dataset_2,centrality
276,0.6931471805599453,0.70504797,validation,p15,dataset_2,centrality
1121,0.6931471805599453,0.8701411,validation,p15,dataset_2,centrality
673,1.0986122886681098,0.7610447,validation,p15,dataset_2,centrality
1014,0.6931471805599453,0.70504797,validation,p15,dataset_2,centrality
950,0.6931471805599453,0.70504797,validation,p15,dataset_2,centrality
447,0.6931471805599453,0.70504797,validation,p15,dataset_2,centrality
68,0.6931471805599453,0.70504797,validation,p15,dataset_2,centrality
229,0.6931471805599453,0.70504797,validation,p15,dataset_2,centrality
934,0.6931471805599453,0.70504797,validation,p15,dataset_2,centrality
770,0.6931471805599453,0.70504797,validation,p15,dataset_2,centrality
1123,0.6931471805599453,0.70504797,validation,p15,dataset_2,centrality
751,1.0986122886681098,0.7610447,validation,p15,dataset_2,centrality
1298,0.6931471805599453,0.70504797,validation,p15,dataset_2,centrality
1087,0.6931471805599453,0.7610447,validation,p15,dataset_2,centrality
611,0.6931471805599453,0.70504797,validation,p15,dataset_2,centrality
949,0.6931471805599453,0.70504797,validation,p15,dataset_2,centrality
1179,0.6931471805599453,0.9152419,validation,p15,dataset_2,centrality
1422,0.6931471805599453,0.70504797,validation,p15,dataset_2,centrality
47,0.6931471805599453,0.70504797,validation,p15,dataset_2,centrality
1258,0.6931471805599453,0.70504797,validation,p15,dataset_2,centrality
607,0.6931471805599453,0.70504797,validation,p15,dataset_2,centrality
1199,0.6931471805599453,0.70504797,validation,p15,dataset_2,centrality
1246,0.6931471805599453,0.70504797,validation,p15,dataset_2,centrality
1,0.6931471805599453,0.70504797,validation,p15,dataset_2,centrality
257,1.9459101490553132,1.1264546,validation,p15,dataset_2,centrality
60,0.6931471805599453,0.70504797,validation,p15,dataset_2,centrality
407,0.6931471805599453,0.7610447,validation,p15,dataset_2,centrality
1281,0.6931471805599453,0.70504797,validation,p15,dataset_2,centrality
804,0.6931471805599453,0.70504797,validation,p15,dataset_2,centrality
639,1.9459101490553132,1.4859599,validation,p15,dataset_2,centrality
0,0.6931471805599453,0.70504797,validation,p15,dataset_2,centrality
560,1.0986122886681098,0.8701411,validation,p15,dataset_2,centrality
12,0.6931471805599453,0.70504797,validation,p15,dataset_2,centrality
1250,0.6931471805599453,0.70504797,validation,p15,dataset_2,centrality
61,0.6931471805599453,0.70504797,validation,p15,dataset_2,centrality
116,0.6931471805599453,0.70504797,validation,p15,dataset_2,centrality
702,0.6931471805599453,0.70504797,validation,p15,dataset_2,centrality
1025,0.6931471805599453,0.70504797,validation,p15,dataset_2,centrality
869,0.6931471805599453,0.70504797,validation,p15,dataset_2,centrality
1193,0.6931471805599453,0.70504797,validation,p15,dataset_2,centrality
1290,0.6931471805599453,0.70504797,validation,p15,dataset_2,centrality
551,1.0986122886681098,2.6464934,validation,p15,dataset_2,centrality
1311,0.6931471805599453,0.70504797,validation,p15,dataset_2,centrality
819,0.6931471805599453,0.70504797,validation,p15,dataset_2,centrality
18,1.0986122886681098,0.70504797,validation,p15,dataset_2,centrality
417,0.6931471805599453,0.70504797,validation,p15,dataset_2,centrality
1297,0.6931471805599453,0.70504797,validation,p15,dataset_2,centrality
121,0.6931471805599453,0.70504797,validation,p15,dataset_2,centrality
513,0.6931471805599453,0.70504797,validation,p15,dataset_2,centrality
1414,0.6931471805599453,0.70504797,validation,p15,dataset_2,centrality
848,0.6931471805599453,0.70504797,validation,p15,dataset_2,centrality
362,0.6931471805599453,0.70504797,validation,p15,dataset_2,centrality
679,0.6931471805599453,1.10064,validation,p15,dataset_2,centrality
863,0.6931471805599453,0.70504797,validation,p15,dataset_2,centrality
978,0.6931471805599453,0.70504797,validation,p15,dataset_2,centrality
308,0.6931471805599453,0.70504797,validation,p15,dataset_2,centrality
290,0.6931471805599453,0.70504797,validation,p15,dataset_2,centrality
71,0.6931471805599453,0.70504797,validation,p15,dataset_2,centrality
376,0.6931471805599453,0.70504797,validation,p15,dataset_2,centrality
135,0.6931471805599453,0.70504797,validation,p15,dataset_2,centrality
463,0.6931471805599453,0.70504797,validation,p15,dataset_2,centrality
1120,0.6931471805599453,0.70504797,validation,p15,dataset_2,centrality
1156,0.6931471805599453,0.70504797,validation,p15,dataset_2,centrality
282,1.6094379124341005,0.8701411,validation,p15,dataset_2,centrality
88,0.6931471805599453,0.70504797,validation,p15,dataset_2,centrality
1402,0.6931471805599453,0.70504797,validation,p15,dataset_2,centrality
494,0.6931471805599453,0.70504797,validation,p15,dataset_2,centrality
465,0.6931471805599453,0.70504797,validation,p15,dataset_2,centrality
103,0.6931471805599453,0.70504797,validation,p15,dataset_2,centrality
1346,0.6931471805599453,0.70504797,validation,p15,dataset_2,centrality
1288,0.6931471805599453,0.70504797,validation,p15,dataset_2,centrality
507,0.6931471805599453,0.70504797,validation,p15,dataset_2,centrality
627,2.3978952727983707,2.8052707,validation,p15,dataset_2,centrality
968,0.6931471805599453,0.70504797,validation,p15,dataset_2,centrality
765,0.6931471805599453,0.70504797,validation,p15,dataset_2,centrality
916,0.6931471805599453,0.70504797,validation,p15,dataset_2,centrality
53,0.6931471805599453,0.70504797,validation,p15,dataset_2,centrality
871,0.6931471805599453,0.70504797,validation,p15,dataset_2,centrality
713,3.332204510175204,2.6464934,validation,p15,dataset_2,centrality
910,0.6931471805599453,0.70504797,validation,p15,dataset_2,centrality
400,1.791759469228055,1.7118886,validation,p15,dataset_2,centrality
853,0.6931471805599453,0.70504797,validation,p15,dataset_2,centrality
714,3.5553480614894135,2.8052707,validation,p15,dataset_2,centrality
164,0.6931471805599453,0.70504797,validation,p15,dataset_2,centrality
499,0.6931471805599453,0.70504797,validation,p15,dataset_2,centrality
1138,0.6931471805599453,0.70504797,validation,p15,dataset_2,centrality
776,0.6931471805599453,0.70504797,validation,p15,dataset_2,centrality
413,0.6931471805599453,0.70504797,test,p15,dataset_2,centrality
316,0.6931471805599453,0.70504797,test,p15,dataset_2,centrality
1034,0.6931471805599453,0.70504797,test,p15,dataset_2,centrality
65,0.6931471805599453,0.8592452,test,p15,dataset_2,centrality
1024,0.6931471805599453,0.70504797,test,p15,dataset_2,centrality
661,0.6931471805599453,0.70504797,test,p15,dataset_2,centrality
175,0.6931471805599453,0.70504797,test,p15,dataset_2,centrality
824,0.6931471805599453,0.70504797,test,p15,dataset_2,centrality
649,0.6931471805599453,0.7610447,test,p15,dataset_2,centrality
231,0.6931471805599453,0.70504797,test,p15,dataset_2,centrality
198,0.6931471805599453,0.70504797,test,p15,dataset_2,centrality
845,0.6931471805599453,0.70504797,test,p15,dataset_2,centrality
1108,0.6931471805599453,0.70504797,test,p15,dataset_2,centrality
1394,0.6931471805599453,0.70504797,test,p15,dataset_2,centrality
358,0.6931471805599453,0.70504797,test,p15,dataset_2,centrality
1088,2.302585092994046,0.94644254,test,p15,dataset_2,centrality
394,3.5263605246161616,2.8052707,test,p15,dataset_2,centrality
275,0.6931471805599453,0.70504797,test,p15,dataset_2,centrality
782,0.6931471805599453,0.70504797,test,p15,dataset_2,centrality
715,2.1972245773362196,2.6464934,test,p15,dataset_2,centrality
239,0.6931471805599453,0.7610447,test,p15,dataset_2,centrality
240,2.0794415416798357,1.9780471,test,p15,dataset_2,centrality
420,0.6931471805599453,0.70504797,test,p15,dataset_2,centrality
1259,0.6931471805599453,0.70504797,test,p15,dataset_2,centrality
986,0.6931471805599453,0.70504797,test,p15,dataset_2,centrality
752,0.6931471805599453,0.70504797,test,p15,dataset_2,centrality
590,0.6931471805599453,0.7610447,test,p15,dataset_2,centrality
1398,0.6931471805599453,0.70504797,test,p15,dataset_2,centrality
51,0.6931471805599453,0.70504797,test,p15,dataset_2,centrality
680,0.6931471805599453,0.70504797,test,p15,dataset_2,centrality
374,0.6931471805599453,0.70504797,test,p15,dataset_2,centrality
168,0.6931471805599453,0.70504797,test,p15,dataset_2,centrality
244,0.6931471805599453,0.70504797,test,p15,dataset_2,centrality
585,0.6931471805599453,0.70504797,test,p15,dataset_2,centrality
1412,0.6931471805599453,0.70504797,test,p15,dataset_2,centrality
598,0.6931471805599453,0.8701411,test,p15,dataset_2,centrality
49,0.6931471805599453,0.70504797,test,p15,dataset_2,centrality
462,0.6931471805599453,0.70504797,test,p15,dataset_2,centrality
1223,0.6931471805599453,0.70504797,test,p15,dataset_2,centrality
29,0.6931471805599453,0.7610447,test,p15,dataset_2,centrality
192,0.6931471805599453,0.70504797,test,p15,dataset_2,centrality
922,0.6931471805599453,0.70504797,test,p15,dataset_2,centrality
1434,0.6931471805599453,0.70504797,test,p15,dataset_2,centrality
621,0.6931471805599453,0.70504797,test,p15,dataset_2,centrality
1027,0.6931471805599453,0.70504797,test,p15,dataset_2,centrality
730,0.6931471805599453,0.70504797,test,p15,dataset_2,centrality
67,0.6931471805599453,0.70504797,test,p15,dataset_2,centrality
1313,0.6931471805599453,0.70504797,test,p15,dataset_2,centrality
527,0.6931471805599453,0.70504797,test,p15,dataset_2,centrality
812,0.6931471805599453,0.70504797,test,p15,dataset_2,centrality
1261,0.6931471805599453,0.70504797,test,p15,dataset_2,centrality
741,1.3862943611198906,0.7610447,test,p15,dataset_2,centrality
1227,0.6931471805599453,0.70504797,test,p15,dataset_2,centrality
261,0.6931471805599453,0.70504797,test,p15,dataset_2,centrality
836,0.6931471805599453,0.70504797,test,p15,dataset_2,centrality
123,0.6931471805599453,0.70504797,test,p15,dataset_2,centrality
1384,0.6931471805599453,0.7610447,test,p15,dataset_2,centrality
605,0.6931471805599453,0.70504797,test,p15,dataset_2,centrality
973,0.6931471805599453,0.70504797,test,p15,dataset_2,centrality
594,0.6931471805599453,0.70504797,test,p15,dataset_2,centrality
184,0.6931471805599453,0.70504797,test,p15,dataset_2,centrality
946,0.6931471805599453,0.70504797,test,p15,dataset_2,centrality
888,0.6931471805599453,0.70504797,test,p15,dataset_2,centrality
141,0.6931471805599453,0.70504797,test,p15,dataset_2,centrality
964,0.6931471805599453,0.70504797,test,p15,dataset_2,centrality
816,0.6931471805599453,0.70504797,test,p15,dataset_2,centrality
1239,0.6931471805599453,0.70504797,test,p15,dataset_2,centrality
44,0.6931471805599453,0.70504797,test,p15,dataset_2,centrality
799,0.6931471805599453,0.70504797,test,p15,dataset_2,centrality
566,0.6931471805599453,0.70504797,test,p15,dataset_2,centrality
1144,0.6931471805599453,0.70504797,test,p15,dataset_2,centrality
802,0.6931471805599453,0.70504797,test,p15,dataset_2,centrality
1030,0.6931471805599453,0.70504797,test,p15,dataset_2,centrality
76,1.3862943611198906,1.202756,test,p15,dataset_2,centrality
361,0.6931471805599453,0.70504797,test,p15,dataset_2,centrality
1333,0.6931471805599453,0.70504797,test,p15,dataset_2,centrality
270,0.6931471805599453,0.70504797,test,p15,dataset_2,centrality
1098,0.6931471805599453,0.70504797,test,p15,dataset_2,centrality
1197,0.6931471805599453,0.70504797,test,p15,dataset_2,centrality
1036,0.6931471805599453,0.70504797,test,p15,dataset_2,centrality
1039,0.6931471805599453,0.70504797,test,p15,dataset_2,centrality
78,0.6931471805599453,0.7610447,test,p15,dataset_2,centrality
745,0.6931471805599453,0.7610447,test,p15,dataset_2,centrality
271,0.6931471805599453,0.70504797,test,p15,dataset_2,centrality
575,0.6931471805599453,0.70504797,test,p15,dataset_2,centrality
1285,0.6931471805599453,0.70504797,test,p15,dataset_2,centrality
1023,0.6931471805599453,0.70504797,test,p15,dataset_2,centrality
651,0.6931471805599453,0.7610447,test,p15,dataset_2,centrality
70,0.6931471805599453,0.70504797,test,p15,dataset_2,centrality
15,0.6931471805599453,0.70504797,test,p15,dataset_2,centrality
1438,0.6931471805599453,0.70504797,test,p15,dataset_2,centrality
351,0.6931471805599453,0.70504797,test,p15,dataset_2,centrality
115,0.6931471805599453,0.70504797,test,p15,dataset_2,centrality
303,0.6931471805599453,0.70504797,test,p15,dataset_2,centrality
1075,0.6931471805599453,0.70504797,test,p15,dataset_2,centrality
796,0.6931471805599453,0.70504797,test,p15,dataset_2,centrality
528,0.6931471805599453,0.70504797,test,p15,dataset_2,centrality
901,0.6931471805599453,0.70504797,test,p15,dataset_2,centrality
479,0.6931471805599453,0.70504797,test,p15,dataset_2,centrality
905,0.6931471805599453,0.70504797,test,p15,dataset_2,centrality
415,0.6931471805599453,0.7610447,test,p15,dataset_2,centrality
711,0.6931471805599453,0.70504797,test,p15,dataset_2,centrality
309,0.6931471805599453,0.70504797,test,p15,dataset_2,centrality
1053,0.6931471805599453,0.70504797,test,p15,dataset_2,centrality
788,0.6931471805599453,0.70504797,test,p15,dataset_2,centrality
1236,0.6931471805599453,0.70504797,test,p15,dataset_2,centrality
887,0.6931471805599453,0.70504797,test,p15,dataset_2,centrality
1399,0.6931471805599453,0.70504797,test,p15,dataset_2,centrality
1068,0.6931471805599453,0.70504797,test,p15,dataset_2,centrality
478,0.6931471805599453,0.70504797,test,p15,dataset_2,centrality
999,0.6931471805599453,0.70504797,test,p15,dataset_2,centrality
873,0.6931471805599453,0.70504797,test,p15,dataset_2,centrality
818,0.6931471805599453,0.70504797,test,p15,dataset_2,centrality
1090,1.791759469228055,0.8959486,test,p15,dataset_2,centrality
757,0.6931471805599453,0.70504797,test,p15,dataset_2,centrality
1031,0.6931471805599453,0.70504797,test,p15,dataset_2,centrality
322,0.6931471805599453,0.70504797,test,p15,dataset_2,centrality
332,0.6931471805599453,0.70504797,test,p15,dataset_2,centrality
567,0.6931471805599453,0.70504797,test,p15,dataset_2,centrality
892,0.6931471805599453,0.70504797,test,p15,dataset_2,centrality
610,0.6931471805599453,0.70504797,test,p15,dataset_2,centrality
529,0.6931471805599453,0.7610447,test,p15,dataset_2,centrality
570,0.6931471805599453,0.70504797,test,p15,dataset_2,centrality
429,0.6931471805599453,0.70504797,test,p15,dataset_2,centrality
985,0.6931471805599453,0.70504797,test,p15,dataset_2,centrality
43,0.6931471805599453,0.70504797,test,p15,dataset_2,centrality
497,0.6931471805599453,0.70504797,test,p15,dataset_2,centrality
451,0.6931471805599453,0.70504797,test,p15,dataset_2,centrality
1085,0.6931471805599453,0.70504797,test,p15,dataset_2,centrality
1423,0.6931471805599453,0.70504797,test,p15,dataset_2,centrality
101,0.6931471805599453,0.70504797,test,p15,dataset_2,centrality
889,0.6931471805599453,0.70504797,test,p15,dataset_2,centrality
289,0.6931471805599453,0.70504797,test,p15,dataset_2,centrality
1006,0.6931471805599453,0.70504797,test,p15,dataset_2,centrality
1443,0.6931471805599453,0.70504797,test,p15,dataset_2,centrality
1308,0.6931471805599453,0.70504797,test,p15,dataset_2,centrality
1330,0.6931471805599453,0.70504797,test,p15,dataset_2,centrality
381,0.6931471805599453,0.70504797,test,p15,dataset_2,centrality
847,0.6931471805599453,0.70504797,test,p15,dataset_2,centrality
1057,0.6931471805599453,0.70504797,test,p15,dataset_2,centrality
602,0.6931471805599453,0.70504797,test,p15,dataset_2,centrality
898,0.6931471805599453,0.70504797,test,p15,dataset_2,centrality
636,1.9459101490553132,2.6464934,test,p15,dataset_2,centrality
665,1.0986122886681098,0.7610447,test,p15,dataset_2,centrality
588,1.0986122886681098,0.70504797,test,p15,dataset_2,centrality
163,0.6931471805599453,0.70504797,test,p15,dataset_2,centrality
32,0.6931471805599453,0.7610447,test,p15,dataset_2,centrality
619,0.6931471805599453,0.70504797,test,p15,dataset_2,centrality
672,0.6931471805599453,0.70504797,test,p15,dataset_2,centrality
324,0.6931471805599453,0.70504797,test,p15,dataset_2,centrality
382,0.6931471805599453,0.70504797,test,p15,dataset_2,centrality
306,0.6931471805599453,0.70504797,test,p15,dataset_2,centrality
1163,0.6931471805599453,0.70504797,test,p15,dataset_2,centrality
855,0.6931471805599453,0.70504797,test,p15,dataset_2,centrality
722,1.0986122886681098,1.0243386,test,p15,dataset_2,centrality
365,0.6931471805599453,0.70504797,test,p15,dataset_2,centrality
423,0.6931471805599453,0.70504797,test,p15,dataset_2,centrality
933,0.6931471805599453,0.70504797,test,p15,dataset_2,centrality
247,0.6931471805599453,0.70504797,test,p15,dataset_2,centrality
427,0.6931471805599453,0.7610447,test,p15,dataset_2,centrality
1380,1.0986122886681098,0.9152419,test,p15,dataset_2,centrality
543,0.6931471805599453,0.70504797,test,p15,dataset_2,centrality
218,0.6931471805599453,0.70504797,test,p15,dataset_2,centrality
864,0.6931471805599453,0.70504797,test,p15,dataset_2,centrality
274,0.6931471805599453,0.70504797,test,p15,dataset_2,centrality
628,3.9889840465642745,2.8052707,test,p15,dataset_2,centrality
1237,0.6931471805599453,0.70504797,test,p15,dataset_2,centrality
1431,0.6931471805599453,0.70504797,test,p15,dataset_2,centrality
63,0.6931471805599453,0.70504797,test,p15,dataset_2,centrality
1178,0.6931471805599453,0.70504797,test,p15,dataset_2,centrality
380,0.6931471805599453,0.70504797,test,p15,dataset_2,centrality
1203,0.6931471805599453,0.70504797,test,p15,dataset_2,centrality
1235,0.6931471805599453,0.70504797,test,p15,dataset_2,centrality
485,0.6931471805599453,0.70504797,test,p15,dataset_2,centrality
674,1.0986122886681098,0.70504797,test,p15,dataset_2,centrality
1201,0.6931471805599453,0.70504797,test,p15,dataset_2,centrality
931,0.6931471805599453,0.70504797,test,p15,dataset_2,centrality
203,0.6931471805599453,0.70504797,test,p15,dataset_2,centrality
522,0.6931471805599453,0.70504797,test,p15,dataset_2,centrality
894,0.6931471805599453,0.70504797,test,p15,dataset_2,centrality
30,1.9459101490553132,0.7610447,test,p15,dataset_2,centrality
56,0.6931471805599453,0.70504797,test,p15,dataset_2,centrality
1166,2.6390573296152584,2.8052707,test,p15,dataset_2,centrality
1092,0.6931471805599453,0.70504797,test,p15,dataset_2,centrality
371,0.6931471805599453,0.70504797,test,p15,dataset_2,centrality
945,0.6931471805599453,0.70504797,test,p15,dataset_2,centrality
1378,0.6931471805599453,0.70504797,test,p15,dataset_2,centrality
1192,0.6931471805599453,0.70504797,test,p15,dataset_2,centrality
858,0.6931471805599453,0.70504797,test,p15,dataset_2,centrality
464,0.6931471805599453,0.70504797,test,p15,dataset_2,centrality
363,0.6931471805599453,0.70504797,test,p15,dataset_2,centrality
1187,0.6931471805599453,0.70504797,test,p15,dataset_2,centrality
578,0.6931471805599453,0.70504797,test,p15,dataset_2,centrality
237,1.3862943611198906,1.0243386,test,p15,dataset_2,centrality
1390,0.6931471805599453,0.70504797,test,p15,dataset_2,centrality
99,0.6931471805599453,0.70504797,test,p15,dataset_2,centrality
461,0.6931471805599453,0.70504797,test,p15,dataset_2,centrality
259,0.6931471805599453,0.70504797,test,p15,dataset_2,centrality
481,0.6931471805599453,0.70504797,test,p15,dataset_2,centrality
583,0.6931471805599453,0.70504797,test,p15,dataset_2,centrality
861,0.6931471805599453,0.70504797,test,p15,dataset_2,centrality
1043,0.6931471805599453,0.70504797,test,p15,dataset_2,centrality
277,0.6931471805599453,0.70504797,test,p15,dataset_2,centrality
744,0.6931471805599453,0.7610447,test,p15,dataset_2,centrality
584,0.6931471805599453,0.70504797,test,p15,dataset_2,centrality
1037,0.6931471805599453,0.70504797,test,p15,dataset_2,centrality
906,0.6931471805599453,0.70504797,test,p15,dataset_2,centrality
377,0.6931471805599453,0.70504797,test,p15,dataset_2,centrality
549,0.6931471805599453,0.70504797,test,p15,dataset_2,centrality
1417,0.6931471805599453,0.70504797,test,p15,dataset_2,centrality
771,0.6931471805599453,0.70504797,test,p15,dataset_2,centrality
691,1.0986122886681098,1.1264546,test,p15,dataset_2,centrality
706,0.6931471805599453,0.70504797,test,p15,dataset_2,centrality
297,0.6931471805599453,0.70504797,test,p15,dataset_2,centrality
1247,0.6931471805599453,0.70504797,test,p15,dataset_2,centrality
893,0.6931471805599453,0.70504797,test,p15,dataset_2,centrality
947,0.6931471805599453,0.70504797,test,p15,dataset_2,centrality
505,0.6931471805599453,0.71038735,train,p20,dataset_2,centrality
1162,0.6931471805599453,0.71038735,train,p20,dataset_2,centrality
112,0.6931471805599453,0.71038735,train,p20,dataset_2,centrality
701,1.0986122886681098,0.71038735,train,p20,dataset_2,centrality
456,0.6931471805599453,0.71038735,train,p20,dataset_2,centrality
1325,0.6931471805599453,0.71038735,train,p20,dataset_2,centrality
891,0.6931471805599453,0.71038735,train,p20,dataset_2,centrality
426,0.6931471805599453,0.77499074,train,p20,dataset_2,centrality
1274,0.6931471805599453,0.71038735,train,p20,dataset_2,centrality
219,0.6931471805599453,0.71038735,train,p20,dataset_2,centrality
73,0.6931471805599453,0.71038735,train,p20,dataset_2,centrality
1269,0.6931471805599453,0.71038735,train,p20,dataset_2,centrality
387,0.6931471805599453,0.71038735,train,p20,dataset_2,centrality
849,0.6931471805599453,0.71038735,train,p20,dataset_2,centrality
1091,0.6931471805599453,0.71038735,train,p20,dataset_2,centrality
1243,0.6931471805599453,0.71038735,train,p20,dataset_2,centrality
1064,0.6931471805599453,0.71038735,train,p20,dataset_2,centrality
1231,0.6931471805599453,0.71038735,train,p20,dataset_2,centrality
75,0.6931471805599453,1.2706172,train,p20,dataset_2,centrality
748,1.0986122886681098,0.71038735,train,p20,dataset_2,centrality
307,0.6931471805599453,0.71038735,train,p20,dataset_2,centrality
944,0.6931471805599453,0.71038735,train,p20,dataset_2,centrality
301,0.6931471805599453,0.71038735,train,p20,dataset_2,centrality
1358,1.3862943611198906,1.2475902,train,p20,dataset_2,centrality
572,0.6931471805599453,0.71038735,train,p20,dataset_2,centrality
375,0.6931471805599453,0.71038735,train,p20,dataset_2,centrality
803,0.6931471805599453,0.71038735,train,p20,dataset_2,centrality
846,0.6931471805599453,0.71038735,train,p20,dataset_2,centrality
1428,0.6931471805599453,0.71038735,train,p20,dataset_2,centrality
269,0.6931471805599453,0.71038735,train,p20,dataset_2,centrality
448,0.6931471805599453,0.71038735,train,p20,dataset_2,centrality
318,0.6931471805599453,0.71038735,train,p20,dataset_2,centrality
969,0.6931471805599453,0.71038735,train,p20,dataset_2,centrality
686,0.6931471805599453,0.71038735,train,p20,dataset_2,centrality
1171,1.0986122886681098,1.078481,train,p20,dataset_2,centrality
534,0.6931471805599453,0.71038735,train,p20,dataset_2,centrality
362,0.6931471805599453,0.71038735,train,p20,dataset_2,centrality
734,0.6931471805599453,0.77499074,train,p20,dataset_2,centrality
110,0.6931471805599453,0.71038735,train,p20,dataset_2,centrality
1408,0.6931471805599453,0.71038735,train,p20,dataset_2,centrality
868,0.6931471805599453,0.71038735,train,p20,dataset_2,centrality
763,0.6931471805599453,0.71038735,train,p20,dataset_2,centrality
314,0.6931471805599453,0.71038735,train,p20,dataset_2,centrality
1421,0.6931471805599453,0.71038735,train,p20,dataset_2,centrality
826,0.6931471805599453,0.71038735,train,p20,dataset_2,centrality
424,0.6931471805599453,0.71038735,train,p20,dataset_2,centrality
724,1.3862943611198906,0.98384905,train,p20,dataset_2,centrality
1319,0.6931471805599453,0.71038735,train,p20,dataset_2,centrality
209,1.0986122886681098,1.9105351,train,p20,dataset_2,centrality
1371,0.6931471805599453,0.71038735,train,p20,dataset_2,centrality
1044,0.6931471805599453,0.71038735,train,p20,dataset_2,centrality
1184,0.6931471805599453,0.71038735,train,p20,dataset_2,centrality
613,0.6931471805599453,0.71038735,train,p20,dataset_2,centrality
1284,0.6931471805599453,0.71038735,train,p20,dataset_2,centrality
899,0.6931471805599453,0.71038735,train,p20,dataset_2,centrality
755,0.6931471805599453,0.71038735,train,p20,dataset_2,centrality
1265,0.6931471805599453,0.71038735,train,p20,dataset_2,centrality
1419,0.6931471805599453,0.71038735,train,p20,dataset_2,centrality
843,0.6931471805599453,0.71038735,train,p20,dataset_2,centrality
1202,0.6931471805599453,0.71038735,train,p20,dataset_2,centrality
853,0.6931471805599453,0.71038735,train,p20,dataset_2,centrality
435,0.6931471805599453,0.77499074,train,p20,dataset_2,centrality
778,0.6931471805599453,0.71038735,train,p20,dataset_2,centrality
1113,0.6931471805599453,0.71038735,train,p20,dataset_2,centrality
1079,0.6931471805599453,0.71038735,train,p20,dataset_2,centrality
881,0.6931471805599453,0.71038735,train,p20,dataset_2,centrality
1415,0.6931471805599453,0.71038735,train,p20,dataset_2,centrality
1287,0.6931471805599453,0.71038735,train,p20,dataset_2,centrality
1294,0.6931471805599453,0.71038735,train,p20,dataset_2,centrality
971,0.6931471805599453,0.71038735,train,p20,dataset_2,centrality
335,0.6931471805599453,0.71038735,train,p20,dataset_2,centrality
1226,0.6931471805599453,0.71038735,train,p20,dataset_2,centrality
833,0.6931471805599453,0.71038735,train,p20,dataset_2,centrality
1071,0.6931471805599453,0.71038735,train,p20,dataset_2,centrality
685,0.6931471805599453,0.71038735,train,p20,dataset_2,centrality
444,0.6931471805599453,0.8364327,train,p20,dataset_2,centrality
81,1.0986122886681098,0.9798208,train,p20,dataset_2,centrality
1363,0.6931471805599453,0.71038735,train,p20,dataset_2,centrality
990,0.6931471805599453,0.71038735,train,p20,dataset_2,centrality
1382,0.6931471805599453,0.71038735,train,p20,dataset_2,centrality
1207,0.6931471805599453,0.71038735,train,p20,dataset_2,centrality
1397,0.6931471805599453,0.71038735,train,p20,dataset_2,centrality
1002,0.6931471805599453,0.71038735,train,p20,dataset_2,centrality
254,0.6931471805599453,0.71038735,train,p20,dataset_2,centrality
319,0.6931471805599453,0.71038735,train,p20,dataset_2,centrality
463,0.6931471805599453,0.71038735,train,p20,dataset_2,centrality
180,0.6931471805599453,0.71038735,train,p20,dataset_2,centrality
333,0.6931471805599453,0.71038735,train,p20,dataset_2,centrality
133,0.6931471805599453,0.71038735,train,p20,dataset_2,centrality
1251,0.6931471805599453,0.71038735,train,p20,dataset_2,centrality
34,1.0986122886681098,0.77499074,train,p20,dataset_2,centrality
1080,0.6931471805599453,0.71038735,train,p20,dataset_2,centrality
671,0.6931471805599453,0.71038735,train,p20,dataset_2,centrality
287,0.6931471805599453,0.71038735,train,p20,dataset_2,centrality
196,0.6931471805599453,0.71038735,train,p20,dataset_2,centrality
257,1.9459101490553132,1.2706172,train,p20,dataset_2,centrality
791,0.6931471805599453,0.71038735,train,p20,dataset_2,centrality
981,0.6931471805599453,0.71038735,train,p20,dataset_2,centrality
1170,1.6094379124341005,1.8198898,train,p20,dataset_2,centrality
140,0.6931471805599453,0.71038735,train,p20,dataset_2,centrality
697,0.6931471805599453,0.71038735,train,p20,dataset_2,centrality
388,0.6931471805599453,0.71038735,train,p20,dataset_2,centrality
1282,0.6931471805599453,0.71038735,train,p20,dataset_2,centrality
620,0.6931471805599453,0.71038735,train,p20,dataset_2,centrality
355,0.6931471805599453,0.71038735,train,p20,dataset_2,centrality
1271,0.6931471805599453,0.71038735,train,p20,dataset_2,centrality
634,3.713572066704308,2.511648,train,p20,dataset_2,centrality
1103,0.6931471805599453,0.71038735,train,p20,dataset_2,centrality
934,0.6931471805599453,0.71038735,train,p20,dataset_2,centrality
113,0.6931471805599453,0.71038735,train,p20,dataset_2,centrality
1299,0.6931471805599453,0.71038735,train,p20,dataset_2,centrality
353,0.6931471805599453,0.71038735,train,p20,dataset_2,centrality
136,0.6931471805599453,0.71038735,train,p20,dataset_2,centrality
1338,0.6931471805599453,0.71038735,train,p20,dataset_2,centrality
1065,0.6931471805599453,0.71038735,train,p20,dataset_2,centrality
399,2.3978952727983707,2.2324433,train,p20,dataset_2,centrality
186,0.6931471805599453,0.71038735,train,p20,dataset_2,centrality
762,1.0986122886681098,0.71038735,train,p20,dataset_2,centrality
531,0.6931471805599453,0.71038735,train,p20,dataset_2,centrality
25,0.6931471805599453,0.71038735,train,p20,dataset_2,centrality
521,0.6931471805599453,0.71038735,train,p20,dataset_2,centrality
1160,0.6931471805599453,0.71038735,train,p20,dataset_2,centrality
958,0.6931471805599453,0.71038735,train,p20,dataset_2,centrality
658,1.0986122886681098,0.77499074,train,p20,dataset_2,centrality
785,0.6931471805599453,0.71038735,train,p20,dataset_2,centrality
1411,0.6931471805599453,0.71038735,train,p20,dataset_2,centrality
347,0.6931471805599453,0.71038735,train,p20,dataset_2,centrality
161,0.6931471805599453,0.71038735,train,p20,dataset_2,centrality
1343,0.6931471805599453,0.71038735,train,p20,dataset_2,centrality
1188,0.6931471805599453,0.71038735,train,p20,dataset_2,centrality
1364,0.6931471805599453,0.71038735,train,p20,dataset_2,centrality
642,0.6931471805599453,1.1834775,train,p20,dataset_2,centrality
573,0.6931471805599453,0.71038735,train,p20,dataset_2,centrality
143,0.6931471805599453,0.71038735,train,p20,dataset_2,centrality
1176,0.6931471805599453,0.71038735,train,p20,dataset_2,centrality
1232,0.6931471805599453,0.71038735,train,p20,dataset_2,centrality
111,0.6931471805599453,0.71038735,train,p20,dataset_2,centrality
1167,0.6931471805599453,0.71038735,train,p20,dataset_2,centrality
488,0.6931471805599453,0.71038735,train,p20,dataset_2,centrality
564,0.6931471805599453,0.71038735,train,p20,dataset_2,centrality
647,1.3862943611198906,1.1243075,train,p20,dataset_2,centrality
955,0.6931471805599453,0.71038735,train,p20,dataset_2,centrality
693,0.6931471805599453,0.71038735,train,p20,dataset_2,centrality
22,0.6931471805599453,0.71038735,train,p20,dataset_2,centrality
304,0.6931471805599453,0.71038735,train,p20,dataset_2,centrality
58,0.6931471805599453,0.71038735,train,p20,dataset_2,centrality
677,0.6931471805599453,0.71038735,train,p20,dataset_2,centrality
517,0.6931471805599453,0.71038735,train,p20,dataset_2,centrality
560,1.0986122886681098,1.0028477,train,p20,dataset_2,centrality
100,0.6931471805599453,0.71038735,train,p20,dataset_2,centrality
1054,0.6931471805599453,0.71038735,train,p20,dataset_2,centrality
582,0.6931471805599453,0.71038735,train,p20,dataset_2,centrality
1135,0.6931471805599453,0.71038735,train,p20,dataset_2,centrality
1175,0.6931471805599453,0.71038735,train,p20,dataset_2,centrality
1331,0.6931471805599453,0.71038735,train,p20,dataset_2,centrality
17,1.0986122886681098,0.71038735,train,p20,dataset_2,centrality
1260,0.6931471805599453,0.71038735,train,p20,dataset_2,centrality
1186,0.6931471805599453,0.71038735,train,p20,dataset_2,centrality
1033,0.6931471805599453,0.71038735,train,p20,dataset_2,centrality
988,0.6931471805599453,0.71038735,train,p20,dataset_2,centrality
738,1.0986122886681098,0.71038735,train,p20,dataset_2,centrality
596,1.9459101490553132,1.6910788,train,p20,dataset_2,centrality
86,0.6931471805599453,0.71038735,train,p20,dataset_2,centrality
872,0.6931471805599453,0.71038735,train,p20,dataset_2,centrality
299,0.6931471805599453,0.71038735,train,p20,dataset_2,centrality
1214,0.6931471805599453,0.71038735,train,p20,dataset_2,centrality
195,0.6931471805599453,0.71038735,train,p20,dataset_2,centrality
350,0.6931471805599453,0.71038735,train,p20,dataset_2,centrality
373,0.6931471805599453,0.71038735,train,p20,dataset_2,centrality
956,0.6931471805599453,0.71038735,train,p20,dataset_2,centrality
1430,0.6931471805599453,0.71038735,train,p20,dataset_2,centrality
385,0.6931471805599453,0.71038735,train,p20,dataset_2,centrality
1321,1.0986122886681098,1.2475902,train,p20,dataset_2,centrality
978,0.6931471805599453,0.71038735,train,p20,dataset_2,centrality
336,0.6931471805599453,0.71038735,train,p20,dataset_2,centrality
1094,0.6931471805599453,0.71038735,train,p20,dataset_2,centrality
994,0.6931471805599453,0.71038735,train,p20,dataset_2,centrality
157,0.6931471805599453,0.71038735,train,p20,dataset_2,centrality
474,0.6931471805599453,0.71038735,train,p20,dataset_2,centrality
1109,0.6931471805599453,0.71038735,train,p20,dataset_2,centrality
221,0.6931471805599453,0.71038735,train,p20,dataset_2,centrality
329,0.6931471805599453,0.71038735,train,p20,dataset_2,centrality
154,0.6931471805599453,0.71038735,train,p20,dataset_2,centrality
384,0.6931471805599453,0.71038735,train,p20,dataset_2,centrality
721,1.791759469228055,2.2324433,train,p20,dataset_2,centrality
559,0.6931471805599453,0.77499074,train,p20,dataset_2,centrality
1373,0.6931471805599453,0.71038735,train,p20,dataset_2,centrality
1161,1.791759469228055,1.1311213,train,p20,dataset_2,centrality
1441,0.6931471805599453,0.71038735,train,p20,dataset_2,centrality
1145,0.6931471805599453,0.71038735,train,p20,dataset_2,centrality
667,0.6931471805599453,0.71038735,train,p20,dataset_2,centrality
284,2.0794415416798357,1.1243075,train,p20,dataset_2,centrality
1296,0.6931471805599453,0.71038735,train,p20,dataset_2,centrality
1310,0.6931471805599453,0.71038735,train,p20,dataset_2,centrality
42,0.6931471805599453,0.71038735,train,p20,dataset_2,centrality
863,0.6931471805599453,0.71038735,train,p20,dataset_2,centrality
783,0.6931471805599453,0.71038735,train,p20,dataset_2,centrality
1152,0.6931471805599453,0.71038735,train,p20,dataset_2,centrality
4,0.6931471805599453,0.71038735,train,p20,dataset_2,centrality
28,0.6931471805599453,0.71038735,train,p20,dataset_2,centrality
1015,0.6931471805599453,0.71038735,train,p20,dataset_2,centrality
434,0.6931471805599453,0.71038735,train,p20,dataset_2,centrality
895,0.6931471805599453,0.71038735,train,p20,dataset_2,centrality
166,0.6931471805599453,0.71038735,train,p20,dataset_2,centrality
923,0.6931471805599453,0.71038735,train,p20,dataset_2,centrality
1263,0.6931471805599453,0.71038735,train,p20,dataset_2,centrality
91,0.6931471805599453,0.71038735,train,p20,dataset_2,centrality
764,0.6931471805599453,0.71038735,train,p20,dataset_2,centrality
308,0.6931471805599453,0.71038735,train,p20,dataset_2,centrality
918,0.6931471805599453,0.71038735,train,p20,dataset_2,centrality
223,0.6931471805599453,0.71038735,train,p20,dataset_2,centrality
1138,0.6931471805599453,0.71038735,train,p20,dataset_2,centrality
447,0.6931471805599453,0.71038735,train,p20,dataset_2,centrality
1093,0.6931471805599453,0.71038735,train,p20,dataset_2,centrality
1283,0.6931471805599453,0.71038735,train,p20,dataset_2,centrality
431,1.0986122886681098,0.71038735,train,p20,dataset_2,centrality
759,0.6931471805599453,0.71038735,train,p20,dataset_2,centrality
118,0.6931471805599453,0.71038735,train,p20,dataset_2,centrality
924,0.6931471805599453,0.71038735,train,p20,dataset_2,centrality
1362,0.6931471805599453,0.71038735,train,p20,dataset_2,centrality
839,0.6931471805599453,0.71038735,train,p20,dataset_2,centrality
419,1.0986122886681098,0.71038735,train,p20,dataset_2,centrality
511,0.6931471805599453,0.71038735,train,p20,dataset_2,centrality
452,0.6931471805599453,0.71038735,train,p20,dataset_2,centrality
1267,0.6931471805599453,0.71038735,train,p20,dataset_2,centrality
852,0.6931471805599453,0.71038735,train,p20,dataset_2,centrality
579,0.6931471805599453,0.71038735,train,p20,dataset_2,centrality
860,0.6931471805599453,0.71038735,train,p20,dataset_2,centrality
654,0.6931471805599453,0.71038735,train,p20,dataset_2,centrality
1381,0.6931471805599453,0.71038735,train,p20,dataset_2,centrality
369,0.6931471805599453,0.71038735,train,p20,dataset_2,centrality
498,0.6931471805599453,0.71038735,train,p20,dataset_2,centrality
874,0.6931471805599453,0.71038735,train,p20,dataset_2,centrality
496,0.6931471805599453,0.71038735,train,p20,dataset_2,centrality
172,0.6931471805599453,0.71038735,train,p20,dataset_2,centrality
1072,0.6931471805599453,0.71038735,train,p20,dataset_2,centrality
238,0.6931471805599453,0.77499074,train,p20,dataset_2,centrality
50,0.6931471805599453,0.71038735,train,p20,dataset_2,centrality
98,0.6931471805599453,0.71038735,train,p20,dataset_2,centrality
298,0.6931471805599453,0.71038735,train,p20,dataset_2,centrality
330,0.6931471805599453,0.71038735,train,p20,dataset_2,centrality
1249,0.6931471805599453,0.71038735,train,p20,dataset_2,centrality
1087,0.6931471805599453,0.77499074,train,p20,dataset_2,centrality
283,0.6931471805599453,0.71038735,train,p20,dataset_2,centrality
601,0.6931471805599453,0.71038735,train,p20,dataset_2,centrality
841,0.6931471805599453,0.71038735,train,p20,dataset_2,centrality
1114,0.6931471805599453,0.71038735,train,p20,dataset_2,centrality
682,0.6931471805599453,0.71038735,train,p20,dataset_2,centrality
1217,0.6931471805599453,0.71038735,train,p20,dataset_2,centrality
1055,0.6931471805599453,0.71038735,train,p20,dataset_2,centrality
827,0.6931471805599453,0.71038735,train,p20,dataset_2,centrality
532,0.6931471805599453,0.71038735,train,p20,dataset_2,centrality
125,0.6931471805599453,0.71038735,train,p20,dataset_2,centrality
265,0.6931471805599453,0.71038735,train,p20,dataset_2,centrality
417,0.6931471805599453,0.71038735,train,p20,dataset_2,centrality
1320,0.6931471805599453,0.9652437,train,p20,dataset_2,centrality
492,0.6931471805599453,0.71038735,train,p20,dataset_2,centrality
1185,0.6931471805599453,0.71038735,train,p20,dataset_2,centrality
1360,0.6931471805599453,0.71038735,train,p20,dataset_2,centrality
38,0.6931471805599453,0.71038735,train,p20,dataset_2,centrality
1047,0.6931471805599453,0.71038735,train,p20,dataset_2,centrality
438,0.6931471805599453,0.71038735,train,p20,dataset_2,centrality
486,0.6931471805599453,0.71038735,train,p20,dataset_2,centrality
1349,0.6931471805599453,0.71038735,train,p20,dataset_2,centrality
996,0.6931471805599453,0.71038735,train,p20,dataset_2,centrality
1402,0.6931471805599453,0.71038735,train,p20,dataset_2,centrality
617,0.6931471805599453,0.71038735,train,p20,dataset_2,centrality
185,0.6931471805599453,0.71038735,train,p20,dataset_2,centrality
235,1.9459101490553132,2.0504127,train,p20,dataset_2,centrality
326,0.6931471805599453,0.71038735,train,p20,dataset_2,centrality
1400,0.6931471805599453,0.71038735,train,p20,dataset_2,centrality
210,1.791759469228055,2.140026,train,p20,dataset_2,centrality
1379,1.0986122886681098,1.7097327,train,p20,dataset_2,centrality
1356,0.6931471805599453,0.71038735,train,p20,dataset_2,centrality
563,0.6931471805599453,0.71038735,train,p20,dataset_2,centrality
925,0.6931471805599453,0.71038735,train,p20,dataset_2,centrality
1427,0.6931471805599453,0.71038735,train,p20,dataset_2,centrality
962,0.6931471805599453,0.71038735,train,p20,dataset_2,centrality
1147,0.6931471805599453,0.77499074,train,p20,dataset_2,centrality
1368,0.6931471805599453,0.71038735,train,p20,dataset_2,centrality
61,0.6931471805599453,0.71038735,train,p20,dataset_2,centrality
130,0.6931471805599453,0.71038735,train,p20,dataset_2,centrality
1298,0.6931471805599453,0.71038735,train,p20,dataset_2,centrality
518,0.6931471805599453,0.71038735,train,p20,dataset_2,centrality
128,0.6931471805599453,0.71038735,train,p20,dataset_2,centrality
749,0.6931471805599453,0.71038735,train,p20,dataset_2,centrality
1059,0.6931471805599453,0.71038735,train,p20,dataset_2,centrality
1100,0.6931471805599453,0.71038735,train,p20,dataset_2,centrality
1191,0.6931471805599453,0.71038735,train,p20,dataset_2,centrality
1290,0.6931471805599453,0.71038735,train,p20,dataset_2,centrality
1241,0.6931471805599453,0.71038735,train,p20,dataset_2,centrality
1324,0.6931471805599453,0.77499074,train,p20,dataset_2,centrality
1018,0.6931471805599453,0.71038735,train,p20,dataset_2,centrality
1316,0.6931471805599453,0.71038735,train,p20,dataset_2,centrality
1396,0.6931471805599453,0.71038735,train,p20,dataset_2,centrality
1074,0.6931471805599453,0.71038735,train,p20,dataset_2,centrality
1437,0.6931471805599453,0.71038735,train,p20,dataset_2,centrality
109,0.6931471805599453,0.71038735,train,p20,dataset_2,centrality
569,0.6931471805599453,0.71038735,train,p20,dataset_2,centrality
135,0.6931471805599453,0.71038735,train,p20,dataset_2,centrality
1139,0.6931471805599453,0.71038735,train,p20,dataset_2,centrality
712,1.0986122886681098,0.77499074,train,p20,dataset_2,centrality
1029,0.6931471805599453,0.71038735,train,p20,dataset_2,centrality
1293,0.6931471805599453,0.71038735,train,p20,dataset_2,centrality
389,0.6931471805599453,0.71038735,train,p20,dataset_2,centrality
1210,0.6931471805599453,0.71038735,train,p20,dataset_2,centrality
948,0.6931471805599453,0.71038735,train,p20,dataset_2,centrality
965,0.6931471805599453,0.71038735,train,p20,dataset_2,centrality
545,0.6931471805599453,0.71038735,train,p20,dataset_2,centrality
1177,0.6931471805599453,0.71038735,train,p20,dataset_2,centrality
1206,0.6931471805599453,0.71038735,train,p20,dataset_2,centrality
1157,0.6931471805599453,0.71038735,train,p20,dataset_2,centrality
421,0.6931471805599453,0.71038735,train,p20,dataset_2,centrality
984,0.6931471805599453,0.71038735,train,p20,dataset_2,centrality
19,0.6931471805599453,0.71038735,train,p20,dataset_2,centrality
160,0.6931471805599453,0.71038735,train,p20,dataset_2,centrality
21,0.6931471805599453,0.71038735,train,p20,dataset_2,centrality
801,0.6931471805599453,0.71038735,train,p20,dataset_2,centrality
1281,0.6931471805599453,0.71038735,train,p20,dataset_2,centrality
1049,0.6931471805599453,0.71038735,train,p20,dataset_2,centrality
930,0.6931471805599453,0.71038735,train,p20,dataset_2,centrality
7,0.6931471805599453,0.71038735,train,p20,dataset_2,centrality
960,0.6931471805599453,0.71038735,train,p20,dataset_2,centrality
627,2.4849066497880004,2.6726775,train,p20,dataset_2,centrality
1016,0.6931471805599453,0.71038735,train,p20,dataset_2,centrality
1314,0.6931471805599453,0.71038735,train,p20,dataset_2,centrality
1280,0.6931471805599453,0.71038735,train,p20,dataset_2,centrality
260,0.6931471805599453,0.71038735,train,p20,dataset_2,centrality
82,1.0986122886681098,0.77499074,train,p20,dataset_2,centrality
768,0.6931471805599453,0.71038735,train,p20,dataset_2,centrality
1245,0.6931471805599453,0.71038735,train,p20,dataset_2,centrality
121,0.6931471805599453,0.71038735,train,p20,dataset_2,centrality
951,0.6931471805599453,0.71038735,train,p20,dataset_2,centrality
1124,0.6931471805599453,0.77499074,train,p20,dataset_2,centrality
586,0.6931471805599453,0.71038735,train,p20,dataset_2,centrality
310,0.6931471805599453,0.71038735,train,p20,dataset_2,centrality
1212,0.6931471805599453,0.71038735,train,p20,dataset_2,centrality
900,0.6931471805599453,0.71038735,train,p20,dataset_2,centrality
1199,0.6931471805599453,0.71038735,train,p20,dataset_2,centrality
1076,0.6931471805599453,0.71038735,train,p20,dataset_2,centrality
1182,1.3862943611198906,0.77499074,train,p20,dataset_2,centrality
800,0.6931471805599453,0.71038735,train,p20,dataset_2,centrality
1354,2.1972245773362196,2.1881597,train,p20,dataset_2,centrality
390,0.6931471805599453,0.71038735,train,p20,dataset_2,centrality
859,0.6931471805599453,0.71038735,train,p20,dataset_2,centrality
760,0.6931471805599453,0.71038735,train,p20,dataset_2,centrality
217,0.6931471805599453,0.77499074,train,p20,dataset_2,centrality
16,0.6931471805599453,0.71038735,train,p20,dataset_2,centrality
2,0.6931471805599453,0.71038735,train,p20,dataset_2,centrality
1073,0.6931471805599453,0.71038735,train,p20,dataset_2,centrality
1078,0.6931471805599453,0.71038735,train,p20,dataset_2,centrality
1116,0.6931471805599453,0.71038735,train,p20,dataset_2,centrality
12,0.6931471805599453,0.71038735,train,p20,dataset_2,centrality
950,0.6931471805599453,0.71038735,train,p20,dataset_2,centrality
1003,0.6931471805599453,0.71038735,train,p20,dataset_2,centrality
459,0.6931471805599453,0.71038735,train,p20,dataset_2,centrality
542,0.6931471805599453,0.71038735,train,p20,dataset_2,centrality
1406,0.6931471805599453,0.71038735,train,p20,dataset_2,centrality
395,3.8918202981106265,2.4835947,train,p20,dataset_2,centrality
495,0.6931471805599453,0.71038735,train,p20,dataset_2,centrality
993,0.6931471805599453,0.71038735,train,p20,dataset_2,centrality
914,0.6931471805599453,0.71038735,train,p20,dataset_2,centrality
469,0.6931471805599453,0.71038735,train,p20,dataset_2,centrality
1367,0.6931471805599453,0.71038735,train,p20,dataset_2,centrality
536,0.6931471805599453,0.71038735,train,p20,dataset_2,centrality
189,0.6931471805599453,0.71038735,train,p20,dataset_2,centrality
327,0.6931471805599453,0.71038735,train,p20,dataset_2,centrality
669,1.0986122886681098,0.71038735,train,p20,dataset_2,centrality
1095,0.6931471805599453,0.71038735,train,p20,dataset_2,centrality
912,0.6931471805599453,0.71038735,train,p20,dataset_2,centrality
480,0.6931471805599453,0.71038735,train,p20,dataset_2,centrality
1153,0.6931471805599453,0.71038735,train,p20,dataset_2,centrality
483,0.6931471805599453,0.71038735,train,p20,dataset_2,centrality
952,0.6931471805599453,0.71038735,train,p20,dataset_2,centrality
595,1.9459101490553132,2.4109683,train,p20,dataset_2,centrality
212,0.6931471805599453,0.71038735,train,p20,dataset_2,centrality
440,0.6931471805599453,0.71038735,train,p20,dataset_2,centrality
281,0.6931471805599453,0.71038735,train,p20,dataset_2,centrality
1404,0.6931471805599453,0.71038735,train,p20,dataset_2,centrality
501,0.6931471805599453,0.71038735,train,p20,dataset_2,centrality
230,0.6931471805599453,0.71038735,train,p20,dataset_2,centrality
1337,0.6931471805599453,0.71038735,train,p20,dataset_2,centrality
477,0.6931471805599453,0.71038735,train,p20,dataset_2,centrality
739,0.6931471805599453,0.71038735,train,p20,dataset_2,centrality
286,0.6931471805599453,0.71038735,train,p20,dataset_2,centrality
718,2.70805020110221,2.7130852,train,p20,dataset_2,centrality
1035,0.6931471805599453,0.71038735,train,p20,dataset_2,centrality
1189,0.6931471805599453,0.71038735,train,p20,dataset_2,centrality
1323,1.6094379124341005,1.2706172,train,p20,dataset_2,centrality
107,0.6931471805599453,0.71038735,train,p20,dataset_2,centrality
1142,0.6931471805599453,0.71038735,train,p20,dataset_2,centrality
159,0.6931471805599453,0.71038735,train,p20,dataset_2,centrality
74,0.6931471805599453,0.71038735,train,p20,dataset_2,centrality
499,0.6931471805599453,0.71038735,train,p20,dataset_2,centrality
331,0.6931471805599453,0.71038735,train,p20,dataset_2,centrality
983,0.6931471805599453,0.71038735,train,p20,dataset_2,centrality
653,1.0986122886681098,0.77499074,train,p20,dataset_2,centrality
124,0.6931471805599453,0.71038735,train,p20,dataset_2,centrality
436,0.6931471805599453,0.71038735,train,p20,dataset_2,centrality
52,0.6931471805599453,0.71038735,train,p20,dataset_2,centrality
814,0.6931471805599453,0.71038735,train,p20,dataset_2,centrality
979,0.6931471805599453,0.71038735,train,p20,dataset_2,centrality
795,0.6931471805599453,0.71038735,train,p20,dataset_2,centrality
1020,0.6931471805599453,0.71038735,train,p20,dataset_2,centrality
523,0.6931471805599453,0.71038735,train,p20,dataset_2,centrality
139,0.6931471805599453,0.71038735,train,p20,dataset_2,centrality
250,0.6931471805599453,0.71038735,train,p20,dataset_2,centrality
1181,1.0986122886681098,0.71038735,train,p20,dataset_2,centrality
1097,0.6931471805599453,0.71038735,train,p20,dataset_2,centrality
512,0.6931471805599453,0.71038735,train,p20,dataset_2,centrality
1262,0.6931471805599453,0.71038735,train,p20,dataset_2,centrality
276,0.6931471805599453,0.71038735,train,p20,dataset_2,centrality
292,1.0986122886681098,0.77499074,train,p20,dataset_2,centrality
561,0.6931471805599453,0.71038735,train,p20,dataset_2,centrality
249,0.6931471805599453,0.71038735,train,p20,dataset_2,centrality
593,0.6931471805599453,0.71038735,train,p20,dataset_2,centrality
165,0.6931471805599453,0.71038735,train,p20,dataset_2,centrality
1345,0.6931471805599453,0.71038735,train,p20,dataset_2,centrality
592,0.6931471805599453,0.71038735,train,p20,dataset_2,centrality
676,0.6931471805599453,0.71038735,train,p20,dataset_2,centrality
828,0.6931471805599453,0.71038735,train,p20,dataset_2,centrality
1008,0.6931471805599453,0.71038735,train,p20,dataset_2,centrality
736,1.0986122886681098,0.71038735,train,p20,dataset_2,centrality
418,1.0986122886681098,0.71038735,train,p20,dataset_2,centrality
1439,0.6931471805599453,0.71038735,train,p20,dataset_2,centrality
258,0.6931471805599453,0.71038735,train,p20,dataset_2,centrality
1123,0.6931471805599453,0.71038735,train,p20,dataset_2,centrality
939,0.6931471805599453,0.71038735,train,p20,dataset_2,centrality
391,1.3862943611198906,1.0028477,train,p20,dataset_2,centrality
340,1.0986122886681098,0.71038735,train,p20,dataset_2,centrality
1,0.6931471805599453,0.71038735,train,p20,dataset_2,centrality
1149,0.6931471805599453,0.71038735,train,p20,dataset_2,centrality
1222,0.6931471805599453,0.71038735,train,p20,dataset_2,centrality
834,0.6931471805599453,0.71038735,train,p20,dataset_2,centrality
207,4.189654742026425,2.938441,train,p20,dataset_2,centrality
638,0.6931471805599453,1.1243075,train,p20,dataset_2,centrality
40,0.6931471805599453,0.71038735,train,p20,dataset_2,centrality
317,0.6931471805599453,0.71038735,train,p20,dataset_2,centrality
608,0.6931471805599453,0.71038735,train,p20,dataset_2,centrality
754,0.6931471805599453,0.71038735,train,p20,dataset_2,centrality
144,0.6931471805599453,0.71038735,train,p20,dataset_2,centrality
345,0.6931471805599453,0.71038735,train,p20,dataset_2,centrality
515,0.6931471805599453,0.71038735,train,p20,dataset_2,centrality
942,0.6931471805599453,0.71038735,train,p20,dataset_2,centrality
105,0.6931471805599453,0.71038735,train,p20,dataset_2,centrality
1046,0.6931471805599453,0.71038735,train,p20,dataset_2,centrality
1104,0.6931471805599453,0.71038735,train,p20,dataset_2,centrality
1022,0.6931471805599453,0.71038735,train,p20,dataset_2,centrality
5,0.6931471805599453,0.71038735,train,p20,dataset_2,centrality
1056,0.6931471805599453,0.71038735,train,p20,dataset_2,centrality
126,0.6931471805599453,0.71038735,train,p20,dataset_2,centrality
1357,1.9459101490553132,1.4862894,train,p20,dataset_2,centrality
506,0.6931471805599453,0.71038735,train,p20,dataset_2,centrality
1328,0.6931471805599453,0.71038735,train,p20,dataset_2,centrality
439,0.6931471805599453,0.71038735,train,p20,dataset_2,centrality
441,0.6931471805599453,0.71038735,train,p20,dataset_2,centrality
976,0.6931471805599453,0.71038735,train,p20,dataset_2,centrality
1216,0.6931471805599453,0.71038735,train,p20,dataset_2,centrality
1154,0.6931471805599453,0.71038735,train,p20,dataset_2,centrality
348,0.6931471805599453,0.77499074,train,p20,dataset_2,centrality
104,0.6931471805599453,0.71038735,train,p20,dataset_2,centrality
1355,1.9459101490553132,2.4835947,train,p20,dataset_2,centrality
1012,0.6931471805599453,0.71038735,train,p20,dataset_2,centrality
913,0.6931471805599453,0.71038735,train,p20,dataset_2,centrality
652,1.0986122886681098,0.77499074,train,p20,dataset_2,centrality
120,0.6931471805599453,0.71038735,train,p20,dataset_2,centrality
704,0.6931471805599453,0.71038735,train,p20,dataset_2,centrality
659,0.6931471805599453,0.77499074,train,p20,dataset_2,centrality
630,2.833213344056216,2.7493582,train,p20,dataset_2,centrality
687,0.6931471805599453,0.71038735,train,p20,dataset_2,centrality
877,0.6931471805599453,0.71038735,train,p20,dataset_2,centrality
502,0.6931471805599453,0.71038735,train,p20,dataset_2,centrality
366,0.6931471805599453,0.71038735,train,p20,dataset_2,centrality
37,0.6931471805599453,0.71038735,train,p20,dataset_2,centrality
1230,0.6931471805599453,0.71038735,train,p20,dataset_2,centrality
713,3.4657359027997265,2.938441,train,p20,dataset_2,centrality
266,0.6931471805599453,0.71038735,train,p20,dataset_2,centrality
710,0.6931471805599453,0.71038735,train,p20,dataset_2,centrality
1424,0.6931471805599453,0.71038735,train,p20,dataset_2,centrality
1377,1.3862943611198906,1.7515289,train,p20,dataset_2,centrality
626,2.1972245773362196,2.4835947,train,p20,dataset_2,centrality
1322,0.6931471805599453,0.71038735,train,p20,dataset_2,centrality
386,0.6931471805599453,0.71038735,train,p20,dataset_2,centrality
779,0.6931471805599453,0.71038735,train,p20,dataset_2,centrality
31,0.6931471805599453,0.8364327,train,p20,dataset_2,centrality
1440,0.6931471805599453,0.71038735,train,p20,dataset_2,centrality
142,0.6931471805599453,0.71038735,train,p20,dataset_2,centrality
820,0.6931471805599453,0.71038735,train,p20,dataset_2,centrality
131,0.6931471805599453,0.71038735,train,p20,dataset_2,centrality
1426,0.6931471805599453,0.71038735,train,p20,dataset_2,centrality
285,1.3862943611198906,1.2475902,train,p20,dataset_2,centrality
699,0.6931471805599453,0.71038735,train,p20,dataset_2,centrality
1220,0.6931471805599453,0.71038735,train,p20,dataset_2,centrality
1272,0.6931471805599453,0.71038735,train,p20,dataset_2,centrality
35,0.6931471805599453,0.71038735,train,p20,dataset_2,centrality
1158,1.0986122886681098,0.89645076,train,p20,dataset_2,centrality
342,0.6931471805599453,0.71038735,train,p20,dataset_2,centrality
24,0.6931471805599453,0.71038735,train,p20,dataset_2,centrality
823,0.6931471805599453,0.71038735,train,p20,dataset_2,centrality
1122,0.6931471805599453,0.71038735,train,p20,dataset_2,centrality
1291,0.6931471805599453,0.71038735,train,p20,dataset_2,centrality
325,0.6931471805599453,0.71038735,train,p20,dataset_2,centrality
623,1.9459101490553132,1.2706172,train,p20,dataset_2,centrality
227,0.6931471805599453,0.71038735,train,p20,dataset_2,centrality
1121,0.6931471805599453,0.77499074,train,p20,dataset_2,centrality
974,0.6931471805599453,0.71038735,train,p20,dataset_2,centrality
1107,0.6931471805599453,0.71038735,train,p20,dataset_2,centrality
370,0.6931471805599453,0.71038735,train,p20,dataset_2,centrality
6,0.6931471805599453,0.71038735,train,p20,dataset_2,centrality
216,0.6931471805599453,0.71038735,train,p20,dataset_2,centrality
940,0.6931471805599453,0.71038735,train,p20,dataset_2,centrality
1120,0.6931471805599453,0.71038735,train,p20,dataset_2,centrality
1211,0.6931471805599453,0.71038735,train,p20,dataset_2,centrality
129,0.6931471805599453,0.71038735,train,p20,dataset_2,centrality
702,0.6931471805599453,0.71038735,train,p20,dataset_2,centrality
468,0.6931471805599453,0.71038735,train,p20,dataset_2,centrality
1365,0.6931471805599453,0.71038735,train,p20,dataset_2,centrality
1242,0.6931471805599453,0.71038735,train,p20,dataset_2,centrality
201,0.6931471805599453,0.71038735,train,p20,dataset_2,centrality
825,0.6931471805599453,0.71038735,train,p20,dataset_2,centrality
1386,0.6931471805599453,0.71038735,train,p20,dataset_2,centrality
615,0.6931471805599453,0.71038735,train,p20,dataset_2,centrality
147,0.6931471805599453,0.71038735,train,p20,dataset_2,centrality
751,1.0986122886681098,0.77499074,train,p20,dataset_2,centrality
876,0.6931471805599453,0.71038735,train,p20,dataset_2,centrality
1061,0.6931471805599453,0.71038735,train,p20,dataset_2,centrality
233,0.6931471805599453,0.71038735,train,p20,dataset_2,centrality
248,0.6931471805599453,0.71038735,train,p20,dataset_2,centrality
170,0.6931471805599453,0.71038735,train,p20,dataset_2,centrality
1279,0.6931471805599453,0.71038735,train,p20,dataset_2,centrality
214,1.3862943611198906,0.77499074,train,p20,dataset_2,centrality
684,0.6931471805599453,0.71038735,train,p20,dataset_2,centrality
941,0.6931471805599453,0.71038735,train,p20,dataset_2,centrality
1159,0.6931471805599453,0.71038735,train,p20,dataset_2,centrality
302,0.6931471805599453,0.71038735,train,p20,dataset_2,centrality
580,0.6931471805599453,0.71038735,train,p20,dataset_2,centrality
987,0.6931471805599453,0.71038735,train,p20,dataset_2,centrality
148,0.6931471805599453,0.71038735,train,p20,dataset_2,centrality
870,0.6931471805599453,0.71038735,train,p20,dataset_2,centrality
1111,0.6931471805599453,0.71038735,train,p20,dataset_2,centrality
176,0.6931471805599453,0.71038735,train,p20,dataset_2,centrality
243,0.6931471805599453,0.71038735,train,p20,dataset_2,centrality
616,0.6931471805599453,0.71038735,train,p20,dataset_2,centrality
720,1.6094379124341005,1.5809216,train,p20,dataset_2,centrality
622,0.6931471805599453,0.71038735,train,p20,dataset_2,centrality
411,0.6931471805599453,0.71038735,train,p20,dataset_2,centrality
1042,0.6931471805599453,0.71038735,train,p20,dataset_2,centrality
513,0.6931471805599453,0.71038735,train,p20,dataset_2,centrality
756,0.6931471805599453,0.71038735,train,p20,dataset_2,centrality
273,0.6931471805599453,0.71038735,train,p20,dataset_2,centrality
108,0.6931471805599453,0.71038735,train,p20,dataset_2,centrality
1089,0.6931471805599453,0.71038735,train,p20,dataset_2,centrality
551,1.0986122886681098,2.1539812,train,p20,dataset_2,centrality
587,0.6931471805599453,0.71038735,train,p20,dataset_2,centrality
679,0.6931471805599453,1.1243075,train,p20,dataset_2,centrality
1081,0.6931471805599453,0.71038735,train,p20,dataset_2,centrality
428,0.6931471805599453,0.71038735,train,p20,dataset_2,centrality
169,0.6931471805599453,0.71038735,train,p20,dataset_2,centrality
1340,0.6931471805599453,0.71038735,train,p20,dataset_2,centrality
1329,0.6931471805599453,0.71038735,train,p20,dataset_2,centrality
968,0.6931471805599453,0.71038735,train,p20,dataset_2,centrality
158,0.6931471805599453,0.71038735,train,p20,dataset_2,centrality
992,0.6931471805599453,0.71038735,train,p20,dataset_2,centrality
66,0.6931471805599453,0.71038735,train,p20,dataset_2,centrality
504,0.6931471805599453,0.71038735,train,p20,dataset_2,centrality
1193,0.6931471805599453,0.71038735,train,p20,dataset_2,centrality
943,0.6931471805599453,0.71038735,train,p20,dataset_2,centrality
343,0.6931471805599453,0.71038735,train,p20,dataset_2,centrality
1007,0.6931471805599453,0.71038735,train,p20,dataset_2,centrality
548,0.6931471805599453,0.71038735,train,p20,dataset_2,centrality
581,0.6931471805599453,0.71038735,train,p20,dataset_2,centrality
740,0.6931471805599453,0.71038735,train,p20,dataset_2,centrality
510,0.6931471805599453,0.77499074,train,p20,dataset_2,centrality
145,0.6931471805599453,0.71038735,train,p20,dataset_2,centrality
809,0.6931471805599453,0.71038735,train,p20,dataset_2,centrality
600,0.6931471805599453,0.71038735,train,p20,dataset_2,centrality
1062,0.6931471805599453,0.71038735,train,p20,dataset_2,centrality
1244,0.6931471805599453,0.71038735,train,p20,dataset_2,centrality
618,0.6931471805599453,0.71038735,train,p20,dataset_2,centrality
433,0.6931471805599453,0.71038735,train,p20,dataset_2,centrality
1347,0.6931471805599453,0.71038735,train,p20,dataset_2,centrality
152,0.6931471805599453,0.71038735,train,p20,dataset_2,centrality
79,0.6931471805599453,0.71038735,train,p20,dataset_2,centrality
354,0.6931471805599453,0.71038735,train,p20,dataset_2,centrality
291,0.6931471805599453,0.71038735,train,p20,dataset_2,centrality
204,0.6931471805599453,0.71038735,train,p20,dataset_2,centrality
494,0.6931471805599453,0.71038735,train,p20,dataset_2,centrality
1026,0.6931471805599453,0.71038735,train,p20,dataset_2,centrality
997,0.6931471805599453,0.71038735,train,p20,dataset_2,centrality
1032,0.6931471805599453,0.71038735,train,p20,dataset_2,centrality
47,0.6931471805599453,0.71038735,train,p20,dataset_2,centrality
282,1.6094379124341005,0.8364327,train,p20,dataset_2,centrality
850,0.6931471805599453,0.71038735,train,p20,dataset_2,centrality
1238,0.6931471805599453,0.71038735,train,p20,dataset_2,centrality
328,0.6931471805599453,0.71038735,train,p20,dataset_2,centrality
520,0.6931471805599453,0.71038735,train,p20,dataset_2,centrality
471,0.6931471805599453,0.71038735,train,p20,dataset_2,centrality
632,2.3978952727983707,2.3889623,train,p20,dataset_2,centrality
1407,0.6931471805599453,0.71038735,train,p20,dataset_2,centrality
670,0.6931471805599453,0.71038735,train,p20,dataset_2,centrality
703,0.6931471805599453,0.71038735,train,p20,dataset_2,centrality
919,0.6931471805599453,0.71038735,train,p20,dataset_2,centrality
995,0.6931471805599453,0.71038735,train,p20,dataset_2,centrality
1289,0.6931471805599453,0.71038735,train,p20,dataset_2,centrality
482,0.6931471805599453,0.71038735,train,p20,dataset_2,centrality
953,0.6931471805599453,0.71038735,train,p20,dataset_2,centrality
770,0.6931471805599453,0.71038735,train,p20,dataset_2,centrality
83,1.0986122886681098,0.77499074,train,p20,dataset_2,centrality
245,0.6931471805599453,0.71038735,train,p20,dataset_2,centrality
1250,0.6931471805599453,0.71038735,train,p20,dataset_2,centrality
84,0.6931471805599453,0.71038735,train,p20,dataset_2,centrality
903,0.6931471805599453,0.71038735,train,p20,dataset_2,centrality
1028,0.6931471805599453,0.71038735,train,p20,dataset_2,centrality
1276,0.6931471805599453,0.71038735,train,p20,dataset_2,centrality
789,0.6931471805599453,0.71038735,train,p20,dataset_2,centrality
26,0.6931471805599453,0.71038735,train,p20,dataset_2,centrality
1004,0.6931471805599453,0.71038735,train,p20,dataset_2,centrality
409,0.6931471805599453,0.71038735,train,p20,dataset_2,centrality
251,0.6931471805599453,0.71038735,train,p20,dataset_2,centrality
293,0.6931471805599453,0.71038735,train,p20,dataset_2,centrality
1058,0.6931471805599453,0.71038735,train,p20,dataset_2,centrality
743,0.6931471805599453,0.71038735,train,p20,dataset_2,centrality
604,0.6931471805599453,0.71038735,train,p20,dataset_2,centrality
830,0.6931471805599453,0.71038735,train,p20,dataset_2,centrality
232,0.6931471805599453,0.71038735,train,p20,dataset_2,centrality
1352,1.0986122886681098,1.477081,train,p20,dataset_2,centrality
116,0.6931471805599453,0.71038735,train,p20,dataset_2,centrality
197,0.6931471805599453,0.71038735,train,p20,dataset_2,centrality
664,0.6931471805599453,0.71038735,train,p20,dataset_2,centrality
902,0.6931471805599453,0.71038735,train,p20,dataset_2,centrality
1246,0.6931471805599453,0.71038735,train,p20,dataset_2,centrality
398,3.367295829986474,2.938441,train,p20,dataset_2,centrality
1164,1.0986122886681098,0.77499074,train,p20,dataset_2,centrality
915,0.6931471805599453,0.71038735,train,p20,dataset_2,centrality
1248,0.6931471805599453,0.71038735,train,p20,dataset_2,centrality
813,0.6931471805599453,0.71038735,train,p20,dataset_2,centrality
656,0.6931471805599453,0.71038735,train,p20,dataset_2,centrality
473,0.6931471805599453,0.71038735,train,p20,dataset_2,centrality
625,2.302585092994046,2.4835947,train,p20,dataset_2,centrality
1341,0.6931471805599453,0.71038735,train,p20,dataset_2,centrality
278,0.6931471805599453,0.71038735,train,p20,dataset_2,centrality
0,0.6931471805599453,0.71038735,train,p20,dataset_2,centrality
786,0.6931471805599453,0.71038735,train,p20,dataset_2,centrality
777,0.6931471805599453,0.71038735,train,p20,dataset_2,centrality
1350,0.6931471805599453,0.71038735,train,p20,dataset_2,centrality
364,0.6931471805599453,0.71038735,train,p20,dataset_2,centrality
865,0.6931471805599453,0.71038735,train,p20,dataset_2,centrality
805,0.6931471805599453,0.71038735,train,p20,dataset_2,centrality
41,0.6931471805599453,0.71038735,train,p20,dataset_2,centrality
1208,0.6931471805599453,0.71038735,train,p20,dataset_2,centrality
1205,0.6931471805599453,0.71038735,train,p20,dataset_2,centrality
822,0.6931471805599453,0.71038735,train,p20,dataset_2,centrality
1374,0.6931471805599453,0.71038735,train,p20,dataset_2,centrality
1297,0.6931471805599453,0.71038735,train,p20,dataset_2,centrality
1165,2.4849066497880004,2.4835947,train,p20,dataset_2,centrality
629,3.091042453358316,2.7493582,train,p20,dataset_2,centrality
844,0.6931471805599453,0.71038735,train,p20,dataset_2,centrality
14,0.6931471805599453,0.71038735,train,p20,dataset_2,centrality
780,0.6931471805599453,0.71038735,train,p20,dataset_2,centrality
190,0.6931471805599453,0.71038735,train,p20,dataset_2,centrality
648,0.6931471805599453,0.71038735,train,p20,dataset_2,centrality
454,0.6931471805599453,0.71038735,train,p20,dataset_2,centrality
920,0.6931471805599453,0.71038735,train,p20,dataset_2,centrality
94,0.6931471805599453,0.77499074,train,p20,dataset_2,centrality
840,0.6931471805599453,0.71038735,train,p20,dataset_2,centrality
1311,0.6931471805599453,0.71038735,train,p20,dataset_2,centrality
457,0.6931471805599453,0.71038735,train,p20,dataset_2,centrality
539,0.6931471805599453,0.9798208,train,p20,dataset_2,centrality
450,0.6931471805599453,0.71038735,train,p20,dataset_2,centrality
1134,0.6931471805599453,0.71038735,train,p20,dataset_2,centrality
729,1.0986122886681098,0.77499074,train,p20,dataset_2,centrality
352,0.6931471805599453,0.71038735,train,p20,dataset_2,centrality
890,1.0986122886681098,0.71038735,train,p20,dataset_2,centrality
1256,0.6931471805599453,0.71038735,train,p20,dataset_2,centrality
267,0.6931471805599453,0.71038735,train,p20,dataset_2,centrality
89,0.6931471805599453,0.71038735,train,p20,dataset_2,centrality
668,1.3862943611198906,0.9578927,train,p20,dataset_2,centrality
153,0.6931471805599453,0.71038735,train,p20,dataset_2,centrality
776,0.6931471805599453,0.71038735,train,p20,dataset_2,centrality
213,1.0986122886681098,1.0028477,train,p20,dataset_2,centrality
1010,0.6931471805599453,0.71038735,train,p20,dataset_2,centrality
1258,0.6931471805599453,0.71038735,train,p20,dataset_2,centrality
1106,0.6931471805599453,0.71038735,train,p20,dataset_2,centrality
733,0.6931471805599453,1.2475902,train,p20,dataset_2,centrality
36,0.6931471805599453,0.71038735,train,p20,dataset_2,centrality
775,0.6931471805599453,0.71038735,train,p20,dataset_2,centrality
460,0.6931471805599453,0.71038735,train,p20,dataset_2,centrality
690,0.6931471805599453,0.71038735,train,p20,dataset_2,centrality
1019,0.6931471805599453,0.71038735,train,p20,dataset_2,centrality
1327,0.6931471805599453,0.71038735,train,p20,dataset_2,centrality
819,0.6931471805599453,0.71038735,train,p20,dataset_2,centrality
296,0.6931471805599453,0.71038735,train,p20,dataset_2,centrality
879,0.6931471805599453,0.71038735,train,p20,dataset_2,centrality
867,0.6931471805599453,0.71038735,train,p20,dataset_2,centrality
1305,0.6931471805599453,0.71038735,train,p20,dataset_2,centrality
503,0.6931471805599453,0.71038735,train,p20,dataset_2,centrality
1361,0.6931471805599453,0.71038735,train,p20,dataset_2,centrality
1264,0.6931471805599453,0.71038735,train,p20,dataset_2,centrality
1300,0.6931471805599453,0.71038735,train,p20,dataset_2,centrality
88,0.6931471805599453,0.71038735,train,p20,dataset_2,centrality
224,3.091042453358316,2.5122828,train,p20,dataset_2,centrality
149,0.6931471805599453,0.71038735,train,p20,dataset_2,centrality
1168,1.6094379124341005,1.5814589,train,p20,dataset_2,centrality
357,0.6931471805599453,0.71038735,train,p20,dataset_2,centrality
1346,0.6931471805599453,0.71038735,train,p20,dataset_2,centrality
1388,0.6931471805599453,0.71038735,train,p20,dataset_2,centrality
1312,0.6931471805599453,0.71038735,train,p20,dataset_2,centrality
222,0.6931471805599453,0.71038735,train,p20,dataset_2,centrality
766,0.6931471805599453,0.71038735,train,p20,dataset_2,centrality
866,0.6931471805599453,0.71038735,train,p20,dataset_2,centrality
490,0.6931471805599453,0.71038735,train,p20,dataset_2,centrality
458,0.6931471805599453,0.71038735,train,p20,dataset_2,centrality
1255,0.6931471805599453,0.71038735,train,p20,dataset_2,centrality
206,0.6931471805599453,0.71038735,train,p20,dataset_2,centrality
179,0.6931471805599453,0.71038735,train,p20,dataset_2,centrality
1275,0.6931471805599453,0.71038735,train,p20,dataset_2,centrality
555,0.6931471805599453,0.77499074,train,p20,dataset_2,centrality
422,0.6931471805599453,0.71038735,train,p20,dataset_2,centrality
410,1.9459101490553132,1.1243075,train,p20,dataset_2,centrality
1119,0.6931471805599453,0.77499074,train,p20,dataset_2,centrality
489,0.6931471805599453,0.71038735,train,p20,dataset_2,centrality
525,1.0986122886681098,0.71038735,train,p20,dataset_2,centrality
20,0.6931471805599453,0.71038735,train,p20,dataset_2,centrality
662,0.6931471805599453,0.77499074,train,p20,dataset_2,centrality
1344,0.6931471805599453,0.71038735,train,p20,dataset_2,centrality
412,0.6931471805599453,0.71038735,train,p20,dataset_2,centrality
541,0.6931471805599453,0.77499074,train,p20,dataset_2,centrality
334,0.6931471805599453,0.71038735,train,p20,dataset_2,centrality
396,0.6931471805599453,1.5809216,train,p20,dataset_2,centrality
114,0.6931471805599453,0.71038735,train,p20,dataset_2,centrality
645,1.3862943611198906,1.5809216,train,p20,dataset_2,centrality
911,0.6931471805599453,0.71038735,train,p20,dataset_2,centrality
655,1.0986122886681098,0.77499074,train,p20,dataset_2,centrality
660,0.6931471805599453,0.77499074,train,p20,dataset_2,centrality
562,0.6931471805599453,0.71038735,train,p20,dataset_2,centrality
1130,0.6931471805599453,0.77499074,train,p20,dataset_2,centrality
1385,0.6931471805599453,0.71038735,train,p20,dataset_2,centrality
1410,0.6931471805599453,0.71038735,train,p20,dataset_2,centrality
220,0.6931471805599453,0.77499074,train,p20,dataset_2,centrality
234,0.6931471805599453,0.71038735,train,p20,dataset_2,centrality
929,0.6931471805599453,0.71038735,train,p20,dataset_2,centrality
514,0.6931471805599453,0.71038735,train,p20,dataset_2,centrality
829,0.6931471805599453,0.71038735,train,p20,dataset_2,centrality
1067,0.6931471805599453,0.71038735,train,p20,dataset_2,centrality
1051,0.6931471805599453,0.71038735,train,p20,dataset_2,centrality
1304,0.6931471805599453,0.71038735,train,p20,dataset_2,centrality
45,0.6931471805599453,0.71038735,train,p20,dataset_2,centrality
1150,0.6931471805599453,0.71038735,train,p20,dataset_2,centrality
957,0.6931471805599453,0.71038735,train,p20,dataset_2,centrality
1063,0.6931471805599453,0.71038735,train,p20,dataset_2,centrality
408,0.6931471805599453,0.71038735,train,p20,dataset_2,centrality
137,0.6931471805599453,0.71038735,train,p20,dataset_2,centrality
1141,0.6931471805599453,0.71038735,train,p20,dataset_2,centrality
878,1.0986122886681098,0.71038735,train,p20,dataset_2,centrality
90,0.6931471805599453,0.71038735,train,p20,dataset_2,centrality
1014,0.6931471805599453,0.71038735,train,p20,dataset_2,centrality
194,0.6931471805599453,0.71038735,train,p20,dataset_2,centrality
966,0.6931471805599453,0.71038735,train,p20,dataset_2,centrality
1372,0.6931471805599453,0.71038735,train,p20,dataset_2,centrality
557,0.6931471805599453,0.71038735,train,p20,dataset_2,centrality
698,0.6931471805599453,0.71038735,train,p20,dataset_2,centrality
808,0.6931471805599453,0.71038735,train,p20,dataset_2,centrality
842,0.6931471805599453,0.71038735,train,p20,dataset_2,centrality
339,0.6931471805599453,0.71038735,train,p20,dataset_2,centrality
1000,0.6931471805599453,0.71038735,train,p20,dataset_2,centrality
493,0.6931471805599453,0.71038735,train,p20,dataset_2,centrality
346,0.6931471805599453,0.71038735,train,p20,dataset_2,centrality
379,1.0986122886681098,0.71038735,train,p20,dataset_2,centrality
467,0.6931471805599453,0.71038735,train,p20,dataset_2,centrality
338,0.6931471805599453,0.71038735,train,p20,dataset_2,centrality
807,0.6931471805599453,0.71038735,train,p20,dataset_2,centrality
404,1.3862943611198906,1.8159028,train,p20,dataset_2,centrality
989,0.6931471805599453,0.71038735,train,p20,dataset_2,centrality
146,0.6931471805599453,0.71038735,train,p20,dataset_2,centrality
773,0.6931471805599453,0.71038735,train,p20,dataset_2,centrality
416,1.0986122886681098,1.2706172,train,p20,dataset_2,centrality
1180,1.0986122886681098,1.0028477,train,p20,dataset_2,centrality
1001,0.6931471805599453,0.71038735,train,p20,dataset_2,centrality
1155,0.6931471805599453,0.71038735,train,p20,dataset_2,centrality
758,0.6931471805599453,0.71038735,train,p20,dataset_2,centrality
535,0.6931471805599453,0.71038735,train,p20,dataset_2,centrality
1213,0.6931471805599453,0.71038735,train,p20,dataset_2,centrality
255,0.6931471805599453,0.71038735,train,p20,dataset_2,centrality
1436,0.6931471805599453,0.71038735,train,p20,dataset_2,centrality
151,0.6931471805599453,0.71038735,train,p20,dataset_2,centrality
599,0.6931471805599453,0.71038735,train,p20,dataset_2,centrality
848,0.6931471805599453,0.71038735,train,p20,dataset_2,centrality
1392,0.6931471805599453,0.71038735,train,p20,dataset_2,centrality
1435,0.6931471805599453,0.71038735,train,p20,dataset_2,centrality
127,0.6931471805599453,0.71038735,train,p20,dataset_2,centrality
236,0.6931471805599453,0.71038735,train,p20,dataset_2,centrality
475,0.6931471805599453,0.71038735,train,p20,dataset_2,centrality
631,1.791759469228055,2.4835947,train,p20,dataset_2,centrality
393,1.0986122886681098,0.77499074,train,p20,dataset_2,centrality
932,0.6931471805599453,0.71038735,train,p20,dataset_2,centrality
991,0.6931471805599453,0.71038735,train,p20,dataset_2,centrality
1387,0.6931471805599453,0.71038735,train,p20,dataset_2,centrality
963,0.6931471805599453,0.71038735,train,p20,dataset_2,centrality
372,0.6931471805599453,0.71038735,train,p20,dataset_2,centrality
85,0.6931471805599453,0.71038735,train,p20,dataset_2,centrality
1021,0.6931471805599453,0.71038735,train,p20,dataset_2,centrality
359,0.6931471805599453,0.71038735,train,p20,dataset_2,centrality
1401,0.6931471805599453,0.71038735,train,p20,dataset_2,centrality
290,0.6931471805599453,0.71038735,train,p20,dataset_2,centrality
1169,3.713572066704308,2.318551,train,p20,dataset_2,centrality
681,0.6931471805599453,0.71038735,train,p20,dataset_2,centrality
837,0.6931471805599453,0.71038735,train,p20,dataset_2,centrality
639,1.9459101490553132,1.7822614,train,p20,dataset_2,centrality
1420,0.6931471805599453,0.71038735,train,p20,dataset_2,centrality
392,0.6931471805599453,0.77499074,train,p20,dataset_2,centrality
119,0.6931471805599453,0.71038735,train,p20,dataset_2,centrality
838,0.6931471805599453,0.71038735,train,p20,dataset_2,centrality
589,0.6931471805599453,0.71038735,train,p20,dataset_2,centrality
695,0.6931471805599453,0.71038735,train,p20,dataset_2,centrality
1143,1.3862943611198906,1.2706172,train,p20,dataset_2,centrality
727,0.6931471805599453,0.77499074,train,p20,dataset_2,centrality
470,0.6931471805599453,0.71038735,train,p20,dataset_2,centrality
970,0.6931471805599453,0.71038735,train,p20,dataset_2,centrality
1277,0.6931471805599453,0.71038735,train,p20,dataset_2,centrality
1416,0.6931471805599453,0.71038735,train,p20,dataset_2,centrality
1302,0.6931471805599453,0.71038735,train,p20,dataset_2,centrality
211,3.784189633918261,2.2898629,train,p20,dataset_2,centrality
1052,0.6931471805599453,0.71038735,train,p20,dataset_2,centrality
432,1.3862943611198906,1.2475902,train,p20,dataset_2,centrality
524,0.6931471805599453,0.71038735,train,p20,dataset_2,centrality
835,0.6931471805599453,0.71038735,train,p20,dataset_2,centrality
1317,0.6931471805599453,0.71038735,train,p20,dataset_2,centrality
982,0.6931471805599453,0.71038735,train,p20,dataset_2,centrality
311,0.6931471805599453,0.71038735,train,p20,dataset_2,centrality
772,0.6931471805599453,0.71038735,train,p20,dataset_2,centrality
23,0.6931471805599453,0.71038735,train,p20,dataset_2,centrality
320,0.6931471805599453,0.71038735,train,p20,dataset_2,centrality
832,0.6931471805599453,0.71038735,train,p20,dataset_2,centrality
519,0.6931471805599453,0.71038735,train,p20,dataset_2,centrality
1099,0.6931471805599453,0.83919835,train,p20,dataset_2,centrality
716,2.5649493574615367,2.7130852,train,p20,dataset_2,centrality
48,0.6931471805599453,0.71038735,train,p20,dataset_2,centrality
509,0.6931471805599453,0.71038735,train,p20,dataset_2,centrality
705,0.6931471805599453,0.71038735,train,p20,dataset_2,centrality
1432,0.6931471805599453,0.71038735,train,p20,dataset_2,centrality
972,0.6931471805599453,0.71038735,train,p20,dataset_2,centrality
1309,0.6931471805599453,0.71038735,train,p20,dataset_2,centrality
607,0.6931471805599453,0.71038735,train,p20,dataset_2,centrality
1133,0.6931471805599453,0.77499074,train,p20,dataset_2,centrality
1200,0.6931471805599453,0.71038735,train,p20,dataset_2,centrality
315,0.6931471805599453,0.71038735,train,p20,dataset_2,centrality
831,0.6931471805599453,0.71038735,train,p20,dataset_2,centrality
10,0.6931471805599453,0.71038735,train,p20,dataset_2,centrality
882,0.6931471805599453,0.71038735,train,p20,dataset_2,centrality
1295,0.6931471805599453,0.71038735,train,p20,dataset_2,centrality
305,0.6931471805599453,0.71038735,train,p20,dataset_2,centrality
516,0.6931471805599453,0.71038735,train,p20,dataset_2,centrality
1306,0.6931471805599453,0.71038735,train,p20,dataset_2,centrality
173,0.6931471805599453,0.71038735,train,p20,dataset_2,centrality
949,0.6931471805599453,0.71038735,train,p20,dataset_2,centrality
1101,0.6931471805599453,0.71038735,train,p20,dataset_2,centrality
689,0.6931471805599453,1.1243075,train,p20,dataset_2,centrality
767,1.0986122886681098,0.77499074,train,p20,dataset_2,centrality
896,0.6931471805599453,0.71038735,train,p20,dataset_2,centrality
692,0.6931471805599453,0.71038735,train,p20,dataset_2,centrality
565,0.6931471805599453,0.71038735,train,p20,dataset_2,centrality
1172,0.6931471805599453,0.71038735,train,p20,dataset_2,centrality
383,0.6931471805599453,0.71038735,train,p20,dataset_2,centrality
1140,0.6931471805599453,0.71038735,train,p20,dataset_2,centrality
1240,0.6931471805599453,0.71038735,train,p20,dataset_2,centrality
781,0.6931471805599453,0.71038735,train,p20,dataset_2,centrality
959,0.6931471805599453,0.71038735,train,p20,dataset_2,centrality
1278,0.6931471805599453,0.71038735,train,p20,dataset_2,centrality
102,0.6931471805599453,0.71038735,train,p20,dataset_2,centrality
597,0.6931471805599453,0.71038735,train,p20,dataset_2,centrality
624,0.6931471805599453,0.71038735,train,p20,dataset_2,centrality
883,0.6931471805599453,0.71038735,train,p20,dataset_2,centrality
437,0.6931471805599453,0.71038735,train,p20,dataset_2,centrality
810,0.6931471805599453,0.71038735,train,p20,dataset_2,centrality
191,0.6931471805599453,0.71038735,train,p20,dataset_2,centrality
442,0.6931471805599453,0.71038735,train,p20,dataset_2,centrality
93,0.6931471805599453,0.71038735,train,p20,dataset_2,centrality
1117,0.6931471805599453,0.71038735,train,p20,dataset_2,centrality
731,0.6931471805599453,0.89645076,train,p20,dataset_2,centrality
117,0.6931471805599453,0.71038735,train,p20,dataset_2,centrality
880,0.6931471805599453,0.71038735,train,p20,dataset_2,centrality
1221,0.6931471805599453,0.77499074,train,p20,dataset_2,centrality
550,0.6931471805599453,0.71038735,train,p20,dataset_2,centrality
666,0.6931471805599453,0.71038735,train,p20,dataset_2,centrality
1127,0.6931471805599453,0.71038735,train,p20,dataset_2,centrality
811,0.6931471805599453,0.71038735,train,p20,dataset_2,centrality
188,0.6931471805599453,0.71038735,train,p20,dataset_2,centrality
1413,0.6931471805599453,0.71038735,train,p20,dataset_2,centrality
54,0.6931471805599453,0.71038735,train,p20,dataset_2,centrality
1433,0.6931471805599453,0.71038735,train,p20,dataset_2,centrality
466,0.6931471805599453,0.71038735,train,p20,dataset_2,centrality
804,0.6931471805599453,0.71038735,train,p20,dataset_2,centrality
1050,0.6931471805599453,0.71038735,train,p20,dataset_2,centrality
1069,0.6931471805599453,0.71038735,train,p20,dataset_2,centrality
977,0.6931471805599453,0.71038735,train,p20,dataset_2,centrality
556,0.6931471805599453,0.71038735,train,p20,dataset_2,centrality
821,0.6931471805599453,0.71038735,train,p20,dataset_2,centrality
774,0.6931471805599453,0.71038735,train,p20,dataset_2,centrality
199,0.6931471805599453,0.71038735,train,p20,dataset_2,centrality
445,0.6931471805599453,0.71038735,train,p20,dataset_2,centrality
1353,0.6931471805599453,0.8364327,train,p20,dataset_2,centrality
71,0.6931471805599453,0.71038735,train,p20,dataset_2,centrality
487,0.6931471805599453,0.71038735,train,p20,dataset_2,centrality
1335,0.6931471805599453,0.71038735,train,p20,dataset_2,centrality
167,0.6931471805599453,0.71038735,train,p20,dataset_2,centrality
1179,0.6931471805599453,0.89645076,train,p20,dataset_2,centrality
59,0.6931471805599453,0.71038735,train,p20,dataset_2,centrality
360,0.6931471805599453,0.71038735,train,p20,dataset_2,centrality
1215,0.6931471805599453,0.71038735,train,p20,dataset_2,centrality
401,0.6931471805599453,0.71038735,train,p20,dataset_2,centrality
1391,0.6931471805599453,0.77499074,train,p20,dataset_2,centrality
508,0.6931471805599453,0.71038735,train,p20,dataset_2,centrality
1389,0.6931471805599453,0.71038735,train,p20,dataset_2,centrality
1040,0.6931471805599453,0.71038735,train,p20,dataset_2,centrality
707,0.6931471805599453,0.71038735,train,p20,dataset_2,centrality
3,0.6931471805599453,0.71038735,train,p20,dataset_2,centrality
1084,0.6931471805599453,0.71038735,train,p20,dataset_2,centrality
156,0.6931471805599453,0.71038735,train,p20,dataset_2,centrality
1366,0.6931471805599453,0.71038735,train,p20,dataset_2,centrality
1303,0.6931471805599453,0.71038735,train,p20,dataset_2,centrality
1126,0.6931471805599453,0.71038735,train,p20,dataset_2,centrality
637,1.791759469228055,1.4862894,train,p20,dataset_2,centrality
1204,0.6931471805599453,0.71038735,train,p20,dataset_2,centrality
871,0.6931471805599453,0.71038735,train,p20,dataset_2,centrality
574,0.6931471805599453,0.71038735,train,p20,dataset_2,centrality
937,0.6931471805599453,0.71038735,train,p20,dataset_2,centrality
1393,0.6931471805599453,0.71038735,train,p20,dataset_2,centrality
262,0.6931471805599453,0.71038735,train,p20,dataset_2,centrality
295,0.6931471805599453,0.71038735,train,p20,dataset_2,centrality
576,0.6931471805599453,0.71038735,train,p20,dataset_2,centrality
507,0.6931471805599453,0.71038735,train,p20,dataset_2,centrality
1225,0.6931471805599453,0.71038735,train,p20,dataset_2,centrality
1376,0.6931471805599453,0.71038735,train,p20,dataset_2,centrality
1254,0.6931471805599453,0.71038735,train,p20,dataset_2,centrality
92,0.6931471805599453,0.71038735,train,p20,dataset_2,centrality
1011,0.6931471805599453,0.71038735,train,p20,dataset_2,centrality
476,0.6931471805599453,0.71038735,train,p20,dataset_2,centrality
643,1.0986122886681098,1.2475902,train,p20,dataset_2,centrality
568,0.6931471805599453,0.71038735,train,p20,dataset_2,centrality
854,0.6931471805599453,0.71038735,train,p20,dataset_2,centrality
675,0.6931471805599453,0.77499074,train,p20,dataset_2,centrality
1060,0.6931471805599453,0.71038735,train,p20,dataset_2,centrality
646,0.6931471805599453,0.89645076,train,p20,dataset_2,centrality
547,0.6931471805599453,0.71038735,train,p20,dataset_2,centrality
1228,0.6931471805599453,0.71038735,train,p20,dataset_2,centrality
998,0.6931471805599453,0.71038735,train,p20,dataset_2,centrality
1252,0.6931471805599453,0.71038735,train,p20,dataset_2,centrality
253,0.6931471805599453,0.71038735,train,p20,dataset_2,centrality
869,0.6931471805599453,0.71038735,train,p20,dataset_2,centrality
1045,0.6931471805599453,0.71038735,train,p20,dataset_2,centrality
726,0.6931471805599453,0.77499074,train,p20,dataset_2,centrality
13,0.6931471805599453,0.71038735,train,p20,dataset_2,centrality
171,0.6931471805599453,0.71038735,train,p20,dataset_2,centrality
875,0.6931471805599453,0.71038735,train,p20,dataset_2,centrality
683,0.6931471805599453,0.71038735,train,p20,dataset_2,centrality
246,1.3862943611198906,1.2706172,train,p20,dataset_2,centrality
1257,0.6931471805599453,0.71038735,train,p20,dataset_2,centrality
225,0.6931471805599453,0.71038735,train,p20,dataset_2,centrality
1136,0.6931471805599453,0.71038735,train,p20,dataset_2,centrality
174,0.6931471805599453,0.71038735,train,p20,dataset_2,centrality
917,0.6931471805599453,0.71038735,train,p20,dataset_2,centrality
792,0.6931471805599453,0.71038735,train,p20,dataset_2,centrality
500,0.6931471805599453,0.71038735,train,p20,dataset_2,centrality
1318,0.6931471805599453,0.71038735,train,p20,dataset_2,centrality
68,0.6931471805599453,0.71038735,train,p20,dataset_2,centrality
737,0.6931471805599453,0.71038735,train,p20,dataset_2,centrality
178,0.6931471805599453,0.71038735,train,p20,dataset_2,centrality
229,0.6931471805599453,0.71038735,train,p20,dataset_2,centrality
967,0.6931471805599453,0.71038735,train,p20,dataset_2,centrality
268,1.0986122886681098,1.2706172,train,p20,dataset_2,centrality
53,0.6931471805599453,0.71038735,train,p20,dataset_2,centrality
1132,0.6931471805599453,0.71038735,train,p20,dataset_2,centrality
8,0.6931471805599453,0.71038735,train,p20,dataset_2,centrality
1286,0.6931471805599453,0.71038735,train,p20,dataset_2,centrality
215,0.6931471805599453,0.71038735,train,p20,dataset_2,centrality
554,2.5649493574615367,2.6726775,train,p20,dataset_2,centrality
678,0.6931471805599453,0.71038735,train,p20,dataset_2,centrality
1173,1.3862943611198906,1.3405169,train,p20,dataset_2,centrality
1218,0.6931471805599453,0.71038735,train,p20,dataset_2,centrality
908,0.6931471805599453,0.71038735,train,p20,dataset_2,centrality
57,0.6931471805599453,0.71038735,train,p20,dataset_2,centrality
797,0.6931471805599453,0.71038735,train,p20,dataset_2,centrality
719,1.9459101490553132,1.1243075,train,p20,dataset_2,centrality
177,0.6931471805599453,0.71038735,train,p20,dataset_2,centrality
794,0.6931471805599453,0.71038735,train,p20,dataset_2,centrality
793,0.6931471805599453,0.71038735,train,p20,dataset_2,centrality
530,0.6931471805599453,0.71038735,train,p20,dataset_2,centrality
1129,1.0986122886681098,0.77499074,train,p20,dataset_2,centrality
907,0.6931471805599453,0.71038735,train,p20,dataset_2,centrality
87,0.6931471805599453,0.71038735,train,p20,dataset_2,centrality
886,0.6931471805599453,1.0028477,train,p20,dataset_2,centrality
96,0.6931471805599453,0.71038735,train,p20,dataset_2,centrality
181,0.6931471805599453,0.71038735,train,p20,dataset_2,centrality
1156,0.6931471805599453,0.71038735,train,p20,dataset_2,centrality
1110,0.6931471805599453,0.71038735,train,p20,dataset_2,centrality
1009,0.6931471805599453,0.71038735,train,p20,dataset_2,centrality
183,0.6931471805599453,0.71038735,train,p20,dataset_2,centrality
1190,0.6931471805599453,0.71038735,train,p20,dataset_2,centrality
294,0.6931471805599453,0.71038735,train,p20,dataset_2,centrality
641,1.6094379124341005,1.1834775,train,p20,dataset_2,centrality
1339,0.6931471805599453,0.71038735,train,p20,dataset_2,centrality
150,0.6931471805599453,0.71038735,train,p20,dataset_2,centrality
650,0.6931471805599453,0.862389,train,p20,dataset_2,centrality
80,0.6931471805599453,0.71038735,train,p20,dataset_2,centrality
455,0.6931471805599453,0.71038735,train,p20,dataset_2,centrality
39,0.6931471805599453,0.71038735,train,p20,dataset_2,centrality
1224,0.6931471805599453,0.71038735,train,p20,dataset_2,centrality
202,0.6931471805599453,0.71038735,train,p20,dataset_2,centrality
884,0.6931471805599453,0.71038735,train,p20,dataset_2,centrality
1405,0.6931471805599453,0.71038735,train,p20,dataset_2,centrality
1315,0.6931471805599453,0.71038735,validation,p20,dataset_2,centrality
27,0.6931471805599453,0.71038735,validation,p20,dataset_2,centrality
747,0.6931471805599453,0.71038735,validation,p20,dataset_2,centrality
1375,0.6931471805599453,0.71038735,validation,p20,dataset_2,centrality
1253,0.6931471805599453,0.71038735,validation,p20,dataset_2,centrality
1083,0.6931471805599453,0.71038735,validation,p20,dataset_2,centrality
769,0.6931471805599453,0.71038735,validation,p20,dataset_2,centrality
611,0.6931471805599453,0.71038735,validation,p20,dataset_2,centrality
1425,0.6931471805599453,0.71038735,validation,p20,dataset_2,centrality
162,0.6931471805599453,0.71038735,validation,p20,dataset_2,centrality
1196,0.6931471805599453,0.71038735,validation,p20,dataset_2,centrality
376,0.6931471805599453,0.71038735,validation,p20,dataset_2,centrality
540,0.6931471805599453,0.71038735,validation,p20,dataset_2,centrality
378,0.6931471805599453,0.71038735,validation,p20,dataset_2,centrality
55,0.6931471805599453,0.71038735,validation,p20,dataset_2,centrality
885,0.6931471805599453,0.71038735,validation,p20,dataset_2,centrality
356,0.6931471805599453,0.71038735,validation,p20,dataset_2,centrality
1183,0.6931471805599453,0.71038735,validation,p20,dataset_2,centrality
321,0.6931471805599453,0.71038735,validation,p20,dataset_2,centrality
916,0.6931471805599453,0.71038735,validation,p20,dataset_2,centrality
897,0.6931471805599453,0.71038735,validation,p20,dataset_2,centrality
717,2.9444389791664403,2.4835947,validation,p20,dataset_2,centrality
11,0.6931471805599453,0.71038735,validation,p20,dataset_2,centrality
1048,0.6931471805599453,0.71038735,validation,p20,dataset_2,centrality
367,0.6931471805599453,0.71038735,validation,p20,dataset_2,centrality
1102,0.6931471805599453,0.71038735,validation,p20,dataset_2,centrality
633,1.0986122886681098,1.7515289,validation,p20,dataset_2,centrality
790,0.6931471805599453,0.71038735,validation,p20,dataset_2,centrality
337,0.6931471805599453,0.71038735,validation,p20,dataset_2,centrality
279,0.6931471805599453,0.71038735,validation,p20,dataset_2,centrality
425,0.6931471805599453,0.71038735,validation,p20,dataset_2,centrality
1351,0.6931471805599453,0.71038735,validation,p20,dataset_2,centrality
938,0.6931471805599453,0.71038735,validation,p20,dataset_2,centrality
402,2.833213344056216,2.7493582,validation,p20,dataset_2,centrality
1332,0.6931471805599453,0.71038735,validation,p20,dataset_2,centrality
226,0.6931471805599453,0.71038735,validation,p20,dataset_2,centrality
1128,0.6931471805599453,0.77499074,validation,p20,dataset_2,centrality
708,0.6931471805599453,0.71038735,validation,p20,dataset_2,centrality
558,0.6931471805599453,0.77499074,validation,p20,dataset_2,centrality
1442,0.6931471805599453,0.71038735,validation,p20,dataset_2,centrality
1125,1.0986122886681098,0.77499074,validation,p20,dataset_2,centrality
1096,0.6931471805599453,0.71038735,validation,p20,dataset_2,centrality
761,0.6931471805599453,0.77499074,validation,p20,dataset_2,centrality
591,0.6931471805599453,0.71038735,validation,p20,dataset_2,centrality
205,0.6931471805599453,0.71038735,validation,p20,dataset_2,centrality
97,0.6931471805599453,0.71038735,validation,p20,dataset_2,centrality
904,0.6931471805599453,0.71038735,validation,p20,dataset_2,centrality
614,0.6931471805599453,0.71038735,validation,p20,dataset_2,centrality
1268,0.6931471805599453,0.71038735,validation,p20,dataset_2,centrality
138,0.6931471805599453,0.71038735,validation,p20,dataset_2,centrality
344,1.0986122886681098,0.71038735,validation,p20,dataset_2,centrality
927,0.6931471805599453,0.71038735,validation,p20,dataset_2,centrality
95,0.6931471805599453,0.71038735,validation,p20,dataset_2,centrality
928,0.6931471805599453,0.71038735,validation,p20,dataset_2,centrality
77,0.6931471805599453,0.71038735,validation,p20,dataset_2,centrality
746,0.6931471805599453,0.71038735,validation,p20,dataset_2,centrality
403,3.688879454113936,2.4835947,validation,p20,dataset_2,centrality
1105,0.6931471805599453,0.71038735,validation,p20,dataset_2,centrality
1118,0.6931471805599453,0.71038735,validation,p20,dataset_2,centrality
122,0.6931471805599453,0.71038735,validation,p20,dataset_2,centrality
798,0.6931471805599453,0.71038735,validation,p20,dataset_2,centrality
657,0.6931471805599453,0.77499074,validation,p20,dataset_2,centrality
1422,0.6931471805599453,0.71038735,validation,p20,dataset_2,centrality
313,0.6931471805599453,0.71038735,validation,p20,dataset_2,centrality
397,2.9444389791664403,2.4835947,validation,p20,dataset_2,centrality
526,0.6931471805599453,0.71038735,validation,p20,dataset_2,centrality
954,0.6931471805599453,0.71038735,validation,p20,dataset_2,centrality
414,0.6931471805599453,0.71038735,validation,p20,dataset_2,centrality
544,0.6931471805599453,0.71038735,validation,p20,dataset_2,centrality
1194,0.6931471805599453,0.71038735,validation,p20,dataset_2,centrality
1082,0.6931471805599453,0.71038735,validation,p20,dataset_2,centrality
1025,0.6931471805599453,0.71038735,validation,p20,dataset_2,centrality
961,0.6931471805599453,0.71038735,validation,p20,dataset_2,centrality
103,0.6931471805599453,0.71038735,validation,p20,dataset_2,centrality
1383,0.6931471805599453,0.71038735,validation,p20,dataset_2,centrality
709,0.6931471805599453,0.71038735,validation,p20,dataset_2,centrality
732,0.6931471805599453,1.0028477,validation,p20,dataset_2,centrality
612,0.6931471805599453,0.71038735,validation,p20,dataset_2,centrality
694,1.0986122886681098,1.5809216,validation,p20,dataset_2,centrality
1307,0.6931471805599453,0.71038735,validation,p20,dataset_2,centrality
406,0.6931471805599453,0.71038735,validation,p20,dataset_2,centrality
700,0.6931471805599453,0.71038735,validation,p20,dataset_2,centrality
1429,0.6931471805599453,0.71038735,validation,p20,dataset_2,centrality
1409,0.6931471805599453,0.71038735,validation,p20,dataset_2,centrality
400,1.791759469228055,1.5694982,validation,p20,dataset_2,centrality
1395,0.6931471805599453,0.71038735,validation,p20,dataset_2,centrality
280,0.6931471805599453,0.71038735,validation,p20,dataset_2,centrality
72,0.6931471805599453,0.71038735,validation,p20,dataset_2,centrality
663,0.6931471805599453,0.71038735,validation,p20,dataset_2,centrality
465,0.6931471805599453,0.71038735,validation,p20,dataset_2,centrality
784,0.6931471805599453,0.71038735,validation,p20,dataset_2,centrality
856,0.6931471805599453,0.71038735,validation,p20,dataset_2,centrality
64,0.6931471805599453,0.71038735,validation,p20,dataset_2,centrality
187,0.6931471805599453,0.71038735,validation,p20,dataset_2,centrality
134,0.6931471805599453,0.71038735,validation,p20,dataset_2,centrality
1086,0.6931471805599453,0.71038735,validation,p20,dataset_2,centrality
1288,0.6931471805599453,0.71038735,validation,p20,dataset_2,centrality
1334,0.6931471805599453,0.71038735,validation,p20,dataset_2,centrality
446,0.6931471805599453,0.71038735,validation,p20,dataset_2,centrality
1418,0.6931471805599453,0.71038735,validation,p20,dataset_2,centrality
18,1.0986122886681098,0.71038735,validation,p20,dataset_2,centrality
1219,0.6931471805599453,0.71038735,validation,p20,dataset_2,centrality
264,0.6931471805599453,0.71038735,validation,p20,dataset_2,centrality
1151,0.6931471805599453,0.71038735,validation,p20,dataset_2,centrality
263,0.6931471805599453,0.71038735,validation,p20,dataset_2,centrality
208,3.295836866004329,2.7493582,validation,p20,dataset_2,centrality
1326,0.6931471805599453,0.77499074,validation,p20,dataset_2,centrality
571,0.6931471805599453,0.71038735,validation,p20,dataset_2,centrality
453,0.6931471805599453,0.71038735,validation,p20,dataset_2,centrality
1198,0.6931471805599453,0.71038735,validation,p20,dataset_2,centrality
603,0.6931471805599453,0.71038735,validation,p20,dataset_2,centrality
609,0.6931471805599453,0.71038735,validation,p20,dataset_2,centrality
935,0.6931471805599453,0.71038735,validation,p20,dataset_2,centrality
491,0.6931471805599453,0.71038735,validation,p20,dataset_2,centrality
696,0.6931471805599453,0.71038735,validation,p20,dataset_2,centrality
750,1.0986122886681098,0.77499074,validation,p20,dataset_2,centrality
132,0.6931471805599453,0.71038735,validation,p20,dataset_2,centrality
851,0.6931471805599453,0.71038735,validation,p20,dataset_2,centrality
538,0.6931471805599453,1.1243075,validation,p20,dataset_2,centrality
1148,0.6931471805599453,0.71038735,validation,p20,dataset_2,centrality
1146,0.6931471805599453,0.71038735,validation,p20,dataset_2,centrality
241,1.6094379124341005,1.9754962,validation,p20,dataset_2,centrality
368,0.6931471805599453,0.71038735,validation,p20,dataset_2,centrality
484,0.6931471805599453,0.71038735,validation,p20,dataset_2,centrality
910,0.6931471805599453,0.71038735,validation,p20,dataset_2,centrality
242,1.6094379124341005,1.1243075,validation,p20,dataset_2,centrality
155,0.6931471805599453,0.71038735,validation,p20,dataset_2,centrality
1209,0.6931471805599453,0.71038735,validation,p20,dataset_2,centrality
288,0.6931471805599453,0.71038735,validation,p20,dataset_2,centrality
9,0.6931471805599453,0.71038735,validation,p20,dataset_2,centrality
725,1.0986122886681098,1.2531185,validation,p20,dataset_2,centrality
1077,0.6931471805599453,0.71038735,validation,p20,dataset_2,centrality
1414,0.6931471805599453,0.71038735,validation,p20,dataset_2,centrality
533,0.6931471805599453,0.71038735,validation,p20,dataset_2,centrality
407,0.6931471805599453,0.77499074,validation,p20,dataset_2,centrality
1403,0.6931471805599453,0.71038735,validation,p20,dataset_2,centrality
256,0.6931471805599453,0.71038735,validation,p20,dataset_2,centrality
349,0.6931471805599453,0.71038735,validation,p20,dataset_2,centrality
815,0.6931471805599453,0.71038735,validation,p20,dataset_2,centrality
1131,0.6931471805599453,0.71038735,validation,p20,dataset_2,centrality
1137,0.6931471805599453,0.71038735,validation,p20,dataset_2,centrality
635,3.713572066704308,1.9105351,validation,p20,dataset_2,centrality
1112,0.6931471805599453,0.71038735,validation,p20,dataset_2,centrality
606,0.6931471805599453,0.71038735,validation,p20,dataset_2,centrality
1013,0.6931471805599453,0.71038735,validation,p20,dataset_2,centrality
765,0.6931471805599453,0.71038735,validation,p20,dataset_2,centrality
806,0.6931471805599453,0.71038735,validation,p20,dataset_2,centrality
164,0.6931471805599453,0.71038735,validation,p20,dataset_2,centrality
1348,0.6931471805599453,0.71038735,validation,p20,dataset_2,centrality
1270,0.6931471805599453,0.71038735,validation,p20,dataset_2,centrality
1292,0.6931471805599453,0.71038735,validation,p20,dataset_2,centrality
300,0.6931471805599453,0.71038735,validation,p20,dataset_2,centrality
980,0.6931471805599453,0.71038735,validation,p20,dataset_2,centrality
909,0.6931471805599453,0.71038735,validation,p20,dataset_2,centrality
62,0.6931471805599453,0.71038735,validation,p20,dataset_2,centrality
106,1.0986122886681098,0.71038735,validation,p20,dataset_2,centrality
252,0.6931471805599453,0.71038735,validation,p20,dataset_2,centrality
714,3.610917912644224,2.4835947,validation,p20,dataset_2,centrality
449,0.6931471805599453,0.71038735,validation,p20,dataset_2,centrality
688,0.6931471805599453,0.71038735,validation,p20,dataset_2,centrality
673,1.0986122886681098,0.77499074,validation,p20,dataset_2,centrality
644,0.6931471805599453,0.71038735,validation,p20,dataset_2,centrality
200,0.6931471805599453,0.71038735,validation,p20,dataset_2,centrality
472,0.6931471805599453,0.71038735,validation,p20,dataset_2,centrality
1066,0.6931471805599453,0.71038735,validation,p20,dataset_2,centrality
69,0.6931471805599453,0.71038735,validation,p20,dataset_2,centrality
1369,0.6931471805599453,0.71038735,validation,p20,dataset_2,centrality
1266,0.6931471805599453,0.71038735,validation,p20,dataset_2,centrality
936,0.6931471805599453,0.71038735,validation,p20,dataset_2,centrality
728,0.6931471805599453,0.77499074,validation,p20,dataset_2,centrality
552,0.6931471805599453,1.0028477,validation,p20,dataset_2,centrality
1359,0.6931471805599453,0.71038735,validation,p20,dataset_2,centrality
1195,0.6931471805599453,0.71038735,validation,p20,dataset_2,centrality
405,1.0986122886681098,0.77499074,validation,p20,dataset_2,centrality
975,0.6931471805599453,0.71038735,validation,p20,dataset_2,centrality
640,1.9459101490553132,1.5809216,validation,p20,dataset_2,centrality
735,0.6931471805599453,0.71038735,validation,p20,dataset_2,centrality
1174,1.3862943611198906,0.77499074,validation,p20,dataset_2,centrality
228,0.6931471805599453,0.71038735,validation,p20,dataset_2,centrality
60,0.6931471805599453,0.71038735,validation,p20,dataset_2,centrality
33,0.6931471805599453,0.77499074,validation,p20,dataset_2,centrality
341,0.6931471805599453,0.71038735,validation,p20,dataset_2,centrality
817,0.6931471805599453,0.71038735,validation,p20,dataset_2,centrality
537,1.0986122886681098,1.2706172,validation,p20,dataset_2,centrality
1070,0.6931471805599453,0.71038735,validation,p20,dataset_2,centrality
1115,0.6931471805599453,0.71038735,validation,p20,dataset_2,centrality
1005,0.6931471805599453,0.71038735,validation,p20,dataset_2,centrality
753,0.6931471805599453,0.71038735,validation,p20,dataset_2,centrality
1229,0.6931471805599453,0.71038735,validation,p20,dataset_2,centrality
46,0.6931471805599453,0.71038735,validation,p20,dataset_2,centrality
1038,0.6931471805599453,0.71038735,validation,p20,dataset_2,centrality
577,0.6931471805599453,0.71038735,validation,p20,dataset_2,centrality
1041,0.6931471805599453,0.71038735,validation,p20,dataset_2,centrality
862,0.6931471805599453,0.71038735,validation,p20,dataset_2,centrality
1301,0.6931471805599453,0.71038735,validation,p20,dataset_2,centrality
1017,0.6931471805599453,0.71038735,validation,p20,dataset_2,centrality
546,0.6931471805599453,0.71038735,validation,p20,dataset_2,centrality
857,0.6931471805599453,0.71038735,validation,p20,dataset_2,centrality
272,0.6931471805599453,0.71038735,validation,p20,dataset_2,centrality
742,0.6931471805599453,0.71038735,validation,p20,dataset_2,centrality
193,0.6931471805599453,0.71038735,validation,p20,dataset_2,centrality
430,0.6931471805599453,0.71038735,validation,p20,dataset_2,centrality
723,0.6931471805599453,1.0028477,validation,p20,dataset_2,centrality
926,0.6931471805599453,0.71038735,validation,p20,dataset_2,centrality
1273,0.6931471805599453,0.71038735,validation,p20,dataset_2,centrality
323,0.6931471805599453,0.71038735,validation,p20,dataset_2,centrality
182,0.6931471805599453,0.71038735,validation,p20,dataset_2,centrality
1370,0.6931471805599453,0.71038735,validation,p20,dataset_2,centrality
921,0.6931471805599453,0.71038735,validation,p20,dataset_2,centrality
553,0.6931471805599453,0.71038735,validation,p20,dataset_2,centrality
312,0.6931471805599453,0.71038735,validation,p20,dataset_2,centrality
1342,0.6931471805599453,0.71038735,validation,p20,dataset_2,centrality
1233,0.6931471805599453,0.71038735,validation,p20,dataset_2,centrality
787,0.6931471805599453,0.71038735,validation,p20,dataset_2,centrality
1336,0.6931471805599453,0.71038735,validation,p20,dataset_2,centrality
1234,0.6931471805599453,0.71038735,validation,p20,dataset_2,centrality
443,0.6931471805599453,0.71038735,validation,p20,dataset_2,centrality
413,0.6931471805599453,0.71038735,test,p20,dataset_2,centrality
316,0.6931471805599453,0.71038735,test,p20,dataset_2,centrality
1034,0.6931471805599453,0.71038735,test,p20,dataset_2,centrality
65,0.6931471805599453,0.83184737,test,p20,dataset_2,centrality
1024,0.6931471805599453,0.71038735,test,p20,dataset_2,centrality
661,0.6931471805599453,0.71038735,test,p20,dataset_2,centrality
175,0.6931471805599453,0.71038735,test,p20,dataset_2,centrality
824,0.6931471805599453,0.71038735,test,p20,dataset_2,centrality
649,0.6931471805599453,0.77499074,test,p20,dataset_2,centrality
231,0.6931471805599453,0.71038735,test,p20,dataset_2,centrality
198,0.6931471805599453,0.71038735,test,p20,dataset_2,centrality
845,0.6931471805599453,0.71038735,test,p20,dataset_2,centrality
1108,0.6931471805599453,0.71038735,test,p20,dataset_2,centrality
1394,0.6931471805599453,0.71038735,test,p20,dataset_2,centrality
358,0.6931471805599453,0.71038735,test,p20,dataset_2,centrality
1088,2.302585092994046,1.0028477,test,p20,dataset_2,centrality
394,3.610917912644224,2.7493582,test,p20,dataset_2,centrality
275,0.6931471805599453,0.71038735,test,p20,dataset_2,centrality
782,0.6931471805599453,0.71038735,test,p20,dataset_2,centrality
715,2.1972245773362196,2.4835947,test,p20,dataset_2,centrality
239,0.6931471805599453,0.77499074,test,p20,dataset_2,centrality
240,2.0794415416798357,2.2324433,test,p20,dataset_2,centrality
420,0.6931471805599453,0.71038735,test,p20,dataset_2,centrality
1259,0.6931471805599453,0.71038735,test,p20,dataset_2,centrality
986,0.6931471805599453,0.71038735,test,p20,dataset_2,centrality
752,0.6931471805599453,0.71038735,test,p20,dataset_2,centrality
590,0.6931471805599453,0.77499074,test,p20,dataset_2,centrality
1398,0.6931471805599453,0.71038735,test,p20,dataset_2,centrality
51,0.6931471805599453,0.71038735,test,p20,dataset_2,centrality
680,0.6931471805599453,0.71038735,test,p20,dataset_2,centrality
374,0.6931471805599453,0.71038735,test,p20,dataset_2,centrality
168,0.6931471805599453,0.71038735,test,p20,dataset_2,centrality
244,0.6931471805599453,0.71038735,test,p20,dataset_2,centrality
585,0.6931471805599453,0.71038735,test,p20,dataset_2,centrality
1412,0.6931471805599453,0.71038735,test,p20,dataset_2,centrality
598,0.6931471805599453,1.0028477,test,p20,dataset_2,centrality
49,0.6931471805599453,0.71038735,test,p20,dataset_2,centrality
462,0.6931471805599453,0.71038735,test,p20,dataset_2,centrality
1223,0.6931471805599453,0.71038735,test,p20,dataset_2,centrality
29,1.0986122886681098,1.0028477,test,p20,dataset_2,centrality
192,0.6931471805599453,0.71038735,test,p20,dataset_2,centrality
922,0.6931471805599453,0.71038735,test,p20,dataset_2,centrality
1434,0.6931471805599453,0.71038735,test,p20,dataset_2,centrality
621,0.6931471805599453,0.71038735,test,p20,dataset_2,centrality
1027,0.6931471805599453,0.71038735,test,p20,dataset_2,centrality
730,0.6931471805599453,0.71038735,test,p20,dataset_2,centrality
67,0.6931471805599453,0.71038735,test,p20,dataset_2,centrality
1313,0.6931471805599453,0.71038735,test,p20,dataset_2,centrality
527,0.6931471805599453,0.71038735,test,p20,dataset_2,centrality
812,0.6931471805599453,0.71038735,test,p20,dataset_2,centrality
1261,0.6931471805599453,0.71038735,test,p20,dataset_2,centrality
741,1.3862943611198906,0.77499074,test,p20,dataset_2,centrality
1227,0.6931471805599453,0.71038735,test,p20,dataset_2,centrality
261,0.6931471805599453,0.71038735,test,p20,dataset_2,centrality
836,0.6931471805599453,0.71038735,test,p20,dataset_2,centrality
123,0.6931471805599453,0.71038735,test,p20,dataset_2,centrality
1384,0.6931471805599453,0.77499074,test,p20,dataset_2,centrality
605,0.6931471805599453,0.71038735,test,p20,dataset_2,centrality
973,0.6931471805599453,0.71038735,test,p20,dataset_2,centrality
594,0.6931471805599453,0.71038735,test,p20,dataset_2,centrality
184,0.6931471805599453,0.71038735,test,p20,dataset_2,centrality
946,0.6931471805599453,0.71038735,test,p20,dataset_2,centrality
888,0.6931471805599453,0.71038735,test,p20,dataset_2,centrality
141,0.6931471805599453,0.71038735,test,p20,dataset_2,centrality
964,0.6931471805599453,0.71038735,test,p20,dataset_2,centrality
816,0.6931471805599453,0.71038735,test,p20,dataset_2,centrality
1239,0.6931471805599453,0.71038735,test,p20,dataset_2,centrality
44,0.6931471805599453,0.71038735,test,p20,dataset_2,centrality
799,0.6931471805599453,0.71038735,test,p20,dataset_2,centrality
566,0.6931471805599453,0.71038735,test,p20,dataset_2,centrality
1144,0.6931471805599453,0.71038735,test,p20,dataset_2,centrality
802,0.6931471805599453,0.71038735,test,p20,dataset_2,centrality
1030,0.6931471805599453,0.71038735,test,p20,dataset_2,centrality
76,1.3862943611198906,1.2708759,test,p20,dataset_2,centrality
361,0.6931471805599453,0.71038735,test,p20,dataset_2,centrality
1333,0.6931471805599453,0.71038735,test,p20,dataset_2,centrality
270,0.6931471805599453,0.71038735,test,p20,dataset_2,centrality
1098,0.6931471805599453,0.71038735,test,p20,dataset_2,centrality
1197,0.6931471805599453,0.71038735,test,p20,dataset_2,centrality
1036,0.6931471805599453,0.71038735,test,p20,dataset_2,centrality
1039,0.6931471805599453,0.71038735,test,p20,dataset_2,centrality
78,0.6931471805599453,0.77499074,test,p20,dataset_2,centrality
745,0.6931471805599453,0.77499074,test,p20,dataset_2,centrality
271,0.6931471805599453,0.71038735,test,p20,dataset_2,centrality
575,0.6931471805599453,0.71038735,test,p20,dataset_2,centrality
1285,0.6931471805599453,0.71038735,test,p20,dataset_2,centrality
1023,0.6931471805599453,0.71038735,test,p20,dataset_2,centrality
651,0.6931471805599453,0.77499074,test,p20,dataset_2,centrality
70,0.6931471805599453,0.71038735,test,p20,dataset_2,centrality
15,0.6931471805599453,0.71038735,test,p20,dataset_2,centrality
1438,0.6931471805599453,0.71038735,test,p20,dataset_2,centrality
351,0.6931471805599453,0.71038735,test,p20,dataset_2,centrality
115,0.6931471805599453,0.71038735,test,p20,dataset_2,centrality
303,0.6931471805599453,0.71038735,test,p20,dataset_2,centrality
1075,0.6931471805599453,0.71038735,test,p20,dataset_2,centrality
796,0.6931471805599453,0.71038735,test,p20,dataset_2,centrality
528,0.6931471805599453,0.71038735,test,p20,dataset_2,centrality
901,0.6931471805599453,0.71038735,test,p20,dataset_2,centrality
479,0.6931471805599453,0.71038735,test,p20,dataset_2,centrality
905,0.6931471805599453,0.71038735,test,p20,dataset_2,centrality
415,0.6931471805599453,0.77499074,test,p20,dataset_2,centrality
711,0.6931471805599453,0.71038735,test,p20,dataset_2,centrality
309,0.6931471805599453,0.71038735,test,p20,dataset_2,centrality
1053,0.6931471805599453,0.71038735,test,p20,dataset_2,centrality
788,0.6931471805599453,0.71038735,test,p20,dataset_2,centrality
1236,0.6931471805599453,0.71038735,test,p20,dataset_2,centrality
887,0.6931471805599453,0.71038735,test,p20,dataset_2,centrality
1399,0.6931471805599453,0.71038735,test,p20,dataset_2,centrality
1068,0.6931471805599453,0.71038735,test,p20,dataset_2,centrality
478,0.6931471805599453,0.71038735,test,p20,dataset_2,centrality
999,0.6931471805599453,0.71038735,test,p20,dataset_2,centrality
873,0.6931471805599453,0.71038735,test,p20,dataset_2,centrality
818,0.6931471805599453,0.71038735,test,p20,dataset_2,centrality
1090,2.302585092994046,0.9798208,test,p20,dataset_2,centrality
757,0.6931471805599453,0.71038735,test,p20,dataset_2,centrality
1031,0.6931471805599453,0.71038735,test,p20,dataset_2,centrality
322,0.6931471805599453,0.71038735,test,p20,dataset_2,centrality
332,0.6931471805599453,0.71038735,test,p20,dataset_2,centrality
567,0.6931471805599453,0.71038735,test,p20,dataset_2,centrality
892,0.6931471805599453,0.71038735,test,p20,dataset_2,centrality
610,0.6931471805599453,0.71038735,test,p20,dataset_2,centrality
529,0.6931471805599453,0.77499074,test,p20,dataset_2,centrality
570,0.6931471805599453,0.71038735,test,p20,dataset_2,centrality
429,0.6931471805599453,0.71038735,test,p20,dataset_2,centrality
985,0.6931471805599453,0.71038735,test,p20,dataset_2,centrality
43,0.6931471805599453,0.71038735,test,p20,dataset_2,centrality
497,0.6931471805599453,0.71038735,test,p20,dataset_2,centrality
451,0.6931471805599453,0.71038735,test,p20,dataset_2,centrality
1085,0.6931471805599453,0.71038735,test,p20,dataset_2,centrality
1423,0.6931471805599453,0.71038735,test,p20,dataset_2,centrality
101,0.6931471805599453,0.71038735,test,p20,dataset_2,centrality
889,0.6931471805599453,0.71038735,test,p20,dataset_2,centrality
289,0.6931471805599453,0.71038735,test,p20,dataset_2,centrality
1006,0.6931471805599453,0.71038735,test,p20,dataset_2,centrality
1443,0.6931471805599453,0.71038735,test,p20,dataset_2,centrality
1308,0.6931471805599453,0.71038735,test,p20,dataset_2,centrality
1330,0.6931471805599453,0.71038735,test,p20,dataset_2,centrality
381,0.6931471805599453,0.71038735,test,p20,dataset_2,centrality
847,0.6931471805599453,0.71038735,test,p20,dataset_2,centrality
1057,0.6931471805599453,0.71038735,test,p20,dataset_2,centrality
602,0.6931471805599453,0.71038735,test,p20,dataset_2,centrality
898,0.6931471805599453,0.71038735,test,p20,dataset_2,centrality
636,1.9459101490553132,2.4835947,test,p20,dataset_2,centrality
665,1.0986122886681098,0.77499074,test,p20,dataset_2,centrality
588,1.0986122886681098,0.71038735,test,p20,dataset_2,centrality
163,0.6931471805599453,0.71038735,test,p20,dataset_2,centrality
32,0.6931471805599453,0.77499074,test,p20,dataset_2,centrality
619,0.6931471805599453,0.71038735,test,p20,dataset_2,centrality
672,0.6931471805599453,0.71038735,test,p20,dataset_2,centrality
324,0.6931471805599453,0.71038735,test,p20,dataset_2,centrality
382,0.6931471805599453,0.71038735,test,p20,dataset_2,centrality
306,0.6931471805599453,0.71038735,test,p20,dataset_2,centrality
1163,0.6931471805599453,0.71038735,test,p20,dataset_2,centrality
855,0.6931471805599453,0.71038735,test,p20,dataset_2,centrality
722,1.0986122886681098,1.1243075,test,p20,dataset_2,centrality
365,0.6931471805599453,0.71038735,test,p20,dataset_2,centrality
423,0.6931471805599453,0.71038735,test,p20,dataset_2,centrality
933,0.6931471805599453,0.71038735,test,p20,dataset_2,centrality
247,0.6931471805599453,0.71038735,test,p20,dataset_2,centrality
427,0.6931471805599453,0.77499074,test,p20,dataset_2,centrality
1380,1.3862943611198906,1.1243075,test,p20,dataset_2,centrality
543,0.6931471805599453,0.71038735,test,p20,dataset_2,centrality
218,0.6931471805599453,0.71038735,test,p20,dataset_2,centrality
864,0.6931471805599453,0.71038735,test,p20,dataset_2,centrality
274,0.6931471805599453,0.71038735,test,p20,dataset_2,centrality
628,4.060443010546419,2.7493582,test,p20,dataset_2,centrality
1237,0.6931471805599453,0.71038735,test,p20,dataset_2,centrality
1431,0.6931471805599453,0.71038735,test,p20,dataset_2,centrality
63,0.6931471805599453,0.71038735,test,p20,dataset_2,centrality
1178,0.6931471805599453,0.71038735,test,p20,dataset_2,centrality
380,0.6931471805599453,0.71038735,test,p20,dataset_2,centrality
1203,0.6931471805599453,0.71038735,test,p20,dataset_2,centrality
1235,0.6931471805599453,0.71038735,test,p20,dataset_2,centrality
485,0.6931471805599453,0.71038735,test,p20,dataset_2,centrality
674,1.0986122886681098,0.71038735,test,p20,dataset_2,centrality
1201,0.6931471805599453,0.71038735,test,p20,dataset_2,centrality
931,0.6931471805599453,0.71038735,test,p20,dataset_2,centrality
203,0.6931471805599453,0.71038735,test,p20,dataset_2,centrality
522,0.6931471805599453,0.71038735,test,p20,dataset_2,centrality
894,0.6931471805599453,0.71038735,test,p20,dataset_2,centrality
30,1.9459101490553132,0.77499074,test,p20,dataset_2,centrality
56,0.6931471805599453,0.71038735,test,p20,dataset_2,centrality
1166,2.833213344056216,2.7493582,test,p20,dataset_2,centrality
1092,0.6931471805599453,0.71038735,test,p20,dataset_2,centrality
371,0.6931471805599453,0.71038735,test,p20,dataset_2,centrality
945,0.6931471805599453,0.71038735,test,p20,dataset_2,centrality
1378,0.6931471805599453,0.71038735,test,p20,dataset_2,centrality
1192,0.6931471805599453,0.71038735,test,p20,dataset_2,centrality
858,0.6931471805599453,0.71038735,test,p20,dataset_2,centrality
464,0.6931471805599453,0.71038735,test,p20,dataset_2,centrality
363,0.6931471805599453,0.71038735,test,p20,dataset_2,centrality
1187,0.6931471805599453,0.71038735,test,p20,dataset_2,centrality
578,0.6931471805599453,0.71038735,test,p20,dataset_2,centrality
237,1.3862943611198906,1.1243075,test,p20,dataset_2,centrality
1390,0.6931471805599453,0.71038735,test,p20,dataset_2,centrality
99,0.6931471805599453,0.71038735,test,p20,dataset_2,centrality
461,0.6931471805599453,0.71038735,test,p20,dataset_2,centrality
259,0.6931471805599453,0.71038735,test,p20,dataset_2,centrality
481,0.6931471805599453,0.71038735,test,p20,dataset_2,centrality
583,0.6931471805599453,0.71038735,test,p20,dataset_2,centrality
861,0.6931471805599453,0.71038735,test,p20,dataset_2,centrality
1043,0.6931471805599453,0.71038735,test,p20,dataset_2,centrality
277,0.6931471805599453,0.71038735,test,p20,dataset_2,centrality
744,0.6931471805599453,0.77499074,test,p20,dataset_2,centrality
584,0.6931471805599453,0.71038735,test,p20,dataset_2,centrality
1037,0.6931471805599453,0.71038735,test,p20,dataset_2,centrality
906,0.6931471805599453,0.71038735,test,p20,dataset_2,centrality
377,0.6931471805599453,0.71038735,test,p20,dataset_2,centrality
549,0.6931471805599453,0.71038735,test,p20,dataset_2,centrality
1417,0.6931471805599453,0.71038735,test,p20,dataset_2,centrality
771,0.6931471805599453,0.71038735,test,p20,dataset_2,centrality
691,1.0986122886681098,1.2708759,test,p20,dataset_2,centrality
706,0.6931471805599453,0.71038735,test,p20,dataset_2,centrality
297,0.6931471805599453,0.71038735,test,p20,dataset_2,centrality
1247,0.6931471805599453,0.71038735,test,p20,dataset_2,centrality
893,0.6931471805599453,0.71038735,test,p20,dataset_2,centrality
947,0.6931471805599453,0.71038735,test,p20,dataset_2,centrality
1369,0.6931471805599453,0.7071583,train,p25,dataset_2,centrality
1301,0.6931471805599453,0.7071583,train,p25,dataset_2,centrality
895,0.6931471805599453,0.7071583,train,p25,dataset_2,centrality
876,0.6931471805599453,0.7071583,train,p25,dataset_2,centrality
1441,0.6931471805599453,0.7071583,train,p25,dataset_2,centrality
939,0.6931471805599453,0.7071583,train,p25,dataset_2,centrality
651,0.6931471805599453,0.7891778,train,p25,dataset_2,centrality
1032,0.6931471805599453,0.7071583,train,p25,dataset_2,centrality
465,0.6931471805599453,0.7071583,train,p25,dataset_2,centrality
706,0.6931471805599453,0.7071583,train,p25,dataset_2,centrality
772,0.6931471805599453,0.7071583,train,p25,dataset_2,centrality
549,0.6931471805599453,0.7071583,train,p25,dataset_2,centrality
1241,0.6931471805599453,0.7071583,train,p25,dataset_2,centrality
1059,0.6931471805599453,0.7071583,train,p25,dataset_2,centrality
43,0.6931471805599453,0.7071583,train,p25,dataset_2,centrality
1436,0.6931471805599453,0.7071583,train,p25,dataset_2,centrality
127,0.6931471805599453,0.7071583,train,p25,dataset_2,centrality
154,0.6931471805599453,0.7071583,train,p25,dataset_2,centrality
351,0.6931471805599453,0.7071583,train,p25,dataset_2,centrality
951,0.6931471805599453,0.7071583,train,p25,dataset_2,centrality
271,0.6931471805599453,0.7071583,train,p25,dataset_2,centrality
468,0.6931471805599453,0.7071583,train,p25,dataset_2,centrality
345,0.6931471805599453,0.7071583,train,p25,dataset_2,centrality
214,1.3862943611198906,0.7709311,train,p25,dataset_2,centrality
667,0.6931471805599453,0.7071583,train,p25,dataset_2,centrality
1297,0.6931471805599453,0.7071583,train,p25,dataset_2,centrality
820,0.6931471805599453,0.7071583,train,p25,dataset_2,centrality
1285,0.6931471805599453,0.7071583,train,p25,dataset_2,centrality
156,0.6931471805599453,0.7071583,train,p25,dataset_2,centrality
319,0.6931471805599453,0.7071583,train,p25,dataset_2,centrality
1083,0.6931471805599453,0.7071583,train,p25,dataset_2,centrality
199,0.6931471805599453,0.7071583,train,p25,dataset_2,centrality
163,0.6931471805599453,0.7071583,train,p25,dataset_2,centrality
1021,0.6931471805599453,0.7071583,train,p25,dataset_2,centrality
1002,0.6931471805599453,0.7071583,train,p25,dataset_2,centrality
1413,0.6931471805599453,0.7071583,train,p25,dataset_2,centrality
479,0.6931471805599453,0.7071583,train,p25,dataset_2,centrality
263,0.6931471805599453,0.7071583,train,p25,dataset_2,centrality
409,0.6931471805599453,0.7071583,train,p25,dataset_2,centrality
1042,0.6931471805599453,0.7071583,train,p25,dataset_2,centrality
250,0.6931471805599453,0.7071583,train,p25,dataset_2,centrality
272,0.6931471805599453,0.7071583,train,p25,dataset_2,centrality
1427,0.6931471805599453,0.7071583,train,p25,dataset_2,centrality
469,0.6931471805599453,0.7071583,train,p25,dataset_2,centrality
247,0.6931471805599453,0.7071583,train,p25,dataset_2,centrality
476,0.6931471805599453,0.7071583,train,p25,dataset_2,centrality
403,3.713572066704308,3.4095106,train,p25,dataset_2,centrality
1286,0.6931471805599453,0.7071583,train,p25,dataset_2,centrality
824,0.6931471805599453,0.7071583,train,p25,dataset_2,centrality
604,0.6931471805599453,0.7071583,train,p25,dataset_2,centrality
585,0.6931471805599453,0.7071583,train,p25,dataset_2,centrality
736,1.0986122886681098,0.7071583,train,p25,dataset_2,centrality
1255,0.6931471805599453,0.7071583,train,p25,dataset_2,centrality
1270,0.6931471805599453,0.7071583,train,p25,dataset_2,centrality
344,1.0986122886681098,0.7071583,train,p25,dataset_2,centrality
570,0.6931471805599453,0.7071583,train,p25,dataset_2,centrality
1389,0.6931471805599453,0.7071583,train,p25,dataset_2,centrality
970,0.6931471805599453,0.7071583,train,p25,dataset_2,centrality
393,1.0986122886681098,0.7891778,train,p25,dataset_2,centrality
1010,0.6931471805599453,0.7071583,train,p25,dataset_2,centrality
1403,0.6931471805599453,0.7071583,train,p25,dataset_2,centrality
442,0.6931471805599453,0.7071583,train,p25,dataset_2,centrality
1041,0.6931471805599453,0.7071583,train,p25,dataset_2,centrality
873,0.6931471805599453,0.7071583,train,p25,dataset_2,centrality
575,0.6931471805599453,0.7071583,train,p25,dataset_2,centrality
586,0.6931471805599453,0.7071583,train,p25,dataset_2,centrality
659,0.6931471805599453,0.7891778,train,p25,dataset_2,centrality
609,0.6931471805599453,0.7071583,train,p25,dataset_2,centrality
1132,0.6931471805599453,0.7071583,train,p25,dataset_2,centrality
1348,0.6931471805599453,0.7071583,train,p25,dataset_2,centrality
644,0.6931471805599453,0.91176045,train,p25,dataset_2,centrality
960,0.6931471805599453,0.7071583,train,p25,dataset_2,centrality
201,0.6931471805599453,0.7071583,train,p25,dataset_2,centrality
313,0.6931471805599453,0.7071583,train,p25,dataset_2,centrality
289,0.6931471805599453,0.7071583,train,p25,dataset_2,centrality
1275,0.6931471805599453,0.7071583,train,p25,dataset_2,centrality
1156,0.6931471805599453,0.7071583,train,p25,dataset_2,centrality
136,0.6931471805599453,0.7071583,train,p25,dataset_2,centrality
129,0.6931471805599453,0.7071583,train,p25,dataset_2,centrality
376,0.6931471805599453,0.7071583,train,p25,dataset_2,centrality
1114,0.6931471805599453,0.7071583,train,p25,dataset_2,centrality
173,0.6931471805599453,0.7071583,train,p25,dataset_2,centrality
317,0.6931471805599453,0.7071583,train,p25,dataset_2,centrality
1284,0.6931471805599453,0.7071583,train,p25,dataset_2,centrality
171,0.6931471805599453,0.7071583,train,p25,dataset_2,centrality
297,0.6931471805599453,0.7071583,train,p25,dataset_2,centrality
508,0.6931471805599453,0.7071583,train,p25,dataset_2,centrality
175,0.6931471805599453,0.7071583,train,p25,dataset_2,centrality
1216,0.6931471805599453,0.7071583,train,p25,dataset_2,centrality
1100,0.6931471805599453,0.7071583,train,p25,dataset_2,centrality
291,0.6931471805599453,0.7071583,train,p25,dataset_2,centrality
251,0.6931471805599453,0.7071583,train,p25,dataset_2,centrality
481,0.6931471805599453,0.7071583,train,p25,dataset_2,centrality
482,0.6931471805599453,0.7071583,train,p25,dataset_2,centrality
760,0.6931471805599453,0.7071583,train,p25,dataset_2,centrality
76,1.3862943611198906,1.2444283,train,p25,dataset_2,centrality
602,0.6931471805599453,0.7071583,train,p25,dataset_2,centrality
821,0.6931471805599453,0.7071583,train,p25,dataset_2,centrality
595,1.9459101490553132,2.5938752,train,p25,dataset_2,centrality
1341,0.6931471805599453,0.7071583,train,p25,dataset_2,centrality
973,0.6931471805599453,0.7071583,train,p25,dataset_2,centrality
1142,0.6931471805599453,0.7071583,train,p25,dataset_2,centrality
1442,0.6931471805599453,0.7071583,train,p25,dataset_2,centrality
912,0.6931471805599453,0.7071583,train,p25,dataset_2,centrality
789,0.6931471805599453,0.7071583,train,p25,dataset_2,centrality
676,0.6931471805599453,0.7071583,train,p25,dataset_2,centrality
211,3.80666248977032,2.850217,train,p25,dataset_2,centrality
811,0.6931471805599453,0.7071583,train,p25,dataset_2,centrality
328,0.6931471805599453,0.7071583,train,p25,dataset_2,centrality
1195,0.6931471805599453,0.7071583,train,p25,dataset_2,centrality
791,0.6931471805599453,0.7071583,train,p25,dataset_2,centrality
593,0.6931471805599453,0.7071583,train,p25,dataset_2,centrality
86,0.6931471805599453,0.7071583,train,p25,dataset_2,centrality
293,0.6931471805599453,0.7071583,train,p25,dataset_2,centrality
75,0.6931471805599453,1.2444283,train,p25,dataset_2,centrality
634,3.737669618283368,2.16421,train,p25,dataset_2,centrality
350,0.6931471805599453,0.7071583,train,p25,dataset_2,centrality
737,0.6931471805599453,0.7071583,train,p25,dataset_2,centrality
369,0.6931471805599453,0.7071583,train,p25,dataset_2,centrality
566,0.6931471805599453,0.7071583,train,p25,dataset_2,centrality
1404,0.6931471805599453,0.7071583,train,p25,dataset_2,centrality
443,0.6931471805599453,0.7071583,train,p25,dataset_2,centrality
100,0.6931471805599453,0.7071583,train,p25,dataset_2,centrality
1288,0.6931471805599453,0.7071583,train,p25,dataset_2,centrality
1069,0.6931471805599453,0.7071583,train,p25,dataset_2,centrality
368,0.6931471805599453,0.7071583,train,p25,dataset_2,centrality
484,0.6931471805599453,0.7071583,train,p25,dataset_2,centrality
278,0.6931471805599453,0.7071583,train,p25,dataset_2,centrality
1287,0.6931471805599453,0.7071583,train,p25,dataset_2,centrality
616,0.6931471805599453,0.7071583,train,p25,dataset_2,centrality
624,0.6931471805599453,0.7071583,train,p25,dataset_2,centrality
153,0.6931471805599453,0.7071583,train,p25,dataset_2,centrality
316,0.6931471805599453,0.7071583,train,p25,dataset_2,centrality
177,0.6931471805599453,0.7071583,train,p25,dataset_2,centrality
742,0.6931471805599453,0.7071583,train,p25,dataset_2,centrality
15,0.6931471805599453,0.7071583,train,p25,dataset_2,centrality
786,0.6931471805599453,0.7071583,train,p25,dataset_2,centrality
782,0.6931471805599453,0.7071583,train,p25,dataset_2,centrality
1385,0.6931471805599453,0.7071583,train,p25,dataset_2,centrality
851,0.6931471805599453,0.7071583,train,p25,dataset_2,centrality
694,1.3862943611198906,1.4656641,train,p25,dataset_2,centrality
1253,0.6931471805599453,0.7071583,train,p25,dataset_2,centrality
1212,0.6931471805599453,0.7071583,train,p25,dataset_2,centrality
1031,0.6931471805599453,0.7071583,train,p25,dataset_2,centrality
418,1.0986122886681098,0.7709311,train,p25,dataset_2,centrality
1233,0.6931471805599453,0.7071583,train,p25,dataset_2,centrality
1107,0.6931471805599453,0.7071583,train,p25,dataset_2,centrality
654,0.6931471805599453,0.7709311,train,p25,dataset_2,centrality
342,0.6931471805599453,0.7071583,train,p25,dataset_2,centrality
949,0.6931471805599453,0.7071583,train,p25,dataset_2,centrality
1204,0.6931471805599453,0.7071583,train,p25,dataset_2,centrality
788,0.6931471805599453,0.7071583,train,p25,dataset_2,centrality
29,1.0986122886681098,1.103599,train,p25,dataset_2,centrality
968,0.6931471805599453,0.7071583,train,p25,dataset_2,centrality
560,1.0986122886681098,1.103599,train,p25,dataset_2,centrality
501,0.6931471805599453,0.7071583,train,p25,dataset_2,centrality
1342,0.6931471805599453,0.7071583,train,p25,dataset_2,centrality
27,0.6931471805599453,0.7071583,train,p25,dataset_2,centrality
1265,0.6931471805599453,0.7071583,train,p25,dataset_2,centrality
3,0.6931471805599453,0.7071583,train,p25,dataset_2,centrality
132,0.6931471805599453,0.7071583,train,p25,dataset_2,centrality
284,2.0794415416798357,1.2444283,train,p25,dataset_2,centrality
673,1.0986122886681098,0.7891778,train,p25,dataset_2,centrality
1252,0.6931471805599453,0.7071583,train,p25,dataset_2,centrality
621,0.6931471805599453,0.7071583,train,p25,dataset_2,centrality
526,0.6931471805599453,0.7071583,train,p25,dataset_2,centrality
796,0.6931471805599453,0.7071583,train,p25,dataset_2,centrality
756,0.6931471805599453,0.7071583,train,p25,dataset_2,centrality
487,0.6931471805599453,0.7071583,train,p25,dataset_2,centrality
1215,0.6931471805599453,0.7071583,train,p25,dataset_2,centrality
1076,0.6931471805599453,0.7071583,train,p25,dataset_2,centrality
135,0.6931471805599453,0.7071583,train,p25,dataset_2,centrality
506,0.6931471805599453,0.7071583,train,p25,dataset_2,centrality
1199,0.6931471805599453,0.7071583,train,p25,dataset_2,centrality
308,0.6931471805599453,0.7071583,train,p25,dataset_2,centrality
1273,0.6931471805599453,0.7071583,train,p25,dataset_2,centrality
74,0.6931471805599453,0.7071583,train,p25,dataset_2,centrality
671,0.6931471805599453,0.7071583,train,p25,dataset_2,centrality
1058,0.6931471805599453,0.7071583,train,p25,dataset_2,centrality
610,0.6931471805599453,0.7071583,train,p25,dataset_2,centrality
662,0.6931471805599453,0.8529506,train,p25,dataset_2,centrality
305,0.6931471805599453,0.7071583,train,p25,dataset_2,centrality
849,0.6931471805599453,0.7071583,train,p25,dataset_2,centrality
411,0.6931471805599453,0.7071583,train,p25,dataset_2,centrality
640,1.9459101490553132,1.6505646,train,p25,dataset_2,centrality
955,0.6931471805599453,0.7071583,train,p25,dataset_2,centrality
744,0.6931471805599453,0.7891778,train,p25,dataset_2,centrality
398,3.4011973816621555,3.0188649,train,p25,dataset_2,centrality
138,0.6931471805599453,0.7071583,train,p25,dataset_2,centrality
318,0.6931471805599453,0.7071583,train,p25,dataset_2,centrality
134,0.6931471805599453,0.7071583,train,p25,dataset_2,centrality
719,1.9459101490553132,1.2444283,train,p25,dataset_2,centrality
843,0.6931471805599453,0.7071583,train,p25,dataset_2,centrality
321,0.6931471805599453,0.7071583,train,p25,dataset_2,centrality
725,1.0986122886681098,1.882006,train,p25,dataset_2,centrality
324,0.6931471805599453,0.7071583,train,p25,dataset_2,centrality
355,0.6931471805599453,0.7071583,train,p25,dataset_2,centrality
1116,0.6931471805599453,0.7071583,train,p25,dataset_2,centrality
1411,0.6931471805599453,0.7071583,train,p25,dataset_2,centrality
34,1.0986122886681098,0.7891778,train,p25,dataset_2,centrality
1133,0.6931471805599453,0.7891778,train,p25,dataset_2,centrality
941,0.6931471805599453,0.7071583,train,p25,dataset_2,centrality
771,0.6931471805599453,0.7071583,train,p25,dataset_2,centrality
483,0.6931471805599453,0.7071583,train,p25,dataset_2,centrality
1250,0.6931471805599453,0.7071583,train,p25,dataset_2,centrality
32,0.6931471805599453,0.8529506,train,p25,dataset_2,centrality
1346,0.6931471805599453,0.7071583,train,p25,dataset_2,centrality
1062,0.6931471805599453,0.7071583,train,p25,dataset_2,centrality
243,0.6931471805599453,0.7071583,train,p25,dataset_2,centrality
649,0.6931471805599453,0.8529506,train,p25,dataset_2,centrality
857,0.6931471805599453,0.7071583,train,p25,dataset_2,centrality
1274,0.6931471805599453,0.7071583,train,p25,dataset_2,centrality
530,0.6931471805599453,0.7071583,train,p25,dataset_2,centrality
975,0.6931471805599453,0.7071583,train,p25,dataset_2,centrality
80,0.6931471805599453,0.7071583,train,p25,dataset_2,centrality
1181,1.0986122886681098,0.7071583,train,p25,dataset_2,centrality
1148,0.6931471805599453,0.7071583,train,p25,dataset_2,centrality
1127,0.6931471805599453,0.7709311,train,p25,dataset_2,centrality
617,0.6931471805599453,0.7071583,train,p25,dataset_2,centrality
370,0.6931471805599453,0.7071583,train,p25,dataset_2,centrality
915,0.6931471805599453,0.7071583,train,p25,dataset_2,centrality
294,0.6931471805599453,0.7071583,train,p25,dataset_2,centrality
1388,0.6931471805599453,0.7071583,train,p25,dataset_2,centrality
1272,0.6931471805599453,0.7071583,train,p25,dataset_2,centrality
491,0.6931471805599453,0.7071583,train,p25,dataset_2,centrality
891,0.6931471805599453,0.7071583,train,p25,dataset_2,centrality
1318,0.6931471805599453,0.7071583,train,p25,dataset_2,centrality
60,0.6931471805599453,0.7071583,train,p25,dataset_2,centrality
119,0.6931471805599453,0.7071583,train,p25,dataset_2,centrality
707,0.6931471805599453,0.7071583,train,p25,dataset_2,centrality
561,0.6931471805599453,0.7071583,train,p25,dataset_2,centrality
1347,0.6931471805599453,0.7071583,train,p25,dataset_2,centrality
890,1.0986122886681098,0.7071583,train,p25,dataset_2,centrality
1050,0.6931471805599453,0.7071583,train,p25,dataset_2,centrality
1172,0.6931471805599453,0.7071583,train,p25,dataset_2,centrality
275,0.6931471805599453,0.7071583,train,p25,dataset_2,centrality
120,0.6931471805599453,0.7071583,train,p25,dataset_2,centrality
785,0.6931471805599453,0.7071583,train,p25,dataset_2,centrality
1087,0.6931471805599453,0.8529506,train,p25,dataset_2,centrality
5,0.6931471805599453,0.7071583,train,p25,dataset_2,centrality
750,1.0986122886681098,0.7891778,train,p25,dataset_2,centrality
122,0.6931471805599453,0.7071583,train,p25,dataset_2,centrality
1364,0.6931471805599453,0.7071583,train,p25,dataset_2,centrality
107,0.6931471805599453,0.7071583,train,p25,dataset_2,centrality
140,0.6931471805599453,0.7071583,train,p25,dataset_2,centrality
1392,0.6931471805599453,0.7071583,train,p25,dataset_2,centrality
848,0.6931471805599453,0.7071583,train,p25,dataset_2,centrality
971,0.6931471805599453,0.7071583,train,p25,dataset_2,centrality
219,0.6931471805599453,0.7071583,train,p25,dataset_2,centrality
1048,0.6931471805599453,0.7071583,train,p25,dataset_2,centrality
1245,0.6931471805599453,0.7071583,train,p25,dataset_2,centrality
1193,0.6931471805599453,0.7071583,train,p25,dataset_2,centrality
885,0.6931471805599453,0.7071583,train,p25,dataset_2,centrality
1408,0.6931471805599453,0.7071583,train,p25,dataset_2,centrality
909,0.6931471805599453,0.7071583,train,p25,dataset_2,centrality
1122,0.6931471805599453,0.7071583,train,p25,dataset_2,centrality
1103,0.6931471805599453,0.7071583,train,p25,dataset_2,centrality
473,0.6931471805599453,0.7071583,train,p25,dataset_2,centrality
346,0.6931471805599453,0.7071583,train,p25,dataset_2,centrality
894,0.6931471805599453,0.7071583,train,p25,dataset_2,centrality
143,0.6931471805599453,0.7071583,train,p25,dataset_2,centrality
927,0.6931471805599453,0.7071583,train,p25,dataset_2,centrality
423,0.6931471805599453,0.7071583,train,p25,dataset_2,centrality
990,0.6931471805599453,0.7071583,train,p25,dataset_2,centrality
884,0.6931471805599453,0.7071583,train,p25,dataset_2,centrality
1176,0.6931471805599453,0.7071583,train,p25,dataset_2,centrality
326,0.6931471805599453,0.7071583,train,p25,dataset_2,centrality
1192,0.6931471805599453,0.7071583,train,p25,dataset_2,centrality
1170,1.791759469228055,1.8328149,train,p25,dataset_2,centrality
806,0.6931471805599453,0.7071583,train,p25,dataset_2,centrality
58,0.6931471805599453,0.7071583,train,p25,dataset_2,centrality
718,2.70805020110221,3.0928588,train,p25,dataset_2,centrality
1079,0.6931471805599453,0.7071583,train,p25,dataset_2,centrality
464,0.6931471805599453,0.7071583,train,p25,dataset_2,centrality
1421,0.6931471805599453,0.7071583,train,p25,dataset_2,centrality
601,0.6931471805599453,0.7071583,train,p25,dataset_2,centrality
26,0.6931471805599453,0.7071583,train,p25,dataset_2,centrality
37,0.6931471805599453,0.7071583,train,p25,dataset_2,centrality
818,0.6931471805599453,0.7071583,train,p25,dataset_2,centrality
863,0.6931471805599453,0.7071583,train,p25,dataset_2,centrality
603,0.6931471805599453,0.7071583,train,p25,dataset_2,centrality
1266,0.6931471805599453,0.7071583,train,p25,dataset_2,centrality
1036,0.6931471805599453,0.7071583,train,p25,dataset_2,centrality
416,1.0986122886681098,1.0595278,train,p25,dataset_2,centrality
335,0.6931471805599453,0.7071583,train,p25,dataset_2,centrality
1358,1.3862943611198906,1.3171878,train,p25,dataset_2,centrality
1030,0.6931471805599453,0.7071583,train,p25,dataset_2,centrality
341,0.6931471805599453,0.7071583,train,p25,dataset_2,centrality
825,0.6931471805599453,0.7071583,train,p25,dataset_2,centrality
310,0.6931471805599453,0.7071583,train,p25,dataset_2,centrality
1023,0.6931471805599453,0.7071583,train,p25,dataset_2,centrality
1298,0.6931471805599453,0.7071583,train,p25,dataset_2,centrality
102,0.6931471805599453,0.7071583,train,p25,dataset_2,centrality
1305,0.6931471805599453,0.7071583,train,p25,dataset_2,centrality
619,0.6931471805599453,0.7071583,train,p25,dataset_2,centrality
1007,0.6931471805599453,0.7071583,train,p25,dataset_2,centrality
172,0.6931471805599453,0.7071583,train,p25,dataset_2,centrality
357,0.6931471805599453,0.7071583,train,p25,dataset_2,centrality
1097,0.6931471805599453,0.7071583,train,p25,dataset_2,centrality
1240,0.6931471805599453,0.7071583,train,p25,dataset_2,centrality
1047,0.6931471805599453,0.7071583,train,p25,dataset_2,centrality
1399,0.6931471805599453,0.7071583,train,p25,dataset_2,centrality
139,0.6931471805599453,0.7071583,train,p25,dataset_2,centrality
281,0.6931471805599453,0.7071583,train,p25,dataset_2,centrality
580,0.6931471805599453,0.7071583,train,p25,dataset_2,centrality
674,1.0986122886681098,0.7071583,train,p25,dataset_2,centrality
158,0.6931471805599453,0.7071583,train,p25,dataset_2,centrality
918,0.6931471805599453,0.7071583,train,p25,dataset_2,centrality
1264,0.6931471805599453,0.7071583,train,p25,dataset_2,centrality
144,0.6931471805599453,0.7071583,train,p25,dataset_2,centrality
452,0.6931471805599453,0.7071583,train,p25,dataset_2,centrality
1395,0.6931471805599453,0.7071583,train,p25,dataset_2,centrality
386,0.6931471805599453,0.7071583,train,p25,dataset_2,centrality
1160,0.6931471805599453,0.7071583,train,p25,dataset_2,centrality
44,0.6931471805599453,0.7071583,train,p25,dataset_2,centrality
802,0.6931471805599453,0.7071583,train,p25,dataset_2,centrality
1221,0.6931471805599453,0.7891778,train,p25,dataset_2,centrality
1370,0.6931471805599453,0.7071583,train,p25,dataset_2,centrality
740,0.6931471805599453,0.7071583,train,p25,dataset_2,centrality
749,0.6931471805599453,0.7071583,train,p25,dataset_2,centrality
836,0.6931471805599453,0.7071583,train,p25,dataset_2,centrality
709,0.6931471805599453,0.7071583,train,p25,dataset_2,centrality
897,0.6931471805599453,0.7071583,train,p25,dataset_2,centrality
402,2.8903717578961645,3.4095106,train,p25,dataset_2,centrality
845,0.6931471805599453,0.7071583,train,p25,dataset_2,centrality
1249,0.6931471805599453,0.7071583,train,p25,dataset_2,centrality
215,0.6931471805599453,0.7071583,train,p25,dataset_2,centrality
1009,0.6931471805599453,0.7071583,train,p25,dataset_2,centrality
954,0.6931471805599453,0.7071583,train,p25,dataset_2,centrality
1291,0.6931471805599453,0.7071583,train,p25,dataset_2,centrality
587,0.6931471805599453,0.7071583,train,p25,dataset_2,centrality
666,0.6931471805599453,0.7071583,train,p25,dataset_2,centrality
1262,0.6931471805599453,0.7071583,train,p25,dataset_2,centrality
872,0.6931471805599453,0.7071583,train,p25,dataset_2,centrality
1228,0.6931471805599453,0.7071583,train,p25,dataset_2,centrality
79,0.6931471805599453,0.7071583,train,p25,dataset_2,centrality
1089,0.6931471805599453,0.7071583,train,p25,dataset_2,centrality
186,0.6931471805599453,0.7071583,train,p25,dataset_2,centrality
496,0.6931471805599453,0.7071583,train,p25,dataset_2,centrality
650,0.6931471805599453,0.8529506,train,p25,dataset_2,centrality
1182,1.3862943611198906,0.8529506,train,p25,dataset_2,centrality
185,0.6931471805599453,0.7071583,train,p25,dataset_2,centrality
720,1.791759469228055,1.6505646,train,p25,dataset_2,centrality
969,0.6931471805599453,0.7071583,train,p25,dataset_2,centrality
61,0.6931471805599453,0.7071583,train,p25,dataset_2,centrality
187,0.6931471805599453,0.7071583,train,p25,dataset_2,centrality
618,0.6931471805599453,0.7071583,train,p25,dataset_2,centrality
331,0.6931471805599453,0.7071583,train,p25,dataset_2,centrality
757,0.6931471805599453,0.7071583,train,p25,dataset_2,centrality
72,0.6931471805599453,0.7071583,train,p25,dataset_2,centrality
1340,0.6931471805599453,0.7071583,train,p25,dataset_2,centrality
1406,0.6931471805599453,0.7071583,train,p25,dataset_2,centrality
881,0.6931471805599453,0.7071583,train,p25,dataset_2,centrality
77,0.6931471805599453,0.7071583,train,p25,dataset_2,centrality
327,0.6931471805599453,0.7071583,train,p25,dataset_2,centrality
277,0.6931471805599453,0.7071583,train,p25,dataset_2,centrality
462,0.6931471805599453,0.7071583,train,p25,dataset_2,centrality
304,0.6931471805599453,0.7071583,train,p25,dataset_2,centrality
641,1.6094379124341005,1.2444283,train,p25,dataset_2,centrality
198,0.6931471805599453,0.7071583,train,p25,dataset_2,centrality
377,0.6931471805599453,0.7071583,train,p25,dataset_2,centrality
972,0.6931471805599453,0.7071583,train,p25,dataset_2,centrality
1390,0.6931471805599453,0.7071583,train,p25,dataset_2,centrality
590,0.6931471805599453,0.7891778,train,p25,dataset_2,centrality
56,0.6931471805599453,0.7071583,train,p25,dataset_2,centrality
1312,0.6931471805599453,0.7071583,train,p25,dataset_2,centrality
1419,0.6931471805599453,0.7071583,train,p25,dataset_2,centrality
926,0.6931471805599453,0.7071583,train,p25,dataset_2,centrality
358,0.6931471805599453,0.7071583,train,p25,dataset_2,centrality
906,0.6931471805599453,0.7071583,train,p25,dataset_2,centrality
25,0.6931471805599453,0.7071583,train,p25,dataset_2,centrality
1396,0.6931471805599453,0.7071583,train,p25,dataset_2,centrality
1282,0.6931471805599453,0.7071583,train,p25,dataset_2,centrality
322,0.6931471805599453,0.7071583,train,p25,dataset_2,centrality
1161,1.791759469228055,1.7711447,train,p25,dataset_2,centrality
1417,0.6931471805599453,0.7071583,train,p25,dataset_2,centrality
1371,0.6931471805599453,0.7071583,train,p25,dataset_2,centrality
1210,0.6931471805599453,0.7071583,train,p25,dataset_2,centrality
923,0.6931471805599453,0.7071583,train,p25,dataset_2,centrality
517,0.6931471805599453,0.7071583,train,p25,dataset_2,centrality
121,0.6931471805599453,0.7071583,train,p25,dataset_2,centrality
1177,0.6931471805599453,0.7709311,train,p25,dataset_2,centrality
964,0.6931471805599453,0.7071583,train,p25,dataset_2,centrality
1269,0.6931471805599453,0.7071583,train,p25,dataset_2,centrality
9,0.6931471805599453,0.7071583,train,p25,dataset_2,centrality
721,1.791759469228055,2.6056285,train,p25,dataset_2,centrality
916,0.6931471805599453,0.7071583,train,p25,dataset_2,centrality
405,1.0986122886681098,0.9937799,train,p25,dataset_2,centrality
635,3.713572066704308,2.8238022,train,p25,dataset_2,centrality
1310,0.6931471805599453,0.7071583,train,p25,dataset_2,centrality
280,0.6931471805599453,0.7071583,train,p25,dataset_2,centrality
917,0.6931471805599453,0.7071583,train,p25,dataset_2,centrality
779,0.6931471805599453,0.7071583,train,p25,dataset_2,centrality
498,0.6931471805599453,0.7071583,train,p25,dataset_2,centrality
290,0.6931471805599453,0.7071583,train,p25,dataset_2,centrality
1405,0.6931471805599453,0.7071583,train,p25,dataset_2,centrality
548,0.6931471805599453,0.7071583,train,p25,dataset_2,centrality
924,0.6931471805599453,0.7071583,train,p25,dataset_2,centrality
977,0.6931471805599453,0.7071583,train,p25,dataset_2,centrality
850,0.6931471805599453,0.7071583,train,p25,dataset_2,centrality
1335,0.6931471805599453,0.7071583,train,p25,dataset_2,centrality
800,0.6931471805599453,0.7071583,train,p25,dataset_2,centrality
1091,0.6931471805599453,0.7071583,train,p25,dataset_2,centrality
690,0.6931471805599453,0.7709311,train,p25,dataset_2,centrality
436,0.6931471805599453,0.7071583,train,p25,dataset_2,centrality
1035,0.6931471805599453,0.7071583,train,p25,dataset_2,centrality
170,0.6931471805599453,0.7071583,train,p25,dataset_2,centrality
739,0.6931471805599453,0.7071583,train,p25,dataset_2,centrality
1362,0.6931471805599453,0.7071583,train,p25,dataset_2,centrality
1208,0.6931471805599453,0.7071583,train,p25,dataset_2,centrality
1372,0.6931471805599453,0.7071583,train,p25,dataset_2,centrality
230,0.6931471805599453,0.7071583,train,p25,dataset_2,centrality
1151,0.6931471805599453,0.7071583,train,p25,dataset_2,centrality
258,0.6931471805599453,0.7071583,train,p25,dataset_2,centrality
1359,0.6931471805599453,0.7071583,train,p25,dataset_2,centrality
221,0.6931471805599453,0.7071583,train,p25,dataset_2,centrality
1248,0.6931471805599453,0.7071583,train,p25,dataset_2,centrality
633,1.0986122886681098,1.730424,train,p25,dataset_2,centrality
776,0.6931471805599453,0.7071583,train,p25,dataset_2,centrality
947,0.6931471805599453,0.7071583,train,p25,dataset_2,centrality
365,0.6931471805599453,0.7071583,train,p25,dataset_2,centrality
1084,0.6931471805599453,0.7071583,train,p25,dataset_2,centrality
239,0.6931471805599453,0.8529506,train,p25,dataset_2,centrality
1400,0.6931471805599453,0.7071583,train,p25,dataset_2,centrality
440,0.6931471805599453,0.7071583,train,p25,dataset_2,centrality
499,0.6931471805599453,0.7071583,train,p25,dataset_2,centrality
1117,0.6931471805599453,0.7071583,train,p25,dataset_2,centrality
48,0.6931471805599453,0.7071583,train,p25,dataset_2,centrality
632,2.4849066497880004,2.6753259,train,p25,dataset_2,centrality
989,0.6931471805599453,0.7071583,train,p25,dataset_2,centrality
176,0.6931471805599453,0.7071583,train,p25,dataset_2,centrality
1415,0.6931471805599453,0.7071583,train,p25,dataset_2,centrality
1443,0.6931471805599453,0.7071583,train,p25,dataset_2,centrality
460,0.6931471805599453,0.7071583,train,p25,dataset_2,centrality
629,3.1354942159291497,3.4095106,train,p25,dataset_2,centrality
991,0.6931471805599453,0.7071583,train,p25,dataset_2,centrality
678,0.6931471805599453,0.7071583,train,p25,dataset_2,centrality
669,1.0986122886681098,0.7071583,train,p25,dataset_2,centrality
1244,0.6931471805599453,0.7071583,train,p25,dataset_2,centrality
87,0.6931471805599453,0.7071583,train,p25,dataset_2,centrality
747,0.6931471805599453,0.7071583,train,p25,dataset_2,centrality
1134,0.6931471805599453,0.7071583,train,p25,dataset_2,centrality
1243,0.6931471805599453,0.7071583,train,p25,dataset_2,centrality
665,1.0986122886681098,0.8529506,train,p25,dataset_2,centrality
1155,0.6931471805599453,0.7071583,train,p25,dataset_2,centrality
70,0.6931471805599453,0.7071583,train,p25,dataset_2,centrality
854,0.6931471805599453,0.7071583,train,p25,dataset_2,centrality
787,0.6931471805599453,0.7071583,train,p25,dataset_2,centrality
1034,0.6931471805599453,0.7071583,train,p25,dataset_2,centrality
1330,0.6931471805599453,0.7071583,train,p25,dataset_2,centrality
992,0.6931471805599453,0.7071583,train,p25,dataset_2,centrality
285,1.6094379124341005,1.7466768,train,p25,dataset_2,centrality
1067,0.6931471805599453,0.7071583,train,p25,dataset_2,centrality
1163,0.6931471805599453,0.7071583,train,p25,dataset_2,centrality
337,0.6931471805599453,0.7071583,train,p25,dataset_2,centrality
104,0.6931471805599453,0.7071583,train,p25,dataset_2,centrality
688,0.6931471805599453,0.7071583,train,p25,dataset_2,centrality
1112,0.6931471805599453,0.7071583,train,p25,dataset_2,centrality
315,0.6931471805599453,0.7071583,train,p25,dataset_2,centrality
512,0.6931471805599453,0.7071583,train,p25,dataset_2,centrality
1236,0.6931471805599453,0.7071583,train,p25,dataset_2,centrality
224,3.1780538303479458,2.8365169,train,p25,dataset_2,centrality
798,0.6931471805599453,0.7071583,train,p25,dataset_2,centrality
1219,0.6931471805599453,0.7071583,train,p25,dataset_2,centrality
1004,0.6931471805599453,0.7071583,train,p25,dataset_2,centrality
96,0.6931471805599453,0.7071583,train,p25,dataset_2,centrality
428,0.6931471805599453,0.7071583,train,p25,dataset_2,centrality
550,0.6931471805599453,0.7071583,train,p25,dataset_2,centrality
207,4.219507705176107,3.4095106,train,p25,dataset_2,centrality
392,0.6931471805599453,0.7891778,train,p25,dataset_2,centrality
378,0.6931471805599453,0.7071583,train,p25,dataset_2,centrality
613,0.6931471805599453,0.7071583,train,p25,dataset_2,centrality
814,0.6931471805599453,0.7071583,train,p25,dataset_2,centrality
1324,0.6931471805599453,0.8529506,train,p25,dataset_2,centrality
223,0.6931471805599453,0.7071583,train,p25,dataset_2,centrality
639,1.9459101490553132,2.0916262,train,p25,dataset_2,centrality
1187,0.6931471805599453,0.7071583,train,p25,dataset_2,centrality
180,0.6931471805599453,0.7071583,train,p25,dataset_2,centrality
982,1.0986122886681098,0.7071583,train,p25,dataset_2,centrality
30,1.9459101490553132,0.8529506,train,p25,dataset_2,centrality
210,1.791759469228055,2.2621017,train,p25,dataset_2,centrality
1280,0.6931471805599453,0.7071583,train,p25,dataset_2,centrality
1254,0.6931471805599453,0.7071583,train,p25,dataset_2,centrality
155,0.6931471805599453,0.7071583,train,p25,dataset_2,centrality
147,0.6931471805599453,0.7071583,train,p25,dataset_2,centrality
563,0.6931471805599453,0.7071583,train,p25,dataset_2,centrality
1316,0.6931471805599453,0.7071583,train,p25,dataset_2,centrality
1071,0.6931471805599453,0.7071583,train,p25,dataset_2,centrality
1401,0.6931471805599453,0.7071583,train,p25,dataset_2,centrality
343,0.6931471805599453,0.7071583,train,p25,dataset_2,centrality
208,3.332204510175204,3.214448,train,p25,dataset_2,centrality
559,0.6931471805599453,0.8529506,train,p25,dataset_2,centrality
1430,0.6931471805599453,0.7071583,train,p25,dataset_2,centrality
1115,0.6931471805599453,0.7071583,train,p25,dataset_2,centrality
38,0.6931471805599453,0.7071583,train,p25,dataset_2,centrality
1366,0.6931471805599453,0.7071583,train,p25,dataset_2,centrality
1124,0.6931471805599453,0.7891778,train,p25,dataset_2,centrality
953,0.6931471805599453,0.7071583,train,p25,dataset_2,centrality
646,0.6931471805599453,0.9937799,train,p25,dataset_2,centrality
330,0.6931471805599453,0.7071583,train,p25,dataset_2,centrality
333,0.6931471805599453,0.7071583,train,p25,dataset_2,centrality
1033,0.6931471805599453,0.7071583,train,p25,dataset_2,centrality
627,2.5649493574615367,3.4095106,train,p25,dataset_2,centrality
980,0.6931471805599453,0.7071583,train,p25,dataset_2,centrality
755,0.6931471805599453,0.7071583,train,p25,dataset_2,centrality
184,0.6931471805599453,0.7071583,train,p25,dataset_2,centrality
614,0.6931471805599453,0.7071583,train,p25,dataset_2,centrality
733,0.6931471805599453,1.3171878,train,p25,dataset_2,centrality
576,0.6931471805599453,0.7071583,train,p25,dataset_2,centrality
1394,0.6931471805599453,0.7071583,train,p25,dataset_2,centrality
1162,0.6931471805599453,0.7071583,train,p25,dataset_2,centrality
853,0.6931471805599453,0.7071583,train,p25,dataset_2,centrality
412,0.6931471805599453,0.7071583,train,p25,dataset_2,centrality
1080,0.6931471805599453,0.7071583,train,p25,dataset_2,centrality
1242,0.6931471805599453,0.7071583,train,p25,dataset_2,centrality
220,0.6931471805599453,0.7891778,train,p25,dataset_2,centrality
958,0.6931471805599453,0.7071583,train,p25,dataset_2,centrality
381,0.6931471805599453,0.7071583,train,p25,dataset_2,centrality
113,0.6931471805599453,0.7071583,train,p25,dataset_2,centrality
1075,0.6931471805599453,0.7071583,train,p25,dataset_2,centrality
178,0.6931471805599453,0.7071583,train,p25,dataset_2,centrality
73,0.6931471805599453,0.7071583,train,p25,dataset_2,centrality
1005,0.6931471805599453,0.7071583,train,p25,dataset_2,centrality
735,0.6931471805599453,0.7071583,train,p25,dataset_2,centrality
858,0.6931471805599453,0.7071583,train,p25,dataset_2,centrality
780,0.6931471805599453,0.7071583,train,p25,dataset_2,centrality
1234,0.6931471805599453,0.7071583,train,p25,dataset_2,centrality
691,1.0986122886681098,1.2444283,train,p25,dataset_2,centrality
309,0.6931471805599453,0.7071583,train,p25,dataset_2,centrality
1232,0.6931471805599453,0.7071583,train,p25,dataset_2,centrality
1354,2.1972245773362196,2.418984,train,p25,dataset_2,centrality
793,0.6931471805599453,0.7071583,train,p25,dataset_2,centrality
1289,0.6931471805599453,0.7071583,train,p25,dataset_2,centrality
682,0.6931471805599453,0.7071583,train,p25,dataset_2,centrality
1044,0.6931471805599453,0.7071583,train,p25,dataset_2,centrality
675,0.6931471805599453,0.7891778,train,p25,dataset_2,centrality
861,0.6931471805599453,0.7071583,train,p25,dataset_2,centrality
292,1.0986122886681098,0.7891778,train,p25,dataset_2,centrality
82,1.0986122886681098,0.8529506,train,p25,dataset_2,centrality
547,0.6931471805599453,0.7071583,train,p25,dataset_2,centrality
567,0.6931471805599453,0.7071583,train,p25,dataset_2,centrality
1129,1.0986122886681098,0.7891778,train,p25,dataset_2,centrality
1317,0.6931471805599453,0.7071583,train,p25,dataset_2,centrality
241,1.6094379124341005,1.7367027,train,p25,dataset_2,centrality
388,0.6931471805599453,0.7071583,train,p25,dataset_2,centrality
607,0.6931471805599453,0.7071583,train,p25,dataset_2,centrality
340,1.0986122886681098,0.7071583,train,p25,dataset_2,centrality
477,0.6931471805599453,0.7071583,train,p25,dataset_2,centrality
545,0.6931471805599453,0.7071583,train,p25,dataset_2,centrality
157,0.6931471805599453,0.7071583,train,p25,dataset_2,centrality
302,0.6931471805599453,0.7071583,train,p25,dataset_2,centrality
698,0.6931471805599453,0.7071583,train,p25,dataset_2,centrality
979,0.6931471805599453,0.7071583,train,p25,dataset_2,centrality
252,0.6931471805599453,0.7071583,train,p25,dataset_2,centrality
1128,0.6931471805599453,0.8529506,train,p25,dataset_2,centrality
382,0.6931471805599453,0.7071583,train,p25,dataset_2,centrality
339,0.6931471805599453,0.7071583,train,p25,dataset_2,centrality
206,0.6931471805599453,0.7071583,train,p25,dataset_2,centrality
300,0.6931471805599453,0.7071583,train,p25,dataset_2,centrality
253,0.6931471805599453,0.7071583,train,p25,dataset_2,centrality
78,0.6931471805599453,0.7891778,train,p25,dataset_2,centrality
1382,0.6931471805599453,0.7071583,train,p25,dataset_2,centrality
1222,0.6931471805599453,0.7071583,train,p25,dataset_2,centrality
45,0.6931471805599453,0.7071583,train,p25,dataset_2,centrality
527,0.6931471805599453,0.7071583,train,p25,dataset_2,centrality
904,0.6931471805599453,0.7071583,train,p25,dataset_2,centrality
504,0.6931471805599453,0.7071583,train,p25,dataset_2,centrality
1054,0.6931471805599453,0.7071583,train,p25,dataset_2,centrality
283,0.6931471805599453,0.8529506,train,p25,dataset_2,centrality
1332,0.6931471805599453,0.7071583,train,p25,dataset_2,centrality
424,0.6931471805599453,0.7071583,train,p25,dataset_2,centrality
1209,0.6931471805599453,0.7071583,train,p25,dataset_2,centrality
731,0.6931471805599453,0.9937799,train,p25,dataset_2,centrality
865,0.6931471805599453,0.7071583,train,p25,dataset_2,centrality
540,0.6931471805599453,0.7071583,train,p25,dataset_2,centrality
1303,0.6931471805599453,0.7071583,train,p25,dataset_2,centrality
463,0.6931471805599453,0.7071583,train,p25,dataset_2,centrality
1104,0.6931471805599453,0.7071583,train,p25,dataset_2,centrality
693,0.6931471805599453,0.7071583,train,p25,dataset_2,centrality
658,1.0986122886681098,0.8529506,train,p25,dataset_2,centrality
63,0.6931471805599453,0.7071583,train,p25,dataset_2,centrality
996,0.6931471805599453,0.7071583,train,p25,dataset_2,centrality
93,0.6931471805599453,0.7071583,train,p25,dataset_2,centrality
903,0.6931471805599453,0.7071583,train,p25,dataset_2,centrality
1175,0.6931471805599453,0.7071583,train,p25,dataset_2,centrality
1153,0.6931471805599453,0.7071583,train,p25,dataset_2,centrality
1414,0.6931471805599453,0.7071583,train,p25,dataset_2,centrality
544,0.6931471805599453,0.7071583,train,p25,dataset_2,centrality
33,0.6931471805599453,0.7891778,train,p25,dataset_2,centrality
1438,0.6931471805599453,0.7071583,train,p25,dataset_2,centrality
260,0.6931471805599453,0.7071583,train,p25,dataset_2,centrality
623,1.9459101490553132,1.2444283,train,p25,dataset_2,centrality
808,0.6931471805599453,0.7071583,train,p25,dataset_2,centrality
1185,0.6931471805599453,0.7071583,train,p25,dataset_2,centrality
167,0.6931471805599453,0.7071583,train,p25,dataset_2,centrality
383,0.6931471805599453,0.7071583,train,p25,dataset_2,centrality
245,0.6931471805599453,0.7071583,train,p25,dataset_2,centrality
397,2.9444389791664403,2.8238022,train,p25,dataset_2,centrality
1135,0.6931471805599453,0.7071583,train,p25,dataset_2,centrality
1365,0.6931471805599453,0.7071583,train,p25,dataset_2,centrality
1183,0.6931471805599453,0.7071583,train,p25,dataset_2,centrality
882,0.6931471805599453,0.7071583,train,p25,dataset_2,centrality
1027,0.6931471805599453,0.7071583,train,p25,dataset_2,centrality
500,0.6931471805599453,0.7071583,train,p25,dataset_2,centrality
592,0.6931471805599453,0.7071583,train,p25,dataset_2,centrality
1426,0.6931471805599453,0.7071583,train,p25,dataset_2,centrality
1066,0.6931471805599453,0.7071583,train,p25,dataset_2,centrality
1278,0.6931471805599453,0.7071583,train,p25,dataset_2,centrality
426,0.6931471805599453,0.7891778,train,p25,dataset_2,centrality
323,0.6931471805599453,0.7071583,train,p25,dataset_2,centrality
348,0.6931471805599453,0.7891778,train,p25,dataset_2,centrality
573,0.6931471805599453,0.7071583,train,p25,dataset_2,centrality
1302,0.6931471805599453,0.7071583,train,p25,dataset_2,centrality
126,0.6931471805599453,0.7071583,train,p25,dataset_2,centrality
1325,0.6931471805599453,0.7071583,train,p25,dataset_2,centrality
546,0.6931471805599453,0.7071583,train,p25,dataset_2,centrality
1106,0.6931471805599453,0.7071583,train,p25,dataset_2,centrality
1051,0.6931471805599453,0.7071583,train,p25,dataset_2,centrality
502,0.6931471805599453,0.7071583,train,p25,dataset_2,centrality
1140,0.6931471805599453,0.7071583,train,p25,dataset_2,centrality
883,0.6931471805599453,0.7071583,train,p25,dataset_2,centrality
4,0.6931471805599453,0.7071583,train,p25,dataset_2,centrality
1194,0.6931471805599453,0.7071583,train,p25,dataset_2,centrality
574,0.6931471805599453,0.7071583,train,p25,dataset_2,centrality
453,0.6931471805599453,0.7071583,train,p25,dataset_2,centrality
444,0.6931471805599453,0.96335936,train,p25,dataset_2,centrality
1190,0.6931471805599453,0.7071583,train,p25,dataset_2,centrality
1139,0.6931471805599453,0.7071583,train,p25,dataset_2,centrality
425,0.6931471805599453,0.7071583,train,p25,dataset_2,centrality
1001,0.6931471805599453,0.7071583,train,p25,dataset_2,centrality
1145,0.6931471805599453,0.7071583,train,p25,dataset_2,centrality
410,1.9459101490553132,1.2444283,train,p25,dataset_2,centrality
182,0.6931471805599453,0.7071583,train,p25,dataset_2,centrality
1119,0.6931471805599453,0.8529506,train,p25,dataset_2,centrality
1384,0.6931471805599453,0.7891778,train,p25,dataset_2,centrality
759,0.6931471805599453,0.7071583,train,p25,dataset_2,centrality
1053,0.6931471805599453,0.7071583,train,p25,dataset_2,centrality
116,0.6931471805599453,0.7071583,train,p25,dataset_2,centrality
715,2.1972245773362196,2.8238022,train,p25,dataset_2,centrality
871,0.6931471805599453,0.7071583,train,p25,dataset_2,centrality
401,0.6931471805599453,0.7071583,train,p25,dataset_2,centrality
568,0.6931471805599453,0.7071583,train,p25,dataset_2,centrality
1191,0.6931471805599453,0.7071583,train,p25,dataset_2,centrality
455,0.6931471805599453,0.7071583,train,p25,dataset_2,centrality
584,0.6931471805599453,0.7071583,train,p25,dataset_2,centrality
569,0.6931471805599453,0.7071583,train,p25,dataset_2,centrality
71,0.6931471805599453,0.7071583,train,p25,dataset_2,centrality
1113,0.6931471805599453,0.7071583,train,p25,dataset_2,centrality
797,0.6931471805599453,0.7071583,train,p25,dataset_2,centrality
730,0.6931471805599453,0.7709311,train,p25,dataset_2,centrality
384,0.6931471805599453,0.7071583,train,p25,dataset_2,centrality
492,0.6931471805599453,0.7071583,train,p25,dataset_2,centrality
413,0.6931471805599453,0.7071583,train,p25,dataset_2,centrality
470,0.6931471805599453,0.7071583,train,p25,dataset_2,centrality
647,1.3862943611198906,1.2444283,train,p25,dataset_2,centrality
282,1.6094379124341005,1.027132,train,p25,dataset_2,centrality
495,0.6931471805599453,0.7071583,train,p25,dataset_2,centrality
28,0.6931471805599453,0.7709311,train,p25,dataset_2,centrality
1015,0.6931471805599453,0.7071583,train,p25,dataset_2,centrality
1045,0.6931471805599453,0.7071583,train,p25,dataset_2,centrality
1329,0.6931471805599453,0.7071583,train,p25,dataset_2,centrality
552,0.6931471805599453,1.103599,train,p25,dataset_2,centrality
1110,0.6931471805599453,0.7071583,train,p25,dataset_2,centrality
940,0.6931471805599453,0.7071583,train,p25,dataset_2,centrality
1344,0.6931471805599453,0.7071583,train,p25,dataset_2,centrality
579,0.6931471805599453,0.7071583,train,p25,dataset_2,centrality
1334,0.6931471805599453,0.7071583,train,p25,dataset_2,centrality
516,0.6931471805599453,0.7071583,train,p25,dataset_2,centrality
868,0.6931471805599453,0.7071583,train,p25,dataset_2,centrality
524,1.0986122886681098,0.7071583,train,p25,dataset_2,centrality
553,0.6931471805599453,0.7071583,train,p25,dataset_2,centrality
84,0.6931471805599453,0.7071583,train,p25,dataset_2,centrality
238,0.6931471805599453,0.9937799,train,p25,dataset_2,centrality
0,0.6931471805599453,0.7071583,train,p25,dataset_2,centrality
338,0.6931471805599453,0.7071583,train,p25,dataset_2,centrality
777,0.6931471805599453,0.7071583,train,p25,dataset_2,centrality
242,1.6094379124341005,1.2444283,train,p25,dataset_2,centrality
684,0.6931471805599453,0.7071583,train,p25,dataset_2,centrality
1038,0.6931471805599453,0.7071583,train,p25,dataset_2,centrality
537,1.0986122886681098,1.2444283,train,p25,dataset_2,centrality
689,0.6931471805599453,1.2444283,train,p25,dataset_2,centrality
1197,0.6931471805599453,0.7071583,train,p25,dataset_2,centrality
929,0.6931471805599453,0.7071583,train,p25,dataset_2,centrality
168,0.6931471805599453,0.7071583,train,p25,dataset_2,centrality
52,0.6931471805599453,0.7071583,train,p25,dataset_2,centrality
226,0.6931471805599453,0.7071583,train,p25,dataset_2,centrality
1281,0.6931471805599453,0.7071583,train,p25,dataset_2,centrality
17,1.0986122886681098,0.7071583,train,p25,dataset_2,centrality
1024,0.6931471805599453,0.7071583,train,p25,dataset_2,centrality
754,0.6931471805599453,0.7071583,train,p25,dataset_2,centrality
287,0.6931471805599453,0.7071583,train,p25,dataset_2,centrality
1217,0.6931471805599453,0.7071583,train,p25,dataset_2,centrality
303,0.6931471805599453,0.7071583,train,p25,dataset_2,centrality
234,0.6931471805599453,0.7071583,train,p25,dataset_2,centrality
995,0.6931471805599453,0.7071583,train,p25,dataset_2,centrality
899,0.6931471805599453,0.7071583,train,p25,dataset_2,centrality
67,0.6931471805599453,0.7071583,train,p25,dataset_2,centrality
40,0.6931471805599453,0.7071583,train,p25,dataset_2,centrality
591,0.6931471805599453,0.7071583,train,p25,dataset_2,centrality
248,0.6931471805599453,0.7071583,train,p25,dataset_2,centrality
1377,1.3862943611198906,1.4656641,train,p25,dataset_2,centrality
1328,0.6931471805599453,0.7071583,train,p25,dataset_2,centrality
394,3.6375861597263857,3.4095106,train,p25,dataset_2,centrality
66,0.6931471805599453,0.7071583,train,p25,dataset_2,centrality
95,0.6931471805599453,0.7071583,train,p25,dataset_2,centrality
1435,0.6931471805599453,0.7071583,train,p25,dataset_2,centrality
114,0.6931471805599453,0.7071583,train,p25,dataset_2,centrality
1109,0.6931471805599453,0.7071583,train,p25,dataset_2,centrality
1279,0.6931471805599453,0.7071583,train,p25,dataset_2,centrality
638,0.6931471805599453,1.0595278,train,p25,dataset_2,centrality
578,0.6931471805599453,0.7071583,train,p25,dataset_2,centrality
1052,0.6931471805599453,0.7071583,train,p25,dataset_2,centrality
1308,0.6931471805599453,0.7071583,train,p25,dataset_2,centrality
795,0.6931471805599453,0.7071583,train,p25,dataset_2,centrality
758,0.6931471805599453,0.7071583,train,p25,dataset_2,centrality
911,0.6931471805599453,0.7071583,train,p25,dataset_2,centrality
373,0.6931471805599453,0.7071583,train,p25,dataset_2,centrality
179,0.6931471805599453,0.7071583,train,p25,dataset_2,centrality
668,1.3862943611198906,1.1679614,train,p25,dataset_2,centrality
165,0.6931471805599453,0.7071583,train,p25,dataset_2,centrality
1152,0.6931471805599453,0.7071583,train,p25,dataset_2,centrality
92,0.6931471805599453,0.7071583,train,p25,dataset_2,centrality
875,0.6931471805599453,0.7071583,train,p25,dataset_2,centrality
54,0.6931471805599453,0.7071583,train,p25,dataset_2,centrality
583,0.6931471805599453,0.7071583,train,p25,dataset_2,centrality
775,0.6931471805599453,0.7071583,train,p25,dataset_2,centrality
959,0.6931471805599453,0.7071583,train,p25,dataset_2,centrality
1072,0.6931471805599453,0.7071583,train,p25,dataset_2,centrality
605,0.6931471805599453,0.7071583,train,p25,dataset_2,centrality
181,0.6931471805599453,0.7071583,train,p25,dataset_2,centrality
1088,2.3978952727983707,1.7466768,train,p25,dataset_2,centrality
91,0.6931471805599453,0.7071583,train,p25,dataset_2,centrality
510,0.6931471805599453,0.7891778,train,p25,dataset_2,centrality
783,0.6931471805599453,0.7071583,train,p25,dataset_2,centrality
952,0.6931471805599453,0.7071583,train,p25,dataset_2,centrality
945,0.6931471805599453,0.7071583,train,p25,dataset_2,centrality
683,0.6931471805599453,0.7071583,train,p25,dataset_2,centrality
12,0.6931471805599453,0.7071583,train,p25,dataset_2,centrality
202,0.6931471805599453,0.7071583,train,p25,dataset_2,centrality
608,0.6931471805599453,0.7071583,train,p25,dataset_2,centrality
657,0.6931471805599453,0.8529506,train,p25,dataset_2,centrality
988,0.6931471805599453,0.7071583,train,p25,dataset_2,centrality
385,0.6931471805599453,0.7071583,train,p25,dataset_2,centrality
770,0.6931471805599453,0.7071583,train,p25,dataset_2,centrality
1277,0.6931471805599453,0.7071583,train,p25,dataset_2,centrality
10,0.6931471805599453,0.7071583,train,p25,dataset_2,centrality
188,0.6931471805599453,0.7071583,train,p25,dataset_2,centrality
558,0.6931471805599453,0.7071583,train,p25,dataset_2,centrality
589,0.6931471805599453,0.7071583,train,p25,dataset_2,centrality
543,0.6931471805599453,0.7071583,train,p25,dataset_2,centrality
1227,0.6931471805599453,0.7071583,train,p25,dataset_2,centrality
711,0.6931471805599453,0.7071583,train,p25,dataset_2,centrality
557,0.6931471805599453,0.7071583,train,p25,dataset_2,centrality
703,0.6931471805599453,0.7071583,train,p25,dataset_2,centrality
232,0.6931471805599453,0.7071583,train,p25,dataset_2,centrality
1198,0.6931471805599453,0.7071583,train,p25,dataset_2,centrality
441,0.6931471805599453,0.7071583,train,p25,dataset_2,centrality
907,0.6931471805599453,0.7071583,train,p25,dataset_2,centrality
878,1.0986122886681098,0.7071583,train,p25,dataset_2,centrality
1387,0.6931471805599453,0.7071583,train,p25,dataset_2,centrality
1157,0.6931471805599453,0.7071583,train,p25,dataset_2,centrality
1029,0.6931471805599453,0.7071583,train,p25,dataset_2,centrality
85,1.0986122886681098,0.7071583,train,p25,dataset_2,centrality
461,0.6931471805599453,0.7071583,train,p25,dataset_2,centrality
835,0.6931471805599453,0.7071583,train,p25,dataset_2,centrality
387,0.6931471805599453,0.7071583,train,p25,dataset_2,centrality
1056,0.6931471805599453,0.7071583,train,p25,dataset_2,centrality
1349,0.6931471805599453,0.7071583,train,p25,dataset_2,centrality
847,0.6931471805599453,0.7071583,train,p25,dataset_2,centrality
503,0.6931471805599453,0.7071583,train,p25,dataset_2,centrality
1017,0.6931471805599453,0.7071583,train,p25,dataset_2,centrality
628,4.110873864173311,3.4095106,train,p25,dataset_2,centrality
809,0.6931471805599453,0.7071583,train,p25,dataset_2,centrality
826,0.6931471805599453,0.7071583,train,p25,dataset_2,centrality
1422,0.6931471805599453,0.7071583,train,p25,dataset_2,centrality
166,0.6931471805599453,0.7071583,train,p25,dataset_2,centrality
920,0.6931471805599453,0.7071583,train,p25,dataset_2,centrality
218,0.6931471805599453,0.7071583,train,p25,dataset_2,centrality
1096,0.6931471805599453,0.7071583,train,p25,dataset_2,centrality
648,0.6931471805599453,0.7709311,train,p25,dataset_2,centrality
805,0.6931471805599453,0.7071583,train,p25,dataset_2,centrality
670,0.6931471805599453,0.7071583,train,p25,dataset_2,centrality
889,0.6931471805599453,0.7071583,train,p25,dataset_2,centrality
1179,0.6931471805599453,0.9937799,train,p25,dataset_2,centrality
1055,0.6931471805599453,0.7071583,train,p25,dataset_2,centrality
249,0.6931471805599453,0.7071583,train,p25,dataset_2,centrality
655,1.0986122886681098,0.8529506,train,p25,dataset_2,centrality
475,0.6931471805599453,0.7071583,train,p25,dataset_2,centrality
1386,0.6931471805599453,0.7071583,train,p25,dataset_2,centrality
961,0.6931471805599453,0.7071583,train,p25,dataset_2,centrality
111,0.6931471805599453,0.7071583,train,p25,dataset_2,centrality
366,0.6931471805599453,0.7071583,train,p25,dataset_2,centrality
716,2.5649493574615367,2.9443824,train,p25,dataset_2,centrality
944,0.6931471805599453,0.7071583,train,p25,dataset_2,centrality
160,0.6931471805599453,0.7071583,train,p25,dataset_2,centrality
765,0.6931471805599453,0.7071583,train,p25,dataset_2,centrality
1137,0.6931471805599453,0.7071583,train,p25,dataset_2,centrality
103,0.6931471805599453,0.7071583,train,p25,dataset_2,centrality
1093,0.6931471805599453,0.7071583,train,p25,dataset_2,centrality
950,0.6931471805599453,0.7071583,train,p25,dataset_2,centrality
1440,0.6931471805599453,0.7071583,train,p25,dataset_2,centrality
467,0.6931471805599453,0.7071583,train,p25,dataset_2,centrality
1258,0.6931471805599453,0.7071583,train,p25,dataset_2,centrality
762,1.0986122886681098,0.7071583,train,p25,dataset_2,centrality
391,1.3862943611198906,1.0398262,train,p25,dataset_2,centrality
1351,0.6931471805599453,0.7071583,train,p25,dataset_2,centrality
571,0.6931471805599453,0.7071583,train,p25,dataset_2,centrality
713,3.5263605246161616,3.214448,train,p25,dataset_2,centrality
1373,0.6931471805599453,0.7071583,train,p25,dataset_2,centrality
152,0.6931471805599453,0.7071583,train,p25,dataset_2,centrality
998,0.6931471805599453,0.7071583,train,p25,dataset_2,centrality
507,0.6931471805599453,0.7071583,train,p25,dataset_2,centrality
677,0.6931471805599453,0.7071583,train,p25,dataset_2,centrality
47,0.6931471805599453,0.7071583,train,p25,dataset_2,centrality
596,1.9459101490553132,1.7466768,train,p25,dataset_2,centrality
1202,0.6931471805599453,0.7071583,train,p25,dataset_2,centrality
815,0.6931471805599453,0.7071583,train,p25,dataset_2,centrality
534,0.6931471805599453,0.7071583,train,p25,dataset_2,centrality
1434,0.6931471805599453,0.7071583,train,p25,dataset_2,centrality
1141,0.6931471805599453,0.7071583,train,p25,dataset_2,centrality
97,0.6931471805599453,0.7071583,train,p25,dataset_2,centrality
741,1.3862943611198906,0.8529506,train,p25,dataset_2,centrality
997,0.6931471805599453,0.7071583,train,p25,dataset_2,centrality
645,1.3862943611198906,1.5020882,train,p25,dataset_2,centrality
1319,0.6931471805599453,0.7071583,train,p25,dataset_2,centrality
1267,0.6931471805599453,0.7071583,train,p25,dataset_2,centrality
233,0.6931471805599453,0.7071583,train,p25,dataset_2,centrality
615,0.6931471805599453,0.7071583,train,p25,dataset_2,centrality
474,0.6931471805599453,0.7071583,train,p25,dataset_2,centrality
734,0.6931471805599453,0.7709311,train,p25,dataset_2,centrality
902,0.6931471805599453,0.7071583,train,p25,dataset_2,centrality
446,0.6931471805599453,0.7071583,train,p25,dataset_2,centrality
830,0.6931471805599453,0.7071583,train,p25,dataset_2,centrality
1309,0.6931471805599453,0.7071583,train,p25,dataset_2,centrality
1360,0.6931471805599453,0.7071583,train,p25,dataset_2,centrality
432,1.6094379124341005,1.7466768,train,p25,dataset_2,centrality
1296,0.6931471805599453,0.7071583,train,p25,dataset_2,centrality
1331,0.6931471805599453,0.7071583,train,p25,dataset_2,centrality
255,0.6931471805599453,0.7071583,train,p25,dataset_2,centrality
877,0.6931471805599453,0.7071583,train,p25,dataset_2,centrality
653,1.0986122886681098,0.8529506,train,p25,dataset_2,centrality
1065,0.6931471805599453,0.7071583,train,p25,dataset_2,centrality
1211,0.6931471805599453,0.7071583,train,p25,dataset_2,centrality
379,1.0986122886681098,0.7071583,train,p25,dataset_2,centrality
729,1.0986122886681098,0.8529506,train,p25,dataset_2,centrality
743,0.6931471805599453,0.7071583,train,p25,dataset_2,centrality
1178,0.6931471805599453,0.7071583,train,p25,dataset_2,centrality
2,0.6931471805599453,0.7071583,train,p25,dataset_2,centrality
1343,0.6931471805599453,0.7071583,train,p25,dataset_2,centrality
1188,0.6931471805599453,0.7071583,train,p25,dataset_2,centrality
521,0.6931471805599453,0.7071583,train,p25,dataset_2,centrality
1003,0.6931471805599453,0.7071583,train,p25,dataset_2,centrality
1063,0.6931471805599453,0.7071583,train,p25,dataset_2,centrality
1393,0.6931471805599453,0.7071583,train,p25,dataset_2,centrality
347,0.6931471805599453,0.7071583,train,p25,dataset_2,centrality
963,0.6931471805599453,0.7071583,train,p25,dataset_2,centrality
69,0.6931471805599453,0.7071583,train,p25,dataset_2,centrality
686,0.6931471805599453,0.7071583,train,p25,dataset_2,centrality
866,0.6931471805599453,0.7071583,train,p25,dataset_2,centrality
1167,0.6931471805599453,0.7071583,train,p25,dataset_2,centrality
1352,1.0986122886681098,1.5862443,train,p25,dataset_2,centrality
196,0.6931471805599453,0.7071583,train,p25,dataset_2,centrality
1299,0.6931471805599453,0.7071583,train,p25,dataset_2,centrality
471,0.6931471805599453,0.7071583,train,p25,dataset_2,centrality
145,0.6931471805599453,0.7071583,train,p25,dataset_2,centrality
1074,0.6931471805599453,0.7071583,train,p25,dataset_2,centrality
672,0.6931471805599453,0.7071583,train,p25,dataset_2,centrality
23,0.6931471805599453,0.7071583,train,p25,dataset_2,centrality
299,0.6931471805599453,0.7071583,train,p25,dataset_2,centrality
1311,0.6931471805599453,0.7071583,train,p25,dataset_2,centrality
705,0.6931471805599453,0.7071583,train,p25,dataset_2,centrality
11,0.6931471805599453,0.7071583,train,p25,dataset_2,centrality
354,0.6931471805599453,0.7071583,train,p25,dataset_2,centrality
194,0.6931471805599453,0.7071583,train,p25,dataset_2,centrality
420,0.6931471805599453,0.7071583,train,p25,dataset_2,centrality
773,0.6931471805599453,0.7071583,train,p25,dataset_2,centrality
174,0.6931471805599453,0.7071583,train,p25,dataset_2,centrality
1402,0.6931471805599453,0.7071583,train,p25,dataset_2,centrality
270,0.6931471805599453,0.7071583,train,p25,dataset_2,centrality
888,0.6931471805599453,0.7071583,train,p25,dataset_2,centrality
1061,0.6931471805599453,0.7071583,train,p25,dataset_2,centrality
229,0.6931471805599453,0.7071583,train,p25,dataset_2,centrality
622,0.6931471805599453,0.7071583,train,p25,dataset_2,centrality
804,0.6931471805599453,0.7071583,train,p25,dataset_2,centrality
306,0.6931471805599453,0.7071583,train,p25,dataset_2,centrality
887,0.6931471805599453,0.7071583,train,p25,dataset_2,centrality
141,0.6931471805599453,0.7071583,train,p25,dataset_2,centrality
142,0.6931471805599453,0.7071583,train,p25,dataset_2,centrality
50,0.6931471805599453,0.7071583,train,p25,dataset_2,centrality
267,0.6931471805599453,0.7071583,train,p25,dataset_2,centrality
842,0.6931471805599453,0.7071583,train,p25,dataset_2,centrality
819,0.6931471805599453,0.7071583,train,p25,dataset_2,centrality
1189,0.6931471805599453,0.7071583,train,p25,dataset_2,centrality
374,0.6931471805599453,0.7071583,train,p25,dataset_2,centrality
1425,0.6931471805599453,0.7071583,train,p25,dataset_2,centrality
1293,0.6931471805599453,0.7071583,train,p25,dataset_2,centrality
1320,1.0986122886681098,1.1679614,train,p25,dataset_2,centrality
511,0.6931471805599453,0.7071583,train,p25,dataset_2,centrality
1295,0.6931471805599453,0.7071583,train,p25,dataset_2,centrality
893,0.6931471805599453,0.7071583,train,p25,dataset_2,centrality
846,0.6931471805599453,0.7071583,train,p25,dataset_2,centrality
965,0.6931471805599453,0.7071583,train,p25,dataset_2,centrality
864,0.6931471805599453,0.7071583,train,p25,dataset_2,centrality
974,0.6931471805599453,0.7071583,train,p25,dataset_2,centrality
1146,0.6931471805599453,0.7071583,train,p25,dataset_2,centrality
1136,0.6931471805599453,0.7071583,train,p25,dataset_2,centrality
1327,0.6931471805599453,0.7071583,train,p25,dataset_2,centrality
1073,0.6931471805599453,0.7071583,train,p25,dataset_2,centrality
380,0.6931471805599453,0.7071583,train,p25,dataset_2,centrality
1294,0.6931471805599453,0.7071583,train,p25,dataset_2,centrality
1125,1.0986122886681098,0.8529506,train,p25,dataset_2,centrality
458,0.6931471805599453,0.7071583,train,p25,dataset_2,centrality
600,0.6931471805599453,0.7071583,train,p25,dataset_2,centrality
1398,0.6931471805599453,0.7071583,train,p25,dataset_2,centrality
1246,0.6931471805599453,0.7071583,train,p25,dataset_2,centrality
329,0.6931471805599453,0.7071583,train,p25,dataset_2,centrality
531,0.6931471805599453,0.7071583,train,p25,dataset_2,centrality
1268,0.6931471805599453,0.7071583,train,p25,dataset_2,centrality
1013,0.6931471805599453,0.7071583,train,p25,dataset_2,centrality
353,0.6931471805599453,0.7071583,train,p25,dataset_2,centrality
799,0.6931471805599453,0.7071583,train,p25,dataset_2,centrality
1169,3.737669618283368,2.8629317,train,p25,dataset_2,centrality
984,0.6931471805599453,0.7071583,train,p25,dataset_2,centrality
946,0.6931471805599453,0.7071583,train,p25,dataset_2,centrality
1368,0.6931471805599453,0.7071583,train,p25,dataset_2,centrality
445,0.6931471805599453,0.7071583,train,p25,dataset_2,centrality
459,0.6931471805599453,0.7071583,train,p25,dataset_2,centrality
1039,0.6931471805599453,0.7071583,train,p25,dataset_2,centrality
986,0.6931471805599453,0.7071583,train,p25,dataset_2,centrality
838,1.0986122886681098,0.7071583,train,p25,dataset_2,centrality
981,0.6931471805599453,0.7071583,train,p25,dataset_2,centrality
450,0.6931471805599453,0.7071583,train,p25,dataset_2,centrality
273,0.6931471805599453,0.7071583,train,p25,dataset_2,centrality
723,0.6931471805599453,0.95780694,train,p25,dataset_2,centrality
49,0.6931471805599453,0.7071583,train,p25,dataset_2,centrality
1420,0.6931471805599453,0.7071583,train,p25,dataset_2,centrality
438,0.6931471805599453,0.7071583,train,p25,dataset_2,centrality
447,0.6931471805599453,0.7071583,train,p25,dataset_2,centrality
1238,0.6931471805599453,0.7071583,train,p25,dataset_2,centrality
937,0.6931471805599453,0.7071583,train,p25,dataset_2,centrality
822,0.6931471805599453,0.7071583,train,p25,dataset_2,centrality
1171,1.0986122886681098,0.9937799,train,p25,dataset_2,centrality
396,0.6931471805599453,1.6505646,train,p25,dataset_2,centrality
1391,0.6931471805599453,0.7891778,train,p25,dataset_2,centrality
697,0.6931471805599453,0.7071583,train,p25,dataset_2,centrality
708,0.6931471805599453,0.7071583,train,p25,dataset_2,centrality
1068,0.6931471805599453,0.7071583,train,p25,dataset_2,centrality
361,0.6931471805599453,0.7071583,train,p25,dataset_2,centrality
562,0.6931471805599453,0.7071583,train,p25,dataset_2,centrality
753,0.6931471805599453,0.7071583,train,p25,dataset_2,centrality
520,0.6931471805599453,0.7071583,train,p25,dataset_2,centrality
359,0.6931471805599453,0.7071583,train,p25,dataset_2,centrality
852,0.6931471805599453,0.7071583,train,p25,dataset_2,centrality
555,0.6931471805599453,0.7891778,train,p25,dataset_2,centrality
197,0.6931471805599453,0.7071583,train,p25,dataset_2,centrality
1323,1.6094379124341005,1.2444283,train,p25,dataset_2,centrality
1397,0.6931471805599453,0.7071583,train,p25,dataset_2,centrality
752,0.6931471805599453,0.7071583,train,p25,dataset_2,centrality
712,1.0986122886681098,0.7891778,train,p25,dataset_2,centrality
406,0.6931471805599453,0.7071583,train,p25,dataset_2,centrality
24,0.6931471805599453,0.7071583,train,p25,dataset_2,centrality
514,0.6931471805599453,0.7071583,train,p25,dataset_2,centrality
480,0.6931471805599453,0.7071583,train,p25,dataset_2,centrality
922,0.6931471805599453,0.7071583,train,p25,dataset_2,centrality
59,0.6931471805599453,0.7071583,train,p25,dataset_2,centrality
1439,0.6931471805599453,0.7071583,train,p25,dataset_2,centrality
1220,0.6931471805599453,0.7071583,train,p25,dataset_2,centrality
542,0.6931471805599453,0.7071583,train,p25,dataset_2,centrality
837,0.6931471805599453,0.7071583,train,p25,dataset_2,centrality
434,0.6931471805599453,0.7071583,train,p25,dataset_2,centrality
83,1.0986122886681098,0.7891778,train,p25,dataset_2,centrality
663,0.6931471805599453,0.7071583,train,p25,dataset_2,centrality
1214,0.6931471805599453,0.7071583,train,p25,dataset_2,centrality
217,0.6931471805599453,0.7071583,train,p25,dataset_2,centrality
276,0.6931471805599453,0.7071583,train,p25,dataset_2,centrality
395,3.912023005428146,2.418984,train,p25,dataset_2,centrality
161,0.6931471805599453,0.7071583,train,p25,dataset_2,centrality
237,1.3862943611198906,1.2444283,train,p25,dataset_2,centrality
829,0.6931471805599453,0.7071583,train,p25,dataset_2,centrality
1098,0.6931471805599453,0.7071583,train,p25,dataset_2,centrality
535,0.6931471805599453,0.7071583,train,p25,dataset_2,centrality
456,0.6931471805599453,0.7071583,train,p25,dataset_2,centrality
1173,1.6094379124341005,1.3305664,train,p25,dataset_2,centrality
1300,0.6931471805599453,0.7071583,train,p25,dataset_2,centrality
227,0.6931471805599453,0.7071583,train,p25,dataset_2,centrality
209,1.0986122886681098,1.9930446,train,p25,dataset_2,centrality
612,0.6931471805599453,0.7071583,train,p25,dataset_2,centrality
910,0.6931471805599453,0.7071583,train,p25,dataset_2,centrality
999,0.6931471805599453,0.7071583,train,p25,dataset_2,centrality
1338,0.6931471805599453,0.7071583,train,p25,dataset_2,centrality
1226,0.6931471805599453,0.7071583,train,p25,dataset_2,centrality
16,0.6931471805599453,0.7071583,train,p25,dataset_2,centrality
1102,0.6931471805599453,0.7071583,train,p25,dataset_2,centrality
855,0.6931471805599453,0.7071583,train,p25,dataset_2,centrality
564,0.6931471805599453,0.7071583,train,p25,dataset_2,centrality
62,0.6931471805599453,0.7071583,train,p25,dataset_2,centrality
1000,0.6931471805599453,0.7071583,train,p25,dataset_2,centrality
661,0.6931471805599453,0.7071583,train,p25,dataset_2,centrality
485,0.6931471805599453,0.7071583,train,p25,dataset_2,centrality
1090,2.3978952727983707,1.7466768,train,p25,dataset_2,centrality
1184,1.0986122886681098,0.7071583,train,p25,dataset_2,centrality
509,0.6931471805599453,0.7071583,train,p25,dataset_2,centrality
1049,0.6931471805599453,0.7071583,train,p25,dataset_2,centrality
7,0.6931471805599453,0.7071583,train,p25,dataset_2,centrality
106,1.0986122886681098,0.7071583,train,p25,dataset_2,centrality
8,0.6931471805599453,0.7071583,train,p25,dataset_2,centrality
930,0.6931471805599453,0.7071583,train,p25,dataset_2,centrality
390,0.6931471805599453,0.7071583,train,p25,dataset_2,centrality
159,0.6931471805599453,0.7071583,train,p25,dataset_2,centrality
88,0.6931471805599453,0.7071583,train,p25,dataset_2,centrality
269,0.6931471805599453,0.7071583,validation,p25,dataset_2,centrality
1018,0.6931471805599453,0.7071583,validation,p25,dataset_2,centrality
1159,0.6931471805599453,0.7071583,validation,p25,dataset_2,centrality
1101,0.6931471805599453,0.7071583,validation,p25,dataset_2,centrality
710,0.6931471805599453,0.7071583,validation,p25,dataset_2,centrality
236,0.6931471805599453,0.7071583,validation,p25,dataset_2,centrality
108,0.6931471805599453,0.7071583,validation,p25,dataset_2,centrality
985,0.6931471805599453,0.7071583,validation,p25,dataset_2,centrality
195,0.6931471805599453,0.7071583,validation,p25,dataset_2,centrality
1247,0.6931471805599453,0.7071583,validation,p25,dataset_2,centrality
839,0.6931471805599453,0.7071583,validation,p25,dataset_2,centrality
1437,0.6931471805599453,0.7071583,validation,p25,dataset_2,centrality
778,0.6931471805599453,0.7071583,validation,p25,dataset_2,centrality
620,0.6931471805599453,0.7071583,validation,p25,dataset_2,centrality
886,0.6931471805599453,0.95780694,validation,p25,dataset_2,centrality
109,0.6931471805599453,0.7071583,validation,p25,dataset_2,centrality
1094,0.6931471805599453,0.7071583,validation,p25,dataset_2,centrality
1307,0.6931471805599453,0.7071583,validation,p25,dataset_2,centrality
105,0.6931471805599453,0.7071583,validation,p25,dataset_2,centrality
1418,0.6931471805599453,0.7071583,validation,p25,dataset_2,centrality
162,0.6931471805599453,0.7071583,validation,p25,dataset_2,centrality
714,3.610917912644224,3.4095106,validation,p25,dataset_2,centrality
296,0.6931471805599453,0.7071583,validation,p25,dataset_2,centrality
57,0.6931471805599453,0.7071583,validation,p25,dataset_2,centrality
817,0.6931471805599453,0.7071583,validation,p25,dataset_2,centrality
914,0.6931471805599453,0.7071583,validation,p25,dataset_2,centrality
151,0.6931471805599453,0.7071583,validation,p25,dataset_2,centrality
222,0.6931471805599453,0.7071583,validation,p25,dataset_2,centrality
99,0.6931471805599453,0.7071583,validation,p25,dataset_2,centrality
532,0.6931471805599453,0.7071583,validation,p25,dataset_2,centrality
1433,0.6931471805599453,0.7071583,validation,p25,dataset_2,centrality
274,0.6931471805599453,0.7071583,validation,p25,dataset_2,centrality
1026,0.6931471805599453,0.7071583,validation,p25,dataset_2,centrality
1380,1.3862943611198906,1.2444283,validation,p25,dataset_2,centrality
89,0.6931471805599453,0.7071583,validation,p25,dataset_2,centrality
525,1.0986122886681098,0.7071583,validation,p25,dataset_2,centrality
679,0.6931471805599453,1.0595278,validation,p25,dataset_2,centrality
261,0.6931471805599453,0.7071583,validation,p25,dataset_2,centrality
728,0.6931471805599453,0.7071583,validation,p25,dataset_2,centrality
867,0.6931471805599453,0.7071583,validation,p25,dataset_2,centrality
536,0.6931471805599453,0.7071583,validation,p25,dataset_2,centrality
1259,0.6931471805599453,0.7071583,validation,p25,dataset_2,centrality
931,0.6931471805599453,0.7071583,validation,p25,dataset_2,centrality
745,0.6931471805599453,0.7891778,validation,p25,dataset_2,centrality
117,0.6931471805599453,0.7071583,validation,p25,dataset_2,centrality
681,0.6931471805599453,0.7071583,validation,p25,dataset_2,centrality
1375,0.6931471805599453,0.7071583,validation,p25,dataset_2,centrality
367,0.6931471805599453,0.7071583,validation,p25,dataset_2,centrality
265,0.6931471805599453,0.7071583,validation,p25,dataset_2,centrality
957,0.6931471805599453,0.7071583,validation,p25,dataset_2,centrality
1256,0.6931471805599453,0.7071583,validation,p25,dataset_2,centrality
726,1.0986122886681098,0.8529506,validation,p25,dataset_2,centrality
301,0.6931471805599453,0.7071583,validation,p25,dataset_2,centrality
1147,0.6931471805599453,0.8529506,validation,p25,dataset_2,centrality
320,0.6931471805599453,0.7071583,validation,p25,dataset_2,centrality
768,0.6931471805599453,0.7071583,validation,p25,dataset_2,centrality
1143,1.3862943611198906,1.2444283,validation,p25,dataset_2,centrality
792,0.6931471805599453,0.7071583,validation,p25,dataset_2,centrality
55,0.6931471805599453,0.7071583,validation,p25,dataset_2,centrality
901,0.6931471805599453,0.7071583,validation,p25,dataset_2,centrality
1429,0.6931471805599453,0.7071583,validation,p25,dataset_2,centrality
372,0.6931471805599453,0.7071583,validation,p25,dataset_2,centrality
1108,0.6931471805599453,0.7071583,validation,p25,dataset_2,centrality
643,1.0986122886681098,1.5617764,validation,p25,dataset_2,centrality
625,2.3978952727983707,2.2112188,validation,p25,dataset_2,centrality
938,0.6931471805599453,0.7071583,validation,p25,dataset_2,centrality
439,0.6931471805599453,0.7071583,validation,p25,dataset_2,centrality
987,0.6931471805599453,0.7071583,validation,p25,dataset_2,centrality
833,0.6931471805599453,0.7071583,validation,p25,dataset_2,centrality
832,0.6931471805599453,0.7071583,validation,p25,dataset_2,centrality
636,1.9459101490553132,2.8238022,validation,p25,dataset_2,centrality
1367,0.6931471805599453,0.7071583,validation,p25,dataset_2,centrality
978,0.6931471805599453,0.7071583,validation,p25,dataset_2,centrality
466,0.6931471805599453,0.7071583,validation,p25,dataset_2,centrality
1407,0.6931471805599453,0.7071583,validation,p25,dataset_2,centrality
522,0.6931471805599453,0.7071583,validation,p25,dataset_2,centrality
286,0.6931471805599453,0.7071583,validation,p25,dataset_2,centrality
46,0.6931471805599453,0.7071583,validation,p25,dataset_2,centrality
131,0.6931471805599453,0.7071583,validation,p25,dataset_2,centrality
1120,0.6931471805599453,0.7071583,validation,p25,dataset_2,centrality
518,0.6931471805599453,0.7071583,validation,p25,dataset_2,centrality
966,0.6931471805599453,0.7071583,validation,p25,dataset_2,centrality
325,0.6931471805599453,0.7071583,validation,p25,dataset_2,centrality
1263,0.6931471805599453,0.7071583,validation,p25,dataset_2,centrality
724,1.3862943611198906,0.9937799,validation,p25,dataset_2,centrality
183,0.6931471805599453,0.7071583,validation,p25,dataset_2,centrality
130,0.6931471805599453,0.7071583,validation,p25,dataset_2,centrality
1196,0.6931471805599453,0.7071583,validation,p25,dataset_2,centrality
898,0.6931471805599453,0.7071583,validation,p25,dataset_2,centrality
1235,0.6931471805599453,0.7071583,validation,p25,dataset_2,centrality
231,0.6931471805599453,0.7071583,validation,p25,dataset_2,centrality
128,0.6931471805599453,0.7071583,validation,p25,dataset_2,centrality
110,0.6931471805599453,0.7071583,validation,p25,dataset_2,centrality
781,0.6931471805599453,0.7071583,validation,p25,dataset_2,centrality
766,0.6931471805599453,0.7071583,validation,p25,dataset_2,centrality
36,0.6931471805599453,0.7071583,validation,p25,dataset_2,centrality
123,0.6931471805599453,0.7071583,validation,p25,dataset_2,centrality
704,0.6931471805599453,0.7071583,validation,p25,dataset_2,centrality
810,0.6931471805599453,0.7071583,validation,p25,dataset_2,centrality
1350,0.6931471805599453,0.7071583,validation,p25,dataset_2,centrality
1412,0.6931471805599453,0.7071583,validation,p25,dataset_2,centrality
64,0.6931471805599453,0.7071583,validation,p25,dataset_2,centrality
606,0.6931471805599453,0.7071583,validation,p25,dataset_2,centrality
528,0.6931471805599453,0.7071583,validation,p25,dataset_2,centrality
435,0.6931471805599453,0.7891778,validation,p25,dataset_2,centrality
626,2.302585092994046,3.4095106,validation,p25,dataset_2,centrality
6,0.6931471805599453,0.7071583,validation,p25,dataset_2,centrality
1237,0.6931471805599453,0.7071583,validation,p25,dataset_2,centrality
1223,0.6931471805599453,0.7071583,validation,p25,dataset_2,centrality
1130,0.6931471805599453,0.9937799,validation,p25,dataset_2,centrality
692,0.6931471805599453,0.7071583,validation,p25,dataset_2,centrality
1158,1.0986122886681098,0.9937799,validation,p25,dataset_2,centrality
118,0.6931471805599453,0.7071583,validation,p25,dataset_2,centrality
908,0.6931471805599453,0.7071583,validation,p25,dataset_2,centrality
565,0.6931471805599453,0.7071583,validation,p25,dataset_2,centrality
150,0.6931471805599453,0.7071583,validation,p25,dataset_2,centrality
191,0.6931471805599453,0.7071583,validation,p25,dataset_2,centrality
1012,0.6931471805599453,0.7071583,validation,p25,dataset_2,centrality
53,0.6931471805599453,0.7071583,validation,p25,dataset_2,centrality
360,0.6931471805599453,0.7071583,validation,p25,dataset_2,centrality
1099,0.6931471805599453,1.0799181,validation,p25,dataset_2,centrality
630,2.8903717578961645,3.4095106,validation,p25,dataset_2,centrality
112,0.6931471805599453,0.7071583,validation,p25,dataset_2,centrality
827,0.6931471805599453,0.7071583,validation,p25,dataset_2,centrality
493,0.6931471805599453,0.7071583,validation,p25,dataset_2,centrality
257,1.9459101490553132,1.2444283,validation,p25,dataset_2,centrality
1057,0.6931471805599453,0.7071583,validation,p25,dataset_2,centrality
451,0.6931471805599453,0.7071583,validation,p25,dataset_2,centrality
879,0.6931471805599453,0.7071583,validation,p25,dataset_2,centrality
68,0.6931471805599453,0.7071583,validation,p25,dataset_2,centrality
1070,0.6931471805599453,0.7071583,validation,p25,dataset_2,centrality
266,0.6931471805599453,0.7071583,validation,p25,dataset_2,centrality
1014,0.6931471805599453,0.7071583,validation,p25,dataset_2,centrality
1078,0.6931471805599453,0.7071583,validation,p25,dataset_2,centrality
529,0.6931471805599453,0.7891778,validation,p25,dataset_2,centrality
489,0.6931471805599453,0.7071583,validation,p25,dataset_2,centrality
1011,0.6931471805599453,0.7071583,validation,p25,dataset_2,centrality
823,0.6931471805599453,0.7071583,validation,p25,dataset_2,centrality
738,1.0986122886681098,0.7071583,validation,p25,dataset_2,centrality
1006,0.6931471805599453,0.7071583,validation,p25,dataset_2,centrality
1379,1.0986122886681098,1.4656641,validation,p25,dataset_2,centrality
1166,2.9444389791664403,3.214448,validation,p25,dataset_2,centrality
1337,0.6931471805599453,0.7071583,validation,p25,dataset_2,centrality
371,0.6931471805599453,0.7071583,validation,p25,dataset_2,centrality
913,0.6931471805599453,0.7071583,validation,p25,dataset_2,centrality
254,0.6931471805599453,0.7071583,validation,p25,dataset_2,centrality
1313,0.6931471805599453,0.7071583,validation,p25,dataset_2,centrality
264,0.6931471805599453,0.7071583,validation,p25,dataset_2,centrality
1008,0.6931471805599453,0.7071583,validation,p25,dataset_2,centrality
933,0.6931471805599453,0.7071583,validation,p25,dataset_2,centrality
1205,0.6931471805599453,0.7071583,validation,p25,dataset_2,centrality
488,0.6931471805599453,0.7071583,validation,p25,dataset_2,centrality
1225,0.6931471805599453,0.7071583,validation,p25,dataset_2,centrality
577,0.6931471805599453,0.7071583,validation,p25,dataset_2,centrality
732,0.6931471805599453,1.103599,validation,p25,dataset_2,centrality
538,0.6931471805599453,1.2444283,validation,p25,dataset_2,centrality
332,0.6931471805599453,0.7071583,validation,p25,dataset_2,centrality
631,1.9459101490553132,2.8238022,validation,p25,dataset_2,centrality
874,0.6931471805599453,0.7071583,validation,p25,dataset_2,centrality
687,0.6931471805599453,0.7071583,validation,p25,dataset_2,centrality
216,0.6931471805599453,0.7071583,validation,p25,dataset_2,centrality
761,0.6931471805599453,0.7071583,validation,p25,dataset_2,centrality
803,0.6931471805599453,0.7071583,validation,p25,dataset_2,centrality
769,0.6931471805599453,0.7071583,validation,p25,dataset_2,centrality
51,0.6931471805599453,0.7071583,validation,p25,dataset_2,centrality
375,0.6931471805599453,0.7071583,validation,p25,dataset_2,centrality
18,1.0986122886681098,0.7071583,validation,p25,dataset_2,centrality
279,0.6931471805599453,0.7071583,validation,p25,dataset_2,centrality
801,0.6931471805599453,0.7071583,validation,p25,dataset_2,centrality
193,0.6931471805599453,0.7071583,validation,p25,dataset_2,centrality
311,0.6931471805599453,0.7071583,validation,p25,dataset_2,centrality
19,0.6931471805599453,0.7071583,validation,p25,dataset_2,centrality
478,0.6931471805599453,0.7071583,validation,p25,dataset_2,centrality
1043,0.6931471805599453,0.7071583,validation,p25,dataset_2,centrality
1218,0.6931471805599453,0.7071583,validation,p25,dataset_2,centrality
404,1.3862943611198906,2.2008102,validation,p25,dataset_2,centrality
1290,0.6931471805599453,0.7071583,validation,p25,dataset_2,centrality
81,1.3862943611198906,1.874904,validation,p25,dataset_2,centrality
429,0.6931471805599453,0.7071583,validation,p25,dataset_2,centrality
932,0.6931471805599453,0.7071583,validation,p25,dataset_2,centrality
454,0.6931471805599453,0.7071583,validation,p25,dataset_2,centrality
976,0.6931471805599453,0.7071583,validation,p25,dataset_2,centrality
389,0.6931471805599453,0.7071583,validation,p25,dataset_2,centrality
983,0.6931471805599453,0.7071583,validation,p25,dataset_2,centrality
1121,0.6931471805599453,0.8529506,validation,p25,dataset_2,centrality
942,0.6931471805599453,0.7071583,validation,p25,dataset_2,centrality
31,0.6931471805599453,1.027132,validation,p25,dataset_2,centrality
1149,0.6931471805599453,0.7071583,validation,p25,dataset_2,centrality
457,0.6931471805599453,0.7071583,validation,p25,dataset_2,centrality
1028,0.6931471805599453,0.7071583,validation,p25,dataset_2,centrality
1432,0.6931471805599453,0.7071583,validation,p25,dataset_2,centrality
892,0.6931471805599453,0.7071583,validation,p25,dataset_2,centrality
148,0.6931471805599453,0.7071583,validation,p25,dataset_2,centrality
39,0.6931471805599453,0.7071583,validation,p25,dataset_2,centrality
862,0.6931471805599453,0.7071583,validation,p25,dataset_2,centrality
513,0.6931471805599453,0.7071583,validation,p25,dataset_2,centrality
419,1.0986122886681098,0.7071583,validation,p25,dataset_2,centrality
1322,0.6931471805599453,0.7071583,validation,p25,dataset_2,centrality
1428,0.6931471805599453,0.7071583,validation,p25,dataset_2,centrality
448,0.6931471805599453,0.7071583,validation,p25,dataset_2,centrality
967,0.6931471805599453,0.7071583,validation,p25,dataset_2,centrality
1064,0.6931471805599453,0.7071583,validation,p25,dataset_2,centrality
934,0.6931471805599453,0.7071583,validation,p25,dataset_2,centrality
1424,0.6931471805599453,0.7071583,validation,p25,dataset_2,centrality
581,0.6931471805599453,0.7071583,validation,p25,dataset_2,centrality
656,0.6931471805599453,0.7709311,validation,p25,dataset_2,centrality
363,0.6931471805599453,0.7071583,validation,p25,dataset_2,centrality
1201,0.6931471805599453,0.7071583,validation,p25,dataset_2,centrality
259,0.6931471805599453,0.7071583,validation,p25,dataset_2,centrality
1378,0.6931471805599453,0.7071583,validation,p25,dataset_2,centrality
1251,0.6931471805599453,0.7071583,validation,p25,dataset_2,centrality
352,0.6931471805599453,0.7071583,validation,p25,dataset_2,centrality
22,0.6931471805599453,0.7071583,validation,p25,dataset_2,centrality
364,0.6931471805599453,0.7071583,validation,p25,dataset_2,centrality
1339,0.6931471805599453,0.7071583,validation,p25,dataset_2,centrality
1283,0.6931471805599453,0.7071583,validation,p25,dataset_2,centrality
42,0.6931471805599453,0.7071583,validation,p25,dataset_2,centrality
1154,0.6931471805599453,0.7071583,test,p25,dataset_2,centrality
699,0.6931471805599453,0.7071583,test,p25,dataset_2,centrality
225,0.6931471805599453,0.7071583,test,p25,dataset_2,centrality
336,0.6931471805599453,0.7071583,test,p25,dataset_2,centrality
1260,0.6931471805599453,0.7071583,test,p25,dataset_2,centrality
1345,0.6931471805599453,0.7071583,test,p25,dataset_2,centrality
597,0.6931471805599453,0.7709311,test,p25,dataset_2,centrality
164,0.6931471805599453,0.7071583,test,p25,dataset_2,centrality
921,0.6931471805599453,0.7071583,test,p25,dataset_2,centrality
288,0.6931471805599453,0.7071583,test,p25,dataset_2,centrality
652,1.0986122886681098,0.8529506,test,p25,dataset_2,centrality
437,0.6931471805599453,0.7071583,test,p25,dataset_2,centrality
860,0.6931471805599453,0.7071583,test,p25,dataset_2,centrality
844,0.6931471805599453,0.7071583,test,p25,dataset_2,centrality
497,0.6931471805599453,0.7071583,test,p25,dataset_2,centrality
1123,0.6931471805599453,0.7071583,test,p25,dataset_2,centrality
1333,0.6931471805599453,0.7071583,test,p25,dataset_2,centrality
1361,0.6931471805599453,0.7071583,test,p25,dataset_2,centrality
1410,0.6931471805599453,0.7071583,test,p25,dataset_2,centrality
334,0.6931471805599453,0.7071583,test,p25,dataset_2,centrality
1292,0.6931471805599453,0.7071583,test,p25,dataset_2,centrality
1431,0.6931471805599453,0.7071583,test,p25,dataset_2,centrality
228,0.6931471805599453,0.7071583,test,p25,dataset_2,centrality
137,0.6931471805599453,0.7071583,test,p25,dataset_2,centrality
1326,0.6931471805599453,0.8529506,test,p25,dataset_2,centrality
1144,0.6931471805599453,0.7071583,test,p25,dataset_2,centrality
1374,0.6931471805599453,0.7071583,test,p25,dataset_2,centrality
189,0.6931471805599453,0.7071583,test,p25,dataset_2,centrality
307,0.6931471805599453,0.7071583,test,p25,dataset_2,centrality
994,0.6931471805599453,0.7071583,test,p25,dataset_2,centrality
20,0.6931471805599453,0.7071583,test,p25,dataset_2,centrality
41,0.6931471805599453,0.7071583,test,p25,dataset_2,centrality
702,0.6931471805599453,0.7071583,test,p25,dataset_2,centrality
133,0.6931471805599453,0.7071583,test,p25,dataset_2,centrality
422,0.6931471805599453,0.7071583,test,p25,dataset_2,centrality
1046,0.6931471805599453,0.7071583,test,p25,dataset_2,centrality
956,0.6931471805599453,0.7071583,test,p25,dataset_2,centrality
1019,0.6931471805599453,0.7071583,test,p25,dataset_2,centrality
554,3.295836866004329,2.2112188,test,p25,dataset_2,centrality
859,0.6931471805599453,0.7071583,test,p25,dataset_2,centrality
115,0.6931471805599453,0.7071583,test,p25,dataset_2,centrality
490,0.6931471805599453,0.7071583,test,p25,dataset_2,centrality
65,0.6931471805599453,0.91176045,test,p25,dataset_2,centrality
1040,0.6931471805599453,0.7071583,test,p25,dataset_2,centrality
362,0.6931471805599453,0.7071583,test,p25,dataset_2,centrality
767,1.0986122886681098,0.7891778,test,p25,dataset_2,centrality
925,0.6931471805599453,0.7071583,test,p25,dataset_2,centrality
494,0.6931471805599453,0.7071583,test,p25,dataset_2,centrality
722,1.0986122886681098,1.2444283,test,p25,dataset_2,centrality
1082,0.6931471805599453,0.7071583,test,p25,dataset_2,centrality
200,0.6931471805599453,0.7071583,test,p25,dataset_2,centrality
1060,0.6931471805599453,0.7071583,test,p25,dataset_2,centrality
1037,0.6931471805599453,0.7071583,test,p25,dataset_2,centrality
813,0.6931471805599453,0.7071583,test,p25,dataset_2,centrality
1314,0.6931471805599453,0.7071583,test,p25,dataset_2,centrality
869,0.6931471805599453,0.7071583,test,p25,dataset_2,centrality
1165,2.4849066497880004,3.4095106,test,p25,dataset_2,centrality
1306,0.6931471805599453,0.7071583,test,p25,dataset_2,centrality
637,1.791759469228055,1.3171878,test,p25,dataset_2,centrality
685,0.6931471805599453,0.7071583,test,p25,dataset_2,centrality
1304,0.6931471805599453,0.7071583,test,p25,dataset_2,centrality
856,0.6931471805599453,0.7071583,test,p25,dataset_2,centrality
751,1.0986122886681098,0.7891778,test,p25,dataset_2,centrality
433,0.6931471805599453,0.7071583,test,p25,dataset_2,centrality
582,0.6931471805599453,0.7071583,test,p25,dataset_2,centrality
125,0.6931471805599453,0.7071583,test,p25,dataset_2,centrality
794,0.6931471805599453,0.7071583,test,p25,dataset_2,centrality
235,2.1972245773362196,2.2008102,test,p25,dataset_2,centrality
213,1.0986122886681098,1.103599,test,p25,dataset_2,centrality
1353,0.6931471805599453,0.96335936,test,p25,dataset_2,centrality
1257,0.6931471805599453,0.7071583,test,p25,dataset_2,centrality
1200,0.6931471805599453,0.7071583,test,p25,dataset_2,centrality
900,0.6931471805599453,0.7071583,test,p25,dataset_2,centrality
1207,0.6931471805599453,0.7071583,test,p25,dataset_2,centrality
660,0.6931471805599453,0.7071583,test,p25,dataset_2,centrality
1336,0.6931471805599453,0.7071583,test,p25,dataset_2,centrality
205,0.6931471805599453,0.7071583,test,p25,dataset_2,centrality
948,0.6931471805599453,0.7071583,test,p25,dataset_2,centrality
1206,0.6931471805599453,0.7071583,test,p25,dataset_2,centrality
94,0.6931471805599453,0.7071583,test,p25,dataset_2,centrality
414,0.6931471805599453,0.7709311,test,p25,dataset_2,centrality
244,0.6931471805599453,0.7071583,test,p25,dataset_2,centrality
701,1.0986122886681098,0.7709311,test,p25,dataset_2,centrality
556,0.6931471805599453,0.7071583,test,p25,dataset_2,centrality
1376,0.6931471805599453,0.7071583,test,p25,dataset_2,centrality
1356,0.6931471805599453,0.7071583,test,p25,dataset_2,centrality
746,0.6931471805599453,0.7071583,test,p25,dataset_2,centrality
21,0.6931471805599453,0.7071583,test,p25,dataset_2,centrality
763,0.6931471805599453,0.7071583,test,p25,dataset_2,centrality
1016,0.6931471805599453,0.7071583,test,p25,dataset_2,centrality
790,0.6931471805599453,0.7071583,test,p25,dataset_2,centrality
1105,0.6931471805599453,0.7071583,test,p25,dataset_2,centrality
1229,0.6931471805599453,0.7071583,test,p25,dataset_2,centrality
1355,2.0794415416798357,2.8238022,test,p25,dataset_2,centrality
717,2.9444389791664403,2.8238022,test,p25,dataset_2,centrality
146,0.6931471805599453,0.7071583,test,p25,dataset_2,centrality
407,0.6931471805599453,0.7891778,test,p25,dataset_2,centrality
1271,0.6931471805599453,0.7071583,test,p25,dataset_2,centrality
35,0.6931471805599453,0.7071583,test,p25,dataset_2,centrality
312,0.6931471805599453,0.7071583,test,p25,dataset_2,centrality
1363,0.6931471805599453,0.7071583,test,p25,dataset_2,centrality
1315,0.6931471805599453,0.7071583,test,p25,dataset_2,centrality
880,0.6931471805599453,0.7071583,test,p25,dataset_2,centrality
399,2.3978952727983707,2.6056285,test,p25,dataset_2,centrality
572,0.6931471805599453,0.7071583,test,p25,dataset_2,centrality
246,1.3862943611198906,1.2444283,test,p25,dataset_2,centrality
192,0.6931471805599453,0.7071583,test,p25,dataset_2,centrality
1111,0.6931471805599453,0.7071583,test,p25,dataset_2,centrality
1168,1.6094379124341005,1.4790428,test,p25,dataset_2,centrality
816,0.6931471805599453,0.7071583,test,p25,dataset_2,centrality
594,0.6931471805599453,0.7071583,test,p25,dataset_2,centrality
943,0.6931471805599453,0.7071583,test,p25,dataset_2,centrality
1416,0.6931471805599453,0.7071583,test,p25,dataset_2,centrality
295,0.6931471805599453,0.7071583,test,p25,dataset_2,centrality
472,0.6931471805599453,0.7071583,test,p25,dataset_2,centrality
599,0.6931471805599453,0.7071583,test,p25,dataset_2,centrality
262,0.6931471805599453,0.7071583,test,p25,dataset_2,centrality
203,0.6931471805599453,0.7071583,test,p25,dataset_2,centrality
212,0.6931471805599453,0.7071583,test,p25,dataset_2,centrality
1186,0.6931471805599453,0.7071583,test,p25,dataset_2,centrality
870,0.6931471805599453,0.7071583,test,p25,dataset_2,centrality
240,2.0794415416798357,1.9930446,test,p25,dataset_2,centrality
919,0.6931471805599453,0.7071583,test,p25,dataset_2,centrality
408,0.6931471805599453,0.7071583,test,p25,dataset_2,centrality
1409,0.6931471805599453,0.7071583,test,p25,dataset_2,centrality
1085,0.6931471805599453,0.7071583,test,p25,dataset_2,centrality
828,0.6931471805599453,0.7071583,test,p25,dataset_2,centrality
169,0.6931471805599453,0.7071583,test,p25,dataset_2,centrality
539,0.6931471805599453,2.0157337,test,p25,dataset_2,centrality
1131,0.6931471805599453,0.7071583,test,p25,dataset_2,centrality
905,0.6931471805599453,0.7071583,test,p25,dataset_2,centrality
696,0.6931471805599453,0.7071583,test,p25,dataset_2,centrality
748,1.0986122886681098,0.7071583,test,p25,dataset_2,centrality
14,0.6931471805599453,0.7071583,test,p25,dataset_2,centrality
1164,1.0986122886681098,0.7891778,test,p25,dataset_2,centrality
1025,0.6931471805599453,0.7071583,test,p25,dataset_2,centrality
486,0.6931471805599453,0.7071583,test,p25,dataset_2,centrality
1203,0.6931471805599453,0.7071583,test,p25,dataset_2,centrality
841,0.6931471805599453,0.7071583,test,p25,dataset_2,centrality
962,0.6931471805599453,0.7071583,test,p25,dataset_2,centrality
588,1.0986122886681098,0.7071583,test,p25,dataset_2,centrality
812,0.6931471805599453,0.7071583,test,p25,dataset_2,centrality
1086,0.6931471805599453,0.7709311,test,p25,dataset_2,centrality
314,0.6931471805599453,0.7071583,test,p25,dataset_2,centrality
1231,0.6931471805599453,0.7071583,test,p25,dataset_2,centrality
400,1.791759469228055,1.730424,test,p25,dataset_2,centrality
1092,0.6931471805599453,0.7071583,test,p25,dataset_2,centrality
784,0.6931471805599453,0.7071583,test,p25,dataset_2,centrality
1381,0.6931471805599453,0.7071583,test,p25,dataset_2,centrality
149,0.6931471805599453,0.7071583,test,p25,dataset_2,centrality
298,0.6931471805599453,0.7071583,test,p25,dataset_2,centrality
13,0.6931471805599453,0.7071583,test,p25,dataset_2,centrality
831,0.6931471805599453,0.7071583,test,p25,dataset_2,centrality
505,0.6931471805599453,0.7071583,test,p25,dataset_2,centrality
1357,1.9459101490553132,1.3171878,test,p25,dataset_2,centrality
727,0.6931471805599453,0.8529506,test,p25,dataset_2,centrality
807,0.6931471805599453,0.7071583,test,p25,dataset_2,centrality
1213,0.6931471805599453,0.7071583,test,p25,dataset_2,centrality
1020,0.6931471805599453,0.7071583,test,p25,dataset_2,centrality
1174,1.3862943611198906,0.9937799,test,p25,dataset_2,centrality
1180,1.0986122886681098,1.103599,test,p25,dataset_2,centrality
935,0.6931471805599453,0.7071583,test,p25,dataset_2,centrality
431,1.0986122886681098,0.7071583,test,p25,dataset_2,centrality
190,0.6931471805599453,0.7071583,test,p25,dataset_2,centrality
1224,0.6931471805599453,0.7071583,test,p25,dataset_2,centrality
834,0.6931471805599453,0.7071583,test,p25,dataset_2,centrality
204,0.6931471805599453,0.7071583,test,p25,dataset_2,centrality
664,0.6931471805599453,0.7071583,test,p25,dataset_2,centrality
764,0.6931471805599453,0.7071583,test,p25,dataset_2,centrality
449,0.6931471805599453,0.7071583,test,p25,dataset_2,centrality
268,1.0986122886681098,1.1832846,test,p25,dataset_2,centrality
1150,0.6931471805599453,0.7071583,test,p25,dataset_2,centrality
417,0.6931471805599453,0.7071583,test,p25,dataset_2,centrality
1,0.6931471805599453,0.7071583,test,p25,dataset_2,centrality
598,0.6931471805599453,1.103599,test,p25,dataset_2,centrality
1095,0.6931471805599453,0.7071583,test,p25,dataset_2,centrality
1230,0.6931471805599453,0.7071583,test,p25,dataset_2,centrality
415,0.6931471805599453,0.8529506,test,p25,dataset_2,centrality
642,1.0986122886681098,1.2444283,test,p25,dataset_2,centrality
611,0.6931471805599453,0.7071583,test,p25,dataset_2,centrality
541,0.6931471805599453,0.7891778,test,p25,dataset_2,centrality
1261,0.6931471805599453,0.7071583,test,p25,dataset_2,centrality
1276,0.6931471805599453,0.7071583,test,p25,dataset_2,centrality
90,0.6931471805599453,0.7071583,test,p25,dataset_2,centrality
349,0.6931471805599453,0.7071583,test,p25,dataset_2,centrality
1077,0.6931471805599453,0.7071583,test,p25,dataset_2,centrality
430,0.6931471805599453,0.7071583,test,p25,dataset_2,centrality
1081,0.6931471805599453,0.7071583,test,p25,dataset_2,centrality
700,0.6931471805599453,0.7071583,test,p25,dataset_2,centrality
1383,0.6931471805599453,0.7071583,test,p25,dataset_2,centrality
356,0.6931471805599453,0.7071583,test,p25,dataset_2,centrality
993,0.6931471805599453,0.7071583,test,p25,dataset_2,centrality
101,0.6931471805599453,0.7071583,test,p25,dataset_2,centrality
98,0.6931471805599453,0.7071583,test,p25,dataset_2,centrality
1118,0.6931471805599453,0.7071583,test,p25,dataset_2,centrality
519,0.6931471805599453,0.7071583,test,p25,dataset_2,centrality
936,0.6931471805599453,0.7071583,test,p25,dataset_2,centrality
928,0.6931471805599453,0.7071583,test,p25,dataset_2,centrality
1423,0.6931471805599453,0.7071583,test,p25,dataset_2,centrality
774,0.6931471805599453,0.7071583,test,p25,dataset_2,centrality
896,0.6931471805599453,0.7071583,test,p25,dataset_2,centrality
1126,0.6931471805599453,0.7709311,test,p25,dataset_2,centrality
533,0.6931471805599453,0.7071583,test,p25,dataset_2,centrality
515,0.6931471805599453,0.7071583,test,p25,dataset_2,centrality
256,0.6931471805599453,0.7071583,test,p25,dataset_2,centrality
1321,1.0986122886681098,1.5617764,test,p25,dataset_2,centrality
695,0.6931471805599453,0.7071583,test,p25,dataset_2,centrality
1022,0.6931471805599453,0.7071583,test,p25,dataset_2,centrality
840,0.6931471805599453,0.7071583,test,p25,dataset_2,centrality
680,0.6931471805599453,0.7071583,test,p25,dataset_2,centrality
1239,0.6931471805599453,0.7071583,test,p25,dataset_2,centrality
427,0.6931471805599453,0.8529506,test,p25,dataset_2,centrality
124,0.6931471805599453,0.7071583,test,p25,dataset_2,centrality
523,0.6931471805599453,0.7071583,test,p25,dataset_2,centrality
1138,0.6931471805599453,0.7071583,test,p25,dataset_2,centrality
551,1.0986122886681098,1.8789004,test,p25,dataset_2,centrality
421,0.6931471805599453,0.7071583,test,p25,dataset_2,centrality
754,0.6931471805599453,0.7088853,train,p30,dataset_2,centrality
681,0.6931471805599453,0.7088853,train,p30,dataset_2,centrality
990,0.6931471805599453,0.7088853,train,p30,dataset_2,centrality
648,0.6931471805599453,0.84405035,train,p30,dataset_2,centrality
128,0.6931471805599453,0.7088853,train,p30,dataset_2,centrality
276,0.6931471805599453,0.7088853,train,p30,dataset_2,centrality
1407,0.6931471805599453,0.7088853,train,p30,dataset_2,centrality
772,0.6931471805599453,0.7088853,train,p30,dataset_2,centrality
908,0.6931471805599453,0.7088853,train,p30,dataset_2,centrality
493,0.6931471805599453,0.7088853,train,p30,dataset_2,centrality
1401,0.6931471805599453,0.7088853,train,p30,dataset_2,centrality
1124,0.6931471805599453,0.7088853,train,p30,dataset_2,centrality
135,0.6931471805599453,0.7088853,train,p30,dataset_2,centrality
605,0.6931471805599453,0.7088853,train,p30,dataset_2,centrality
1434,0.6931471805599453,0.7088853,train,p30,dataset_2,centrality
1425,0.6931471805599453,0.7088853,train,p30,dataset_2,centrality
1269,0.6931471805599453,0.7088853,train,p30,dataset_2,centrality
609,0.6931471805599453,0.7088853,train,p30,dataset_2,centrality
891,0.6931471805599453,0.7088853,train,p30,dataset_2,centrality
603,0.6931471805599453,0.7088853,train,p30,dataset_2,centrality
888,0.6931471805599453,0.7088853,train,p30,dataset_2,centrality
232,0.6931471805599453,0.7088853,train,p30,dataset_2,centrality
3,0.6931471805599453,0.7088853,train,p30,dataset_2,centrality
1170,1.791759469228055,1.6722409,train,p30,dataset_2,centrality
311,0.6931471805599453,0.7088853,train,p30,dataset_2,centrality
342,0.6931471805599453,0.7088853,train,p30,dataset_2,centrality
1059,0.6931471805599453,0.7088853,train,p30,dataset_2,centrality
227,0.6931471805599453,0.7088853,train,p30,dataset_2,centrality
1382,0.6931471805599453,0.7088853,train,p30,dataset_2,centrality
354,0.6931471805599453,0.7088853,train,p30,dataset_2,centrality
542,0.6931471805599453,0.7088853,train,p30,dataset_2,centrality
988,0.6931471805599453,0.7088853,train,p30,dataset_2,centrality
1396,0.6931471805599453,0.7088853,train,p30,dataset_2,centrality
958,0.6931471805599453,0.7088853,train,p30,dataset_2,centrality
1017,0.6931471805599453,0.7088853,train,p30,dataset_2,centrality
501,0.6931471805599453,0.7088853,train,p30,dataset_2,centrality
1215,0.6931471805599453,0.7088853,train,p30,dataset_2,centrality
709,0.6931471805599453,0.7088853,train,p30,dataset_2,centrality
1076,0.6931471805599453,0.7088853,train,p30,dataset_2,centrality
606,0.6931471805599453,0.7088853,train,p30,dataset_2,centrality
1376,0.6931471805599453,0.7088853,train,p30,dataset_2,centrality
105,0.6931471805599453,0.7088853,train,p30,dataset_2,centrality
107,0.6931471805599453,0.7088853,train,p30,dataset_2,centrality
75,0.6931471805599453,1.3313245,train,p30,dataset_2,centrality
1061,0.6931471805599453,0.7088853,train,p30,dataset_2,centrality
984,0.6931471805599453,0.7088853,train,p30,dataset_2,centrality
394,3.6635616461296463,3.205393,train,p30,dataset_2,centrality
1112,0.6931471805599453,0.7088853,train,p30,dataset_2,centrality
283,0.6931471805599453,0.84405035,train,p30,dataset_2,centrality
132,0.6931471805599453,0.7088853,train,p30,dataset_2,centrality
728,0.6931471805599453,0.7088853,train,p30,dataset_2,centrality
327,0.6931471805599453,0.7088853,train,p30,dataset_2,centrality
1252,0.6931471805599453,0.7088853,train,p30,dataset_2,centrality
671,0.6931471805599453,0.7088853,train,p30,dataset_2,centrality
1069,0.6931471805599453,0.7088853,train,p30,dataset_2,centrality
1177,0.6931471805599453,0.7577426,train,p30,dataset_2,centrality
1077,0.6931471805599453,0.7088853,train,p30,dataset_2,centrality
263,0.6931471805599453,0.7088853,train,p30,dataset_2,centrality
737,0.6931471805599453,0.7088853,train,p30,dataset_2,centrality
856,0.6931471805599453,0.7088853,train,p30,dataset_2,centrality
144,0.6931471805599453,0.7088853,train,p30,dataset_2,centrality
787,0.6931471805599453,0.7088853,train,p30,dataset_2,centrality
466,0.6931471805599453,0.7088853,train,p30,dataset_2,centrality
253,0.6931471805599453,0.7088853,train,p30,dataset_2,centrality
86,0.6931471805599453,0.7088853,train,p30,dataset_2,centrality
545,0.6931471805599453,0.7088853,train,p30,dataset_2,centrality
1019,0.6931471805599453,0.7088853,train,p30,dataset_2,centrality
548,0.6931471805599453,0.7088853,train,p30,dataset_2,centrality
1057,0.6931471805599453,0.7088853,train,p30,dataset_2,centrality
43,0.6931471805599453,0.7088853,train,p30,dataset_2,centrality
490,0.6931471805599453,0.7088853,train,p30,dataset_2,centrality
413,0.6931471805599453,0.7088853,train,p30,dataset_2,centrality
789,0.6931471805599453,0.7088853,train,p30,dataset_2,centrality
46,0.6931471805599453,0.7088853,train,p30,dataset_2,centrality
560,1.0986122886681098,0.88809615,train,p30,dataset_2,centrality
638,0.6931471805599453,1.1513376,train,p30,dataset_2,centrality
1185,0.6931471805599453,0.7088853,train,p30,dataset_2,centrality
975,0.6931471805599453,0.7088853,train,p30,dataset_2,centrality
1176,0.6931471805599453,0.7088853,train,p30,dataset_2,centrality
1294,0.6931471805599453,0.7088853,train,p30,dataset_2,centrality
790,0.6931471805599453,0.7088853,train,p30,dataset_2,centrality
336,0.6931471805599453,0.7088853,train,p30,dataset_2,centrality
1213,0.6931471805599453,0.7088853,train,p30,dataset_2,centrality
1195,0.6931471805599453,0.7088853,train,p30,dataset_2,centrality
424,0.6931471805599453,0.7088853,train,p30,dataset_2,centrality
696,0.6931471805599453,0.7088853,train,p30,dataset_2,centrality
443,0.6931471805599453,0.7088853,train,p30,dataset_2,centrality
218,0.6931471805599453,0.7088853,train,p30,dataset_2,centrality
1300,0.6931471805599453,0.7088853,train,p30,dataset_2,centrality
1370,0.6931471805599453,0.7088853,train,p30,dataset_2,centrality
219,0.6931471805599453,0.7088853,train,p30,dataset_2,centrality
64,0.6931471805599453,0.7088853,train,p30,dataset_2,centrality
669,1.0986122886681098,1.0370998,train,p30,dataset_2,centrality
1402,0.6931471805599453,0.7088853,train,p30,dataset_2,centrality
650,0.6931471805599453,0.84405035,train,p30,dataset_2,centrality
211,3.828641396489095,2.1683388,train,p30,dataset_2,centrality
380,0.6931471805599453,0.7088853,train,p30,dataset_2,centrality
1322,0.6931471805599453,0.7088853,train,p30,dataset_2,centrality
750,1.3862943611198906,0.7088853,train,p30,dataset_2,centrality
536,0.6931471805599453,0.7088853,train,p30,dataset_2,centrality
1043,0.6931471805599453,0.7088853,train,p30,dataset_2,centrality
797,0.6931471805599453,0.7088853,train,p30,dataset_2,centrality
1349,0.6931471805599453,0.7088853,train,p30,dataset_2,centrality
419,1.0986122886681098,0.7088853,train,p30,dataset_2,centrality
899,0.6931471805599453,0.7088853,train,p30,dataset_2,centrality
100,0.6931471805599453,0.7088853,train,p30,dataset_2,centrality
210,1.9459101490553132,2.1683388,train,p30,dataset_2,centrality
1298,0.6931471805599453,0.7088853,train,p30,dataset_2,centrality
117,0.6931471805599453,0.7088853,train,p30,dataset_2,centrality
855,0.6931471805599453,0.7088853,train,p30,dataset_2,centrality
911,0.6931471805599453,0.7088853,train,p30,dataset_2,centrality
293,0.6931471805599453,0.7088853,train,p30,dataset_2,centrality
615,0.6931471805599453,0.7088853,train,p30,dataset_2,centrality
1242,0.6931471805599453,0.7088853,train,p30,dataset_2,centrality
1151,0.6931471805599453,0.7088853,train,p30,dataset_2,centrality
1321,1.3862943611198906,1.4303334,train,p30,dataset_2,centrality
1160,0.6931471805599453,0.7088853,train,p30,dataset_2,centrality
578,0.6931471805599453,0.7088853,train,p30,dataset_2,centrality
815,0.6931471805599453,0.7088853,train,p30,dataset_2,centrality
1328,0.6931471805599453,0.7088853,train,p30,dataset_2,centrality
657,0.6931471805599453,0.7577426,train,p30,dataset_2,centrality
505,0.6931471805599453,0.7088853,train,p30,dataset_2,centrality
841,0.6931471805599453,0.7088853,train,p30,dataset_2,centrality
97,0.6931471805599453,0.7088853,train,p30,dataset_2,centrality
1202,0.6931471805599453,0.7088853,train,p30,dataset_2,centrality
729,1.0986122886681098,0.7577426,train,p30,dataset_2,centrality
550,0.6931471805599453,0.7088853,train,p30,dataset_2,centrality
905,0.6931471805599453,0.7088853,train,p30,dataset_2,centrality
663,0.6931471805599453,0.7088853,train,p30,dataset_2,centrality
1117,0.6931471805599453,0.7088853,train,p30,dataset_2,centrality
706,0.6931471805599453,0.7088853,train,p30,dataset_2,centrality
80,0.6931471805599453,0.7088853,train,p30,dataset_2,centrality
802,0.6931471805599453,0.7088853,train,p30,dataset_2,centrality
646,0.6931471805599453,1.020984,train,p30,dataset_2,centrality
894,0.6931471805599453,0.7088853,train,p30,dataset_2,centrality
1326,0.6931471805599453,0.7577426,train,p30,dataset_2,centrality
968,0.6931471805599453,0.7088853,train,p30,dataset_2,centrality
1003,0.6931471805599453,0.7088853,train,p30,dataset_2,centrality
924,0.6931471805599453,0.7088853,train,p30,dataset_2,centrality
559,0.6931471805599453,0.7577426,train,p30,dataset_2,centrality
1173,1.6094379124341005,1.5732319,train,p30,dataset_2,centrality
292,1.0986122886681098,0.7088853,train,p30,dataset_2,centrality
338,0.6931471805599453,0.7088853,train,p30,dataset_2,centrality
1163,0.6931471805599453,0.7088853,train,p30,dataset_2,centrality
818,0.6931471805599453,0.7088853,train,p30,dataset_2,centrality
828,0.6931471805599453,0.7088853,train,p30,dataset_2,centrality
620,0.6931471805599453,0.7088853,train,p30,dataset_2,centrality
139,0.6931471805599453,0.7088853,train,p30,dataset_2,centrality
387,0.6931471805599453,0.7088853,train,p30,dataset_2,centrality
1116,0.6931471805599453,0.7088853,train,p30,dataset_2,centrality
1224,0.6931471805599453,0.7088853,train,p30,dataset_2,centrality
659,0.6931471805599453,0.7088853,train,p30,dataset_2,centrality
915,0.6931471805599453,0.7088853,train,p30,dataset_2,centrality
377,0.6931471805599453,0.7088853,train,p30,dataset_2,centrality
355,0.6931471805599453,0.7088853,train,p30,dataset_2,centrality
964,0.6931471805599453,0.7088853,train,p30,dataset_2,centrality
421,0.6931471805599453,0.7088853,train,p30,dataset_2,centrality
249,0.6931471805599453,0.7088853,train,p30,dataset_2,centrality
976,0.6931471805599453,0.7088853,train,p30,dataset_2,centrality
1136,0.6931471805599453,0.7088853,train,p30,dataset_2,centrality
833,0.6931471805599453,0.7088853,train,p30,dataset_2,centrality
402,2.8903717578961645,2.893605,train,p30,dataset_2,centrality
807,0.6931471805599453,0.7088853,train,p30,dataset_2,centrality
1137,0.6931471805599453,0.7088853,train,p30,dataset_2,centrality
1399,0.6931471805599453,0.7088853,train,p30,dataset_2,centrality
1033,0.6931471805599453,0.7088853,train,p30,dataset_2,centrality
585,0.6931471805599453,0.7088853,train,p30,dataset_2,centrality
497,0.6931471805599453,0.7088853,train,p30,dataset_2,centrality
1187,0.6931471805599453,0.7088853,train,p30,dataset_2,centrality
740,0.6931471805599453,0.7088853,train,p30,dataset_2,centrality
779,0.6931471805599453,0.7088853,train,p30,dataset_2,centrality
743,0.6931471805599453,0.7088853,train,p30,dataset_2,centrality
665,1.0986122886681098,0.7577426,train,p30,dataset_2,centrality
526,0.6931471805599453,0.7088853,train,p30,dataset_2,centrality
446,0.6931471805599453,0.7088853,train,p30,dataset_2,centrality
426,0.6931471805599453,0.7088853,train,p30,dataset_2,centrality
1083,0.6931471805599453,0.7088853,train,p30,dataset_2,centrality
1237,0.6931471805599453,0.7088853,train,p30,dataset_2,centrality
51,0.6931471805599453,0.7088853,train,p30,dataset_2,centrality
334,0.6931471805599453,0.7088853,train,p30,dataset_2,centrality
1257,0.6931471805599453,0.7088853,train,p30,dataset_2,centrality
19,0.6931471805599453,0.7088853,train,p30,dataset_2,centrality
813,0.6931471805599453,0.7088853,train,p30,dataset_2,centrality
1228,0.6931471805599453,0.7088853,train,p30,dataset_2,centrality
391,1.3862943611198906,0.8392389,train,p30,dataset_2,centrality
231,0.6931471805599453,0.7088853,train,p30,dataset_2,centrality
1074,0.6931471805599453,0.7088853,train,p30,dataset_2,centrality
257,2.0794415416798357,1.3313245,train,p30,dataset_2,centrality
88,0.6931471805599453,0.7088853,train,p30,dataset_2,centrality
1337,0.6931471805599453,0.7088853,train,p30,dataset_2,centrality
1344,0.6931471805599453,0.7088853,train,p30,dataset_2,centrality
668,1.3862943611198906,1.3313245,train,p30,dataset_2,centrality
583,0.6931471805599453,0.7088853,train,p30,dataset_2,centrality
279,0.6931471805599453,0.7088853,train,p30,dataset_2,centrality
715,2.302585092994046,2.5060627,train,p30,dataset_2,centrality
191,0.6931471805599453,0.7088853,train,p30,dataset_2,centrality
1032,0.6931471805599453,0.7088853,train,p30,dataset_2,centrality
343,0.6931471805599453,0.7088853,train,p30,dataset_2,centrality
1054,0.6931471805599453,0.7088853,train,p30,dataset_2,centrality
521,0.6931471805599453,0.7088853,train,p30,dataset_2,centrality
949,0.6931471805599453,0.7088853,train,p30,dataset_2,centrality
1270,0.6931471805599453,0.7088853,train,p30,dataset_2,centrality
1327,0.6931471805599453,0.7088853,train,p30,dataset_2,centrality
417,0.6931471805599453,0.7088853,train,p30,dataset_2,centrality
633,1.0986122886681098,1.9533019,train,p30,dataset_2,centrality
1430,0.6931471805599453,0.7088853,train,p30,dataset_2,centrality
414,0.6931471805599453,0.7577426,train,p30,dataset_2,centrality
608,0.6931471805599453,0.7088853,train,p30,dataset_2,centrality
1181,1.0986122886681098,0.7088853,train,p30,dataset_2,centrality
774,0.6931471805599453,0.7088853,train,p30,dataset_2,centrality
183,0.6931471805599453,0.7088853,train,p30,dataset_2,centrality
449,0.6931471805599453,0.7088853,train,p30,dataset_2,centrality
195,0.6931471805599453,0.7088853,train,p30,dataset_2,centrality
314,0.6931471805599453,0.7088853,train,p30,dataset_2,centrality
951,0.6931471805599453,0.7088853,train,p30,dataset_2,centrality
1374,0.6931471805599453,0.7088853,train,p30,dataset_2,centrality
1037,0.6931471805599453,0.7088853,train,p30,dataset_2,centrality
664,0.6931471805599453,0.7088853,train,p30,dataset_2,centrality
683,0.6931471805599453,0.7088853,train,p30,dataset_2,centrality
684,0.6931471805599453,0.7088853,train,p30,dataset_2,centrality
777,0.6931471805599453,0.7088853,train,p30,dataset_2,centrality
243,0.6931471805599453,0.7088853,train,p30,dataset_2,centrality
775,0.6931471805599453,0.7088853,train,p30,dataset_2,centrality
57,0.6931471805599453,0.7088853,train,p30,dataset_2,centrality
677,0.6931471805599453,0.7088853,train,p30,dataset_2,centrality
396,0.6931471805599453,1.6722409,train,p30,dataset_2,centrality
1249,0.6931471805599453,0.7088853,train,p30,dataset_2,centrality
519,0.6931471805599453,0.7088853,train,p30,dataset_2,centrality
531,0.6931471805599453,0.7088853,train,p30,dataset_2,centrality
547,0.6931471805599453,0.7088853,train,p30,dataset_2,centrality
63,0.6931471805599453,0.7088853,train,p30,dataset_2,centrality
412,0.6931471805599453,0.7088853,train,p30,dataset_2,centrality
1245,0.6931471805599453,0.7088853,train,p30,dataset_2,centrality
1140,0.6931471805599453,0.7088853,train,p30,dataset_2,centrality
1097,0.6931471805599453,0.7088853,train,p30,dataset_2,centrality
1206,0.6931471805599453,0.7088853,train,p30,dataset_2,centrality
847,0.6931471805599453,0.7088853,train,p30,dataset_2,centrality
1283,0.6931471805599453,0.7088853,train,p30,dataset_2,centrality
1259,0.6931471805599453,0.7088853,train,p30,dataset_2,centrality
746,0.6931471805599453,0.7088853,train,p30,dataset_2,centrality
539,0.6931471805599453,1.2503465,train,p30,dataset_2,centrality
194,0.6931471805599453,0.7088853,train,p30,dataset_2,centrality
39,0.6931471805599453,0.7088853,train,p30,dataset_2,centrality
359,0.6931471805599453,0.7088853,train,p30,dataset_2,centrality
1105,0.6931471805599453,0.7088853,train,p30,dataset_2,centrality
66,0.6931471805599453,0.7088853,train,p30,dataset_2,centrality
736,1.0986122886681098,0.7088853,train,p30,dataset_2,centrality
805,0.6931471805599453,0.7088853,train,p30,dataset_2,centrality
467,0.6931471805599453,0.7088853,train,p30,dataset_2,centrality
158,0.6931471805599453,0.7088853,train,p30,dataset_2,centrality
602,0.6931471805599453,0.7088853,train,p30,dataset_2,centrality
129,0.6931471805599453,0.7088853,train,p30,dataset_2,centrality
198,0.6931471805599453,0.7088853,train,p30,dataset_2,centrality
892,0.6931471805599453,0.7088853,train,p30,dataset_2,centrality
830,0.6931471805599453,0.7088853,train,p30,dataset_2,centrality
822,0.6931471805599453,0.7088853,train,p30,dataset_2,centrality
972,0.6931471805599453,0.7088853,train,p30,dataset_2,centrality
447,0.6931471805599453,0.7088853,train,p30,dataset_2,centrality
102,0.6931471805599453,0.7088853,train,p30,dataset_2,centrality
1247,0.6931471805599453,0.7088853,train,p30,dataset_2,centrality
1341,0.6931471805599453,0.7088853,train,p30,dataset_2,centrality
461,0.6931471805599453,0.7088853,train,p30,dataset_2,centrality
544,0.6931471805599453,0.7088853,train,p30,dataset_2,centrality
172,0.6931471805599453,0.7088853,train,p30,dataset_2,centrality
1275,0.6931471805599453,0.7088853,train,p30,dataset_2,centrality
50,0.6931471805599453,0.7088853,train,p30,dataset_2,centrality
973,0.6931471805599453,0.7088853,train,p30,dataset_2,centrality
321,0.6931471805599453,0.7088853,train,p30,dataset_2,centrality
718,2.772588722239781,2.691307,train,p30,dataset_2,centrality
365,0.6931471805599453,0.7088853,train,p30,dataset_2,centrality
197,0.6931471805599453,0.7088853,train,p30,dataset_2,centrality
1323,1.6094379124341005,1.3313245,train,p30,dataset_2,centrality
62,0.6931471805599453,0.7088853,train,p30,dataset_2,centrality
1371,0.6931471805599453,0.7088853,train,p30,dataset_2,centrality
489,0.6931471805599453,0.7088853,train,p30,dataset_2,centrality
1193,0.6931471805599453,0.7088853,train,p30,dataset_2,centrality
1220,0.6931471805599453,0.7088853,train,p30,dataset_2,centrality
386,0.6931471805599453,0.7088853,train,p30,dataset_2,centrality
928,0.6931471805599453,0.7088853,train,p30,dataset_2,centrality
1051,0.6931471805599453,0.7088853,train,p30,dataset_2,centrality
238,0.6931471805599453,1.020984,train,p30,dataset_2,centrality
1035,0.6931471805599453,0.7088853,train,p30,dataset_2,centrality
1198,0.6931471805599453,0.7088853,train,p30,dataset_2,centrality
1108,0.6931471805599453,0.7088853,train,p30,dataset_2,centrality
344,1.0986122886681098,0.7088853,train,p30,dataset_2,centrality
636,2.0794415416798357,2.691307,train,p30,dataset_2,centrality
1287,0.6931471805599453,0.7088853,train,p30,dataset_2,centrality
291,0.6931471805599453,0.7088853,train,p30,dataset_2,centrality
141,0.6931471805599453,0.7088853,train,p30,dataset_2,centrality
307,0.6931471805599453,0.7088853,train,p30,dataset_2,centrality
1139,0.6931471805599453,0.7088853,train,p30,dataset_2,centrality
165,0.6931471805599453,0.7088853,train,p30,dataset_2,centrality
867,0.6931471805599453,0.7088853,train,p30,dataset_2,centrality
971,0.6931471805599453,0.7088853,train,p30,dataset_2,centrality
444,0.6931471805599453,0.8392389,train,p30,dataset_2,centrality
680,0.6931471805599453,0.7088853,train,p30,dataset_2,centrality
1087,0.6931471805599453,0.84405035,train,p30,dataset_2,centrality
618,0.6931471805599453,0.7088853,train,p30,dataset_2,centrality
1207,0.6931471805599453,0.7088853,train,p30,dataset_2,centrality
1172,0.6931471805599453,0.7088853,train,p30,dataset_2,centrality
1100,0.6931471805599453,0.7088853,train,p30,dataset_2,centrality
983,0.6931471805599453,0.7088853,train,p30,dataset_2,centrality
693,0.6931471805599453,0.7088853,train,p30,dataset_2,centrality
870,0.6931471805599453,0.7088853,train,p30,dataset_2,centrality
1340,0.6931471805599453,0.7088853,train,p30,dataset_2,centrality
1119,0.6931471805599453,0.7577426,train,p30,dataset_2,centrality
1056,0.6931471805599453,0.7088853,train,p30,dataset_2,centrality
1308,0.6931471805599453,0.7088853,train,p30,dataset_2,centrality
1227,0.6931471805599453,0.7088853,train,p30,dataset_2,centrality
267,0.6931471805599453,0.7088853,train,p30,dataset_2,centrality
866,0.6931471805599453,0.7088853,train,p30,dataset_2,centrality
1089,0.6931471805599453,0.7088853,train,p30,dataset_2,centrality
513,0.6931471805599453,0.7088853,train,p30,dataset_2,centrality
123,0.6931471805599453,0.7088853,train,p30,dataset_2,centrality
1394,0.6931471805599453,0.7088853,train,p30,dataset_2,centrality
339,0.6931471805599453,0.7088853,train,p30,dataset_2,centrality
612,0.6931471805599453,0.7088853,train,p30,dataset_2,centrality
122,0.6931471805599453,0.7088853,train,p30,dataset_2,centrality
1246,0.6931471805599453,0.7088853,train,p30,dataset_2,centrality
622,0.6931471805599453,0.7088853,train,p30,dataset_2,centrality
770,0.6931471805599453,0.7088853,train,p30,dataset_2,centrality
992,0.6931471805599453,0.7088853,train,p30,dataset_2,centrality
1277,0.6931471805599453,0.7088853,train,p30,dataset_2,centrality
537,1.3862943611198906,1.3313245,train,p30,dataset_2,centrality
580,0.6931471805599453,0.7088853,train,p30,dataset_2,centrality
887,0.6931471805599453,0.7088853,train,p30,dataset_2,centrality
316,0.6931471805599453,0.7088853,train,p30,dataset_2,centrality
255,0.6931471805599453,0.7088853,train,p30,dataset_2,centrality
796,0.6931471805599453,0.7088853,train,p30,dataset_2,centrality
1296,0.6931471805599453,0.7088853,train,p30,dataset_2,centrality
943,0.6931471805599453,0.7088853,train,p30,dataset_2,centrality
735,0.6931471805599453,0.7088853,train,p30,dataset_2,centrality
457,0.6931471805599453,0.7088853,train,p30,dataset_2,centrality
1307,0.6931471805599453,0.7088853,train,p30,dataset_2,centrality
142,0.6931471805599453,0.7088853,train,p30,dataset_2,centrality
1263,0.6931471805599453,0.7088853,train,p30,dataset_2,centrality
170,0.6931471805599453,0.7088853,train,p30,dataset_2,centrality
456,0.6931471805599453,0.7088853,train,p30,dataset_2,centrality
1125,1.0986122886681098,0.84405035,train,p30,dataset_2,centrality
902,0.6931471805599453,0.7088853,train,p30,dataset_2,centrality
1358,1.3862943611198906,1.4303334,train,p30,dataset_2,centrality
1361,0.6931471805599453,0.7088853,train,p30,dataset_2,centrality
241,1.6094379124341005,1.6722409,train,p30,dataset_2,centrality
587,0.6931471805599453,0.7088853,train,p30,dataset_2,centrality
1254,0.6931471805599453,0.7088853,train,p30,dataset_2,centrality
379,1.0986122886681098,0.7088853,train,p30,dataset_2,centrality
1219,0.6931471805599453,0.7088853,train,p30,dataset_2,centrality
138,0.6931471805599453,0.7088853,train,p30,dataset_2,centrality
1393,0.6931471805599453,0.7088853,train,p30,dataset_2,centrality
182,0.6931471805599453,0.7088853,train,p30,dataset_2,centrality
839,0.6931471805599453,0.7088853,train,p30,dataset_2,centrality
1106,0.6931471805599453,0.7088853,train,p30,dataset_2,centrality
150,0.6931471805599453,0.7088853,train,p30,dataset_2,centrality
1216,0.6931471805599453,0.7088853,train,p30,dataset_2,centrality
1031,0.6931471805599453,0.7088853,train,p30,dataset_2,centrality
1273,0.6931471805599453,0.7088853,train,p30,dataset_2,centrality
1001,0.6931471805599453,0.7088853,train,p30,dataset_2,centrality
942,0.6931471805599453,0.7088853,train,p30,dataset_2,centrality
721,1.9459101490553132,2.4413693,train,p30,dataset_2,centrality
1408,0.6931471805599453,0.7088853,train,p30,dataset_2,centrality
10,0.6931471805599453,0.7088853,train,p30,dataset_2,centrality
950,0.6931471805599453,0.7088853,train,p30,dataset_2,centrality
504,0.6931471805599453,0.7088853,train,p30,dataset_2,centrality
651,0.6931471805599453,0.7088853,train,p30,dataset_2,centrality
18,1.0986122886681098,0.7088853,train,p30,dataset_2,centrality
1147,0.6931471805599453,0.84405035,train,p30,dataset_2,centrality
985,0.6931471805599453,0.7088853,train,p30,dataset_2,centrality
265,0.6931471805599453,0.7088853,train,p30,dataset_2,centrality
710,0.6931471805599453,0.7088853,train,p30,dataset_2,centrality
177,0.6931471805599453,0.7088853,train,p30,dataset_2,centrality
136,0.6931471805599453,0.7088853,train,p30,dataset_2,centrality
259,0.6931471805599453,0.7088853,train,p30,dataset_2,centrality
747,0.6931471805599453,0.7088853,train,p30,dataset_2,centrality
1121,0.6931471805599453,0.7577426,train,p30,dataset_2,centrality
1377,1.3862943611198906,1.5291141,train,p30,dataset_2,centrality
12,0.6931471805599453,0.7088853,train,p30,dataset_2,centrality
166,0.6931471805599453,0.7088853,train,p30,dataset_2,centrality
1194,0.6931471805599453,0.7088853,train,p30,dataset_2,centrality
861,0.6931471805599453,0.7088853,train,p30,dataset_2,centrality
538,0.6931471805599453,1.1513376,train,p30,dataset_2,centrality
52,0.6931471805599453,0.7088853,train,p30,dataset_2,centrality
404,1.3862943611198906,1.6722409,train,p30,dataset_2,centrality
252,0.6931471805599453,0.7088853,train,p30,dataset_2,centrality
1253,0.6931471805599453,0.7088853,train,p30,dataset_2,centrality
649,0.6931471805599453,0.7577426,train,p30,dataset_2,centrality
717,2.995732273553991,2.7083607,train,p30,dataset_2,centrality
1080,0.6931471805599453,0.7088853,train,p30,dataset_2,centrality
254,0.6931471805599453,0.7088853,train,p30,dataset_2,centrality
224,3.218875824868201,1.9452715,train,p30,dataset_2,centrality
202,0.6931471805599453,0.7088853,train,p30,dataset_2,centrality
294,0.6931471805599453,0.7088853,train,p30,dataset_2,centrality
471,0.6931471805599453,0.7088853,train,p30,dataset_2,centrality
1233,0.6931471805599453,0.7088853,train,p30,dataset_2,centrality
230,0.6931471805599453,0.7088853,train,p30,dataset_2,centrality
570,0.6931471805599453,0.7088853,train,p30,dataset_2,centrality
222,0.6931471805599453,0.7088853,train,p30,dataset_2,centrality
869,0.6931471805599453,0.7088853,train,p30,dataset_2,centrality
946,0.6931471805599453,0.7088853,train,p30,dataset_2,centrality
1038,0.6931471805599453,0.7088853,train,p30,dataset_2,centrality
806,0.6931471805599453,0.7088853,train,p30,dataset_2,centrality
36,0.6931471805599453,0.7088853,train,p30,dataset_2,centrality
901,0.6931471805599453,0.7088853,train,p30,dataset_2,centrality
840,0.6931471805599453,0.7088853,train,p30,dataset_2,centrality
675,0.6931471805599453,1.0370998,train,p30,dataset_2,centrality
1336,0.6931471805599453,0.7088853,train,p30,dataset_2,centrality
333,0.6931471805599453,0.7088853,train,p30,dataset_2,centrality
910,0.6931471805599453,0.7088853,train,p30,dataset_2,centrality
452,0.6931471805599453,0.7088853,train,p30,dataset_2,centrality
475,0.6931471805599453,0.7088853,train,p30,dataset_2,centrality
914,0.6931471805599453,0.7088853,train,p30,dataset_2,centrality
347,0.6931471805599453,0.7088853,train,p30,dataset_2,centrality
1008,0.6931471805599453,0.7088853,train,p30,dataset_2,centrality
346,0.6931471805599453,0.7088853,train,p30,dataset_2,centrality
1432,0.6931471805599453,0.7088853,train,p30,dataset_2,centrality
1350,0.6931471805599453,0.7088853,train,p30,dataset_2,centrality
1443,0.6931471805599453,0.7088853,train,p30,dataset_2,centrality
1338,0.6931471805599453,0.7088853,train,p30,dataset_2,centrality
175,0.6931471805599453,0.7088853,train,p30,dataset_2,centrality
1299,0.6931471805599453,0.7088853,train,p30,dataset_2,centrality
989,0.6931471805599453,0.7088853,train,p30,dataset_2,centrality
360,0.6931471805599453,0.7088853,train,p30,dataset_2,centrality
331,0.6931471805599453,0.7088853,train,p30,dataset_2,centrality
862,0.6931471805599453,0.7088853,train,p30,dataset_2,centrality
518,0.6931471805599453,0.7088853,train,p30,dataset_2,centrality
1060,0.6931471805599453,0.7088853,train,p30,dataset_2,centrality
196,0.6931471805599453,0.7088853,train,p30,dataset_2,centrality
168,0.6931471805599453,0.7088853,train,p30,dataset_2,centrality
1014,0.6931471805599453,0.7088853,train,p30,dataset_2,centrality
637,1.791759469228055,1.6722409,train,p30,dataset_2,centrality
1286,0.6931471805599453,0.7088853,train,p30,dataset_2,centrality
483,0.6931471805599453,0.7088853,train,p30,dataset_2,centrality
831,0.6931471805599453,0.7088853,train,p30,dataset_2,centrality
1188,0.6931471805599453,0.7088853,train,p30,dataset_2,centrality
986,0.6931471805599453,0.7088853,train,p30,dataset_2,centrality
626,3.5263605246161616,3.205393,train,p30,dataset_2,centrality
226,0.6931471805599453,0.7088853,train,p30,dataset_2,centrality
733,0.6931471805599453,1.4303334,train,p30,dataset_2,centrality
529,0.6931471805599453,0.7088853,train,p30,dataset_2,centrality
533,0.6931471805599453,0.7088853,train,p30,dataset_2,centrality
667,0.6931471805599453,0.7088853,train,p30,dataset_2,centrality
441,0.6931471805599453,0.7088853,train,p30,dataset_2,centrality
783,0.6931471805599453,0.7088853,train,p30,dataset_2,centrality
871,0.6931471805599453,0.7088853,train,p30,dataset_2,centrality
1197,0.6931471805599453,0.7088853,train,p30,dataset_2,centrality
917,0.6931471805599453,0.7088853,train,p30,dataset_2,centrality
455,0.6931471805599453,0.7088853,train,p30,dataset_2,centrality
47,0.6931471805599453,0.7088853,train,p30,dataset_2,centrality
933,0.6931471805599453,0.7088853,train,p30,dataset_2,centrality
885,0.6931471805599453,0.7088853,train,p30,dataset_2,centrality
597,0.6931471805599453,0.7577426,train,p30,dataset_2,centrality
1199,0.6931471805599453,0.7088853,train,p30,dataset_2,centrality
694,1.3862943611198906,1.4303334,train,p30,dataset_2,centrality
920,0.6931471805599453,0.7088853,train,p30,dataset_2,centrality
918,0.6931471805599453,0.7088853,train,p30,dataset_2,centrality
1284,0.6931471805599453,0.7088853,train,p30,dataset_2,centrality
1285,0.6931471805599453,0.7088853,train,p30,dataset_2,centrality
96,0.6931471805599453,0.7088853,train,p30,dataset_2,centrality
376,0.6931471805599453,0.7088853,train,p30,dataset_2,centrality
1406,0.6931471805599453,0.7088853,train,p30,dataset_2,centrality
773,0.6931471805599453,0.7088853,train,p30,dataset_2,centrality
1438,0.6931471805599453,0.7088853,train,p30,dataset_2,centrality
397,3.091042453358316,2.691307,train,p30,dataset_2,centrality
886,0.6931471805599453,0.8392389,train,p30,dataset_2,centrality
499,0.6931471805599453,0.7088853,train,p30,dataset_2,centrality
922,0.6931471805599453,0.7088853,train,p30,dataset_2,centrality
678,0.6931471805599453,0.7088853,train,p30,dataset_2,centrality
604,0.6931471805599453,0.7088853,train,p30,dataset_2,centrality
515,0.6931471805599453,0.7088853,train,p30,dataset_2,centrality
719,1.9459101490553132,1.1513376,train,p30,dataset_2,centrality
566,0.6931471805599453,0.7088853,train,p30,dataset_2,centrality
236,0.6931471805599453,0.7088853,train,p30,dataset_2,centrality
809,0.6931471805599453,0.7088853,train,p30,dataset_2,centrality
229,0.6931471805599453,0.7088853,train,p30,dataset_2,centrality
569,0.6931471805599453,0.7088853,train,p30,dataset_2,centrality
323,0.6931471805599453,0.7088853,train,p30,dataset_2,centrality
235,2.1972245773362196,2.256125,train,p30,dataset_2,centrality
734,0.6931471805599453,0.7577426,train,p30,dataset_2,centrality
974,0.6931471805599453,0.7088853,train,p30,dataset_2,centrality
442,0.6931471805599453,0.7088853,train,p30,dataset_2,centrality
628,4.143134726391533,3.205393,train,p30,dataset_2,centrality
629,3.295836866004329,3.205393,train,p30,dataset_2,centrality
744,0.6931471805599453,0.7088853,train,p30,dataset_2,centrality
1279,0.6931471805599453,0.7088853,train,p30,dataset_2,centrality
1250,0.6931471805599453,0.7088853,train,p30,dataset_2,centrality
897,0.6931471805599453,0.7088853,train,p30,dataset_2,centrality
1152,0.6931471805599453,0.7088853,train,p30,dataset_2,centrality
353,0.6931471805599453,0.7088853,train,p30,dataset_2,centrality
575,0.6931471805599453,0.7088853,train,p30,dataset_2,centrality
1243,0.6931471805599453,0.7088853,train,p30,dataset_2,centrality
1417,0.6931471805599453,0.7088853,train,p30,dataset_2,centrality
1355,2.1972245773362196,2.256125,train,p30,dataset_2,centrality
1018,0.6931471805599453,0.7088853,train,p30,dataset_2,centrality
425,0.6931471805599453,0.7088853,train,p30,dataset_2,centrality
145,0.6931471805599453,0.7088853,train,p30,dataset_2,centrality
1293,0.6931471805599453,0.7088853,train,p30,dataset_2,centrality
564,0.6931471805599453,0.7088853,train,p30,dataset_2,centrality
56,0.6931471805599453,0.7088853,train,p30,dataset_2,centrality
1435,0.6931471805599453,0.7088853,train,p30,dataset_2,centrality
1047,0.6931471805599453,0.7088853,train,p30,dataset_2,centrality
119,0.6931471805599453,0.7088853,train,p30,dataset_2,centrality
812,0.6931471805599453,0.7088853,train,p30,dataset_2,centrality
1011,0.6931471805599453,0.7088853,train,p30,dataset_2,centrality
632,2.4849066497880004,2.5060627,train,p30,dataset_2,centrality
708,0.6931471805599453,0.7088853,train,p30,dataset_2,centrality
140,0.6931471805599453,0.7088853,train,p30,dataset_2,centrality
889,0.6931471805599453,0.7088853,train,p30,dataset_2,centrality
27,0.6931471805599453,0.7088853,train,p30,dataset_2,centrality
1058,0.6931471805599453,0.7088853,train,p30,dataset_2,centrality
1192,0.6931471805599453,0.7088853,train,p30,dataset_2,centrality
59,0.6931471805599453,0.7088853,train,p30,dataset_2,centrality
1167,0.6931471805599453,0.7088853,train,p30,dataset_2,centrality
748,1.0986122886681098,0.7088853,train,p30,dataset_2,centrality
69,0.6931471805599453,0.7088853,train,p30,dataset_2,centrality
1217,0.6931471805599453,0.7088853,train,p30,dataset_2,centrality
674,1.0986122886681098,0.7088853,train,p30,dataset_2,centrality
763,0.6931471805599453,0.7088853,train,p30,dataset_2,centrality
1268,0.6931471805599453,0.7088853,train,p30,dataset_2,centrality
369,0.6931471805599453,0.7088853,train,p30,dataset_2,centrality
555,0.6931471805599453,0.7088853,train,p30,dataset_2,centrality
895,0.6931471805599453,0.7088853,train,p30,dataset_2,centrality
1232,0.6931471805599453,0.7088853,train,p30,dataset_2,centrality
1067,0.6931471805599453,0.7088853,train,p30,dataset_2,centrality
653,1.0986122886681098,0.84405035,train,p30,dataset_2,centrality
184,0.6931471805599453,0.7088853,train,p30,dataset_2,centrality
1209,0.6931471805599453,0.7088853,train,p30,dataset_2,centrality
1066,0.6931471805599453,0.7088853,train,p30,dataset_2,centrality
829,0.6931471805599453,0.7088853,train,p30,dataset_2,centrality
1045,0.6931471805599453,0.7088853,train,p30,dataset_2,centrality
42,0.6931471805599453,0.7088853,train,p30,dataset_2,centrality
1391,0.6931471805599453,0.7088853,train,p30,dataset_2,centrality
1168,1.6094379124341005,1.5732319,train,p30,dataset_2,centrality
24,0.6931471805599453,0.7088853,train,p30,dataset_2,centrality
500,0.6931471805599453,0.7088853,train,p30,dataset_2,centrality
171,0.6931471805599453,0.7088853,train,p30,dataset_2,centrality
277,0.6931471805599453,0.7088853,train,p30,dataset_2,centrality
621,0.6931471805599453,0.7088853,train,p30,dataset_2,centrality
371,0.6931471805599453,0.7088853,train,p30,dataset_2,centrality
356,0.6931471805599453,0.7088853,train,p30,dataset_2,centrality
878,1.0986122886681098,0.7088853,train,p30,dataset_2,centrality
309,0.6931471805599453,0.7088853,train,p30,dataset_2,centrality
74,0.6931471805599453,0.7088853,train,p30,dataset_2,centrality
1272,0.6931471805599453,0.7088853,train,p30,dataset_2,centrality
1281,0.6931471805599453,0.7088853,train,p30,dataset_2,centrality
81,1.3862943611198906,1.2503465,train,p30,dataset_2,centrality
1113,0.6931471805599453,0.7088853,train,p30,dataset_2,centrality
1078,0.6931471805599453,0.7088853,train,p30,dataset_2,centrality
834,0.6931471805599453,0.7088853,train,p30,dataset_2,centrality
842,0.6931471805599453,0.7088853,train,p30,dataset_2,centrality
159,0.6931471805599453,0.7088853,train,p30,dataset_2,centrality
1012,0.6931471805599453,0.7088853,train,p30,dataset_2,centrality
326,0.6931471805599453,0.7088853,train,p30,dataset_2,centrality
1073,0.6931471805599453,0.7088853,train,p30,dataset_2,centrality
68,0.6931471805599453,0.7088853,train,p30,dataset_2,centrality
420,0.6931471805599453,0.7088853,train,p30,dataset_2,centrality
1387,0.6931471805599453,0.7088853,train,p30,dataset_2,centrality
1311,0.6931471805599453,0.7088853,train,p30,dataset_2,centrality
785,0.6931471805599453,0.7088853,train,p30,dataset_2,centrality
739,0.6931471805599453,0.7088853,train,p30,dataset_2,centrality
179,0.6931471805599453,0.7088853,train,p30,dataset_2,centrality
530,0.6931471805599453,0.7088853,train,p30,dataset_2,centrality
22,0.6931471805599453,0.7088853,train,p30,dataset_2,centrality
836,0.6931471805599453,0.7088853,train,p30,dataset_2,centrality
742,0.6931471805599453,0.7088853,train,p30,dataset_2,centrality
162,0.6931471805599453,0.7088853,train,p30,dataset_2,centrality
1356,0.6931471805599453,0.7088853,train,p30,dataset_2,centrality
1395,0.6931471805599453,0.7088853,train,p30,dataset_2,centrality
655,1.0986122886681098,0.84405035,train,p30,dataset_2,centrality
999,0.6931471805599453,0.7088853,train,p30,dataset_2,centrality
1196,0.6931471805599453,0.7088853,train,p30,dataset_2,centrality
611,0.6931471805599453,0.7088853,train,p30,dataset_2,centrality
757,0.6931471805599453,0.7088853,train,p30,dataset_2,centrality
868,0.6931471805599453,0.7088853,train,p30,dataset_2,centrality
1239,0.6931471805599453,0.7088853,train,p30,dataset_2,centrality
1436,0.6931471805599453,0.7088853,train,p30,dataset_2,centrality
1291,0.6931471805599453,0.7088853,train,p30,dataset_2,centrality
527,0.6931471805599453,0.7088853,train,p30,dataset_2,centrality
295,0.6931471805599453,0.7088853,train,p30,dataset_2,centrality
948,0.6931471805599453,0.7088853,train,p30,dataset_2,centrality
643,1.0986122886681098,1.4303334,train,p30,dataset_2,centrality
392,0.6931471805599453,0.7088853,train,p30,dataset_2,centrality
114,0.6931471805599453,0.7088853,train,p30,dataset_2,centrality
819,0.6931471805599453,0.7088853,train,p30,dataset_2,centrality
1203,0.6931471805599453,0.7088853,train,p30,dataset_2,centrality
488,0.6931471805599453,0.7088853,train,p30,dataset_2,centrality
492,0.6931471805599453,0.7088853,train,p30,dataset_2,centrality
1070,0.6931471805599453,0.7088853,train,p30,dataset_2,centrality
994,0.6931471805599453,0.7088853,train,p30,dataset_2,centrality
509,0.6931471805599453,0.7088853,train,p30,dataset_2,centrality
1375,0.6931471805599453,0.7088853,train,p30,dataset_2,centrality
482,0.6931471805599453,0.7088853,train,p30,dataset_2,centrality
110,0.6931471805599453,0.7088853,train,p30,dataset_2,centrality
640,1.9459101490553132,1.6722409,train,p30,dataset_2,centrality
962,0.6931471805599453,0.7088853,train,p30,dataset_2,centrality
16,0.6931471805599453,0.7088853,train,p30,dataset_2,centrality
1433,0.6931471805599453,0.7088853,train,p30,dataset_2,centrality
251,0.6931471805599453,0.7088853,train,p30,dataset_2,centrality
1278,0.6931471805599453,0.7088853,train,p30,dataset_2,centrality
634,3.7612001156935624,1.7710216,train,p30,dataset_2,centrality
1134,0.6931471805599453,0.7088853,train,p30,dataset_2,centrality
272,0.6931471805599453,0.7088853,train,p30,dataset_2,centrality
927,0.6931471805599453,0.7088853,train,p30,dataset_2,centrality
29,1.0986122886681098,0.88809615,train,p30,dataset_2,centrality
511,0.6931471805599453,0.7088853,train,p30,dataset_2,centrality
610,0.6931471805599453,0.7088853,train,p30,dataset_2,centrality
517,0.6931471805599453,0.7088853,train,p30,dataset_2,centrality
571,0.6931471805599453,0.7088853,train,p30,dataset_2,centrality
1068,0.6931471805599453,0.7088853,train,p30,dataset_2,centrality
1251,0.6931471805599453,0.7088853,train,p30,dataset_2,centrality
345,0.6931471805599453,0.7088853,train,p30,dataset_2,centrality
454,0.6931471805599453,0.7088853,train,p30,dataset_2,centrality
17,1.0986122886681098,0.7088853,train,p30,dataset_2,centrality
1238,0.6931471805599453,0.7088853,train,p30,dataset_2,centrality
1261,0.6931471805599453,0.7088853,train,p30,dataset_2,centrality
1231,0.6931471805599453,0.7088853,train,p30,dataset_2,centrality
318,0.6931471805599453,0.7088853,train,p30,dataset_2,centrality
187,0.6931471805599453,0.7088853,train,p30,dataset_2,centrality
1128,0.6931471805599453,0.7577426,train,p30,dataset_2,centrality
1201,0.6931471805599453,0.7088853,train,p30,dataset_2,centrality
716,2.6390573296152584,2.5060627,train,p30,dataset_2,centrality
1240,0.6931471805599453,0.7088853,train,p30,dataset_2,centrality
322,0.6931471805599453,0.7088853,train,p30,dataset_2,centrality
153,0.6931471805599453,0.7088853,train,p30,dataset_2,centrality
588,1.0986122886681098,0.7088853,train,p30,dataset_2,centrality
127,0.6931471805599453,0.7088853,train,p30,dataset_2,centrality
700,0.6931471805599453,0.7088853,train,p30,dataset_2,centrality
661,0.6931471805599453,0.7088853,train,p30,dataset_2,centrality
1005,0.6931471805599453,0.7088853,train,p30,dataset_2,centrality
586,0.6931471805599453,0.7088853,train,p30,dataset_2,centrality
969,0.6931471805599453,0.7088853,train,p30,dataset_2,centrality
865,0.6931471805599453,0.7088853,train,p30,dataset_2,centrality
1222,0.6931471805599453,0.7088853,train,p30,dataset_2,centrality
285,1.6094379124341005,1.4303334,train,p30,dataset_2,centrality
1309,0.6931471805599453,0.7088853,train,p30,dataset_2,centrality
980,0.6931471805599453,0.7088853,train,p30,dataset_2,centrality
1034,0.6931471805599453,0.7088853,train,p30,dataset_2,centrality
351,0.6931471805599453,0.7088853,train,p30,dataset_2,centrality
1132,0.6931471805599453,0.7088853,train,p30,dataset_2,centrality
1009,0.6931471805599453,0.7088853,train,p30,dataset_2,centrality
1090,2.3978952727983707,1.2503465,train,p30,dataset_2,centrality
429,0.6931471805599453,0.7088853,train,p30,dataset_2,centrality
1129,1.0986122886681098,0.7088853,train,p30,dataset_2,centrality
176,0.6931471805599453,0.7088853,train,p30,dataset_2,centrality
288,0.6931471805599453,0.7088853,train,p30,dataset_2,centrality
781,0.6931471805599453,0.7088853,train,p30,dataset_2,centrality
1381,0.6931471805599453,0.7088853,train,p30,dataset_2,centrality
476,0.6931471805599453,0.7088853,train,p30,dataset_2,centrality
877,0.6931471805599453,0.7088853,train,p30,dataset_2,centrality
959,0.6931471805599453,0.7088853,train,p30,dataset_2,centrality
1318,0.6931471805599453,0.7088853,train,p30,dataset_2,centrality
465,0.6931471805599453,0.7088853,train,p30,dataset_2,centrality
341,0.6931471805599453,0.7088853,train,p30,dataset_2,centrality
1441,0.6931471805599453,0.7088853,train,p30,dataset_2,centrality
1305,0.6931471805599453,0.7088853,train,p30,dataset_2,centrality
1267,0.6931471805599453,0.7088853,train,p30,dataset_2,centrality
596,1.9459101490553132,1.6722409,train,p30,dataset_2,centrality
630,3.044522437723423,3.205393,train,p30,dataset_2,centrality
1095,0.6931471805599453,0.7088853,train,p30,dataset_2,centrality
645,1.3862943611198906,1.6722409,train,p30,dataset_2,centrality
264,0.6931471805599453,0.7088853,train,p30,dataset_2,centrality
934,0.6931471805599453,0.7088853,train,p30,dataset_2,centrality
468,0.6931471805599453,0.7088853,train,p30,dataset_2,centrality
846,0.6931471805599453,0.7088853,train,p30,dataset_2,centrality
695,0.6931471805599453,0.7088853,train,p30,dataset_2,centrality
329,0.6931471805599453,0.7088853,train,p30,dataset_2,centrality
116,0.6931471805599453,0.7088853,train,p30,dataset_2,centrality
317,0.6931471805599453,0.7088853,train,p30,dataset_2,centrality
963,0.6931471805599453,0.7088853,train,p30,dataset_2,centrality
1053,0.6931471805599453,0.7088853,train,p30,dataset_2,centrality
617,0.6931471805599453,0.7088853,train,p30,dataset_2,centrality
926,0.6931471805599453,0.7088853,train,p30,dataset_2,centrality
1184,1.0986122886681098,0.7088853,train,p30,dataset_2,centrality
872,0.6931471805599453,0.7088853,train,p30,dataset_2,centrality
535,0.6931471805599453,0.7088853,train,p30,dataset_2,centrality
1365,0.6931471805599453,0.7088853,train,p30,dataset_2,centrality
592,0.6931471805599453,0.7088853,train,p30,dataset_2,centrality
1403,0.6931471805599453,0.7088853,train,p30,dataset_2,centrality
641,1.791759469228055,1.3313245,train,p30,dataset_2,centrality
70,0.6931471805599453,0.7088853,train,p30,dataset_2,centrality
266,0.6931471805599453,0.7088853,train,p30,dataset_2,centrality
388,0.6931471805599453,0.7088853,train,p30,dataset_2,centrality
261,0.6931471805599453,0.7088853,train,p30,dataset_2,centrality
33,0.6931471805599453,0.7088853,train,p30,dataset_2,centrality
393,1.0986122886681098,0.7088853,train,p30,dataset_2,centrality
273,0.6931471805599453,0.7088853,train,p30,dataset_2,centrality
469,0.6931471805599453,0.7088853,train,p30,dataset_2,centrality
1111,0.6931471805599453,0.7088853,train,p30,dataset_2,centrality
1040,0.6931471805599453,0.7088853,train,p30,dataset_2,centrality
1292,0.6931471805599453,0.7088853,train,p30,dataset_2,centrality
656,0.6931471805599453,0.7577426,train,p30,dataset_2,centrality
174,0.6931471805599453,0.7088853,train,p30,dataset_2,centrality
79,0.6931471805599453,0.7088853,train,p30,dataset_2,centrality
1313,0.6931471805599453,0.7088853,train,p30,dataset_2,centrality
290,0.6931471805599453,0.7088853,train,p30,dataset_2,centrality
676,0.6931471805599453,0.7088853,train,p30,dataset_2,centrality
581,0.6931471805599453,0.7088853,train,p30,dataset_2,centrality
1002,0.6931471805599453,0.7088853,train,p30,dataset_2,centrality
440,0.6931471805599453,0.7088853,train,p30,dataset_2,centrality
436,0.6931471805599453,0.7088853,train,p30,dataset_2,centrality
271,0.6931471805599453,0.7088853,train,p30,dataset_2,centrality
912,0.6931471805599453,0.7088853,train,p30,dataset_2,centrality
720,1.791759469228055,1.6722409,train,p30,dataset_2,centrality
1303,0.6931471805599453,0.7088853,train,p30,dataset_2,centrality
625,2.3978952727983707,2.691307,train,p30,dataset_2,centrality
1000,0.6931471805599453,0.7088853,train,p30,dataset_2,centrality
689,0.6931471805599453,1.3313245,train,p30,dataset_2,centrality
411,0.6931471805599453,0.7088853,train,p30,dataset_2,centrality
1071,0.6931471805599453,0.7088853,train,p30,dataset_2,centrality
270,0.6931471805599453,0.7088853,train,p30,dataset_2,centrality
1190,0.6931471805599453,0.7088853,train,p30,dataset_2,centrality
954,0.6931471805599453,0.7088853,train,p30,dataset_2,centrality
993,0.6931471805599453,0.7088853,train,p30,dataset_2,centrality
1426,0.6931471805599453,0.7088853,train,p30,dataset_2,centrality
1021,0.6931471805599453,0.7088853,train,p30,dataset_2,centrality
103,0.6931471805599453,0.7088853,train,p30,dataset_2,centrality
1415,0.6931471805599453,0.7088853,train,p30,dataset_2,centrality
982,1.0986122886681098,0.7088853,train,p30,dataset_2,centrality
25,0.6931471805599453,0.7088853,train,p30,dataset_2,centrality
340,1.0986122886681098,0.7088853,train,p30,dataset_2,centrality
724,1.3862943611198906,1.2009709,train,p30,dataset_2,centrality
916,0.6931471805599453,0.7088853,train,p30,dataset_2,centrality
1329,0.6931471805599453,0.7088853,train,p30,dataset_2,centrality
1367,0.6931471805599453,0.7088853,train,p30,dataset_2,centrality
1171,1.0986122886681098,1.020984,train,p30,dataset_2,centrality
810,0.6931471805599453,0.7088853,train,p30,dataset_2,centrality
1225,0.6931471805599453,0.7088853,train,p30,dataset_2,centrality
961,0.6931471805599453,0.7088853,train,p30,dataset_2,centrality
1118,0.6931471805599453,0.7088853,train,p30,dataset_2,centrality
727,0.6931471805599453,0.7577426,train,p30,dataset_2,centrality
1079,0.6931471805599453,0.7088853,train,p30,dataset_2,centrality
479,0.6931471805599453,0.7088853,train,p30,dataset_2,centrality
741,1.3862943611198906,0.84405035,train,p30,dataset_2,centrality
120,0.6931471805599453,0.7088853,train,p30,dataset_2,centrality
1153,0.6931471805599453,0.7088853,train,p30,dataset_2,centrality
522,0.6931471805599453,0.7088853,train,p30,dataset_2,centrality
1398,0.6931471805599453,0.7088853,train,p30,dataset_2,centrality
1028,0.6931471805599453,0.7088853,train,p30,dataset_2,centrality
284,2.0794415416798357,1.3313245,train,p30,dataset_2,centrality
1397,0.6931471805599453,0.7088853,train,p30,dataset_2,centrality
1104,0.6931471805599453,0.7088853,train,p30,dataset_2,centrality
147,0.6931471805599453,0.7088853,train,p30,dataset_2,centrality
372,0.6931471805599453,0.7088853,train,p30,dataset_2,centrality
478,0.6931471805599453,0.7088853,train,p30,dataset_2,centrality
82,1.0986122886681098,0.7577426,train,p30,dataset_2,centrality
1046,0.6931471805599453,0.7088853,train,p30,dataset_2,centrality
472,0.6931471805599453,0.7088853,train,p30,dataset_2,centrality
453,0.6931471805599453,0.7088853,train,p30,dataset_2,centrality
481,0.6931471805599453,0.7088853,train,p30,dataset_2,centrality
896,0.6931471805599453,0.7088853,train,p30,dataset_2,centrality
616,0.6931471805599453,0.7088853,train,p30,dataset_2,centrality
1282,0.6931471805599453,0.7088853,train,p30,dataset_2,centrality
1440,0.6931471805599453,0.7088853,train,p30,dataset_2,centrality
953,0.6931471805599453,0.7088853,train,p30,dataset_2,centrality
1101,0.6931471805599453,0.7088853,train,p30,dataset_2,centrality
305,0.6931471805599453,0.7088853,train,p30,dataset_2,centrality
970,0.6931471805599453,0.7088853,train,p30,dataset_2,centrality
38,0.6931471805599453,0.7088853,train,p30,dataset_2,centrality
562,0.6931471805599453,0.7088853,train,p30,dataset_2,centrality
995,0.6931471805599453,0.7088853,train,p30,dataset_2,centrality
589,0.6931471805599453,0.7088853,train,p30,dataset_2,centrality
652,1.0986122886681098,0.84405035,train,p30,dataset_2,centrality
707,0.6931471805599453,0.7088853,train,p30,dataset_2,centrality
906,0.6931471805599453,0.7088853,train,p30,dataset_2,centrality
71,0.6931471805599453,0.7088853,train,p30,dataset_2,centrality
451,0.6931471805599453,0.7088853,train,p30,dataset_2,centrality
157,0.6931471805599453,0.7088853,train,p30,dataset_2,centrality
658,1.0986122886681098,0.7577426,train,p30,dataset_2,centrality
1052,0.6931471805599453,0.7088853,train,p30,dataset_2,centrality
470,0.6931471805599453,0.7088853,train,p30,dataset_2,centrality
320,0.6931471805599453,0.7088853,train,p30,dataset_2,centrality
1006,0.6931471805599453,0.7088853,train,p30,dataset_2,centrality
1004,0.6931471805599453,0.7088853,train,p30,dataset_2,centrality
1166,3.044522437723423,3.205393,train,p30,dataset_2,centrality
1315,0.6931471805599453,0.7088853,train,p30,dataset_2,centrality
607,0.6931471805599453,0.7088853,train,p30,dataset_2,centrality
1347,0.6931471805599453,0.7088853,train,p30,dataset_2,centrality
384,0.6931471805599453,0.7088853,train,p30,dataset_2,centrality
58,0.6931471805599453,0.7088853,train,p30,dataset_2,centrality
991,0.6931471805599453,0.7088853,train,p30,dataset_2,centrality
1075,0.6931471805599453,0.7088853,train,p30,dataset_2,centrality
366,0.6931471805599453,0.7088853,train,p30,dataset_2,centrality
579,0.6931471805599453,0.7088853,train,p30,dataset_2,centrality
1221,0.6931471805599453,0.7088853,train,p30,dataset_2,centrality
751,1.0986122886681098,0.7088853,train,p30,dataset_2,centrality
60,0.6931471805599453,0.7088853,train,p30,dataset_2,centrality
503,0.6931471805599453,0.7088853,train,p30,dataset_2,centrality
593,0.6931471805599453,0.7088853,train,p30,dataset_2,centrality
95,0.6931471805599453,0.7088853,train,p30,dataset_2,centrality
381,0.6931471805599453,0.7088853,train,p30,dataset_2,centrality
462,0.6931471805599453,0.7088853,train,p30,dataset_2,centrality
1144,0.6931471805599453,0.7088853,train,p30,dataset_2,centrality
935,0.6931471805599453,0.7088853,train,p30,dataset_2,centrality
113,0.6931471805599453,0.7088853,train,p30,dataset_2,centrality
214,1.3862943611198906,0.7577426,train,p30,dataset_2,centrality
44,0.6931471805599453,0.7088853,train,p30,dataset_2,centrality
87,0.6931471805599453,0.7088853,train,p30,dataset_2,centrality
152,0.6931471805599453,0.7088853,train,p30,dataset_2,centrality
882,0.6931471805599453,0.7088853,train,p30,dataset_2,centrality
93,0.6931471805599453,0.7088853,train,p30,dataset_2,centrality
1157,0.6931471805599453,0.7088853,train,p30,dataset_2,centrality
118,0.6931471805599453,0.7088853,train,p30,dataset_2,centrality
1015,0.6931471805599453,0.7088853,train,p30,dataset_2,centrality
1210,0.6931471805599453,0.7088853,train,p30,dataset_2,centrality
1025,0.6931471805599453,0.7088853,train,p30,dataset_2,centrality
85,1.0986122886681098,0.7088853,train,p30,dataset_2,centrality
627,2.5649493574615367,3.205393,train,p30,dataset_2,centrality
1039,0.6931471805599453,0.7088853,train,p30,dataset_2,centrality
1424,0.6931471805599453,0.7088853,train,p30,dataset_2,centrality
623,2.0794415416798357,1.3313245,train,p30,dataset_2,centrality
53,0.6931471805599453,0.7088853,train,p30,dataset_2,centrality
1404,0.6931471805599453,0.7088853,train,p30,dataset_2,centrality
732,1.0986122886681098,0.88809615,train,p30,dataset_2,centrality
1439,0.6931471805599453,0.7088853,train,p30,dataset_2,centrality
121,0.6931471805599453,0.7088853,train,p30,dataset_2,centrality
931,0.6931471805599453,0.7088853,train,p30,dataset_2,centrality
639,1.9459101490553132,1.8840865,train,p30,dataset_2,centrality
540,0.6931471805599453,0.7088853,train,p30,dataset_2,centrality
930,0.6931471805599453,0.7088853,train,p30,dataset_2,centrality
760,0.6931471805599453,0.7088853,train,p30,dataset_2,centrality
407,0.6931471805599453,0.7088853,train,p30,dataset_2,centrality
859,0.6931471805599453,0.7088853,train,p30,dataset_2,centrality
496,0.6931471805599453,0.7088853,train,p30,dataset_2,centrality
208,3.332204510175204,2.893605,train,p30,dataset_2,centrality
286,0.6931471805599453,0.7088853,train,p30,dataset_2,centrality
410,2.0794415416798357,1.1513376,train,p30,dataset_2,centrality
325,0.6931471805599453,0.7088853,train,p30,dataset_2,centrality
99,0.6931471805599453,0.7088853,train,p30,dataset_2,centrality
460,0.6931471805599453,0.7088853,train,p30,dataset_2,centrality
143,0.6931471805599453,0.7088853,train,p30,dataset_2,centrality
826,0.6931471805599453,0.7088853,train,p30,dataset_2,centrality
614,0.6931471805599453,0.7088853,train,p30,dataset_2,centrality
1120,0.6931471805599453,0.7088853,train,p30,dataset_2,centrality
89,0.6931471805599453,0.7088853,train,p30,dataset_2,centrality
484,0.6931471805599453,0.7088853,train,p30,dataset_2,centrality
759,0.6931471805599453,0.7088853,train,p30,dataset_2,centrality
1155,0.6931471805599453,0.7088853,train,p30,dataset_2,centrality
403,3.737669618283368,3.205393,train,p30,dataset_2,centrality
1149,0.6931471805599453,0.7088853,train,p30,dataset_2,centrality
1317,0.6931471805599453,0.7088853,train,p30,dataset_2,centrality
1150,0.6931471805599453,0.7088853,train,p30,dataset_2,centrality
378,0.6931471805599453,0.7088853,train,p30,dataset_2,centrality
298,0.6931471805599453,0.7088853,train,p30,dataset_2,centrality
1145,0.6931471805599453,0.7088853,train,p30,dataset_2,centrality
131,0.6931471805599453,0.7088853,train,p30,dataset_2,centrality
1384,0.6931471805599453,0.7088853,train,p30,dataset_2,centrality
31,0.6931471805599453,0.88809615,train,p30,dataset_2,centrality
821,0.6931471805599453,0.7088853,train,p30,dataset_2,centrality
814,0.6931471805599453,0.7088853,train,p30,dataset_2,centrality
352,0.6931471805599453,0.7088853,train,p30,dataset_2,centrality
532,0.6931471805599453,0.7088853,train,p30,dataset_2,centrality
303,0.6931471805599453,0.7088853,train,p30,dataset_2,centrality
594,0.6931471805599453,0.7088853,train,p30,dataset_2,centrality
1389,0.6931471805599453,0.7088853,train,p30,dataset_2,centrality
1346,0.6931471805599453,0.7088853,train,p30,dataset_2,centrality
1156,0.6931471805599453,0.7088853,train,p30,dataset_2,centrality
1437,0.6931471805599453,0.7088853,train,p30,dataset_2,centrality
91,0.6931471805599453,0.7088853,train,p30,dataset_2,centrality
1094,0.6931471805599453,0.7088853,train,p30,dataset_2,centrality
804,0.6931471805599453,0.7088853,train,p30,dataset_2,centrality
173,0.6931471805599453,0.7088853,train,p30,dataset_2,centrality
389,0.6931471805599453,0.7088853,train,p30,dataset_2,centrality
61,0.6931471805599453,0.7088853,train,p30,dataset_2,centrality
274,0.6931471805599453,0.7088853,train,p30,dataset_2,centrality
108,0.6931471805599453,0.7088853,train,p30,dataset_2,centrality
1110,0.6931471805599453,0.7088853,train,p30,dataset_2,centrality
32,0.6931471805599453,0.7577426,train,p30,dataset_2,centrality
151,0.6931471805599453,0.7088853,train,p30,dataset_2,centrality
898,0.6931471805599453,0.7088853,train,p30,dataset_2,centrality
332,0.6931471805599453,0.7088853,train,p30,dataset_2,centrality
756,0.6931471805599453,0.7088853,train,p30,dataset_2,centrality
1414,0.6931471805599453,0.7088853,train,p30,dataset_2,centrality
297,0.6931471805599453,0.7088853,train,p30,dataset_2,centrality
188,0.6931471805599453,0.7088853,train,p30,dataset_2,centrality
670,0.6931471805599453,0.7088853,train,p30,dataset_2,centrality
1030,0.6931471805599453,0.7088853,train,p30,dataset_2,centrality
691,1.0986122886681098,1.3313245,train,p30,dataset_2,centrality
880,0.6931471805599453,0.7088853,train,p30,dataset_2,centrality
1179,0.6931471805599453,1.020984,train,p30,dataset_2,centrality
348,0.6931471805599453,0.7088853,train,p30,dataset_2,centrality
563,0.6931471805599453,0.7088853,train,p30,dataset_2,centrality
104,0.6931471805599453,0.7088853,train,p30,dataset_2,centrality
485,0.6931471805599453,0.7088853,train,p30,dataset_2,centrality
1306,0.6931471805599453,0.7088853,train,p30,dataset_2,centrality
1226,0.6931471805599453,0.7088853,train,p30,dataset_2,centrality
723,0.6931471805599453,0.8392389,train,p30,dataset_2,centrality
508,0.6931471805599453,0.7088853,train,p30,dataset_2,centrality
1392,0.6931471805599453,0.7088853,train,p30,dataset_2,centrality
304,0.6931471805599453,0.7088853,train,p30,dataset_2,centrality
370,0.6931471805599453,0.7088853,train,p30,dataset_2,centrality
367,0.6931471805599453,0.7088853,train,p30,dataset_2,centrality
692,0.6931471805599453,0.7088853,train,p30,dataset_2,centrality
161,0.6931471805599453,0.7088853,train,p30,dataset_2,centrality
642,1.0986122886681098,1.5732319,train,p30,dataset_2,centrality
239,0.6931471805599453,0.84405035,train,p30,dataset_2,centrality
1295,0.6931471805599453,0.7088853,train,p30,dataset_2,centrality
260,0.6931471805599453,0.7088853,train,p30,dataset_2,centrality
782,0.6931471805599453,0.7088853,train,p30,dataset_2,centrality
405,1.0986122886681098,0.84405035,train,p30,dataset_2,centrality
1016,0.6931471805599453,0.7088853,train,p30,dataset_2,centrality
546,0.6931471805599453,0.7088853,train,p30,dataset_2,centrality
1133,0.6931471805599453,0.7088853,train,p30,dataset_2,centrality
957,0.6931471805599453,0.7088853,train,p30,dataset_2,centrality
1022,0.6931471805599453,0.7088853,train,p30,dataset_2,centrality
981,0.6931471805599453,0.7088853,train,p30,dataset_2,centrality
111,0.6931471805599453,0.7088853,train,p30,dataset_2,centrality
362,0.6931471805599453,0.7088853,train,p30,dataset_2,centrality
758,0.6931471805599453,0.7088853,train,p30,dataset_2,centrality
1255,0.6931471805599453,0.7088853,train,p30,dataset_2,centrality
385,0.6931471805599453,0.7088853,train,p30,dataset_2,centrality
850,0.6931471805599453,0.7088853,train,p30,dataset_2,centrality
220,0.6931471805599453,0.7088853,train,p30,dataset_2,centrality
1420,0.6931471805599453,0.7088853,train,p30,dataset_2,centrality
1413,0.6931471805599453,0.7088853,train,p30,dataset_2,centrality
1290,0.6931471805599453,0.7088853,train,p30,dataset_2,centrality
996,0.6931471805599453,0.7088853,train,p30,dataset_2,centrality
148,0.6931471805599453,0.7088853,train,p30,dataset_2,centrality
561,0.6931471805599453,0.7088853,train,p30,dataset_2,centrality
312,0.6931471805599453,0.7088853,train,p30,dataset_2,centrality
1431,0.6931471805599453,0.7088853,train,p30,dataset_2,centrality
528,0.6931471805599453,0.7088853,train,p30,dataset_2,centrality
1348,0.6931471805599453,0.7088853,train,p30,dataset_2,centrality
572,0.6931471805599453,0.7088853,train,p30,dataset_2,centrality
1161,2.0794415416798357,1.492254,train,p30,dataset_2,centrality
823,0.6931471805599453,0.7088853,train,p30,dataset_2,centrality
1288,0.6931471805599453,0.7088853,train,p30,dataset_2,centrality
1162,0.6931471805599453,0.7088853,train,p30,dataset_2,centrality
364,0.6931471805599453,0.7088853,train,p30,dataset_2,centrality
1241,0.6931471805599453,0.7088853,train,p30,dataset_2,centrality
1093,0.6931471805599453,0.7088853,train,p30,dataset_2,centrality
1007,0.6931471805599453,0.7088853,train,p30,dataset_2,centrality
711,0.6931471805599453,0.7088853,train,p30,dataset_2,centrality
1316,0.6931471805599453,0.7088853,train,p30,dataset_2,centrality
310,0.6931471805599453,0.7088853,train,p30,dataset_2,centrality
512,0.6931471805599453,0.7088853,train,p30,dataset_2,centrality
1442,0.6931471805599453,0.7088853,train,p30,dataset_2,centrality
324,0.6931471805599453,0.7088853,train,p30,dataset_2,centrality
1141,0.6931471805599453,0.7088853,train,p30,dataset_2,centrality
1271,0.6931471805599453,0.7088853,train,p30,dataset_2,centrality
919,0.6931471805599453,0.7088853,train,p30,dataset_2,centrality
28,0.6931471805599453,0.7577426,train,p30,dataset_2,centrality
1204,0.6931471805599453,0.7088853,train,p30,dataset_2,centrality
167,0.6931471805599453,0.7088853,train,p30,dataset_2,centrality
824,0.6931471805599453,0.7088853,train,p30,dataset_2,centrality
944,0.6931471805599453,0.7088853,train,p30,dataset_2,centrality
427,0.6931471805599453,0.84405035,train,p30,dataset_2,centrality
45,0.6931471805599453,0.7088853,train,p30,dataset_2,centrality
967,0.6931471805599453,0.7088853,train,p30,dataset_2,centrality
1330,0.6931471805599453,0.7088853,train,p30,dataset_2,centrality
160,0.6931471805599453,0.7088853,train,p30,dataset_2,centrality
761,0.6931471805599453,1.0370998,train,p30,dataset_2,centrality
803,0.6931471805599453,0.7088853,train,p30,dataset_2,centrality
769,0.6931471805599453,0.7088853,train,p30,dataset_2,centrality
2,0.6931471805599453,0.7088853,train,p30,dataset_2,centrality
853,0.6931471805599453,0.7088853,train,p30,dataset_2,centrality
556,0.6931471805599453,0.7088853,train,p30,dataset_2,centrality
890,1.0986122886681098,0.7088853,train,p30,dataset_2,centrality
400,1.791759469228055,1.9533019,train,p30,dataset_2,centrality
827,0.6931471805599453,0.7088853,train,p30,dataset_2,centrality
1183,0.6931471805599453,0.7088853,train,p30,dataset_2,centrality
217,1.0986122886681098,0.7088853,train,p30,dataset_2,centrality
978,0.6931471805599453,0.7088853,train,p30,dataset_2,centrality
1189,0.6931471805599453,0.7088853,train,p30,dataset_2,centrality
1063,0.6931471805599453,0.7088853,train,p30,dataset_2,centrality
784,0.6931471805599453,0.7088853,train,p30,dataset_2,centrality
5,0.6931471805599453,0.7088853,train,p30,dataset_2,centrality
1055,0.6931471805599453,0.7088853,train,p30,dataset_2,centrality
185,0.6931471805599453,0.7088853,train,p30,dataset_2,centrality
1324,0.6931471805599453,0.84405035,train,p30,dataset_2,centrality
1364,0.6931471805599453,0.7088853,train,p30,dataset_2,centrality
223,0.6931471805599453,0.7088853,train,p30,dataset_2,centrality
406,0.6931471805599453,0.7088853,train,p30,dataset_2,centrality
1345,0.6931471805599453,0.7088853,train,p30,dataset_2,centrality
300,0.6931471805599453,0.7088853,train,p30,dataset_2,centrality
549,0.6931471805599453,0.7088853,train,p30,dataset_2,centrality
1368,0.6931471805599453,0.7088853,train,p30,dataset_2,centrality
1314,0.6931471805599453,0.7088853,train,p30,dataset_2,centrality
595,1.9459101490553132,1.7710216,train,p30,dataset_2,centrality
358,0.6931471805599453,0.7088853,train,p30,dataset_2,centrality
631,2.0794415416798357,2.5060627,train,p30,dataset_2,centrality
245,0.6931471805599453,0.7088853,train,p30,dataset_2,centrality
130,0.6931471805599453,0.7088853,train,p30,dataset_2,centrality
624,0.6931471805599453,0.7088853,train,p30,dataset_2,centrality
1049,0.6931471805599453,0.7088853,train,p30,dataset_2,centrality
701,1.791759469228055,0.84405035,train,p30,dataset_2,centrality
163,0.6931471805599453,0.7088853,train,p30,dataset_2,centrality
854,0.6931471805599453,0.7088853,train,p30,dataset_2,centrality
77,0.6931471805599453,0.7088853,train,p30,dataset_2,centrality
301,0.6931471805599453,0.7088853,train,p30,dataset_2,centrality
1102,0.6931471805599453,0.7088853,train,p30,dataset_2,centrality
55,0.6931471805599453,0.7088853,train,p30,dataset_2,centrality
1013,0.6931471805599453,0.7088853,train,p30,dataset_2,centrality
26,0.6931471805599453,0.7088853,train,p30,dataset_2,centrality
1405,0.6931471805599453,0.7088853,train,p30,dataset_2,centrality
72,0.6931471805599453,0.7088853,train,p30,dataset_2,centrality
275,0.6931471805599453,0.7088853,train,p30,dataset_2,centrality
1048,0.6931471805599453,0.7088853,train,p30,dataset_2,centrality
373,0.6931471805599453,0.7088853,train,p30,dataset_2,centrality
248,0.6931471805599453,0.7088853,train,p30,dataset_2,centrality
0,0.6931471805599453,0.7088853,train,p30,dataset_2,centrality
883,0.6931471805599453,0.7088853,train,p30,dataset_2,centrality
1379,1.3862943611198906,1.6722409,train,p30,dataset_2,centrality
1138,0.6931471805599453,0.7088853,train,p30,dataset_2,centrality
956,0.6931471805599453,0.7088853,train,p30,dataset_2,centrality
1372,0.6931471805599453,0.7088853,train,p30,dataset_2,centrality
494,0.6931471805599453,0.7088853,train,p30,dataset_2,centrality
250,0.6931471805599453,0.7088853,train,p30,dataset_2,centrality
799,0.6931471805599453,0.7088853,train,p30,dataset_2,centrality
582,0.6931471805599453,0.7088853,train,p30,dataset_2,centrality
92,0.6931471805599453,0.7088853,train,p30,dataset_2,centrality
178,0.6931471805599453,0.7088853,train,p30,dataset_2,centrality
221,0.6931471805599453,0.7088853,train,p30,dataset_2,centrality
762,1.0986122886681098,0.7088853,validation,p30,dataset_2,centrality
837,0.6931471805599453,0.7088853,validation,p30,dataset_2,centrality
7,0.6931471805599453,0.7088853,validation,p30,dataset_2,centrality
576,0.6931471805599453,0.7088853,validation,p30,dataset_2,centrality
34,1.0986122886681098,0.7088853,validation,p30,dataset_2,centrality
1416,0.6931471805599453,0.7088853,validation,p30,dataset_2,centrality
1098,0.6931471805599453,0.7088853,validation,p30,dataset_2,centrality
941,0.6931471805599453,0.7088853,validation,p30,dataset_2,centrality
936,0.6931471805599453,0.7088853,validation,p30,dataset_2,centrality
11,0.6931471805599453,0.7088853,validation,p30,dataset_2,centrality
54,0.6931471805599453,0.7088853,validation,p30,dataset_2,centrality
1342,0.6931471805599453,0.7088853,validation,p30,dataset_2,centrality
40,0.6931471805599453,0.7088853,validation,p30,dataset_2,centrality
1146,0.6931471805599453,0.7088853,validation,p30,dataset_2,centrality
382,0.6931471805599453,0.7088853,validation,p30,dataset_2,centrality
106,1.0986122886681098,0.7088853,validation,p30,dataset_2,centrality
843,0.6931471805599453,0.7088853,validation,p30,dataset_2,centrality
1126,0.6931471805599453,0.7577426,validation,p30,dataset_2,centrality
1200,0.6931471805599453,0.7088853,validation,p30,dataset_2,centrality
672,0.6931471805599453,0.7088853,validation,p30,dataset_2,centrality
688,0.6931471805599453,0.7088853,validation,p30,dataset_2,centrality
282,1.6094379124341005,0.88809615,validation,p30,dataset_2,centrality
1178,0.6931471805599453,0.7088853,validation,p30,dataset_2,centrality
233,0.6931471805599453,0.7088853,validation,p30,dataset_2,centrality
1386,0.6931471805599453,0.7088853,validation,p30,dataset_2,centrality
383,0.6931471805599453,0.7088853,validation,p30,dataset_2,centrality
280,0.6931471805599453,0.7088853,validation,p30,dataset_2,centrality
306,0.6931471805599453,0.7088853,validation,p30,dataset_2,centrality
435,0.6931471805599453,0.7088853,validation,p30,dataset_2,centrality
1378,0.6931471805599453,0.7088853,validation,p30,dataset_2,centrality
1260,0.6931471805599453,0.7088853,validation,p30,dataset_2,centrality
368,0.6931471805599453,0.7088853,validation,p30,dataset_2,centrality
660,0.6931471805599453,0.7088853,validation,p30,dataset_2,centrality
554,3.367295829986474,2.3425887,validation,p30,dataset_2,centrality
4,0.6931471805599453,0.7088853,validation,p30,dataset_2,centrality
1280,0.6931471805599453,0.7088853,validation,p30,dataset_2,centrality
573,0.6931471805599453,0.7088853,validation,p30,dataset_2,centrality
258,0.6931471805599453,0.7088853,validation,p30,dataset_2,centrality
502,0.6931471805599453,0.7088853,validation,p30,dataset_2,centrality
78,0.6931471805599453,0.7088853,validation,p30,dataset_2,centrality
557,0.6931471805599453,0.7088853,validation,p30,dataset_2,centrality
49,0.6931471805599453,0.7088853,validation,p30,dataset_2,centrality
699,0.6931471805599453,0.7088853,validation,p30,dataset_2,centrality
1421,0.6931471805599453,0.7088853,validation,p30,dataset_2,centrality
1334,0.6931471805599453,0.7088853,validation,p30,dataset_2,centrality
1159,0.6931471805599453,0.7088853,validation,p30,dataset_2,centrality
619,0.6931471805599453,0.7088853,validation,p30,dataset_2,centrality
857,0.6931471805599453,0.7088853,validation,p30,dataset_2,centrality
1107,0.6931471805599453,0.7088853,validation,p30,dataset_2,centrality
206,0.6931471805599453,0.7088853,validation,p30,dataset_2,centrality
448,0.6931471805599453,0.7088853,validation,p30,dataset_2,centrality
287,0.6931471805599453,0.7088853,validation,p30,dataset_2,centrality
792,0.6931471805599453,0.7088853,validation,p30,dataset_2,centrality
1428,0.6931471805599453,0.7088853,validation,p30,dataset_2,centrality
793,0.6931471805599453,0.7088853,validation,p30,dataset_2,centrality
480,0.6931471805599453,0.7088853,validation,p30,dataset_2,centrality
30,1.9459101490553132,0.7577426,validation,p30,dataset_2,centrality
67,0.6931471805599453,0.7088853,validation,p30,dataset_2,centrality
591,0.6931471805599453,0.7088853,validation,p30,dataset_2,centrality
281,0.6931471805599453,0.7088853,validation,p30,dataset_2,centrality
193,0.6931471805599453,0.7088853,validation,p30,dataset_2,centrality
1301,0.6931471805599453,0.7088853,validation,p30,dataset_2,centrality
1131,0.6931471805599453,0.7088853,validation,p30,dataset_2,centrality
464,0.6931471805599453,0.7088853,validation,p30,dataset_2,centrality
268,1.6094379124341005,1.3313245,validation,p30,dataset_2,centrality
673,1.0986122886681098,0.7088853,validation,p30,dataset_2,centrality
1082,0.6931471805599453,0.7088853,validation,p30,dataset_2,centrality
903,0.6931471805599453,0.7088853,validation,p30,dataset_2,centrality
712,1.0986122886681098,0.7088853,validation,p30,dataset_2,centrality
439,0.6931471805599453,0.7088853,validation,p30,dataset_2,centrality
76,1.3862943611198906,1.5732319,validation,p30,dataset_2,centrality
858,0.6931471805599453,0.7088853,validation,p30,dataset_2,centrality
216,0.6931471805599453,0.7088853,validation,p30,dataset_2,centrality
1400,0.6931471805599453,0.7088853,validation,p30,dataset_2,centrality
725,1.0986122886681098,1.5732319,validation,p30,dataset_2,centrality
1264,0.6931471805599453,0.7088853,validation,p30,dataset_2,centrality
523,0.6931471805599453,0.7088853,validation,p30,dataset_2,centrality
567,0.6931471805599453,0.7088853,validation,p30,dataset_2,centrality
1411,0.6931471805599453,0.7088853,validation,p30,dataset_2,centrality
156,0.6931471805599453,0.7088853,validation,p30,dataset_2,centrality
215,0.6931471805599453,0.7088853,validation,p30,dataset_2,centrality
1390,0.6931471805599453,0.7088853,validation,p30,dataset_2,centrality
1123,0.6931471805599453,0.7088853,validation,p30,dataset_2,centrality
552,0.6931471805599453,0.9744039,validation,p30,dataset_2,centrality
237,1.3862943611198906,1.3313245,validation,p30,dataset_2,centrality
987,0.6931471805599453,0.7088853,validation,p30,dataset_2,centrality
786,0.6931471805599453,0.7088853,validation,p30,dataset_2,centrality
1427,0.6931471805599453,0.7088853,validation,p30,dataset_2,centrality
525,1.0986122886681098,0.7088853,validation,p30,dataset_2,centrality
186,0.6931471805599453,0.7088853,validation,p30,dataset_2,centrality
647,1.3862943611198906,1.1513376,validation,p30,dataset_2,centrality
780,0.6931471805599453,0.7088853,validation,p30,dataset_2,centrality
181,0.6931471805599453,0.7088853,validation,p30,dataset_2,centrality
486,0.6931471805599453,0.7088853,validation,p30,dataset_2,centrality
278,0.6931471805599453,0.7088853,validation,p30,dataset_2,centrality
965,0.6931471805599453,0.7088853,validation,p30,dataset_2,centrality
679,0.6931471805599453,1.3313245,validation,p30,dataset_2,centrality
83,1.0986122886681098,0.7088853,validation,p30,dataset_2,centrality
955,0.6931471805599453,0.7088853,validation,p30,dataset_2,centrality
112,0.6931471805599453,0.7088853,validation,p30,dataset_2,centrality
247,0.6931471805599453,0.7088853,validation,p30,dataset_2,centrality
134,0.6931471805599453,0.7088853,validation,p30,dataset_2,centrality
937,0.6931471805599453,0.7088853,validation,p30,dataset_2,centrality
84,0.6931471805599453,0.7088853,validation,p30,dataset_2,centrality
1289,0.6931471805599453,0.7088853,validation,p30,dataset_2,centrality
1354,2.1972245773362196,1.9452715,validation,p30,dataset_2,centrality
477,0.6931471805599453,0.7088853,validation,p30,dataset_2,centrality
330,0.6931471805599453,0.7088853,validation,p30,dataset_2,centrality
808,0.6931471805599453,0.7088853,validation,p30,dataset_2,centrality
361,0.6931471805599453,0.7088853,validation,p30,dataset_2,centrality
795,0.6931471805599453,0.7088853,validation,p30,dataset_2,centrality
209,1.0986122886681098,2.1683388,validation,p30,dataset_2,centrality
1072,0.6931471805599453,0.7088853,validation,p30,dataset_2,centrality
375,0.6931471805599453,0.7088853,validation,p30,dataset_2,centrality
1084,0.6931471805599453,0.7088853,validation,p30,dataset_2,centrality
1331,0.6931471805599453,0.7088853,validation,p30,dataset_2,centrality
48,0.6931471805599453,0.7088853,validation,p30,dataset_2,centrality
23,0.6931471805599453,0.7088853,validation,p30,dataset_2,centrality
154,0.6931471805599453,0.7088853,validation,p30,dataset_2,centrality
319,0.6931471805599453,0.7088853,validation,p30,dataset_2,centrality
753,0.6931471805599453,0.7088853,validation,p30,dataset_2,centrality
207,4.330733340286331,3.205393,validation,p30,dataset_2,centrality
568,0.6931471805599453,0.7088853,validation,p30,dataset_2,centrality
1333,0.6931471805599453,0.7088853,validation,p30,dataset_2,centrality
745,0.6931471805599453,0.7088853,validation,p30,dataset_2,centrality
713,3.5263605246161616,2.691307,validation,p30,dataset_2,centrality
825,0.6931471805599453,0.7088853,validation,p30,dataset_2,centrality
474,0.6931471805599453,0.7088853,validation,p30,dataset_2,centrality
390,0.6931471805599453,0.7088853,validation,p30,dataset_2,centrality
1223,0.6931471805599453,0.7088853,validation,p30,dataset_2,centrality
1256,0.6931471805599453,0.7088853,validation,p30,dataset_2,centrality
180,0.6931471805599453,0.7088853,validation,p30,dataset_2,centrality
401,0.6931471805599453,0.7088853,validation,p30,dataset_2,centrality
6,0.6931471805599453,0.7088853,validation,p30,dataset_2,centrality
514,0.6931471805599453,0.7088853,validation,p30,dataset_2,centrality
876,0.6931471805599453,0.7088853,validation,p30,dataset_2,centrality
907,0.6931471805599453,0.7088853,validation,p30,dataset_2,centrality
1343,0.6931471805599453,0.7088853,validation,p30,dataset_2,centrality
234,0.6931471805599453,0.7088853,validation,p30,dataset_2,centrality
765,0.6931471805599453,0.7088853,validation,p30,dataset_2,centrality
459,0.6931471805599453,0.7088853,validation,p30,dataset_2,centrality
1165,2.5649493574615367,3.0201488,validation,p30,dataset_2,centrality
685,0.6931471805599453,0.7088853,validation,p30,dataset_2,centrality
374,0.6931471805599453,0.7088853,validation,p30,dataset_2,centrality
731,0.6931471805599453,1.4428784,validation,p30,dataset_2,centrality
1214,0.6931471805599453,0.7088853,validation,p30,dataset_2,centrality
686,0.6931471805599453,0.7088853,validation,p30,dataset_2,centrality
1339,0.6931471805599453,0.7088853,validation,p30,dataset_2,centrality
73,0.6931471805599453,0.7088853,validation,p30,dataset_2,centrality
199,0.6931471805599453,0.7088853,validation,p30,dataset_2,centrality
1422,0.6931471805599453,0.7088853,validation,p30,dataset_2,centrality
800,0.6931471805599453,0.7088853,validation,p30,dataset_2,centrality
852,0.6931471805599453,0.7088853,validation,p30,dataset_2,centrality
510,0.6931471805599453,0.7088853,validation,p30,dataset_2,centrality
1010,0.6931471805599453,0.7088853,validation,p30,dataset_2,centrality
764,0.6931471805599453,0.7088853,validation,p30,dataset_2,centrality
875,0.6931471805599453,0.7088853,validation,p30,dataset_2,centrality
395,3.9318256327243257,2.1952083,validation,p30,dataset_2,centrality
776,0.6931471805599453,0.7088853,validation,p30,dataset_2,centrality
430,0.6931471805599453,0.7088853,validation,p30,dataset_2,centrality
565,0.6931471805599453,0.7088853,validation,p30,dataset_2,centrality
977,0.6931471805599453,0.7088853,validation,p30,dataset_2,centrality
938,0.6931471805599453,0.7088853,validation,p30,dataset_2,centrality
766,0.6931471805599453,0.7088853,validation,p30,dataset_2,centrality
979,0.6931471805599453,0.7088853,validation,p30,dataset_2,centrality
1310,0.6931471805599453,0.7088853,validation,p30,dataset_2,centrality
1352,1.0986122886681098,1.4303334,validation,p30,dataset_2,centrality
1258,0.6931471805599453,0.7088853,validation,p30,dataset_2,centrality
1062,0.6931471805599453,0.7088853,validation,p30,dataset_2,centrality
913,0.6931471805599453,0.7088853,validation,p30,dataset_2,centrality
445,0.6931471805599453,0.7088853,validation,p30,dataset_2,centrality
1369,0.6931471805599453,0.7088853,validation,p30,dataset_2,centrality
126,0.6931471805599453,0.7088853,validation,p30,dataset_2,centrality
37,0.6931471805599453,0.7088853,validation,p30,dataset_2,centrality
879,0.6931471805599453,0.7088853,validation,p30,dataset_2,centrality
1169,3.7612001156935624,1.5732319,validation,p30,dataset_2,centrality
507,0.6931471805599453,0.7088853,validation,p30,dataset_2,centrality
242,1.6094379124341005,1.1513376,validation,p30,dataset_2,centrality
1042,0.6931471805599453,0.7088853,validation,p30,dataset_2,centrality
1248,0.6931471805599453,0.7088853,validation,p30,dataset_2,centrality
9,0.6931471805599453,0.7088853,validation,p30,dataset_2,centrality
849,0.6931471805599453,0.7088853,validation,p30,dataset_2,centrality
201,0.6931471805599453,0.7088853,validation,p30,dataset_2,centrality
1419,0.6931471805599453,0.7088853,validation,p30,dataset_2,centrality
302,0.6931471805599453,0.7088853,validation,p30,dataset_2,centrality
577,0.6931471805599453,0.7088853,validation,p30,dataset_2,centrality
921,0.6931471805599453,0.7088853,validation,p30,dataset_2,centrality
8,0.6931471805599453,0.7088853,validation,p30,dataset_2,centrality
437,0.6931471805599453,0.7088853,validation,p30,dataset_2,centrality
738,1.0986122886681098,0.7088853,validation,p30,dataset_2,centrality
1359,0.6931471805599453,0.7088853,validation,p30,dataset_2,centrality
1418,0.6931471805599453,0.7088853,validation,p30,dataset_2,centrality
1230,0.6931471805599453,0.7088853,validation,p30,dataset_2,centrality
349,0.6931471805599453,0.7088853,validation,p30,dataset_2,centrality
791,0.6931471805599453,0.7088853,validation,p30,dataset_2,centrality
1366,0.6931471805599453,0.7088853,validation,p30,dataset_2,centrality
458,0.6931471805599453,0.7088853,validation,p30,dataset_2,centrality
463,0.6931471805599453,0.7088853,validation,p30,dataset_2,centrality
15,0.6931471805599453,0.7088853,validation,p30,dataset_2,centrality
551,1.0986122886681098,1.9452715,validation,p30,dataset_2,centrality
1114,0.6931471805599453,0.7088853,validation,p30,dataset_2,centrality
1065,0.6931471805599453,0.7088853,validation,p30,dataset_2,centrality
945,0.6931471805599453,0.7088853,validation,p30,dataset_2,centrality
893,0.6931471805599453,0.7088853,validation,p30,dataset_2,centrality
851,0.6931471805599453,0.7088853,validation,p30,dataset_2,centrality
328,0.6931471805599453,0.7088853,validation,p30,dataset_2,centrality
109,0.6931471805599453,0.7088853,validation,p30,dataset_2,centrality
1164,1.0986122886681098,0.7088853,validation,p30,dataset_2,centrality
690,0.6931471805599453,0.7577426,validation,p30,dataset_2,centrality
1103,0.6931471805599453,0.7088853,validation,p30,dataset_2,centrality
1036,0.6931471805599453,0.7088853,validation,p30,dataset_2,centrality
722,1.0986122886681098,1.3313245,validation,p30,dataset_2,centrality
1027,0.6931471805599453,0.7088853,validation,p30,dataset_2,centrality
1412,0.6931471805599453,0.7088853,validation,p30,dataset_2,centrality
155,0.6931471805599453,0.7088853,validation,p30,dataset_2,centrality
881,0.6931471805599453,0.7088853,validation,p30,dataset_2,centrality
801,0.6931471805599453,0.7088853,validation,p30,dataset_2,centrality
947,0.6931471805599453,0.7088853,test,p30,dataset_2,centrality
778,0.6931471805599453,0.7088853,test,p30,dataset_2,centrality
1360,0.6931471805599453,0.7088853,test,p30,dataset_2,centrality
192,0.6931471805599453,0.7088853,test,p30,dataset_2,centrality
1,0.6931471805599453,0.7088853,test,p30,dataset_2,centrality
506,0.6931471805599453,0.7088853,test,p30,dataset_2,centrality
1235,0.6931471805599453,0.7088853,test,p30,dataset_2,centrality
409,0.6931471805599453,0.7088853,test,p30,dataset_2,centrality
1122,0.6931471805599453,0.7088853,test,p30,dataset_2,centrality
541,0.6931471805599453,1.0370998,test,p30,dataset_2,centrality
558,0.6931471805599453,0.7088853,test,p30,dataset_2,centrality
1109,0.6931471805599453,0.7088853,test,p30,dataset_2,centrality
697,0.6931471805599453,0.7088853,test,p30,dataset_2,centrality
1229,0.6931471805599453,0.7088853,test,p30,dataset_2,centrality
133,0.6931471805599453,0.7088853,test,p30,dataset_2,centrality
1175,0.6931471805599453,0.7088853,test,p30,dataset_2,centrality
65,0.6931471805599453,1.020984,test,p30,dataset_2,centrality
863,0.6931471805599453,0.7088853,test,p30,dataset_2,centrality
1026,0.6931471805599453,0.7088853,test,p30,dataset_2,centrality
1127,0.6931471805599453,0.84405035,test,p30,dataset_2,centrality
1142,0.6931471805599453,0.7088853,test,p30,dataset_2,centrality
1099,0.6931471805599453,1.478308,test,p30,dataset_2,centrality
864,0.6931471805599453,0.7088853,test,p30,dataset_2,centrality
1380,1.3862943611198906,1.3313245,test,p30,dataset_2,centrality
534,0.6931471805599453,0.7088853,test,p30,dataset_2,centrality
289,0.6931471805599453,0.7088853,test,p30,dataset_2,centrality
35,0.6931471805599453,0.7088853,test,p30,dataset_2,centrality
423,0.6931471805599453,0.7088853,test,p30,dataset_2,centrality
408,0.6931471805599453,0.7088853,test,p30,dataset_2,centrality
1335,0.6931471805599453,0.7088853,test,p30,dataset_2,centrality
1362,0.6931471805599453,0.7088853,test,p30,dataset_2,centrality
702,0.6931471805599453,0.7088853,test,p30,dataset_2,centrality
491,0.6931471805599453,0.7088853,test,p30,dataset_2,centrality
498,0.6931471805599453,0.7088853,test,p30,dataset_2,centrality
1332,0.6931471805599453,0.7088853,test,p30,dataset_2,centrality
1158,1.0986122886681098,1.020984,test,p30,dataset_2,centrality
1357,1.9459101490553132,1.4303334,test,p30,dataset_2,centrality
438,0.6931471805599453,0.7088853,test,p30,dataset_2,centrality
14,0.6931471805599453,0.7088853,test,p30,dataset_2,centrality
1297,0.6931471805599453,0.7088853,test,p30,dataset_2,centrality
335,0.6931471805599453,0.7088853,test,p30,dataset_2,centrality
416,1.0986122886681098,1.3313245,test,p30,dataset_2,centrality
433,0.6931471805599453,0.7088853,test,p30,dataset_2,centrality
200,0.6931471805599453,0.7088853,test,p30,dataset_2,centrality
204,0.6931471805599453,0.7088853,test,p30,dataset_2,centrality
337,0.6931471805599453,0.7088853,test,p30,dataset_2,centrality
1135,0.6931471805599453,0.7088853,test,p30,dataset_2,centrality
705,0.6931471805599453,0.7088853,test,p30,dataset_2,centrality
1353,0.6931471805599453,0.8392389,test,p30,dataset_2,centrality
1234,0.6931471805599453,0.7088853,test,p30,dataset_2,centrality
399,2.3978952727983707,2.256125,test,p30,dataset_2,centrality
767,1.0986122886681098,1.0370998,test,p30,dataset_2,centrality
363,0.6931471805599453,0.7088853,test,p30,dataset_2,centrality
601,0.6931471805599453,0.7088853,test,p30,dataset_2,centrality
1409,0.6931471805599453,0.7088853,test,p30,dataset_2,centrality
1385,0.6931471805599453,0.7088853,test,p30,dataset_2,centrality
1023,0.6931471805599453,0.7088853,test,p30,dataset_2,centrality
203,0.6931471805599453,0.7088853,test,p30,dataset_2,centrality
189,0.6931471805599453,0.7088853,test,p30,dataset_2,centrality
1081,0.6931471805599453,0.7088853,test,p30,dataset_2,centrality
495,0.6931471805599453,0.7088853,test,p30,dataset_2,centrality
543,0.6931471805599453,0.7088853,test,p30,dataset_2,centrality
418,1.0986122886681098,0.7577426,test,p30,dataset_2,centrality
952,0.6931471805599453,0.7088853,test,p30,dataset_2,centrality
929,0.6931471805599453,0.7088853,test,p30,dataset_2,centrality
682,0.6931471805599453,0.7088853,test,p30,dataset_2,centrality
431,1.0986122886681098,0.7088853,test,p30,dataset_2,centrality
1410,0.6931471805599453,0.7088853,test,p30,dataset_2,centrality
450,0.6931471805599453,0.7088853,test,p30,dataset_2,centrality
149,0.6931471805599453,0.7088853,test,p30,dataset_2,centrality
473,0.6931471805599453,0.7088853,test,p30,dataset_2,centrality
1044,0.6931471805599453,0.7088853,test,p30,dataset_2,centrality
811,0.6931471805599453,0.7088853,test,p30,dataset_2,centrality
997,0.6931471805599453,0.7088853,test,p30,dataset_2,centrality
205,0.6931471805599453,0.7088853,test,p30,dataset_2,centrality
225,0.6931471805599453,0.7088853,test,p30,dataset_2,centrality
998,0.6931471805599453,0.7088853,test,p30,dataset_2,centrality
244,0.6931471805599453,0.7088853,test,p30,dataset_2,centrality
487,0.6931471805599453,0.7088853,test,p30,dataset_2,centrality
966,1.0986122886681098,0.7088853,test,p30,dataset_2,centrality
1086,0.6931471805599453,0.7577426,test,p30,dataset_2,centrality
262,0.6931471805599453,0.7088853,test,p30,dataset_2,centrality
269,0.6931471805599453,0.7088853,test,p30,dataset_2,centrality
939,0.6931471805599453,0.7088853,test,p30,dataset_2,centrality
146,0.6931471805599453,0.7088853,test,p30,dataset_2,centrality
308,0.6931471805599453,0.7088853,test,p30,dataset_2,centrality
516,0.6931471805599453,0.7088853,test,p30,dataset_2,centrality
904,0.6931471805599453,0.7088853,test,p30,dataset_2,centrality
299,0.6931471805599453,0.7088853,test,p30,dataset_2,centrality
654,0.6931471805599453,0.7577426,test,p30,dataset_2,centrality
703,0.6931471805599453,0.7088853,test,p30,dataset_2,centrality
923,0.6931471805599453,0.7088853,test,p30,dataset_2,centrality
848,0.6931471805599453,0.7088853,test,p30,dataset_2,centrality
357,0.6931471805599453,0.7088853,test,p30,dataset_2,centrality
1130,0.6931471805599453,1.020984,test,p30,dataset_2,centrality
1180,1.3862943611198906,0.9744039,test,p30,dataset_2,centrality
726,1.0986122886681098,0.7577426,test,p30,dataset_2,centrality
613,0.6931471805599453,0.7088853,test,p30,dataset_2,centrality
350,0.6931471805599453,0.7088853,test,p30,dataset_2,centrality
1383,0.6931471805599453,0.7088853,test,p30,dataset_2,centrality
1274,0.6931471805599453,0.7088853,test,p30,dataset_2,centrality
752,0.6931471805599453,0.7088853,test,p30,dataset_2,centrality
213,1.0986122886681098,0.9744039,test,p30,dataset_2,centrality
635,3.828641396489095,2.1573443,test,p30,dataset_2,centrality
925,0.6931471805599453,0.7088853,test,p30,dataset_2,centrality
687,0.6931471805599453,0.7088853,test,p30,dataset_2,centrality
820,0.6931471805599453,0.7088853,test,p30,dataset_2,centrality
190,0.6931471805599453,0.7088853,test,p30,dataset_2,centrality
1211,0.6931471805599453,0.7088853,test,p30,dataset_2,centrality
817,0.6931471805599453,0.7088853,test,p30,dataset_2,centrality
600,0.6931471805599453,0.7088853,test,p30,dataset_2,centrality
553,0.6931471805599453,0.7088853,test,p30,dataset_2,centrality
1312,0.6931471805599453,0.7088853,test,p30,dataset_2,centrality
584,0.6931471805599453,0.7088853,test,p30,dataset_2,centrality
240,2.0794415416798357,2.081875,test,p30,dataset_2,centrality
1092,0.6931471805599453,0.7088853,test,p30,dataset_2,centrality
1174,1.3862943611198906,1.020984,test,p30,dataset_2,centrality
1276,0.6931471805599453,0.7088853,test,p30,dataset_2,centrality
1148,0.6931471805599453,0.7088853,test,p30,dataset_2,centrality
860,0.6931471805599453,0.7088853,test,p30,dataset_2,centrality
704,0.6931471805599453,0.7088853,test,p30,dataset_2,centrality
21,0.6931471805599453,0.7088853,test,p30,dataset_2,centrality
844,0.6931471805599453,0.7088853,test,p30,dataset_2,centrality
1050,0.6931471805599453,0.7088853,test,p30,dataset_2,centrality
1320,1.0986122886681098,1.3932451,test,p30,dataset_2,centrality
798,0.6931471805599453,0.7088853,test,p30,dataset_2,centrality
432,1.6094379124341005,1.4303334,test,p30,dataset_2,centrality
124,0.6931471805599453,0.7088853,test,p30,dataset_2,centrality
1218,0.6931471805599453,0.7088853,test,p30,dataset_2,centrality
1373,0.6931471805599453,0.7088853,test,p30,dataset_2,centrality
137,0.6931471805599453,0.7088853,test,p30,dataset_2,centrality
1064,0.6931471805599453,0.7088853,test,p30,dataset_2,centrality
1265,0.6931471805599453,0.7088853,test,p30,dataset_2,centrality
835,0.6931471805599453,0.7088853,test,p30,dataset_2,centrality
228,0.6931471805599453,0.7088853,test,p30,dataset_2,centrality
1266,0.6931471805599453,0.7088853,test,p30,dataset_2,centrality
599,0.6931471805599453,0.7088853,test,p30,dataset_2,centrality
909,0.6931471805599453,0.7088853,test,p30,dataset_2,centrality
524,1.0986122886681098,0.7088853,test,p30,dataset_2,centrality
256,0.6931471805599453,0.7088853,test,p30,dataset_2,centrality
666,0.6931471805599453,0.7088853,test,p30,dataset_2,centrality
101,0.6931471805599453,0.7088853,test,p30,dataset_2,centrality
1262,0.6931471805599453,0.7088853,test,p30,dataset_2,centrality
1088,2.4849066497880004,1.1513376,test,p30,dataset_2,centrality
794,0.6931471805599453,0.7088853,test,p30,dataset_2,centrality
884,0.6931471805599453,0.7088853,test,p30,dataset_2,centrality
98,0.6931471805599453,0.7088853,test,p30,dataset_2,centrality
598,0.6931471805599453,0.9744039,test,p30,dataset_2,centrality
900,0.6931471805599453,0.7088853,test,p30,dataset_2,centrality
749,0.6931471805599453,0.7088853,test,p30,dataset_2,centrality
940,0.6931471805599453,0.7088853,test,p30,dataset_2,centrality
1096,0.6931471805599453,0.7088853,test,p30,dataset_2,centrality
1085,0.6931471805599453,0.7088853,test,p30,dataset_2,centrality
816,0.6931471805599453,0.7088853,test,p30,dataset_2,centrality
13,0.6931471805599453,0.7088853,test,p30,dataset_2,centrality
1143,1.6094379124341005,1.3313245,test,p30,dataset_2,centrality
169,0.6931471805599453,0.7088853,test,p30,dataset_2,centrality
1429,0.6931471805599453,0.7088853,test,p30,dataset_2,centrality
1186,0.6931471805599453,0.7088853,test,p30,dataset_2,centrality
315,0.6931471805599453,0.7088853,test,p30,dataset_2,centrality
768,0.6931471805599453,0.7088853,test,p30,dataset_2,centrality
434,0.6931471805599453,0.7088853,test,p30,dataset_2,centrality
20,0.6931471805599453,0.7088853,test,p30,dataset_2,centrality
313,0.6931471805599453,0.7088853,test,p30,dataset_2,centrality
755,0.6931471805599453,0.7088853,test,p30,dataset_2,centrality
1325,0.6931471805599453,0.7088853,test,p30,dataset_2,centrality
1423,0.6931471805599453,0.7088853,test,p30,dataset_2,centrality
644,0.6931471805599453,0.84405035,test,p30,dataset_2,centrality
1319,0.6931471805599453,0.7088853,test,p30,dataset_2,centrality
932,0.6931471805599453,0.7088853,test,p30,dataset_2,centrality
730,0.6931471805599453,0.7577426,test,p30,dataset_2,centrality
1115,0.6931471805599453,0.7088853,test,p30,dataset_2,centrality
1024,0.6931471805599453,0.7088853,test,p30,dataset_2,centrality
212,0.6931471805599453,0.7088853,test,p30,dataset_2,centrality
428,0.6931471805599453,0.7088853,test,p30,dataset_2,centrality
771,0.6931471805599453,0.7088853,test,p30,dataset_2,centrality
832,0.6931471805599453,0.7088853,test,p30,dataset_2,centrality
662,0.6931471805599453,0.7577426,test,p30,dataset_2,centrality
1208,0.6931471805599453,0.7088853,test,p30,dataset_2,centrality
164,0.6931471805599453,0.7088853,test,p30,dataset_2,centrality
1029,0.6931471805599453,0.7088853,test,p30,dataset_2,centrality
874,0.6931471805599453,0.7088853,test,p30,dataset_2,centrality
422,0.6931471805599453,0.7088853,test,p30,dataset_2,centrality
90,0.6931471805599453,0.7088853,test,p30,dataset_2,centrality
1182,1.3862943611198906,0.7577426,test,p30,dataset_2,centrality
1388,0.6931471805599453,0.7088853,test,p30,dataset_2,centrality
115,0.6931471805599453,0.7088853,test,p30,dataset_2,centrality
845,0.6931471805599453,0.7088853,test,p30,dataset_2,centrality
698,0.6931471805599453,0.7088853,test,p30,dataset_2,centrality
415,0.6931471805599453,0.7577426,test,p30,dataset_2,centrality
1212,0.6931471805599453,0.7088853,test,p30,dataset_2,centrality
838,1.0986122886681098,0.7088853,test,p30,dataset_2,centrality
1244,0.6931471805599453,0.7088853,test,p30,dataset_2,centrality
1191,0.6931471805599453,0.7088853,test,p30,dataset_2,centrality
1154,0.6931471805599453,0.7088853,test,p30,dataset_2,centrality
296,0.6931471805599453,0.7088853,test,p30,dataset_2,centrality
1302,0.6931471805599453,0.7088853,test,p30,dataset_2,centrality
714,3.737669618283368,3.205393,test,p30,dataset_2,centrality
246,1.3862943611198906,1.3313245,test,p30,dataset_2,centrality
590,0.6931471805599453,0.7088853,test,p30,dataset_2,centrality
125,0.6931471805599453,0.7088853,test,p30,dataset_2,centrality
1363,0.6931471805599453,0.7088853,test,p30,dataset_2,centrality
1236,0.6931471805599453,0.7088853,test,p30,dataset_2,centrality
1020,0.6931471805599453,0.7088853,test,p30,dataset_2,centrality
788,0.6931471805599453,0.7088853,test,p30,dataset_2,centrality
520,0.6931471805599453,0.7088853,test,p30,dataset_2,centrality
873,0.6931471805599453,0.7088853,test,p30,dataset_2,centrality
1091,0.6931471805599453,0.7088853,test,p30,dataset_2,centrality
41,0.6931471805599453,0.7088853,test,p30,dataset_2,centrality
1304,0.6931471805599453,0.7088853,test,p30,dataset_2,centrality
1205,0.6931471805599453,0.7088853,test,p30,dataset_2,centrality
960,0.6931471805599453,0.7088853,test,p30,dataset_2,centrality
94,0.6931471805599453,0.7088853,test,p30,dataset_2,centrality
1041,0.6931471805599453,0.7088853,test,p30,dataset_2,centrality
398,3.49650756146648,2.691307,test,p30,dataset_2,centrality
1351,0.6931471805599453,0.7088853,test,p30,dataset_2,centrality
574,0.6931471805599453,0.7088853,test,p30,dataset_2,centrality
322,0.6931471805599453,0.71188897,train,p35,dataset_2,centrality
85,1.0986122886681098,0.71188897,train,p35,dataset_2,centrality
472,0.6931471805599453,0.71188897,train,p35,dataset_2,centrality
851,0.6931471805599453,0.71188897,train,p35,dataset_2,centrality
37,0.6931471805599453,0.71188897,train,p35,dataset_2,centrality
564,0.6931471805599453,0.71188897,train,p35,dataset_2,centrality
27,0.6931471805599453,0.71188897,train,p35,dataset_2,centrality
1212,0.6931471805599453,0.71188897,train,p35,dataset_2,centrality
800,0.6931471805599453,0.71188897,train,p35,dataset_2,centrality
117,0.6931471805599453,0.71188897,train,p35,dataset_2,centrality
527,0.6931471805599453,0.71188897,train,p35,dataset_2,centrality
919,0.6931471805599453,0.71188897,train,p35,dataset_2,centrality
898,0.6931471805599453,0.71188897,train,p35,dataset_2,centrality
893,0.6931471805599453,0.71188897,train,p35,dataset_2,centrality
548,0.6931471805599453,0.71188897,train,p35,dataset_2,centrality
674,1.0986122886681098,0.71188897,train,p35,dataset_2,centrality
1403,0.6931471805599453,0.71188897,train,p35,dataset_2,centrality
1432,0.6931471805599453,0.71188897,train,p35,dataset_2,centrality
456,0.6931471805599453,0.71188897,train,p35,dataset_2,centrality
1314,0.6931471805599453,0.71188897,train,p35,dataset_2,centrality
252,0.6931471805599453,0.71188897,train,p35,dataset_2,centrality
884,0.6931471805599453,0.71188897,train,p35,dataset_2,centrality
186,0.6931471805599453,0.71188897,train,p35,dataset_2,centrality
668,1.3862943611198906,0.99983954,train,p35,dataset_2,centrality
557,0.6931471805599453,0.71188897,train,p35,dataset_2,centrality
1330,0.6931471805599453,0.71188897,train,p35,dataset_2,centrality
888,0.6931471805599453,0.71188897,train,p35,dataset_2,centrality
811,0.6931471805599453,0.71188897,train,p35,dataset_2,centrality
590,0.6931471805599453,0.7829593,train,p35,dataset_2,centrality
359,0.6931471805599453,0.71188897,train,p35,dataset_2,centrality
855,0.6931471805599453,0.71188897,train,p35,dataset_2,centrality
60,0.6931471805599453,0.71188897,train,p35,dataset_2,centrality
838,1.0986122886681098,0.71188897,train,p35,dataset_2,centrality
871,0.6931471805599453,0.71188897,train,p35,dataset_2,centrality
479,0.6931471805599453,0.71188897,train,p35,dataset_2,centrality
72,0.6931471805599453,0.71188897,train,p35,dataset_2,centrality
1060,0.6931471805599453,0.71188897,train,p35,dataset_2,centrality
236,0.6931471805599453,0.71188897,train,p35,dataset_2,centrality
1442,0.6931471805599453,0.71188897,train,p35,dataset_2,centrality
256,0.6931471805599453,0.71188897,train,p35,dataset_2,centrality
562,0.6931471805599453,0.71188897,train,p35,dataset_2,centrality
1279,0.6931471805599453,0.71188897,train,p35,dataset_2,centrality
254,0.6931471805599453,0.71188897,train,p35,dataset_2,centrality
587,0.6931471805599453,0.71188897,train,p35,dataset_2,centrality
385,0.6931471805599453,0.71188897,train,p35,dataset_2,centrality
1307,0.6931471805599453,0.71188897,train,p35,dataset_2,centrality
211,3.912023005428146,2.4571428,train,p35,dataset_2,centrality
77,0.6931471805599453,0.71188897,train,p35,dataset_2,centrality
672,0.6931471805599453,0.71188897,train,p35,dataset_2,centrality
1127,0.6931471805599453,0.81635123,train,p35,dataset_2,centrality
446,0.6931471805599453,0.71188897,train,p35,dataset_2,centrality
526,0.6931471805599453,0.71188897,train,p35,dataset_2,centrality
64,0.6931471805599453,0.71188897,train,p35,dataset_2,centrality
280,0.6931471805599453,0.71188897,train,p35,dataset_2,centrality
17,1.0986122886681098,0.71188897,train,p35,dataset_2,centrality
0,0.6931471805599453,0.71188897,train,p35,dataset_2,centrality
973,0.6931471805599453,0.71188897,train,p35,dataset_2,centrality
1094,0.6931471805599453,0.71188897,train,p35,dataset_2,centrality
1235,0.6931471805599453,0.71188897,train,p35,dataset_2,centrality
653,1.0986122886681098,0.88742155,train,p35,dataset_2,centrality
1162,0.6931471805599453,0.71188897,train,p35,dataset_2,centrality
1319,0.6931471805599453,0.71188897,train,p35,dataset_2,centrality
431,1.0986122886681098,0.71188897,train,p35,dataset_2,centrality
1438,0.6931471805599453,0.71188897,train,p35,dataset_2,centrality
152,0.6931471805599453,0.71188897,train,p35,dataset_2,centrality
1415,0.6931471805599453,0.71188897,train,p35,dataset_2,centrality
536,0.6931471805599453,0.71188897,train,p35,dataset_2,centrality
421,0.6931471805599453,0.71188897,train,p35,dataset_2,centrality
1247,0.6931471805599453,0.71188897,train,p35,dataset_2,centrality
986,0.6931471805599453,0.71188897,train,p35,dataset_2,centrality
1293,0.6931471805599453,0.71188897,train,p35,dataset_2,centrality
1037,0.6931471805599453,0.71188897,train,p35,dataset_2,centrality
493,0.6931471805599453,0.71188897,train,p35,dataset_2,centrality
969,0.6931471805599453,0.71188897,train,p35,dataset_2,centrality
1286,0.6931471805599453,0.71188897,train,p35,dataset_2,centrality
643,1.0986122886681098,1.4230996,train,p35,dataset_2,centrality
116,0.6931471805599453,0.71188897,train,p35,dataset_2,centrality
1277,0.6931471805599453,0.71188897,train,p35,dataset_2,centrality
708,0.6931471805599453,0.71188897,train,p35,dataset_2,centrality
1076,0.6931471805599453,0.71188897,train,p35,dataset_2,centrality
437,0.6931471805599453,0.71188897,train,p35,dataset_2,centrality
1239,0.6931471805599453,0.71188897,train,p35,dataset_2,centrality
805,0.6931471805599453,0.71188897,train,p35,dataset_2,centrality
748,1.0986122886681098,0.71188897,train,p35,dataset_2,centrality
441,0.6931471805599453,0.71188897,train,p35,dataset_2,centrality
1178,0.6931471805599453,0.71188897,train,p35,dataset_2,centrality
825,0.6931471805599453,0.71188897,train,p35,dataset_2,centrality
549,0.6931471805599453,0.71188897,train,p35,dataset_2,centrality
1055,0.6931471805599453,0.71188897,train,p35,dataset_2,centrality
903,0.6931471805599453,0.71188897,train,p35,dataset_2,centrality
1156,0.6931471805599453,0.71188897,train,p35,dataset_2,centrality
1145,0.6931471805599453,0.71188897,train,p35,dataset_2,centrality
182,0.6931471805599453,0.71188897,train,p35,dataset_2,centrality
289,0.6931471805599453,0.71188897,train,p35,dataset_2,centrality
974,0.6931471805599453,0.71188897,train,p35,dataset_2,centrality
720,1.791759469228055,1.7550519,train,p35,dataset_2,centrality
1349,0.6931471805599453,0.71188897,train,p35,dataset_2,centrality
671,0.6931471805599453,0.71188897,train,p35,dataset_2,centrality
1357,2.0794415416798357,1.6694978,train,p35,dataset_2,centrality
368,0.6931471805599453,0.71188897,train,p35,dataset_2,centrality
491,0.6931471805599453,0.71188897,train,p35,dataset_2,centrality
1146,0.6931471805599453,0.71188897,train,p35,dataset_2,centrality
1305,0.6931471805599453,0.71188897,train,p35,dataset_2,centrality
1255,0.6931471805599453,0.71188897,train,p35,dataset_2,centrality
1141,0.6931471805599453,0.71188897,train,p35,dataset_2,centrality
267,0.6931471805599453,0.71188897,train,p35,dataset_2,centrality
30,1.9459101490553132,0.88742155,train,p35,dataset_2,centrality
178,0.6931471805599453,0.71188897,train,p35,dataset_2,centrality
749,0.6931471805599453,0.71188897,train,p35,dataset_2,centrality
1342,0.6931471805599453,0.71188897,train,p35,dataset_2,centrality
518,0.6931471805599453,0.71188897,train,p35,dataset_2,centrality
501,0.6931471805599453,0.71188897,train,p35,dataset_2,centrality
830,0.6931471805599453,0.71188897,train,p35,dataset_2,centrality
538,0.6931471805599453,1.2689247,train,p35,dataset_2,centrality
1230,0.6931471805599453,0.71188897,train,p35,dataset_2,centrality
629,3.49650756146648,3.3435357,train,p35,dataset_2,centrality
568,0.6931471805599453,0.71188897,train,p35,dataset_2,centrality
378,0.6931471805599453,0.71188897,train,p35,dataset_2,centrality
306,0.6931471805599453,0.71188897,train,p35,dataset_2,centrality
374,0.6931471805599453,0.71188897,train,p35,dataset_2,centrality
872,0.6931471805599453,0.71188897,train,p35,dataset_2,centrality
97,0.6931471805599453,0.71188897,train,p35,dataset_2,centrality
223,0.6931471805599453,0.71188897,train,p35,dataset_2,centrality
993,0.6931471805599453,0.71188897,train,p35,dataset_2,centrality
553,0.6931471805599453,0.71188897,train,p35,dataset_2,centrality
1126,0.6931471805599453,0.71188897,train,p35,dataset_2,centrality
695,0.6931471805599453,0.71188897,train,p35,dataset_2,centrality
436,0.6931471805599453,0.71188897,train,p35,dataset_2,centrality
1322,0.6931471805599453,0.71188897,train,p35,dataset_2,centrality
1014,0.6931471805599453,0.71188897,train,p35,dataset_2,centrality
1205,0.6931471805599453,0.71188897,train,p35,dataset_2,centrality
1083,0.6931471805599453,0.71188897,train,p35,dataset_2,centrality
1418,0.6931471805599453,0.71188897,train,p35,dataset_2,centrality
1340,0.6931471805599453,0.71188897,train,p35,dataset_2,centrality
119,0.6931471805599453,0.71188897,train,p35,dataset_2,centrality
771,0.6931471805599453,0.71188897,train,p35,dataset_2,centrality
803,0.6931471805599453,0.71188897,train,p35,dataset_2,centrality
1234,0.6931471805599453,0.71188897,train,p35,dataset_2,centrality
47,0.6931471805599453,0.71188897,train,p35,dataset_2,centrality
332,0.6931471805599453,0.71188897,train,p35,dataset_2,centrality
1170,1.791759469228055,1.8335897,train,p35,dataset_2,centrality
1157,0.6931471805599453,0.71188897,train,p35,dataset_2,centrality
121,0.6931471805599453,0.71188897,train,p35,dataset_2,centrality
452,0.6931471805599453,0.71188897,train,p35,dataset_2,centrality
179,0.6931471805599453,0.71188897,train,p35,dataset_2,centrality
463,0.6931471805599453,0.71188897,train,p35,dataset_2,centrality
975,0.6931471805599453,0.71188897,train,p35,dataset_2,centrality
572,0.6931471805599453,0.71188897,train,p35,dataset_2,centrality
1017,0.6931471805599453,0.71188897,train,p35,dataset_2,centrality
83,1.0986122886681098,0.7829593,train,p35,dataset_2,centrality
104,0.6931471805599453,0.71188897,train,p35,dataset_2,centrality
1008,0.6931471805599453,0.71188897,train,p35,dataset_2,centrality
513,0.6931471805599453,0.71188897,train,p35,dataset_2,centrality
470,0.6931471805599453,0.71188897,train,p35,dataset_2,centrality
736,1.0986122886681098,0.71188897,train,p35,dataset_2,centrality
1158,1.0986122886681098,0.99983954,train,p35,dataset_2,centrality
1350,0.6931471805599453,0.71188897,train,p35,dataset_2,centrality
1139,0.6931471805599453,0.71188897,train,p35,dataset_2,centrality
717,3.091042453358316,2.7218928,train,p35,dataset_2,centrality
166,0.6931471805599453,0.71188897,train,p35,dataset_2,centrality
955,0.6931471805599453,0.71188897,train,p35,dataset_2,centrality
1379,1.3862943611198906,2.1074364,train,p35,dataset_2,centrality
130,0.6931471805599453,0.71188897,train,p35,dataset_2,centrality
1389,0.6931471805599453,0.71188897,train,p35,dataset_2,centrality
690,0.6931471805599453,0.81635123,train,p35,dataset_2,centrality
820,0.6931471805599453,0.71188897,train,p35,dataset_2,centrality
291,0.6931471805599453,0.71188897,train,p35,dataset_2,centrality
942,0.6931471805599453,0.71188897,train,p35,dataset_2,centrality
247,0.6931471805599453,0.71188897,train,p35,dataset_2,centrality
269,0.6931471805599453,0.71188897,train,p35,dataset_2,centrality
150,0.6931471805599453,0.71188897,train,p35,dataset_2,centrality
1215,0.6931471805599453,0.71188897,train,p35,dataset_2,centrality
760,0.6931471805599453,0.71188897,train,p35,dataset_2,centrality
1089,0.6931471805599453,0.71188897,train,p35,dataset_2,centrality
909,0.6931471805599453,0.71188897,train,p35,dataset_2,centrality
122,0.6931471805599453,0.71188897,train,p35,dataset_2,centrality
584,0.6931471805599453,0.71188897,train,p35,dataset_2,centrality
1186,0.6931471805599453,0.71188897,train,p35,dataset_2,centrality
956,0.6931471805599453,0.71188897,train,p35,dataset_2,centrality
1441,0.6931471805599453,0.71188897,train,p35,dataset_2,centrality
710,0.6931471805599453,0.71188897,train,p35,dataset_2,centrality
69,0.6931471805599453,0.71188897,train,p35,dataset_2,centrality
680,0.6931471805599453,0.71188897,train,p35,dataset_2,centrality
754,0.6931471805599453,0.71188897,train,p35,dataset_2,centrality
637,1.791759469228055,1.4812044,train,p35,dataset_2,centrality
1216,0.6931471805599453,0.71188897,train,p35,dataset_2,centrality
1369,0.6931471805599453,0.71188897,train,p35,dataset_2,centrality
403,3.828641396489095,3.5617788,train,p35,dataset_2,centrality
1408,0.6931471805599453,0.71188897,train,p35,dataset_2,centrality
1107,0.6931471805599453,0.71188897,train,p35,dataset_2,centrality
1228,0.6931471805599453,0.71188897,train,p35,dataset_2,centrality
631,2.0794415416798357,2.7218928,train,p35,dataset_2,centrality
497,0.6931471805599453,0.71188897,train,p35,dataset_2,centrality
935,0.6931471805599453,0.71188897,train,p35,dataset_2,centrality
721,1.9459101490553132,2.7876358,train,p35,dataset_2,centrality
171,0.6931471805599453,0.71188897,train,p35,dataset_2,centrality
80,0.6931471805599453,0.71188897,train,p35,dataset_2,centrality
1434,0.6931471805599453,0.71188897,train,p35,dataset_2,centrality
619,0.6931471805599453,0.71188897,train,p35,dataset_2,centrality
1140,0.6931471805599453,0.71188897,train,p35,dataset_2,centrality
994,0.6931471805599453,0.71188897,train,p35,dataset_2,centrality
1315,0.6931471805599453,0.71188897,train,p35,dataset_2,centrality
1419,0.6931471805599453,0.71188897,train,p35,dataset_2,centrality
1295,0.6931471805599453,0.71188897,train,p35,dataset_2,centrality
1285,0.6931471805599453,0.71188897,train,p35,dataset_2,centrality
503,0.6931471805599453,0.71188897,train,p35,dataset_2,centrality
558,0.6931471805599453,0.71188897,train,p35,dataset_2,centrality
1206,0.6931471805599453,0.71188897,train,p35,dataset_2,centrality
1192,0.6931471805599453,0.71188897,train,p35,dataset_2,centrality
934,0.6931471805599453,0.71188897,train,p35,dataset_2,centrality
658,1.0986122886681098,0.88742155,train,p35,dataset_2,centrality
370,0.6931471805599453,0.71188897,train,p35,dataset_2,centrality
992,0.6931471805599453,0.71188897,train,p35,dataset_2,centrality
52,0.6931471805599453,0.71188897,train,p35,dataset_2,centrality
685,0.6931471805599453,0.71188897,train,p35,dataset_2,centrality
814,0.6931471805599453,0.71188897,train,p35,dataset_2,centrality
175,0.6931471805599453,0.71188897,train,p35,dataset_2,centrality
692,0.6931471805599453,0.71188897,train,p35,dataset_2,centrality
693,0.6931471805599453,0.71188897,train,p35,dataset_2,centrality
1075,0.6931471805599453,0.71188897,train,p35,dataset_2,centrality
15,0.6931471805599453,0.71188897,train,p35,dataset_2,centrality
552,0.6931471805599453,1.0722156,train,p35,dataset_2,centrality
36,0.6931471805599453,0.71188897,train,p35,dataset_2,centrality
656,0.6931471805599453,0.81635123,train,p35,dataset_2,centrality
481,0.6931471805599453,0.71188897,train,p35,dataset_2,centrality
1035,0.6931471805599453,0.71188897,train,p35,dataset_2,centrality
911,0.6931471805599453,0.71188897,train,p35,dataset_2,centrality
808,0.6931471805599453,0.71188897,train,p35,dataset_2,centrality
592,0.6931471805599453,0.71188897,train,p35,dataset_2,centrality
979,0.6931471805599453,0.71188897,train,p35,dataset_2,centrality
1190,0.6931471805599453,0.71188897,train,p35,dataset_2,centrality
1394,0.6931471805599453,0.71188897,train,p35,dataset_2,centrality
172,0.6931471805599453,0.71188897,train,p35,dataset_2,centrality
785,0.6931471805599453,0.71188897,train,p35,dataset_2,centrality
331,0.6931471805599453,0.71188897,train,p35,dataset_2,centrality
506,0.6931471805599453,0.71188897,train,p35,dataset_2,centrality
1064,0.6931471805599453,0.71188897,train,p35,dataset_2,centrality
129,0.6931471805599453,0.71188897,train,p35,dataset_2,centrality
1068,0.6931471805599453,0.71188897,train,p35,dataset_2,centrality
613,0.6931471805599453,0.71188897,train,p35,dataset_2,centrality
500,0.6931471805599453,0.71188897,train,p35,dataset_2,centrality
1333,0.6931471805599453,0.71188897,train,p35,dataset_2,centrality
342,0.6931471805599453,0.71188897,train,p35,dataset_2,centrality
1336,0.6931471805599453,0.71188897,train,p35,dataset_2,centrality
158,0.6931471805599453,0.71188897,train,p35,dataset_2,centrality
1341,0.6931471805599453,0.71188897,train,p35,dataset_2,centrality
49,0.6931471805599453,0.71188897,train,p35,dataset_2,centrality
781,0.6931471805599453,0.71188897,train,p35,dataset_2,centrality
593,0.6931471805599453,0.71188897,train,p35,dataset_2,centrality
879,0.6931471805599453,0.71188897,train,p35,dataset_2,centrality
143,0.6931471805599453,0.71188897,train,p35,dataset_2,centrality
1117,0.6931471805599453,0.71188897,train,p35,dataset_2,centrality
28,0.6931471805599453,0.81635123,train,p35,dataset_2,centrality
816,0.6931471805599453,0.71188897,train,p35,dataset_2,centrality
475,0.6931471805599453,0.71188897,train,p35,dataset_2,centrality
966,1.0986122886681098,0.71188897,train,p35,dataset_2,centrality
550,0.6931471805599453,0.71188897,train,p35,dataset_2,centrality
212,0.6931471805599453,0.71188897,train,p35,dataset_2,centrality
1265,0.6931471805599453,0.71188897,train,p35,dataset_2,centrality
40,0.6931471805599453,0.71188897,train,p35,dataset_2,centrality
996,0.6931471805599453,0.71188897,train,p35,dataset_2,centrality
1134,0.6931471805599453,0.71188897,train,p35,dataset_2,centrality
565,0.6931471805599453,0.71188897,train,p35,dataset_2,centrality
382,0.6931471805599453,0.71188897,train,p35,dataset_2,centrality
786,0.6931471805599453,0.71188897,train,p35,dataset_2,centrality
1288,0.6931471805599453,0.71188897,train,p35,dataset_2,centrality
418,1.0986122886681098,0.81635123,train,p35,dataset_2,centrality
352,0.6931471805599453,0.71188897,train,p35,dataset_2,centrality
391,1.3862943611198906,1.052045,train,p35,dataset_2,centrality
829,0.6931471805599453,0.71188897,train,p35,dataset_2,centrality
633,1.0986122886681098,1.7535926,train,p35,dataset_2,centrality
645,1.3862943611198906,1.6694978,train,p35,dataset_2,centrality
353,0.6931471805599453,0.71188897,train,p35,dataset_2,centrality
560,1.0986122886681098,1.1565071,train,p35,dataset_2,centrality
650,0.6931471805599453,0.88742155,train,p35,dataset_2,centrality
458,0.6931471805599453,0.71188897,train,p35,dataset_2,centrality
1422,0.6931471805599453,0.71188897,train,p35,dataset_2,centrality
891,0.6931471805599453,0.71188897,train,p35,dataset_2,centrality
1232,0.6931471805599453,0.71188897,train,p35,dataset_2,centrality
654,0.6931471805599453,0.81635123,train,p35,dataset_2,centrality
827,0.6931471805599453,0.71188897,train,p35,dataset_2,centrality
127,0.6931471805599453,0.71188897,train,p35,dataset_2,centrality
494,0.6931471805599453,0.71188897,train,p35,dataset_2,centrality
174,0.6931471805599453,0.71188897,train,p35,dataset_2,centrality
275,0.6931471805599453,0.71188897,train,p35,dataset_2,centrality
718,2.995732273553991,3.0715992,train,p35,dataset_2,centrality
259,0.6931471805599453,0.71188897,train,p35,dataset_2,centrality
822,0.6931471805599453,0.71188897,train,p35,dataset_2,centrality
113,0.6931471805599453,0.71188897,train,p35,dataset_2,centrality
450,0.6931471805599453,0.71188897,train,p35,dataset_2,centrality
1111,0.6931471805599453,0.71188897,train,p35,dataset_2,centrality
576,0.6931471805599453,0.71188897,train,p35,dataset_2,centrality
947,0.6931471805599453,0.71188897,train,p35,dataset_2,centrality
661,0.6931471805599453,0.71188897,train,p35,dataset_2,centrality
106,1.0986122886681098,0.71188897,train,p35,dataset_2,centrality
473,0.6931471805599453,0.71188897,train,p35,dataset_2,centrality
856,0.6931471805599453,0.71188897,train,p35,dataset_2,centrality
159,0.6931471805599453,0.71188897,train,p35,dataset_2,centrality
921,0.6931471805599453,0.71188897,train,p35,dataset_2,centrality
410,2.1972245773362196,1.3736359,train,p35,dataset_2,centrality
340,1.0986122886681098,0.71188897,train,p35,dataset_2,centrality
848,0.6931471805599453,0.71188897,train,p35,dataset_2,centrality
70,0.6931471805599453,0.71188897,train,p35,dataset_2,centrality
160,0.6931471805599453,0.71188897,train,p35,dataset_2,centrality
566,0.6931471805599453,0.71188897,train,p35,dataset_2,centrality
1399,0.6931471805599453,0.71188897,train,p35,dataset_2,centrality
681,0.6931471805599453,0.71188897,train,p35,dataset_2,centrality
529,0.6931471805599453,0.7829593,train,p35,dataset_2,centrality
516,0.6931471805599453,0.71188897,train,p35,dataset_2,centrality
188,0.6931471805599453,0.71188897,train,p35,dataset_2,centrality
1048,0.6931471805599453,0.71188897,train,p35,dataset_2,centrality
347,0.6931471805599453,0.71188897,train,p35,dataset_2,centrality
1163,0.6931471805599453,0.71188897,train,p35,dataset_2,centrality
847,0.6931471805599453,0.71188897,train,p35,dataset_2,centrality
348,0.6931471805599453,0.7829593,train,p35,dataset_2,centrality
757,0.6931471805599453,0.71188897,train,p35,dataset_2,centrality
793,0.6931471805599453,0.71188897,train,p35,dataset_2,centrality
380,0.6931471805599453,0.71188897,train,p35,dataset_2,centrality
1367,0.6931471805599453,0.71188897,train,p35,dataset_2,centrality
782,0.6931471805599453,0.71188897,train,p35,dataset_2,centrality
253,0.6931471805599453,0.71188897,train,p35,dataset_2,centrality
514,0.6931471805599453,0.71188897,train,p35,dataset_2,centrality
68,0.6931471805599453,0.71188897,train,p35,dataset_2,centrality
596,2.0794415416798357,1.4812044,train,p35,dataset_2,centrality
762,1.0986122886681098,0.71188897,train,p35,dataset_2,centrality
850,0.6931471805599453,0.71188897,train,p35,dataset_2,centrality
87,0.6931471805599453,0.71188897,train,p35,dataset_2,centrality
1372,0.6931471805599453,0.71188897,train,p35,dataset_2,centrality
547,0.6931471805599453,0.71188897,train,p35,dataset_2,centrality
490,0.6931471805599453,0.71188897,train,p35,dataset_2,centrality
1413,0.6931471805599453,0.71188897,train,p35,dataset_2,centrality
1252,0.6931471805599453,0.71188897,train,p35,dataset_2,centrality
1198,0.6931471805599453,0.71188897,train,p35,dataset_2,centrality
659,0.6931471805599453,0.7829593,train,p35,dataset_2,centrality
1242,0.6931471805599453,0.71188897,train,p35,dataset_2,centrality
1012,0.6931471805599453,0.71188897,train,p35,dataset_2,centrality
264,0.6931471805599453,0.71188897,train,p35,dataset_2,centrality
108,0.6931471805599453,0.71188897,train,p35,dataset_2,centrality
978,0.6931471805599453,0.71188897,train,p35,dataset_2,centrality
1266,0.6931471805599453,0.71188897,train,p35,dataset_2,centrality
1182,1.3862943611198906,0.88742155,train,p35,dataset_2,centrality
1385,0.6931471805599453,0.71188897,train,p35,dataset_2,centrality
1161,2.0794415416798357,1.319323,train,p35,dataset_2,centrality
1078,0.6931471805599453,0.71188897,train,p35,dataset_2,centrality
954,0.6931471805599453,0.71188897,train,p35,dataset_2,centrality
405,1.0986122886681098,0.88742155,train,p35,dataset_2,centrality
1346,0.6931471805599453,0.71188897,train,p35,dataset_2,centrality
112,0.6931471805599453,0.71188897,train,p35,dataset_2,centrality
1211,0.6931471805599453,0.71188897,train,p35,dataset_2,centrality
1010,0.6931471805599453,0.71188897,train,p35,dataset_2,centrality
218,0.6931471805599453,0.71188897,train,p35,dataset_2,centrality
96,0.6931471805599453,0.71188897,train,p35,dataset_2,centrality
581,0.6931471805599453,0.71188897,train,p35,dataset_2,centrality
1160,0.6931471805599453,0.71188897,train,p35,dataset_2,centrality
1338,0.6931471805599453,0.71188897,train,p35,dataset_2,centrality
607,0.6931471805599453,0.71188897,train,p35,dataset_2,centrality
58,0.6931471805599453,0.71188897,train,p35,dataset_2,centrality
1297,0.6931471805599453,0.71188897,train,p35,dataset_2,centrality
208,3.332204510175204,3.3435357,train,p35,dataset_2,centrality
296,0.6931471805599453,0.71188897,train,p35,dataset_2,centrality
890,1.0986122886681098,0.71188897,train,p35,dataset_2,centrality
809,0.6931471805599453,0.71188897,train,p35,dataset_2,centrality
109,0.6931471805599453,0.71188897,train,p35,dataset_2,centrality
457,0.6931471805599453,0.71188897,train,p35,dataset_2,centrality
324,0.6931471805599453,0.71188897,train,p35,dataset_2,centrality
180,0.6931471805599453,0.71188897,train,p35,dataset_2,centrality
976,0.6931471805599453,0.71188897,train,p35,dataset_2,centrality
59,0.6931471805599453,0.71188897,train,p35,dataset_2,centrality
1104,0.6931471805599453,0.71188897,train,p35,dataset_2,centrality
534,0.6931471805599453,0.71188897,train,p35,dataset_2,centrality
927,0.6931471805599453,0.71188897,train,p35,dataset_2,centrality
216,0.6931471805599453,0.71188897,train,p35,dataset_2,centrality
1132,0.6931471805599453,0.71188897,train,p35,dataset_2,centrality
1080,0.6931471805599453,0.71188897,train,p35,dataset_2,centrality
1321,1.6094379124341005,1.4230996,train,p35,dataset_2,centrality
362,0.6931471805599453,0.71188897,train,p35,dataset_2,centrality
580,0.6931471805599453,0.71188897,train,p35,dataset_2,centrality
1079,0.6931471805599453,0.71188897,train,p35,dataset_2,centrality
1400,0.6931471805599453,0.71188897,train,p35,dataset_2,centrality
1269,0.6931471805599453,0.71188897,train,p35,dataset_2,centrality
686,0.6931471805599453,0.71188897,train,p35,dataset_2,centrality
640,1.9459101490553132,2.1074364,train,p35,dataset_2,centrality
1203,0.6931471805599453,0.71188897,train,p35,dataset_2,centrality
367,0.6931471805599453,0.71188897,train,p35,dataset_2,centrality
761,0.6931471805599453,0.7699937,train,p35,dataset_2,centrality
76,1.3862943611198906,1.4812044,train,p35,dataset_2,centrality
968,0.6931471805599453,0.71188897,train,p35,dataset_2,centrality
31,1.0986122886681098,0.88742155,train,p35,dataset_2,centrality
628,4.204692619390966,3.5617788,train,p35,dataset_2,centrality
308,0.6931471805599453,0.71188897,train,p35,dataset_2,centrality
709,0.6931471805599453,0.71188897,train,p35,dataset_2,centrality
6,0.6931471805599453,0.71188897,train,p35,dataset_2,centrality
114,0.6931471805599453,0.71188897,train,p35,dataset_2,centrality
852,0.6931471805599453,0.71188897,train,p35,dataset_2,centrality
221,0.6931471805599453,0.71188897,train,p35,dataset_2,centrality
577,0.6931471805599453,0.71188897,train,p35,dataset_2,centrality
1114,0.6931471805599453,0.71188897,train,p35,dataset_2,centrality
1302,0.6931471805599453,0.71188897,train,p35,dataset_2,centrality
459,0.6931471805599453,0.71188897,train,p35,dataset_2,centrality
1365,0.6931471805599453,0.71188897,train,p35,dataset_2,centrality
878,1.0986122886681098,0.71188897,train,p35,dataset_2,centrality
1171,1.0986122886681098,0.88742155,train,p35,dataset_2,centrality
294,0.6931471805599453,0.71188897,train,p35,dataset_2,centrality
302,0.6931471805599453,0.71188897,train,p35,dataset_2,centrality
1436,0.6931471805599453,0.71188897,train,p35,dataset_2,centrality
319,0.6931471805599453,0.71188897,train,p35,dataset_2,centrality
413,0.6931471805599453,0.71188897,train,p35,dataset_2,centrality
262,0.6931471805599453,0.71188897,train,p35,dataset_2,centrality
1036,0.6931471805599453,0.71188897,train,p35,dataset_2,centrality
938,0.6931471805599453,0.71188897,train,p35,dataset_2,centrality
24,0.6931471805599453,0.71188897,train,p35,dataset_2,centrality
606,0.6931471805599453,0.71188897,train,p35,dataset_2,centrality
1371,0.6931471805599453,0.71188897,train,p35,dataset_2,centrality
859,0.6931471805599453,0.71188897,train,p35,dataset_2,centrality
570,0.6931471805599453,0.71188897,train,p35,dataset_2,centrality
1046,0.6931471805599453,0.71188897,train,p35,dataset_2,centrality
1276,0.6931471805599453,0.71188897,train,p35,dataset_2,centrality
1406,0.6931471805599453,0.71188897,train,p35,dataset_2,centrality
315,0.6931471805599453,0.71188897,train,p35,dataset_2,centrality
33,0.6931471805599453,0.7829593,train,p35,dataset_2,centrality
1202,0.6931471805599453,0.71188897,train,p35,dataset_2,centrality
985,0.6931471805599453,0.71188897,train,p35,dataset_2,centrality
1443,0.6931471805599453,0.71188897,train,p35,dataset_2,centrality
726,1.0986122886681098,0.88742155,train,p35,dataset_2,centrality
605,0.6931471805599453,0.71188897,train,p35,dataset_2,centrality
832,0.6931471805599453,0.71188897,train,p35,dataset_2,centrality
1135,0.6931471805599453,0.71188897,train,p35,dataset_2,centrality
1217,0.6931471805599453,0.71188897,train,p35,dataset_2,centrality
207,4.356708826689592,3.5617788,train,p35,dataset_2,centrality
363,0.6931471805599453,0.71188897,train,p35,dataset_2,centrality
883,0.6931471805599453,0.71188897,train,p35,dataset_2,centrality
311,0.6931471805599453,0.71188897,train,p35,dataset_2,centrality
649,0.6931471805599453,0.88742155,train,p35,dataset_2,centrality
55,0.6931471805599453,0.71188897,train,p35,dataset_2,centrality
714,3.784189633918261,3.5617788,train,p35,dataset_2,centrality
1344,0.6931471805599453,0.71188897,train,p35,dataset_2,centrality
1121,0.6931471805599453,0.88742155,train,p35,dataset_2,centrality
1020,0.6931471805599453,0.71188897,train,p35,dataset_2,centrality
990,0.6931471805599453,0.71188897,train,p35,dataset_2,centrality
428,0.6931471805599453,0.71188897,train,p35,dataset_2,centrality
1130,0.6931471805599453,0.88742155,train,p35,dataset_2,centrality
784,0.6931471805599453,0.71188897,train,p35,dataset_2,centrality
963,0.6931471805599453,0.71188897,train,p35,dataset_2,centrality
73,0.6931471805599453,0.71188897,train,p35,dataset_2,centrality
759,0.6931471805599453,0.71188897,train,p35,dataset_2,centrality
1183,0.6931471805599453,0.71188897,train,p35,dataset_2,centrality
678,0.6931471805599453,0.71188897,train,p35,dataset_2,centrality
1005,0.6931471805599453,0.71188897,train,p35,dataset_2,centrality
1374,0.6931471805599453,0.71188897,train,p35,dataset_2,centrality
1404,0.6931471805599453,0.71188897,train,p35,dataset_2,centrality
1118,0.6931471805599453,0.71188897,train,p35,dataset_2,centrality
719,2.1972245773362196,1.079922,train,p35,dataset_2,centrality
988,0.6931471805599453,0.71188897,train,p35,dataset_2,centrality
193,0.6931471805599453,0.71188897,train,p35,dataset_2,centrality
504,0.6931471805599453,0.71188897,train,p35,dataset_2,centrality
145,0.6931471805599453,0.71188897,train,p35,dataset_2,centrality
735,0.6931471805599453,0.71188897,train,p35,dataset_2,centrality
307,0.6931471805599453,0.71188897,train,p35,dataset_2,centrality
1250,0.6931471805599453,0.71188897,train,p35,dataset_2,centrality
39,0.6931471805599453,0.71188897,train,p35,dataset_2,centrality
1402,0.6931471805599453,0.71188897,train,p35,dataset_2,centrality
1166,3.091042453358316,3.5617788,train,p35,dataset_2,centrality
1417,0.6931471805599453,0.71188897,train,p35,dataset_2,centrality
448,0.6931471805599453,0.71188897,train,p35,dataset_2,centrality
1091,0.6931471805599453,0.71188897,train,p35,dataset_2,centrality
834,0.6931471805599453,0.71188897,train,p35,dataset_2,centrality
987,0.6931471805599453,0.71188897,train,p35,dataset_2,centrality
1011,0.6931471805599453,0.71188897,train,p35,dataset_2,centrality
1355,2.1972245773362196,2.7218928,train,p35,dataset_2,centrality
278,0.6931471805599453,0.71188897,train,p35,dataset_2,centrality
1361,0.6931471805599453,0.71188897,train,p35,dataset_2,centrality
1240,0.6931471805599453,0.71188897,train,p35,dataset_2,centrality
50,0.6931471805599453,0.71188897,train,p35,dataset_2,centrality
197,0.6931471805599453,0.71188897,train,p35,dataset_2,centrality
1034,0.6931471805599453,0.71188897,train,p35,dataset_2,centrality
284,2.0794415416798357,1.3736359,train,p35,dataset_2,centrality
1327,0.6931471805599453,0.71188897,train,p35,dataset_2,centrality
603,0.6931471805599453,0.71188897,train,p35,dataset_2,centrality
7,0.6931471805599453,0.71188897,train,p35,dataset_2,centrality
404,1.3862943611198906,1.8335897,train,p35,dataset_2,centrality
701,1.791759469228055,0.81635123,train,p35,dataset_2,centrality
620,0.6931471805599453,0.71188897,train,p35,dataset_2,centrality
1221,1.0986122886681098,0.7829593,train,p35,dataset_2,centrality
1282,0.6931471805599453,0.71188897,train,p35,dataset_2,centrality
943,0.6931471805599453,0.71188897,train,p35,dataset_2,centrality
925,0.6931471805599453,0.71188897,train,p35,dataset_2,centrality
794,0.6931471805599453,0.71188897,train,p35,dataset_2,centrality
939,0.6931471805599453,0.71188897,train,p35,dataset_2,centrality
1029,0.6931471805599453,0.71188897,train,p35,dataset_2,centrality
51,0.6931471805599453,0.71188897,train,p35,dataset_2,centrality
395,4.007333185232471,2.7218928,train,p35,dataset_2,centrality
1398,0.6931471805599453,0.71188897,train,p35,dataset_2,centrality
796,0.6931471805599453,0.71188897,train,p35,dataset_2,centrality
1138,0.6931471805599453,0.71188897,train,p35,dataset_2,centrality
373,0.6931471805599453,0.71188897,train,p35,dataset_2,centrality
920,0.6931471805599453,0.71188897,train,p35,dataset_2,centrality
34,1.0986122886681098,0.7829593,train,p35,dataset_2,centrality
321,0.6931471805599453,0.71188897,train,p35,dataset_2,centrality
287,0.6931471805599453,0.71188897,train,p35,dataset_2,centrality
1290,0.6931471805599453,0.71188897,train,p35,dataset_2,centrality
853,0.6931471805599453,0.71188897,train,p35,dataset_2,centrality
960,0.6931471805599453,0.71188897,train,p35,dataset_2,centrality
623,2.0794415416798357,1.5073915,train,p35,dataset_2,centrality
1197,0.6931471805599453,0.71188897,train,p35,dataset_2,centrality
1245,0.6931471805599453,0.71188897,train,p35,dataset_2,centrality
675,0.6931471805599453,0.84106404,train,p35,dataset_2,centrality
1142,0.6931471805599453,0.71188897,train,p35,dataset_2,centrality
484,0.6931471805599453,0.71188897,train,p35,dataset_2,centrality
440,0.6931471805599453,0.71188897,train,p35,dataset_2,centrality
1006,0.6931471805599453,0.71188897,train,p35,dataset_2,centrality
1401,0.6931471805599453,0.71188897,train,p35,dataset_2,centrality
118,0.6931471805599453,0.71188897,train,p35,dataset_2,centrality
604,0.6931471805599453,0.71188897,train,p35,dataset_2,centrality
1259,0.6931471805599453,0.71188897,train,p35,dataset_2,centrality
574,0.6931471805599453,0.71188897,train,p35,dataset_2,centrality
426,0.6931471805599453,0.7829593,train,p35,dataset_2,centrality
1204,0.6931471805599453,0.71188897,train,p35,dataset_2,centrality
471,0.6931471805599453,0.71188897,train,p35,dataset_2,centrality
107,0.6931471805599453,0.71188897,train,p35,dataset_2,centrality
495,0.6931471805599453,0.71188897,train,p35,dataset_2,centrality
1375,0.6931471805599453,0.71188897,train,p35,dataset_2,centrality
1102,0.6931471805599453,0.71188897,train,p35,dataset_2,centrality
217,1.0986122886681098,0.71188897,train,p35,dataset_2,centrality
763,0.6931471805599453,0.71188897,train,p35,dataset_2,centrality
1296,0.6931471805599453,0.71188897,train,p35,dataset_2,centrality
770,0.6931471805599453,0.71188897,train,p35,dataset_2,centrality
181,0.6931471805599453,0.71188897,train,p35,dataset_2,centrality
929,0.6931471805599453,0.71188897,train,p35,dataset_2,centrality
19,0.6931471805599453,0.71188897,train,p35,dataset_2,centrality
334,0.6931471805599453,0.71188897,train,p35,dataset_2,centrality
639,1.9459101490553132,2.0027256,train,p35,dataset_2,centrality
755,0.6931471805599453,0.71188897,train,p35,dataset_2,centrality
790,0.6931471805599453,0.71188897,train,p35,dataset_2,centrality
132,0.6931471805599453,0.71188897,train,p35,dataset_2,centrality
442,0.6931471805599453,0.71188897,train,p35,dataset_2,centrality
1179,0.6931471805599453,0.99983954,train,p35,dataset_2,centrality
1105,0.6931471805599453,0.71188897,train,p35,dataset_2,centrality
950,0.6931471805599453,0.71188897,train,p35,dataset_2,centrality
712,1.0986122886681098,0.7829593,train,p35,dataset_2,centrality
1363,0.6931471805599453,0.71188897,train,p35,dataset_2,centrality
486,0.6931471805599453,0.71188897,train,p35,dataset_2,centrality
1125,1.0986122886681098,0.88742155,train,p35,dataset_2,centrality
381,0.6931471805599453,0.71188897,train,p35,dataset_2,centrality
268,1.791759469228055,1.4230996,train,p35,dataset_2,centrality
1270,0.6931471805599453,0.71188897,train,p35,dataset_2,centrality
1062,0.6931471805599453,0.71188897,train,p35,dataset_2,centrality
63,0.6931471805599453,0.71188897,train,p35,dataset_2,centrality
301,0.6931471805599453,0.71188897,train,p35,dataset_2,centrality
1196,0.6931471805599453,0.71188897,train,p35,dataset_2,centrality
1016,0.6931471805599453,0.71188897,train,p35,dataset_2,centrality
349,0.6931471805599453,0.71188897,train,p35,dataset_2,centrality
502,0.6931471805599453,0.71188897,train,p35,dataset_2,centrality
344,1.0986122886681098,0.71188897,train,p35,dataset_2,centrality
168,0.6931471805599453,0.71188897,train,p35,dataset_2,centrality
1112,0.6931471805599453,0.71188897,train,p35,dataset_2,centrality
430,0.6931471805599453,0.71188897,train,p35,dataset_2,centrality
151,0.6931471805599453,0.71188897,train,p35,dataset_2,centrality
863,0.6931471805599453,0.71188897,train,p35,dataset_2,centrality
312,0.6931471805599453,0.71188897,train,p35,dataset_2,centrality
1152,0.6931471805599453,0.71188897,train,p35,dataset_2,centrality
225,0.6931471805599453,0.71188897,train,p35,dataset_2,centrality
177,0.6931471805599453,0.71188897,train,p35,dataset_2,centrality
1271,0.6931471805599453,0.71188897,train,p35,dataset_2,centrality
949,0.6931471805599453,0.71188897,train,p35,dataset_2,centrality
318,0.6931471805599453,0.71188897,train,p35,dataset_2,centrality
414,0.6931471805599453,0.71188897,train,p35,dataset_2,centrality
743,0.6931471805599453,0.71188897,train,p35,dataset_2,centrality
697,0.6931471805599453,0.71188897,train,p35,dataset_2,centrality
327,0.6931471805599453,0.71188897,train,p35,dataset_2,centrality
669,1.0986122886681098,0.7699937,train,p35,dataset_2,centrality
783,0.6931471805599453,0.71188897,train,p35,dataset_2,centrality
1059,0.6931471805599453,0.71188897,train,p35,dataset_2,centrality
57,0.6931471805599453,0.71188897,train,p35,dataset_2,centrality
1339,0.6931471805599453,0.71188897,train,p35,dataset_2,centrality
361,0.6931471805599453,0.71188897,train,p35,dataset_2,centrality
1382,0.6931471805599453,0.71188897,train,p35,dataset_2,centrality
89,0.6931471805599453,0.71188897,train,p35,dataset_2,centrality
1280,0.6931471805599453,0.71188897,train,p35,dataset_2,centrality
1187,0.6931471805599453,0.71188897,train,p35,dataset_2,centrality
425,0.6931471805599453,0.71188897,train,p35,dataset_2,centrality
777,0.6931471805599453,0.71188897,train,p35,dataset_2,centrality
18,1.0986122886681098,0.71188897,train,p35,dataset_2,centrality
366,0.6931471805599453,0.71188897,train,p35,dataset_2,centrality
977,0.6931471805599453,0.71188897,train,p35,dataset_2,centrality
469,0.6931471805599453,0.71188897,train,p35,dataset_2,centrality
1281,0.6931471805599453,0.71188897,train,p35,dataset_2,centrality
579,0.6931471805599453,0.71188897,train,p35,dataset_2,centrality
1431,0.6931471805599453,0.71188897,train,p35,dataset_2,centrality
99,0.6931471805599453,0.71188897,train,p35,dataset_2,centrality
1026,0.6931471805599453,0.71188897,train,p35,dataset_2,centrality
1225,0.6931471805599453,0.71188897,train,p35,dataset_2,centrality
635,3.871201010907891,3.0715992,train,p35,dataset_2,centrality
1039,0.6931471805599453,0.71188897,train,p35,dataset_2,centrality
233,0.6931471805599453,0.71188897,train,p35,dataset_2,centrality
266,0.6931471805599453,0.71188897,train,p35,dataset_2,centrality
1243,0.6931471805599453,0.71188897,train,p35,dataset_2,centrality
126,0.6931471805599453,0.71188897,train,p35,dataset_2,centrality
246,1.3862943611198906,1.3183885,train,p35,dataset_2,centrality
1028,0.6931471805599453,0.71188897,train,p35,dataset_2,centrality
333,0.6931471805599453,0.71188897,train,p35,dataset_2,centrality
163,0.6931471805599453,0.71188897,train,p35,dataset_2,centrality
545,0.6931471805599453,0.71188897,train,p35,dataset_2,centrality
415,0.6931471805599453,0.7829593,train,p35,dataset_2,centrality
12,0.6931471805599453,0.71188897,train,p35,dataset_2,centrality
255,0.6931471805599453,0.71188897,train,p35,dataset_2,centrality
412,0.6931471805599453,0.71188897,train,p35,dataset_2,centrality
1405,0.6931471805599453,0.71188897,train,p35,dataset_2,centrality
1392,0.6931471805599453,0.71188897,train,p35,dataset_2,centrality
341,0.6931471805599453,0.71188897,train,p35,dataset_2,centrality
1084,0.6931471805599453,0.71188897,train,p35,dataset_2,centrality
1439,0.6931471805599453,0.71188897,train,p35,dataset_2,centrality
1019,0.6931471805599453,0.71188897,train,p35,dataset_2,centrality
377,0.6931471805599453,0.71188897,train,p35,dataset_2,centrality
563,0.6931471805599453,0.71188897,train,p35,dataset_2,centrality
202,0.6931471805599453,0.71188897,train,p35,dataset_2,centrality
1272,0.6931471805599453,0.71188897,train,p35,dataset_2,centrality
1047,0.6931471805599453,0.71188897,train,p35,dataset_2,centrality
923,0.6931471805599453,0.71188897,train,p35,dataset_2,centrality
741,1.3862943611198906,0.88742155,train,p35,dataset_2,centrality
384,0.6931471805599453,0.71188897,train,p35,dataset_2,centrality
401,0.6931471805599453,0.71188897,train,p35,dataset_2,centrality
980,0.6931471805599453,0.71188897,train,p35,dataset_2,centrality
1317,0.6931471805599453,0.71188897,train,p35,dataset_2,centrality
540,0.6931471805599453,0.71188897,train,p35,dataset_2,centrality
1306,0.6931471805599453,0.71188897,train,p35,dataset_2,centrality
123,0.6931471805599453,0.71188897,train,p35,dataset_2,centrality
489,0.6931471805599453,0.71188897,train,p35,dataset_2,centrality
277,0.6931471805599453,0.71188897,train,p35,dataset_2,centrality
1003,0.6931471805599453,0.71188897,train,p35,dataset_2,centrality
1345,0.6931471805599453,0.71188897,train,p35,dataset_2,centrality
937,0.6931471805599453,0.71188897,train,p35,dataset_2,centrality
595,2.1972245773362196,2.1074364,train,p35,dataset_2,centrality
1052,0.6931471805599453,0.71188897,train,p35,dataset_2,centrality
957,0.6931471805599453,0.71188897,train,p35,dataset_2,centrality
616,0.6931471805599453,0.71188897,train,p35,dataset_2,centrality
598,0.6931471805599453,0.9675043,train,p35,dataset_2,centrality
438,0.6931471805599453,0.71188897,train,p35,dataset_2,centrality
511,0.6931471805599453,0.71188897,train,p35,dataset_2,centrality
209,1.3862943611198906,2.4571428,train,p35,dataset_2,centrality
1433,0.6931471805599453,0.71188897,train,p35,dataset_2,centrality
339,0.6931471805599453,0.71188897,train,p35,dataset_2,centrality
1018,0.6931471805599453,0.71188897,train,p35,dataset_2,centrality
984,0.6931471805599453,0.71188897,train,p35,dataset_2,centrality
1421,0.6931471805599453,0.71188897,train,p35,dataset_2,centrality
1328,0.6931471805599453,0.71188897,train,p35,dataset_2,centrality
689,0.6931471805599453,1.1846331,train,p35,dataset_2,centrality
588,1.0986122886681098,0.71188897,train,p35,dataset_2,centrality
167,0.6931471805599453,0.71188897,train,p35,dataset_2,centrality
1067,0.6931471805599453,0.71188897,train,p35,dataset_2,centrality
46,0.6931471805599453,0.71188897,train,p35,dataset_2,centrality
687,0.6931471805599453,0.71188897,train,p35,dataset_2,centrality
509,0.6931471805599453,0.71188897,train,p35,dataset_2,centrality
561,0.6931471805599453,0.71188897,train,p35,dataset_2,centrality
532,0.6931471805599453,0.71188897,train,p35,dataset_2,centrality
626,3.688879454113936,3.5617788,train,p35,dataset_2,centrality
632,2.4849066497880004,2.6363387,train,p35,dataset_2,centrality
531,0.6931471805599453,0.71188897,train,p35,dataset_2,centrality
81,1.3862943611198906,1.2612182,train,p35,dataset_2,centrality
673,1.0986122886681098,0.7829593,train,p35,dataset_2,centrality
1312,0.6931471805599453,0.71188897,train,p35,dataset_2,centrality
345,0.6931471805599453,0.71188897,train,p35,dataset_2,centrality
522,0.6931471805599453,0.71188897,train,p35,dataset_2,centrality
723,0.6931471805599453,0.89668286,train,p35,dataset_2,centrality
86,0.6931471805599453,0.71188897,train,p35,dataset_2,centrality
185,0.6931471805599453,0.71188897,train,p35,dataset_2,centrality
1378,0.6931471805599453,0.71188897,train,p35,dataset_2,centrality
665,1.0986122886681098,0.7829593,train,p35,dataset_2,centrality
1425,0.6931471805599453,0.71188897,train,p35,dataset_2,centrality
1172,0.6931471805599453,0.71188897,train,p35,dataset_2,centrality
1332,0.6931471805599453,0.71188897,train,p35,dataset_2,centrality
737,0.6931471805599453,0.71188897,train,p35,dataset_2,centrality
238,0.6931471805599453,0.88742155,train,p35,dataset_2,centrality
722,1.0986122886681098,1.079922,train,p35,dataset_2,centrality
1416,0.6931471805599453,0.71188897,train,p35,dataset_2,centrality
1043,0.6931471805599453,0.71188897,train,p35,dataset_2,centrality
228,0.6931471805599453,0.71188897,train,p35,dataset_2,centrality
715,2.302585092994046,2.7218928,train,p35,dataset_2,centrality
346,0.6931471805599453,0.71188897,train,p35,dataset_2,centrality
1384,0.6931471805599453,0.7829593,train,p35,dataset_2,centrality
75,0.6931471805599453,1.3183885,train,p35,dataset_2,centrality
26,0.6931471805599453,0.71188897,train,p35,dataset_2,centrality
744,0.6931471805599453,0.7829593,train,p35,dataset_2,centrality
1066,0.6931471805599453,0.71188897,train,p35,dataset_2,centrality
1038,0.6931471805599453,0.71188897,train,p35,dataset_2,centrality
1386,0.6931471805599453,0.71188897,train,p35,dataset_2,centrality
1122,0.6931471805599453,0.71188897,train,p35,dataset_2,centrality
1407,0.6931471805599453,0.71188897,train,p35,dataset_2,centrality
66,0.6931471805599453,0.71188897,train,p35,dataset_2,centrality
1098,0.6931471805599453,0.71188897,train,p35,dataset_2,centrality
915,0.6931471805599453,0.71188897,train,p35,dataset_2,centrality
198,0.6931471805599453,0.71188897,train,p35,dataset_2,centrality
71,0.6931471805599453,0.71188897,train,p35,dataset_2,centrality
913,0.6931471805599453,0.71188897,train,p35,dataset_2,centrality
624,0.6931471805599453,0.71188897,train,p35,dataset_2,centrality
230,0.6931471805599453,0.71188897,train,p35,dataset_2,centrality
524,1.0986122886681098,0.71188897,train,p35,dataset_2,centrality
250,0.6931471805599453,0.71188897,train,p35,dataset_2,centrality
406,0.6931471805599453,0.71188897,train,p35,dataset_2,centrality
700,0.6931471805599453,0.71188897,train,p35,dataset_2,centrality
860,0.6931471805599453,0.71188897,train,p35,dataset_2,centrality
724,1.3862943611198906,0.99983954,train,p35,dataset_2,centrality
539,0.6931471805599453,1.0722156,train,p35,dataset_2,centrality
1354,2.1972245773362196,2.3058457,train,p35,dataset_2,centrality
797,0.6931471805599453,0.71188897,train,p35,dataset_2,centrality
788,0.6931471805599453,0.71188897,train,p35,dataset_2,centrality
622,0.6931471805599453,0.71188897,train,p35,dataset_2,centrality
932,0.6931471805599453,0.71188897,train,p35,dataset_2,centrality
170,0.6931471805599453,0.71188897,train,p35,dataset_2,centrality
747,0.6931471805599453,0.71188897,train,p35,dataset_2,centrality
1337,0.6931471805599453,0.71188897,train,p35,dataset_2,centrality
1053,0.6931471805599453,0.71188897,train,p35,dataset_2,centrality
248,0.6931471805599453,0.71188897,train,p35,dataset_2,centrality
1119,0.6931471805599453,0.88742155,train,p35,dataset_2,centrality
279,0.6931471805599453,0.71188897,train,p35,dataset_2,centrality
583,0.6931471805599453,0.71188897,train,p35,dataset_2,centrality
582,0.6931471805599453,0.71188897,train,p35,dataset_2,centrality
1031,0.6931471805599453,0.71188897,train,p35,dataset_2,centrality
305,0.6931471805599453,0.71188897,train,p35,dataset_2,centrality
1169,3.8501476017100584,2.1074364,train,p35,dataset_2,centrality
775,0.6931471805599453,0.71188897,train,p35,dataset_2,centrality
958,0.6931471805599453,0.71188897,train,p35,dataset_2,centrality
651,0.6931471805599453,0.7829593,train,p35,dataset_2,centrality
900,0.6931471805599453,0.71188897,train,p35,dataset_2,centrality
1054,0.6931471805599453,0.71188897,train,p35,dataset_2,centrality
42,0.6931471805599453,0.71188897,train,p35,dataset_2,centrality
815,0.6931471805599453,0.71188897,train,p35,dataset_2,centrality
1185,0.6931471805599453,0.71188897,train,p35,dataset_2,centrality
945,0.6931471805599453,0.71188897,train,p35,dataset_2,centrality
196,0.6931471805599453,0.71188897,train,p35,dataset_2,centrality
508,0.6931471805599453,0.71188897,train,p35,dataset_2,centrality
694,1.791759469228055,1.5086536,train,p35,dataset_2,centrality
894,0.6931471805599453,0.71188897,train,p35,dataset_2,centrality
1395,0.6931471805599453,0.71188897,train,p35,dataset_2,centrality
982,1.0986122886681098,0.71188897,train,p35,dataset_2,centrality
325,0.6931471805599453,0.71188897,train,p35,dataset_2,centrality
652,1.0986122886681098,0.88742155,train,p35,dataset_2,centrality
625,2.4849066497880004,3.0715992,train,p35,dataset_2,centrality
1129,1.0986122886681098,0.7829593,train,p35,dataset_2,centrality
586,0.6931471805599453,0.71188897,train,p35,dataset_2,centrality
147,0.6931471805599453,0.71188897,train,p35,dataset_2,centrality
148,0.6931471805599453,0.71188897,train,p35,dataset_2,centrality
733,0.6931471805599453,1.4230996,train,p35,dataset_2,centrality
1397,0.6931471805599453,0.71188897,train,p35,dataset_2,centrality
1274,0.6931471805599453,0.71188897,train,p35,dataset_2,centrality
330,0.6931471805599453,0.71188897,train,p35,dataset_2,centrality
313,0.6931471805599453,0.71188897,train,p35,dataset_2,centrality
103,0.6931471805599453,0.71188897,train,p35,dataset_2,centrality
61,0.6931471805599453,0.71188897,train,p35,dataset_2,centrality
165,0.6931471805599453,0.71188897,train,p35,dataset_2,centrality
323,0.6931471805599453,0.71188897,train,p35,dataset_2,centrality
93,0.6931471805599453,0.71188897,train,p35,dataset_2,centrality
154,0.6931471805599453,0.71188897,train,p35,dataset_2,centrality
1033,0.6931471805599453,0.71188897,train,p35,dataset_2,centrality
1040,0.6931471805599453,0.71188897,train,p35,dataset_2,centrality
288,0.6931471805599453,0.71188897,train,p35,dataset_2,centrality
386,0.6931471805599453,0.71188897,train,p35,dataset_2,centrality
1393,0.6931471805599453,0.71188897,train,p35,dataset_2,centrality
45,0.6931471805599453,0.71188897,train,p35,dataset_2,centrality
895,0.6931471805599453,0.71188897,train,p35,dataset_2,centrality
443,0.6931471805599453,0.71188897,train,p35,dataset_2,centrality
702,0.6931471805599453,0.71188897,train,p35,dataset_2,centrality
187,0.6931471805599453,0.71188897,train,p35,dataset_2,centrality
478,0.6931471805599453,0.71188897,train,p35,dataset_2,centrality
3,0.6931471805599453,0.71188897,train,p35,dataset_2,centrality
657,0.6931471805599453,0.88742155,train,p35,dataset_2,centrality
173,0.6931471805599453,0.71188897,train,p35,dataset_2,centrality
1208,0.6931471805599453,0.71188897,train,p35,dataset_2,centrality
1074,0.6931471805599453,0.71188897,train,p35,dataset_2,centrality
877,0.6931471805599453,0.71188897,train,p35,dataset_2,centrality
773,0.6931471805599453,0.71188897,train,p35,dataset_2,centrality
328,0.6931471805599453,0.71188897,train,p35,dataset_2,centrality
399,2.3978952727983707,2.3913999,train,p35,dataset_2,centrality
1219,0.6931471805599453,0.71188897,train,p35,dataset_2,centrality
244,0.6931471805599453,0.71188897,train,p35,dataset_2,centrality
293,0.6931471805599453,0.71188897,train,p35,dataset_2,centrality
1260,0.6931471805599453,0.71188897,train,p35,dataset_2,centrality
1124,0.6931471805599453,0.7829593,train,p35,dataset_2,centrality
1200,0.6931471805599453,0.71188897,train,p35,dataset_2,centrality
1199,0.6931471805599453,0.71188897,train,p35,dataset_2,centrality
662,0.6931471805599453,0.88742155,train,p35,dataset_2,centrality
1015,0.6931471805599453,0.71188897,train,p35,dataset_2,centrality
801,0.6931471805599453,0.71188897,train,p35,dataset_2,centrality
1002,0.6931471805599453,0.71188897,train,p35,dataset_2,centrality
343,0.6931471805599453,0.71188897,train,p35,dataset_2,centrality
1396,0.6931471805599453,0.71188897,train,p35,dataset_2,centrality
184,0.6931471805599453,0.71188897,train,p35,dataset_2,centrality
466,0.6931471805599453,0.71188897,train,p35,dataset_2,centrality
56,0.6931471805599453,0.71188897,train,p35,dataset_2,centrality
422,0.6931471805599453,0.71188897,train,p35,dataset_2,centrality
523,0.6931471805599453,0.71188897,train,p35,dataset_2,centrality
831,0.6931471805599453,0.71188897,train,p35,dataset_2,centrality
922,0.6931471805599453,0.71188897,train,p35,dataset_2,centrality
1358,1.6094379124341005,1.4230996,train,p35,dataset_2,centrality
826,0.6931471805599453,0.71188897,train,p35,dataset_2,centrality
597,1.0986122886681098,0.81635123,train,p35,dataset_2,centrality
959,0.6931471805599453,0.71188897,train,p35,dataset_2,centrality
136,0.6931471805599453,0.71188897,train,p35,dataset_2,centrality
1013,0.6931471805599453,0.71188897,train,p35,dataset_2,centrality
485,0.6931471805599453,0.71188897,train,p35,dataset_2,centrality
219,0.6931471805599453,0.71188897,train,p35,dataset_2,centrality
989,0.6931471805599453,0.71188897,train,p35,dataset_2,centrality
195,0.6931471805599453,0.71188897,train,p35,dataset_2,centrality
91,0.6931471805599453,0.71188897,train,p35,dataset_2,centrality
298,0.6931471805599453,0.71188897,train,p35,dataset_2,centrality
1323,1.6094379124341005,1.4230996,train,p35,dataset_2,centrality
88,0.6931471805599453,0.71188897,train,p35,dataset_2,centrality
1284,0.6931471805599453,0.71188897,train,p35,dataset_2,centrality
402,2.9444389791664403,3.0715992,train,p35,dataset_2,centrality
589,0.6931471805599453,0.71188897,train,p35,dataset_2,centrality
780,0.6931471805599453,0.71188897,train,p35,dataset_2,centrality
176,0.6931471805599453,0.71188897,train,p35,dataset_2,centrality
1049,0.6931471805599453,0.71188897,train,p35,dataset_2,centrality
74,0.6931471805599453,0.71188897,train,p35,dataset_2,centrality
528,0.6931471805599453,0.71188897,train,p35,dataset_2,centrality
554,3.4339872044851463,3.0715992,train,p35,dataset_2,centrality
952,0.6931471805599453,0.71188897,train,p35,dataset_2,centrality
105,0.6931471805599453,0.71188897,train,p35,dataset_2,centrality
644,0.6931471805599453,0.81635123,train,p35,dataset_2,centrality
407,0.6931471805599453,0.7829593,train,p35,dataset_2,centrality
234,0.6931471805599453,0.71188897,train,p35,dataset_2,centrality
1147,0.6931471805599453,0.88742155,train,p35,dataset_2,centrality
641,1.9459101490553132,1.4230996,train,p35,dataset_2,centrality
138,0.6931471805599453,0.71188897,train,p35,dataset_2,centrality
240,2.0794415416798357,2.1074364,train,p35,dataset_2,centrality
1335,0.6931471805599453,0.71188897,train,p35,dataset_2,centrality
882,0.6931471805599453,0.71188897,train,p35,dataset_2,centrality
546,0.6931471805599453,0.71188897,train,p35,dataset_2,centrality
1148,0.6931471805599453,0.71188897,train,p35,dataset_2,centrality
100,0.6931471805599453,0.71188897,train,p35,dataset_2,centrality
220,0.6931471805599453,0.7829593,train,p35,dataset_2,centrality
54,0.6931471805599453,0.71188897,train,p35,dataset_2,centrality
648,0.6931471805599453,0.81635123,train,p35,dataset_2,centrality
462,0.6931471805599453,0.71188897,train,p35,dataset_2,centrality
1292,0.6931471805599453,0.71188897,train,p35,dataset_2,centrality
1244,0.6931471805599453,0.71188897,train,p35,dataset_2,centrality
1165,2.5649493574615367,2.7218928,train,p35,dataset_2,centrality
272,0.6931471805599453,0.71188897,train,p35,dataset_2,centrality
360,0.6931471805599453,0.71188897,train,p35,dataset_2,centrality
917,0.6931471805599453,0.71188897,train,p35,dataset_2,centrality
467,0.6931471805599453,0.71188897,train,p35,dataset_2,centrality
1101,0.6931471805599453,0.71188897,train,p35,dataset_2,centrality
468,0.6931471805599453,0.71188897,train,p35,dataset_2,centrality
29,1.0986122886681098,1.1565071,train,p35,dataset_2,centrality
573,0.6931471805599453,0.71188897,train,p35,dataset_2,centrality
1376,0.6931471805599453,0.71188897,train,p35,dataset_2,centrality
862,0.6931471805599453,0.71188897,train,p35,dataset_2,centrality
420,0.6931471805599453,0.71188897,train,p35,dataset_2,centrality
746,0.6931471805599453,0.71188897,train,p35,dataset_2,centrality
82,1.0986122886681098,0.88742155,train,p35,dataset_2,centrality
1120,0.6931471805599453,0.71188897,train,p35,dataset_2,centrality
375,0.6931471805599453,0.71188897,train,p35,dataset_2,centrality
696,0.6931471805599453,0.71188897,train,p35,dataset_2,centrality
1023,0.6931471805599453,0.71188897,train,p35,dataset_2,centrality
11,0.6931471805599453,0.71188897,train,p35,dataset_2,centrality
273,0.6931471805599453,0.71188897,train,p35,dataset_2,centrality
393,1.0986122886681098,0.7829593,train,p35,dataset_2,centrality
1194,0.6931471805599453,0.71188897,train,p35,dataset_2,centrality
260,0.6931471805599453,0.71188897,train,p35,dataset_2,centrality
1229,0.6931471805599453,0.71188897,train,p35,dataset_2,centrality
310,0.6931471805599453,0.71188897,train,p35,dataset_2,centrality
1289,0.6931471805599453,0.71188897,train,p35,dataset_2,centrality
206,0.6931471805599453,0.71188897,train,p35,dataset_2,centrality
819,0.6931471805599453,0.71188897,train,p35,dataset_2,centrality
1137,0.6931471805599453,0.71188897,train,p35,dataset_2,centrality
10,0.6931471805599453,0.71188897,train,p35,dataset_2,centrality
711,0.6931471805599453,0.71188897,train,p35,dataset_2,centrality
131,0.6931471805599453,0.71188897,train,p35,dataset_2,centrality
444,0.6931471805599453,0.7829593,train,p35,dataset_2,centrality
876,0.6931471805599453,0.71188897,train,p35,dataset_2,centrality
379,1.0986122886681098,0.71188897,train,p35,dataset_2,centrality
16,0.6931471805599453,0.71188897,train,p35,dataset_2,centrality
1069,0.6931471805599453,0.71188897,train,p35,dataset_2,centrality
776,0.6931471805599453,0.71188897,train,p35,dataset_2,centrality
666,0.6931471805599453,0.71188897,train,p35,dataset_2,centrality
317,0.6931471805599453,0.71188897,train,p35,dataset_2,centrality
907,0.6931471805599453,0.71188897,train,p35,dataset_2,centrality
1007,0.6931471805599453,0.71188897,train,p35,dataset_2,centrality
1103,0.6931471805599453,0.71188897,train,p35,dataset_2,centrality
916,0.6931471805599453,0.71188897,train,p35,dataset_2,centrality
392,0.6931471805599453,0.7829593,train,p35,dataset_2,centrality
1177,0.6931471805599453,0.81635123,train,p35,dataset_2,centrality
372,0.6931471805599453,0.71188897,train,p35,dataset_2,centrality
162,0.6931471805599453,0.71188897,train,p35,dataset_2,centrality
9,0.6931471805599453,0.71188897,train,p35,dataset_2,centrality
1175,0.6931471805599453,0.71188897,train,p35,dataset_2,centrality
936,0.6931471805599453,0.71188897,train,p35,dataset_2,centrality
292,1.0986122886681098,0.7829593,train,p35,dataset_2,centrality
1109,0.6931471805599453,0.71188897,train,p35,dataset_2,centrality
870,0.6931471805599453,0.71188897,train,p35,dataset_2,centrality
965,0.6931471805599453,0.71188897,train,p35,dataset_2,centrality
742,0.6931471805599453,0.71188897,train,p35,dataset_2,centrality
880,0.6931471805599453,0.71188897,train,p35,dataset_2,centrality
981,0.6931471805599453,0.71188897,train,p35,dataset_2,centrality
1154,0.6931471805599453,0.71188897,train,p35,dataset_2,centrality
1032,0.6931471805599453,0.71188897,train,p35,dataset_2,centrality
155,0.6931471805599453,0.71188897,train,p35,dataset_2,centrality
889,0.6931471805599453,0.71188897,train,p35,dataset_2,centrality
153,0.6931471805599453,0.71188897,train,p35,dataset_2,centrality
1009,0.6931471805599453,0.71188897,train,p35,dataset_2,centrality
1275,0.6931471805599453,0.71188897,train,p35,dataset_2,centrality
388,0.6931471805599453,0.71188897,train,p35,dataset_2,centrality
120,0.6931471805599453,0.71188897,train,p35,dataset_2,centrality
858,0.6931471805599453,0.71188897,train,p35,dataset_2,centrality
1437,0.6931471805599453,0.71188897,train,p35,dataset_2,centrality
286,0.6931471805599453,0.71188897,train,p35,dataset_2,centrality
480,0.6931471805599453,0.71188897,train,p35,dataset_2,centrality
914,0.6931471805599453,0.71188897,train,p35,dataset_2,centrality
1300,0.6931471805599453,0.71188897,train,p35,dataset_2,centrality
1056,0.6931471805599453,0.71188897,train,p35,dataset_2,centrality
1041,0.6931471805599453,0.71188897,train,p35,dataset_2,centrality
53,0.6931471805599453,0.71188897,train,p35,dataset_2,centrality
621,0.6931471805599453,0.71188897,train,p35,dataset_2,centrality
1096,0.6931471805599453,0.71188897,train,p35,dataset_2,centrality
78,0.6931471805599453,0.7829593,train,p35,dataset_2,centrality
1226,0.6931471805599453,0.71188897,train,p35,dataset_2,centrality
1004,0.6931471805599453,0.71188897,train,p35,dataset_2,centrality
1044,0.6931471805599453,0.71188897,train,p35,dataset_2,centrality
707,0.6931471805599453,0.71188897,train,p35,dataset_2,centrality
828,0.6931471805599453,0.71188897,train,p35,dataset_2,centrality
1218,0.6931471805599453,0.71188897,train,p35,dataset_2,centrality
1108,0.6931471805599453,0.71188897,train,p35,dataset_2,centrality
214,1.3862943611198906,0.81635123,train,p35,dataset_2,centrality
642,1.0986122886681098,1.3270295,train,p35,dataset_2,centrality
964,0.6931471805599453,0.71188897,train,p35,dataset_2,centrality
899,0.6931471805599453,0.71188897,train,p35,dataset_2,centrality
281,0.6931471805599453,0.71188897,train,p35,dataset_2,centrality
569,0.6931471805599453,0.71188897,train,p35,dataset_2,centrality
371,0.6931471805599453,0.71188897,train,p35,dataset_2,centrality
25,0.6931471805599453,0.71188897,train,p35,dataset_2,centrality
774,0.6931471805599453,0.71188897,train,p35,dataset_2,centrality
1248,0.6931471805599453,0.71188897,train,p35,dataset_2,centrality
1106,0.6931471805599453,0.71188897,train,p35,dataset_2,centrality
1222,0.6931471805599453,0.71188897,train,p35,dataset_2,centrality
660,0.6931471805599453,0.71188897,train,p35,dataset_2,centrality
1263,0.6931471805599453,0.71188897,train,p35,dataset_2,centrality
892,0.6931471805599453,0.71188897,train,p35,dataset_2,centrality
453,0.6931471805599453,0.71188897,train,p35,dataset_2,centrality
1308,0.6931471805599453,0.71188897,train,p35,dataset_2,centrality
944,0.6931471805599453,0.71188897,train,p35,dataset_2,centrality
102,0.6931471805599453,0.71188897,train,p35,dataset_2,centrality
1151,0.6931471805599453,0.71188897,train,p35,dataset_2,centrality
1191,0.6931471805599453,0.71188897,train,p35,dataset_2,centrality
357,0.6931471805599453,0.71188897,train,p35,dataset_2,centrality
389,0.6931471805599453,0.71188897,train,p35,dataset_2,centrality
249,0.6931471805599453,0.71188897,train,p35,dataset_2,centrality
778,0.6931471805599453,0.71188897,train,p35,dataset_2,centrality
1370,0.6931471805599453,0.71188897,train,p35,dataset_2,centrality
1291,0.6931471805599453,0.71188897,train,p35,dataset_2,centrality
810,0.6931471805599453,0.71188897,train,p35,dataset_2,centrality
1133,0.6931471805599453,0.7829593,train,p35,dataset_2,centrality
134,0.6931471805599453,0.71188897,train,p35,dataset_2,centrality
962,0.6931471805599453,0.71188897,train,p35,dataset_2,centrality
365,0.6931471805599453,0.71188897,train,p35,dataset_2,centrality
1254,0.6931471805599453,0.71188897,train,p35,dataset_2,centrality
201,0.6931471805599453,0.71188897,train,p35,dataset_2,centrality
400,1.791759469228055,1.7535926,train,p35,dataset_2,centrality
140,0.6931471805599453,0.71188897,train,p35,dataset_2,centrality
610,0.6931471805599453,0.71188897,train,p35,dataset_2,centrality
556,0.6931471805599453,0.71188897,train,p35,dataset_2,centrality
618,0.6931471805599453,0.71188897,train,p35,dataset_2,centrality
461,0.6931471805599453,0.71188897,train,p35,dataset_2,centrality
1099,0.6931471805599453,1.273532,train,p35,dataset_2,centrality
902,0.6931471805599453,0.71188897,train,p35,dataset_2,centrality
676,0.6931471805599453,0.71188897,train,p35,dataset_2,centrality
191,0.6931471805599453,0.71188897,train,p35,dataset_2,centrality
843,0.6931471805599453,0.71188897,train,p35,dataset_2,centrality
1428,0.6931471805599453,0.71188897,train,p35,dataset_2,centrality
142,0.6931471805599453,0.71188897,train,p35,dataset_2,centrality
837,0.6931471805599453,0.71188897,train,p35,dataset_2,centrality
477,0.6931471805599453,0.71188897,train,p35,dataset_2,centrality
824,0.6931471805599453,0.71188897,train,p35,dataset_2,centrality
1058,0.6931471805599453,0.71188897,train,p35,dataset_2,centrality
1061,0.6931471805599453,0.71188897,train,p35,dataset_2,centrality
1189,0.6931471805599453,0.71188897,train,p35,dataset_2,centrality
1233,0.6931471805599453,0.71188897,train,p35,dataset_2,centrality
235,2.1972245773362196,2.3058457,train,p35,dataset_2,centrality
1359,0.6931471805599453,0.71188897,train,p35,dataset_2,centrality
1377,1.3862943611198906,1.5086536,train,p35,dataset_2,centrality
222,0.6931471805599453,0.71188897,train,p35,dataset_2,centrality
304,0.6931471805599453,0.71188897,train,p35,dataset_2,centrality
906,0.6931471805599453,0.71188897,train,p35,dataset_2,centrality
1195,0.6931471805599453,0.71188897,train,p35,dataset_2,centrality
394,3.713572066704308,3.5617788,train,p35,dataset_2,centrality
608,0.6931471805599453,0.71188897,train,p35,dataset_2,centrality
5,0.6931471805599453,0.71188897,train,p35,dataset_2,centrality
740,0.6931471805599453,0.71188897,train,p35,dataset_2,centrality
408,0.6931471805599453,0.71188897,train,p35,dataset_2,centrality
271,0.6931471805599453,0.71188897,train,p35,dataset_2,centrality
983,0.6931471805599453,0.71188897,train,p35,dataset_2,centrality
840,0.6931471805599453,0.71188897,train,p35,dataset_2,centrality
1227,0.6931471805599453,0.71188897,train,p35,dataset_2,centrality
928,0.6931471805599453,0.71188897,train,p35,dataset_2,centrality
4,0.6931471805599453,0.71188897,train,p35,dataset_2,centrality
886,0.6931471805599453,0.89668286,train,p35,dataset_2,centrality
537,1.3862943611198906,1.3183885,train,p35,dataset_2,centrality
265,0.6931471805599453,0.71188897,train,p35,dataset_2,centrality
918,0.6931471805599453,0.71188897,train,p35,dataset_2,centrality
541,0.6931471805599453,0.84106404,train,p35,dataset_2,centrality
1072,0.6931471805599453,0.71188897,train,p35,dataset_2,centrality
716,2.70805020110221,2.6363387,train,p35,dataset_2,centrality
38,0.6931471805599453,0.71188897,train,p35,dataset_2,centrality
161,0.6931471805599453,0.71188897,train,p35,dataset_2,centrality
519,0.6931471805599453,0.71188897,train,p35,dataset_2,centrality
295,0.6931471805599453,0.71188897,train,p35,dataset_2,centrality
510,0.6931471805599453,0.7829593,train,p35,dataset_2,centrality
199,0.6931471805599453,0.71188897,train,p35,dataset_2,centrality
303,0.6931471805599453,0.71188897,train,p35,dataset_2,centrality
758,0.6931471805599453,0.71188897,train,p35,dataset_2,centrality
730,0.6931471805599453,0.71188897,train,p35,dataset_2,centrality
1368,0.6931471805599453,0.71188897,train,p35,dataset_2,centrality
92,0.6931471805599453,0.71188897,validation,p35,dataset_2,centrality
684,0.6931471805599453,0.71188897,validation,p35,dataset_2,centrality
887,0.6931471805599453,0.71188897,validation,p35,dataset_2,centrality
79,0.6931471805599453,0.71188897,validation,p35,dataset_2,centrality
48,0.6931471805599453,0.71188897,validation,p35,dataset_2,centrality
997,0.6931471805599453,0.71188897,validation,p35,dataset_2,centrality
571,0.6931471805599453,0.71188897,validation,p35,dataset_2,centrality
844,0.6931471805599453,0.71188897,validation,p35,dataset_2,centrality
454,0.6931471805599453,0.71188897,validation,p35,dataset_2,centrality
734,0.6931471805599453,0.81635123,validation,p35,dataset_2,centrality
732,1.0986122886681098,0.9677532,validation,p35,dataset_2,centrality
383,0.6931471805599453,0.71188897,validation,p35,dataset_2,centrality
84,0.6931471805599453,0.71188897,validation,p35,dataset_2,centrality
465,0.6931471805599453,0.71188897,validation,p35,dataset_2,centrality
1261,0.6931471805599453,0.71188897,validation,p35,dataset_2,centrality
194,0.6931471805599453,0.71188897,validation,p35,dataset_2,centrality
354,0.6931471805599453,0.71188897,validation,p35,dataset_2,centrality
1429,0.6931471805599453,0.71188897,validation,p35,dataset_2,centrality
515,0.6931471805599453,0.71188897,validation,p35,dataset_2,centrality
1115,0.6931471805599453,0.71188897,validation,p35,dataset_2,centrality
1209,0.6931471805599453,0.71188897,validation,p35,dataset_2,centrality
432,1.6094379124341005,1.4230996,validation,p35,dataset_2,centrality
320,0.6931471805599453,0.71188897,validation,p35,dataset_2,centrality
1326,0.6931471805599453,0.88742155,validation,p35,dataset_2,centrality
326,0.6931471805599453,0.71188897,validation,p35,dataset_2,centrality
1381,0.6931471805599453,0.71188897,validation,p35,dataset_2,centrality
611,0.6931471805599453,0.71188897,validation,p35,dataset_2,centrality
594,0.6931471805599453,0.71188897,validation,p35,dataset_2,centrality
227,0.6931471805599453,0.71188897,validation,p35,dataset_2,centrality
276,0.6931471805599453,0.71188897,validation,p35,dataset_2,centrality
1251,0.6931471805599453,0.71188897,validation,p35,dataset_2,centrality
842,0.6931471805599453,0.71188897,validation,p35,dataset_2,centrality
1241,0.6931471805599453,0.71188897,validation,p35,dataset_2,centrality
210,2.0794415416798357,2.7411063,validation,p35,dataset_2,centrality
1294,0.6931471805599453,0.71188897,validation,p35,dataset_2,centrality
912,0.6931471805599453,0.71188897,validation,p35,dataset_2,centrality
355,0.6931471805599453,0.71188897,validation,p35,dataset_2,centrality
1329,0.6931471805599453,0.71188897,validation,p35,dataset_2,centrality
141,0.6931471805599453,0.71188897,validation,p35,dataset_2,centrality
427,0.6931471805599453,0.88742155,validation,p35,dataset_2,centrality
670,0.6931471805599453,0.71188897,validation,p35,dataset_2,centrality
802,0.6931471805599453,0.71188897,validation,p35,dataset_2,centrality
387,0.6931471805599453,0.71188897,validation,p35,dataset_2,centrality
854,0.6931471805599453,0.71188897,validation,p35,dataset_2,centrality
578,0.6931471805599453,0.71188897,validation,p35,dataset_2,centrality
1150,0.6931471805599453,0.71188897,validation,p35,dataset_2,centrality
239,0.6931471805599453,0.88742155,validation,p35,dataset_2,centrality
766,0.6931471805599453,0.71188897,validation,p35,dataset_2,centrality
1298,0.6931471805599453,0.71188897,validation,p35,dataset_2,centrality
868,0.6931471805599453,0.71188897,validation,p35,dataset_2,centrality
897,0.6931471805599453,0.71188897,validation,p35,dataset_2,centrality
67,0.6931471805599453,0.71188897,validation,p35,dataset_2,centrality
32,0.6931471805599453,0.88742155,validation,p35,dataset_2,centrality
376,0.6931471805599453,0.71188897,validation,p35,dataset_2,centrality
1287,0.6931471805599453,0.71188897,validation,p35,dataset_2,centrality
22,0.6931471805599453,0.71188897,validation,p35,dataset_2,centrality
1143,1.6094379124341005,1.4230996,validation,p35,dataset_2,centrality
1325,0.6931471805599453,0.71188897,validation,p35,dataset_2,centrality
823,0.6931471805599453,0.71188897,validation,p35,dataset_2,centrality
1249,0.6931471805599453,0.71188897,validation,p35,dataset_2,centrality
135,0.6931471805599453,0.71188897,validation,p35,dataset_2,centrality
752,0.6931471805599453,0.71188897,validation,p35,dataset_2,centrality
1153,0.6931471805599453,0.71188897,validation,p35,dataset_2,centrality
183,0.6931471805599453,0.71188897,validation,p35,dataset_2,centrality
636,2.1972245773362196,3.0715992,validation,p35,dataset_2,centrality
798,0.6931471805599453,0.71188897,validation,p35,dataset_2,centrality
638,0.6931471805599453,1.079922,validation,p35,dataset_2,centrality
873,0.6931471805599453,0.71188897,validation,p35,dataset_2,centrality
231,0.6931471805599453,0.71188897,validation,p35,dataset_2,centrality
543,0.6931471805599453,0.71188897,validation,p35,dataset_2,centrality
282,1.6094379124341005,0.88742155,validation,p35,dataset_2,centrality
931,0.6931471805599453,0.71188897,validation,p35,dataset_2,centrality
95,0.6931471805599453,0.71188897,validation,p35,dataset_2,centrality
1057,0.6931471805599453,0.71188897,validation,p35,dataset_2,centrality
261,0.6931471805599453,0.71188897,validation,p35,dataset_2,centrality
1095,0.6931471805599453,0.71188897,validation,p35,dataset_2,centrality
157,0.6931471805599453,0.71188897,validation,p35,dataset_2,centrality
390,0.6931471805599453,0.71188897,validation,p35,dataset_2,centrality
1427,0.6931471805599453,0.71188897,validation,p35,dataset_2,centrality
369,0.6931471805599453,0.71188897,validation,p35,dataset_2,centrality
283,0.6931471805599453,0.88742155,validation,p35,dataset_2,centrality
679,0.6931471805599453,1.1846331,validation,p35,dataset_2,centrality
972,0.6931471805599453,0.71188897,validation,p35,dataset_2,centrality
991,0.6931471805599453,0.71188897,validation,p35,dataset_2,centrality
630,3.1354942159291497,3.5617788,validation,p35,dataset_2,centrality
1050,0.6931471805599453,0.71188897,validation,p35,dataset_2,centrality
609,0.6931471805599453,0.71188897,validation,p35,dataset_2,centrality
111,0.6931471805599453,0.71188897,validation,p35,dataset_2,centrality
1223,0.6931471805599453,0.71188897,validation,p35,dataset_2,centrality
1310,0.6931471805599453,0.71188897,validation,p35,dataset_2,centrality
1168,1.6094379124341005,2.0027256,validation,p35,dataset_2,centrality
1440,0.6931471805599453,0.71188897,validation,p35,dataset_2,centrality
1256,0.6931471805599453,0.71188897,validation,p35,dataset_2,centrality
1414,0.6931471805599453,0.71188897,validation,p35,dataset_2,centrality
1411,0.6931471805599453,0.71188897,validation,p35,dataset_2,centrality
445,0.6931471805599453,0.71188897,validation,p35,dataset_2,centrality
337,0.6931471805599453,0.71188897,validation,p35,dataset_2,centrality
729,1.0986122886681098,0.88742155,validation,p35,dataset_2,centrality
1085,0.6931471805599453,0.71188897,validation,p35,dataset_2,centrality
995,0.6931471805599453,0.71188897,validation,p35,dataset_2,centrality
904,0.6931471805599453,0.71188897,validation,p35,dataset_2,centrality
455,0.6931471805599453,0.71188897,validation,p35,dataset_2,centrality
1304,0.6931471805599453,0.71188897,validation,p35,dataset_2,centrality
881,0.6931471805599453,0.71188897,validation,p35,dataset_2,centrality
329,0.6931471805599453,0.71188897,validation,p35,dataset_2,centrality
647,1.6094379124341005,1.2689247,validation,p35,dataset_2,centrality
951,0.6931471805599453,0.71188897,validation,p35,dataset_2,centrality
1420,0.6931471805599453,0.71188897,validation,p35,dataset_2,centrality
1258,0.6931471805599453,0.71188897,validation,p35,dataset_2,centrality
664,0.6931471805599453,0.71188897,validation,p35,dataset_2,centrality
867,0.6931471805599453,0.71188897,validation,p35,dataset_2,centrality
139,0.6931471805599453,0.71188897,validation,p35,dataset_2,centrality
1320,1.0986122886681098,1.3779943,validation,p35,dataset_2,centrality
8,0.6931471805599453,0.71188897,validation,p35,dataset_2,centrality
498,0.6931471805599453,0.71188897,validation,p35,dataset_2,centrality
44,0.6931471805599453,0.71188897,validation,p35,dataset_2,centrality
765,0.6931471805599453,0.71188897,validation,p35,dataset_2,centrality
835,0.6931471805599453,0.71188897,validation,p35,dataset_2,centrality
232,0.6931471805599453,0.71188897,validation,p35,dataset_2,centrality
1262,0.6931471805599453,0.71188897,validation,p35,dataset_2,centrality
449,0.6931471805599453,0.71188897,validation,p35,dataset_2,centrality
1380,1.6094379124341005,1.079922,validation,p35,dataset_2,centrality
728,0.6931471805599453,0.71188897,validation,p35,dataset_2,centrality
1316,0.6931471805599453,0.71188897,validation,p35,dataset_2,centrality
857,0.6931471805599453,0.71188897,validation,p35,dataset_2,centrality
241,1.6094379124341005,2.1074364,validation,p35,dataset_2,centrality
530,0.6931471805599453,0.71188897,validation,p35,dataset_2,centrality
512,0.6931471805599453,0.71188897,validation,p35,dataset_2,centrality
1351,0.6931471805599453,0.71188897,validation,p35,dataset_2,centrality
43,0.6931471805599453,0.71188897,validation,p35,dataset_2,centrality
970,0.6931471805599453,0.71188897,validation,p35,dataset_2,centrality
1164,1.0986122886681098,0.7829593,validation,p35,dataset_2,centrality
1412,0.6931471805599453,0.71188897,validation,p35,dataset_2,centrality
617,0.6931471805599453,0.71188897,validation,p35,dataset_2,centrality
567,0.6931471805599453,0.71188897,validation,p35,dataset_2,centrality
447,0.6931471805599453,0.71188897,validation,p35,dataset_2,centrality
612,0.6931471805599453,0.71188897,validation,p35,dataset_2,centrality
738,1.0986122886681098,0.71188897,validation,p35,dataset_2,centrality
1343,0.6931471805599453,0.71188897,validation,p35,dataset_2,centrality
62,0.6931471805599453,0.71188897,validation,p35,dataset_2,centrality
1081,0.6931471805599453,0.71188897,validation,p35,dataset_2,centrality
627,2.70805020110221,3.5617788,validation,p35,dataset_2,centrality
866,0.6931471805599453,0.71188897,validation,p35,dataset_2,centrality
482,0.6931471805599453,0.71188897,validation,p35,dataset_2,centrality
1184,1.0986122886681098,0.71188897,validation,p35,dataset_2,centrality
144,0.6931471805599453,0.71188897,validation,p35,dataset_2,centrality
110,0.6931471805599453,0.71188897,validation,p35,dataset_2,centrality
23,0.6931471805599453,0.71188897,validation,p35,dataset_2,centrality
791,0.6931471805599453,0.71188897,validation,p35,dataset_2,centrality
1077,0.6931471805599453,0.71188897,validation,p35,dataset_2,centrality
682,0.6931471805599453,0.71188897,validation,p35,dataset_2,centrality
1167,0.6931471805599453,0.71188897,validation,p35,dataset_2,centrality
971,0.6931471805599453,0.71188897,validation,p35,dataset_2,centrality
896,0.6931471805599453,0.71188897,validation,p35,dataset_2,centrality
1283,0.6931471805599453,0.71188897,validation,p35,dataset_2,centrality
787,0.6931471805599453,0.71188897,validation,p35,dataset_2,centrality
1387,0.6931471805599453,0.71188897,validation,p35,dataset_2,centrality
1088,2.5649493574615367,1.2612182,validation,p35,dataset_2,centrality
1364,0.6931471805599453,0.71188897,validation,p35,dataset_2,centrality
1313,0.6931471805599453,0.71188897,validation,p35,dataset_2,centrality
1224,0.6931471805599453,0.71188897,validation,p35,dataset_2,centrality
505,0.6931471805599453,0.71188897,validation,p35,dataset_2,centrality
725,1.0986122886681098,1.5951229,validation,p35,dataset_2,centrality
804,0.6931471805599453,0.71188897,validation,p35,dataset_2,centrality
1390,0.6931471805599453,0.71188897,validation,p35,dataset_2,centrality
1071,0.6931471805599453,0.71188897,validation,p35,dataset_2,centrality
156,0.6931471805599453,0.71188897,validation,p35,dataset_2,centrality
841,0.6931471805599453,0.71188897,validation,p35,dataset_2,centrality
483,0.6931471805599453,0.71188897,validation,p35,dataset_2,centrality
1022,0.6931471805599453,0.71188897,validation,p35,dataset_2,centrality
350,0.6931471805599453,0.71188897,validation,p35,dataset_2,centrality
251,0.6931471805599453,0.71188897,validation,p35,dataset_2,centrality
691,1.0986122886681098,1.3183885,validation,p35,dataset_2,centrality
1253,0.6931471805599453,0.71188897,validation,p35,dataset_2,centrality
1113,0.6931471805599453,0.71188897,validation,p35,dataset_2,centrality
224,3.367295829986474,2.3913999,validation,p35,dataset_2,centrality
487,0.6931471805599453,0.71188897,validation,p35,dataset_2,centrality
257,2.0794415416798357,1.3183885,validation,p35,dataset_2,centrality
464,0.6931471805599453,0.71188897,validation,p35,dataset_2,centrality
1201,0.6931471805599453,0.71188897,validation,p35,dataset_2,centrality
745,0.6931471805599453,0.7829593,validation,p35,dataset_2,centrality
520,0.6931471805599453,0.71188897,validation,p35,dataset_2,centrality
792,0.6931471805599453,0.71188897,validation,p35,dataset_2,centrality
1073,0.6931471805599453,0.71188897,validation,p35,dataset_2,centrality
476,0.6931471805599453,0.71188897,validation,p35,dataset_2,centrality
1348,0.6931471805599453,0.71188897,validation,p35,dataset_2,centrality
243,0.6931471805599453,0.71188897,validation,p35,dataset_2,centrality
1309,0.6931471805599453,0.71188897,validation,p35,dataset_2,centrality
274,0.6931471805599453,0.71188897,validation,p35,dataset_2,centrality
299,0.6931471805599453,0.71188897,validation,p35,dataset_2,centrality
396,1.0986122886681098,1.7550519,validation,p35,dataset_2,centrality
807,0.6931471805599453,0.71188897,validation,p35,dataset_2,centrality
1424,0.6931471805599453,0.71188897,validation,p35,dataset_2,centrality
764,0.6931471805599453,0.71188897,validation,p35,dataset_2,centrality
460,0.6931471805599453,0.71188897,validation,p35,dataset_2,centrality
739,0.6931471805599453,0.71188897,validation,p35,dataset_2,centrality
869,0.6931471805599453,0.71188897,validation,p35,dataset_2,centrality
1001,0.6931471805599453,0.71188897,validation,p35,dataset_2,centrality
335,0.6931471805599453,0.71188897,validation,p35,dataset_2,centrality
946,0.6931471805599453,0.71188897,validation,p35,dataset_2,centrality
533,0.6931471805599453,0.71188897,validation,p35,dataset_2,centrality
1070,0.6931471805599453,0.71188897,validation,p35,dataset_2,centrality
1063,0.6931471805599453,0.71188897,validation,p35,dataset_2,centrality
813,0.6931471805599453,0.71188897,validation,p35,dataset_2,centrality
806,0.6931471805599453,0.71188897,validation,p35,dataset_2,centrality
356,0.6931471805599453,0.71188897,validation,p35,dataset_2,centrality
1430,0.6931471805599453,0.71188897,validation,p35,dataset_2,centrality
128,0.6931471805599453,0.71188897,validation,p35,dataset_2,centrality
908,0.6931471805599453,0.71188897,validation,p35,dataset_2,centrality
615,0.6931471805599453,0.71188897,validation,p35,dataset_2,centrality
2,0.6931471805599453,0.71188897,validation,p35,dataset_2,centrality
551,1.0986122886681098,2.7218928,validation,p35,dataset_2,centrality
677,0.6931471805599453,0.71188897,validation,p35,dataset_2,centrality
767,1.0986122886681098,0.84106404,validation,p35,dataset_2,centrality
1347,0.6931471805599453,0.71188897,validation,p35,dataset_2,centrality
1000,0.6931471805599453,0.71188897,validation,p35,dataset_2,centrality
1257,0.6931471805599453,0.71188897,validation,p35,dataset_2,centrality
1,0.6931471805599453,0.71188897,test,p35,dataset_2,centrality
845,0.6931471805599453,0.71188897,test,p35,dataset_2,centrality
698,0.6931471805599453,0.71188897,test,p35,dataset_2,centrality
865,0.6931471805599453,0.71188897,test,p35,dataset_2,centrality
124,0.6931471805599453,0.71188897,test,p35,dataset_2,centrality
14,0.6931471805599453,0.71188897,test,p35,dataset_2,centrality
544,0.6931471805599453,0.71188897,test,p35,dataset_2,centrality
237,1.6094379124341005,1.079922,test,p35,dataset_2,centrality
1213,0.6931471805599453,0.71188897,test,p35,dataset_2,centrality
655,1.0986122886681098,0.88742155,test,p35,dataset_2,centrality
65,0.6931471805599453,0.92876875,test,p35,dataset_2,centrality
169,0.6931471805599453,0.71188897,test,p35,dataset_2,centrality
1210,0.6931471805599453,0.71188897,test,p35,dataset_2,centrality
967,0.6931471805599453,0.71188897,test,p35,dataset_2,centrality
849,0.6931471805599453,0.71188897,test,p35,dataset_2,centrality
1159,0.6931471805599453,0.71188897,test,p35,dataset_2,centrality
864,0.6931471805599453,0.71188897,test,p35,dataset_2,centrality
1065,0.6931471805599453,0.71188897,test,p35,dataset_2,centrality
245,0.6931471805599453,0.71188897,test,p35,dataset_2,centrality
559,0.6931471805599453,0.88742155,test,p35,dataset_2,centrality
1334,0.6931471805599453,0.71188897,test,p35,dataset_2,centrality
874,0.6931471805599453,0.71188897,test,p35,dataset_2,centrality
926,0.6931471805599453,0.71188897,test,p35,dataset_2,centrality
451,0.6931471805599453,0.71188897,test,p35,dataset_2,centrality
1360,0.6931471805599453,0.71188897,test,p35,dataset_2,centrality
1231,0.6931471805599453,0.71188897,test,p35,dataset_2,centrality
336,0.6931471805599453,0.71188897,test,p35,dataset_2,centrality
1331,0.6931471805599453,0.71188897,test,p35,dataset_2,centrality
789,0.6931471805599453,0.71188897,test,p35,dataset_2,centrality
999,0.6931471805599453,0.71188897,test,p35,dataset_2,centrality
364,0.6931471805599453,0.71188897,test,p35,dataset_2,centrality
1082,0.6931471805599453,0.71188897,test,p35,dataset_2,centrality
190,0.6931471805599453,0.71188897,test,p35,dataset_2,centrality
799,0.6931471805599453,0.71188897,test,p35,dataset_2,centrality
756,0.6931471805599453,0.71188897,test,p35,dataset_2,centrality
1366,0.6931471805599453,0.71188897,test,p35,dataset_2,centrality
1237,0.6931471805599453,0.71188897,test,p35,dataset_2,centrality
521,0.6931471805599453,0.71188897,test,p35,dataset_2,centrality
1110,0.6931471805599453,0.71188897,test,p35,dataset_2,centrality
1268,0.6931471805599453,0.71188897,test,p35,dataset_2,centrality
768,0.6931471805599453,0.71188897,test,p35,dataset_2,centrality
192,0.6931471805599453,0.71188897,test,p35,dataset_2,centrality
1362,0.6931471805599453,0.71188897,test,p35,dataset_2,centrality
439,0.6931471805599453,0.71188897,test,p35,dataset_2,centrality
419,1.0986122886681098,0.71188897,test,p35,dataset_2,centrality
1136,0.6931471805599453,0.71188897,test,p35,dataset_2,centrality
1207,0.6931471805599453,0.71188897,test,p35,dataset_2,centrality
424,0.6931471805599453,0.71188897,test,p35,dataset_2,centrality
1128,0.6931471805599453,0.7829593,test,p35,dataset_2,centrality
90,0.6931471805599453,0.71188897,test,p35,dataset_2,centrality
875,0.6931471805599453,0.71188897,test,p35,dataset_2,centrality
203,0.6931471805599453,0.71188897,test,p35,dataset_2,centrality
358,0.6931471805599453,0.71188897,test,p35,dataset_2,centrality
133,0.6931471805599453,0.71188897,test,p35,dataset_2,centrality
290,0.6931471805599453,0.71188897,test,p35,dataset_2,centrality
948,0.6931471805599453,0.71188897,test,p35,dataset_2,centrality
704,0.6931471805599453,0.71188897,test,p35,dataset_2,centrality
309,0.6931471805599453,0.71188897,test,p35,dataset_2,centrality
1100,0.6931471805599453,0.71188897,test,p35,dataset_2,centrality
200,0.6931471805599453,0.71188897,test,p35,dataset_2,centrality
1144,0.6931471805599453,0.71188897,test,p35,dataset_2,centrality
338,0.6931471805599453,0.71188897,test,p35,dataset_2,centrality
779,0.6931471805599453,0.71188897,test,p35,dataset_2,centrality
41,0.6931471805599453,0.71188897,test,p35,dataset_2,centrality
706,0.6931471805599453,0.71188897,test,p35,dataset_2,centrality
1353,0.6931471805599453,0.7829593,test,p35,dataset_2,centrality
703,0.6931471805599453,0.71188897,test,p35,dataset_2,centrality
398,3.58351893845611,3.0715992,test,p35,dataset_2,centrality
1174,1.3862943611198906,0.88742155,test,p35,dataset_2,centrality
125,0.6931471805599453,0.71188897,test,p35,dataset_2,centrality
1024,0.6931471805599453,0.71188897,test,p35,dataset_2,centrality
189,0.6931471805599453,0.71188897,test,p35,dataset_2,centrality
496,0.6931471805599453,0.71188897,test,p35,dataset_2,centrality
1149,0.6931471805599453,0.71188897,test,p35,dataset_2,centrality
21,0.6931471805599453,0.71188897,test,p35,dataset_2,centrality
953,0.6931471805599453,0.71188897,test,p35,dataset_2,centrality
1093,0.6931471805599453,0.71188897,test,p35,dataset_2,centrality
683,0.6931471805599453,0.71188897,test,p35,dataset_2,centrality
433,0.6931471805599453,0.71188897,test,p35,dataset_2,centrality
1410,0.6931471805599453,0.71188897,test,p35,dataset_2,centrality
861,0.6931471805599453,0.71188897,test,p35,dataset_2,centrality
149,0.6931471805599453,0.71188897,test,p35,dataset_2,centrality
474,0.6931471805599453,0.71188897,test,p35,dataset_2,centrality
397,3.258096538021482,3.3435357,test,p35,dataset_2,centrality
812,0.6931471805599453,0.71188897,test,p35,dataset_2,centrality
998,0.6931471805599453,0.71188897,test,p35,dataset_2,centrality
205,0.6931471805599453,0.71188897,test,p35,dataset_2,centrality
258,0.6931471805599453,0.71188897,test,p35,dataset_2,centrality
705,0.6931471805599453,0.71188897,test,p35,dataset_2,centrality
409,0.6931471805599453,0.71188897,test,p35,dataset_2,centrality
599,0.6931471805599453,0.71188897,test,p35,dataset_2,centrality
901,0.6931471805599453,0.71188897,test,p35,dataset_2,centrality
601,0.6931471805599453,0.71188897,test,p35,dataset_2,centrality
263,0.6931471805599453,0.71188897,test,p35,dataset_2,centrality
499,0.6931471805599453,0.71188897,test,p35,dataset_2,centrality
535,0.6931471805599453,0.71188897,test,p35,dataset_2,centrality
1087,0.6931471805599453,0.88742155,test,p35,dataset_2,centrality
940,0.6931471805599453,0.71188897,test,p35,dataset_2,centrality
204,0.6931471805599453,0.71188897,test,p35,dataset_2,centrality
146,0.6931471805599453,0.71188897,test,p35,dataset_2,centrality
226,0.6931471805599453,0.71188897,test,p35,dataset_2,centrality
517,0.6931471805599453,0.71188897,test,p35,dataset_2,centrality
905,0.6931471805599453,0.71188897,test,p35,dataset_2,centrality
300,0.6931471805599453,0.71188897,test,p35,dataset_2,centrality
1116,0.6931471805599453,0.71188897,test,p35,dataset_2,centrality
817,0.6931471805599453,0.71188897,test,p35,dataset_2,centrality
924,0.6931471805599453,0.71188897,test,p35,dataset_2,centrality
411,0.6931471805599453,0.71188897,test,p35,dataset_2,centrality
1388,0.6931471805599453,0.71188897,test,p35,dataset_2,centrality
1131,0.6931471805599453,0.71188897,test,p35,dataset_2,centrality
575,0.6931471805599453,0.71188897,test,p35,dataset_2,centrality
1123,0.6931471805599453,0.71188897,test,p35,dataset_2,centrality
727,0.6931471805599453,0.88742155,test,p35,dataset_2,centrality
614,0.6931471805599453,0.71188897,test,p35,dataset_2,centrality
750,1.3862943611198906,0.7829593,test,p35,dataset_2,centrality
1383,0.6931471805599453,0.71188897,test,p35,dataset_2,centrality
1273,0.6931471805599453,0.71188897,test,p35,dataset_2,centrality
1236,0.6931471805599453,0.71188897,test,p35,dataset_2,centrality
753,0.6931471805599453,0.71188897,test,p35,dataset_2,centrality
215,0.6931471805599453,0.71188897,test,p35,dataset_2,centrality
634,3.8501476017100584,1.7550519,test,p35,dataset_2,centrality
1021,0.6931471805599453,0.71188897,test,p35,dataset_2,centrality
688,0.6931471805599453,0.71188897,test,p35,dataset_2,centrality
488,0.6931471805599453,0.71188897,test,p35,dataset_2,centrality
821,0.6931471805599453,0.71188897,test,p35,dataset_2,centrality
434,0.6931471805599453,0.71188897,test,p35,dataset_2,centrality
1176,0.6931471805599453,0.71188897,test,p35,dataset_2,centrality
818,0.6931471805599453,0.71188897,test,p35,dataset_2,centrality
1356,0.6931471805599453,0.71188897,test,p35,dataset_2,centrality
555,0.6931471805599453,0.7829593,test,p35,dataset_2,centrality
1311,0.6931471805599453,0.71188897,test,p35,dataset_2,centrality
585,0.6931471805599453,0.71188897,test,p35,dataset_2,centrality
1303,0.6931471805599453,0.71188897,test,p35,dataset_2,centrality
1027,0.6931471805599453,0.71188897,test,p35,dataset_2,centrality
961,0.6931471805599453,0.71188897,test,p35,dataset_2,centrality
1278,0.6931471805599453,0.71188897,test,p35,dataset_2,centrality
351,0.6931471805599453,0.71188897,test,p35,dataset_2,centrality
1045,0.6931471805599453,0.71188897,test,p35,dataset_2,centrality
1051,0.6931471805599453,0.71188897,test,p35,dataset_2,centrality
769,0.6931471805599453,0.71188897,test,p35,dataset_2,centrality
1220,0.6931471805599453,0.71188897,test,p35,dataset_2,centrality
1373,0.6931471805599453,0.71188897,test,p35,dataset_2,centrality
137,0.6931471805599453,0.71188897,test,p35,dataset_2,centrality
35,0.6931471805599453,0.71188897,test,p35,dataset_2,centrality
1267,0.6931471805599453,0.71188897,test,p35,dataset_2,centrality
836,0.6931471805599453,0.71188897,test,p35,dataset_2,centrality
229,0.6931471805599453,0.71188897,test,p35,dataset_2,centrality
1214,0.6931471805599453,0.71188897,test,p35,dataset_2,centrality
600,0.6931471805599453,0.71188897,test,p35,dataset_2,centrality
507,0.6931471805599453,0.71188897,test,p35,dataset_2,centrality
525,1.0986122886681098,0.71188897,test,p35,dataset_2,centrality
602,0.6931471805599453,0.71188897,test,p35,dataset_2,centrality
1409,0.6931471805599453,0.71188897,test,p35,dataset_2,centrality
667,0.6931471805599453,0.71188897,test,p35,dataset_2,centrality
101,0.6931471805599453,0.71188897,test,p35,dataset_2,centrality
1264,0.6931471805599453,0.71188897,test,p35,dataset_2,centrality
542,0.6931471805599453,0.71188897,test,p35,dataset_2,centrality
1042,0.6931471805599453,0.71188897,test,p35,dataset_2,centrality
795,0.6931471805599453,0.71188897,test,p35,dataset_2,centrality
885,0.6931471805599453,0.71188897,test,p35,dataset_2,centrality
98,0.6931471805599453,0.71188897,test,p35,dataset_2,centrality
941,0.6931471805599453,0.71188897,test,p35,dataset_2,centrality
492,0.6931471805599453,0.71188897,test,p35,dataset_2,centrality
751,1.0986122886681098,0.7829593,test,p35,dataset_2,centrality
1180,1.3862943611198906,1.1565071,test,p35,dataset_2,centrality
1097,0.6931471805599453,0.71188897,test,p35,dataset_2,centrality
1086,0.6931471805599453,0.81635123,test,p35,dataset_2,centrality
1324,0.6931471805599453,0.88742155,test,p35,dataset_2,centrality
13,0.6931471805599453,0.71188897,test,p35,dataset_2,centrality
94,0.6931471805599453,0.71188897,test,p35,dataset_2,centrality
1173,1.6094379124341005,1.4904119,test,p35,dataset_2,centrality
1423,0.6931471805599453,0.71188897,test,p35,dataset_2,centrality
910,0.6931471805599453,0.71188897,test,p35,dataset_2,centrality
1188,0.6931471805599453,0.71188897,test,p35,dataset_2,centrality
316,0.6931471805599453,0.71188897,test,p35,dataset_2,centrality
1426,0.6931471805599453,0.71188897,test,p35,dataset_2,centrality
435,0.6931471805599453,0.7829593,test,p35,dataset_2,centrality
20,0.6931471805599453,0.71188897,test,p35,dataset_2,centrality
270,0.6931471805599453,0.71188897,test,p35,dataset_2,centrality
314,0.6931471805599453,0.71188897,test,p35,dataset_2,centrality
417,0.6931471805599453,0.71188897,test,p35,dataset_2,centrality
1435,0.6931471805599453,0.71188897,test,p35,dataset_2,centrality
242,1.6094379124341005,1.2689247,test,p35,dataset_2,centrality
646,0.6931471805599453,0.99983954,test,p35,dataset_2,centrality
1299,0.6931471805599453,0.71188897,test,p35,dataset_2,centrality
1318,0.6931471805599453,0.71188897,test,p35,dataset_2,centrality
933,0.6931471805599453,0.71188897,test,p35,dataset_2,centrality
731,0.6931471805599453,1.0579439,test,p35,dataset_2,centrality
285,1.6094379124341005,1.4230996,test,p35,dataset_2,centrality
930,0.6931471805599453,0.71188897,test,p35,dataset_2,centrality
1352,1.3862943611198906,1.4230996,test,p35,dataset_2,centrality
213,1.0986122886681098,1.1565071,test,p35,dataset_2,centrality
429,0.6931471805599453,0.71188897,test,p35,dataset_2,centrality
772,0.6931471805599453,0.71188897,test,p35,dataset_2,centrality
833,0.6931471805599453,0.71188897,test,p35,dataset_2,centrality
663,0.6931471805599453,0.71188897,test,p35,dataset_2,centrality
1025,0.6931471805599453,0.71188897,test,p35,dataset_2,centrality
1238,0.6931471805599453,0.71188897,test,p35,dataset_2,centrality
164,0.6931471805599453,0.71188897,test,p35,dataset_2,centrality
1030,0.6931471805599453,0.71188897,test,p35,dataset_2,centrality
1181,1.6094379124341005,0.71188897,test,p35,dataset_2,centrality
423,0.6931471805599453,0.71188897,test,p35,dataset_2,centrality
1090,2.3978952727983707,1.2612182,test,p35,dataset_2,centrality
713,3.6375861597263857,3.0715992,test,p35,dataset_2,centrality
1391,0.6931471805599453,0.7829593,test,p35,dataset_2,centrality
115,0.6931471805599453,0.71188897,test,p35,dataset_2,centrality
846,0.6931471805599453,0.71188897,test,p35,dataset_2,centrality
699,0.6931471805599453,0.71188897,test,p35,dataset_2,centrality
416,1.0986122886681098,1.3183885,test,p35,dataset_2,centrality
591,0.6931471805599453,0.71188897,test,p35,dataset_2,centrality
839,0.6931471805599453,0.71188897,test,p35,dataset_2,centrality
1246,0.6931471805599453,0.71188897,test,p35,dataset_2,centrality
1193,0.6931471805599453,0.71188897,test,p35,dataset_2,centrality
1155,0.6931471805599453,0.71188897,test,p35,dataset_2,centrality
297,0.6931471805599453,0.71188897,test,p35,dataset_2,centrality
1301,0.6931471805599453,0.71188897,test,p35,dataset_2,centrality
1092,0.6931471805599453,0.71188897,test,p35,dataset_2,centrality
1158,1.0986122886681098,1.0905837,train,p40,dataset_2,centrality
1422,0.6931471805599453,0.71603733,train,p40,dataset_2,centrality
915,0.6931471805599453,0.71603733,train,p40,dataset_2,centrality
653,1.0986122886681098,0.84900934,train,p40,dataset_2,centrality
802,0.6931471805599453,0.71603733,train,p40,dataset_2,centrality
1373,0.6931471805599453,0.71603733,train,p40,dataset_2,centrality
1082,0.6931471805599453,0.71603733,train,p40,dataset_2,centrality
828,0.6931471805599453,0.71603733,train,p40,dataset_2,centrality
902,0.6931471805599453,0.71603733,train,p40,dataset_2,centrality
711,0.6931471805599453,0.71603733,train,p40,dataset_2,centrality
514,0.6931471805599453,0.71603733,train,p40,dataset_2,centrality
272,0.6931471805599453,0.71603733,train,p40,dataset_2,centrality
1288,0.6931471805599453,0.71603733,train,p40,dataset_2,centrality
642,1.0986122886681098,1.2857903,train,p40,dataset_2,centrality
379,1.0986122886681098,0.71603733,train,p40,dataset_2,centrality
1436,0.6931471805599453,0.71603733,train,p40,dataset_2,centrality
830,0.6931471805599453,0.71603733,train,p40,dataset_2,centrality
246,1.3862943611198906,1.2857903,train,p40,dataset_2,centrality
1083,0.6931471805599453,0.71603733,train,p40,dataset_2,centrality
571,0.6931471805599453,0.71603733,train,p40,dataset_2,centrality
866,0.6931471805599453,0.71603733,train,p40,dataset_2,centrality
1252,0.6931471805599453,0.71603733,train,p40,dataset_2,centrality
55,0.6931471805599453,0.71603733,train,p40,dataset_2,centrality
472,0.6931471805599453,0.71603733,train,p40,dataset_2,centrality
607,0.6931471805599453,0.71603733,train,p40,dataset_2,centrality
97,0.6931471805599453,0.71603733,train,p40,dataset_2,centrality
820,0.6931471805599453,0.71603733,train,p40,dataset_2,centrality
1032,0.6931471805599453,0.71603733,train,p40,dataset_2,centrality
307,0.6931471805599453,0.71603733,train,p40,dataset_2,centrality
360,0.6931471805599453,0.71603733,train,p40,dataset_2,centrality
583,0.6931471805599453,0.71603733,train,p40,dataset_2,centrality
278,0.6931471805599453,0.71603733,train,p40,dataset_2,centrality
224,3.4011973816621555,2.2074583,train,p40,dataset_2,centrality
34,1.0986122886681098,0.78104895,train,p40,dataset_2,centrality
1327,0.6931471805599453,0.71603733,train,p40,dataset_2,centrality
469,0.6931471805599453,0.71603733,train,p40,dataset_2,centrality
277,0.6931471805599453,0.71603733,train,p40,dataset_2,centrality
598,0.6931471805599453,1.3630235,train,p40,dataset_2,centrality
1426,0.6931471805599453,0.71603733,train,p40,dataset_2,centrality
248,0.6931471805599453,0.71603733,train,p40,dataset_2,centrality
667,0.6931471805599453,0.71603733,train,p40,dataset_2,centrality
1413,0.6931471805599453,0.71603733,train,p40,dataset_2,centrality
343,0.6931471805599453,0.71603733,train,p40,dataset_2,centrality
948,0.6931471805599453,0.71603733,train,p40,dataset_2,centrality
91,0.6931471805599453,0.71603733,train,p40,dataset_2,centrality
86,0.6931471805599453,0.71603733,train,p40,dataset_2,centrality
629,4.634728988229636,3.7507257,train,p40,dataset_2,centrality
1175,0.6931471805599453,0.71603733,train,p40,dataset_2,centrality
1301,0.6931471805599453,0.71603733,train,p40,dataset_2,centrality
636,2.1972245773362196,2.9365706,train,p40,dataset_2,centrality
831,0.6931471805599453,0.71603733,train,p40,dataset_2,centrality
1019,0.6931471805599453,0.71603733,train,p40,dataset_2,centrality
1068,0.6931471805599453,0.71603733,train,p40,dataset_2,centrality
717,3.091042453358316,2.8501964,train,p40,dataset_2,centrality
153,0.6931471805599453,0.71603733,train,p40,dataset_2,centrality
847,0.6931471805599453,0.71603733,train,p40,dataset_2,centrality
1066,0.6931471805599453,0.71603733,train,p40,dataset_2,centrality
311,0.6931471805599453,0.71603733,train,p40,dataset_2,centrality
1348,0.6931471805599453,0.71603733,train,p40,dataset_2,centrality
589,0.6931471805599453,0.71603733,train,p40,dataset_2,centrality
1000,0.6931471805599453,0.71603733,train,p40,dataset_2,centrality
570,0.6931471805599453,0.71603733,train,p40,dataset_2,centrality
1440,0.6931471805599453,0.71603733,train,p40,dataset_2,centrality
1054,0.6931471805599453,0.71603733,train,p40,dataset_2,centrality
328,0.6931471805599453,0.71603733,train,p40,dataset_2,centrality
341,0.6931471805599453,0.71603733,train,p40,dataset_2,centrality
995,0.6931471805599453,0.71603733,train,p40,dataset_2,centrality
331,0.6931471805599453,0.71603733,train,p40,dataset_2,centrality
1234,0.6931471805599453,0.71603733,train,p40,dataset_2,centrality
1080,0.6931471805599453,0.71603733,train,p40,dataset_2,centrality
621,0.6931471805599453,0.71603733,train,p40,dataset_2,centrality
864,0.6931471805599453,0.71603733,train,p40,dataset_2,centrality
1208,0.6931471805599453,0.71603733,train,p40,dataset_2,centrality
1125,1.0986122886681098,0.9980909,train,p40,dataset_2,centrality
979,0.6931471805599453,0.71603733,train,p40,dataset_2,centrality
399,2.3978952727983707,2.461993,train,p40,dataset_2,centrality
273,0.6931471805599453,0.71603733,train,p40,dataset_2,centrality
52,0.6931471805599453,0.71603733,train,p40,dataset_2,centrality
175,0.6931471805599453,0.71603733,train,p40,dataset_2,centrality
856,0.6931471805599453,0.71603733,train,p40,dataset_2,centrality
1061,0.6931471805599453,0.71603733,train,p40,dataset_2,centrality
1318,0.6931471805599453,0.71603733,train,p40,dataset_2,centrality
372,0.6931471805599453,0.71603733,train,p40,dataset_2,centrality
501,0.6931471805599453,0.71603733,train,p40,dataset_2,centrality
615,0.6931471805599453,0.71603733,train,p40,dataset_2,centrality
179,0.6931471805599453,0.71603733,train,p40,dataset_2,centrality
716,2.833213344056216,2.8501964,train,p40,dataset_2,centrality
477,0.6931471805599453,0.71603733,train,p40,dataset_2,centrality
1375,0.6931471805599453,0.71603733,train,p40,dataset_2,centrality
1409,0.6931471805599453,0.71603733,train,p40,dataset_2,centrality
1380,1.6094379124341005,1.0675216,train,p40,dataset_2,centrality
449,0.6931471805599453,0.71603733,train,p40,dataset_2,centrality
1269,0.6931471805599453,0.71603733,train,p40,dataset_2,centrality
378,0.6931471805599453,0.71603733,train,p40,dataset_2,centrality
342,0.6931471805599453,0.71603733,train,p40,dataset_2,centrality
955,0.6931471805599453,0.71603733,train,p40,dataset_2,centrality
83,1.0986122886681098,0.78104895,train,p40,dataset_2,centrality
295,0.6931471805599453,0.71603733,train,p40,dataset_2,centrality
479,0.6931471805599453,0.71603733,train,p40,dataset_2,centrality
972,0.6931471805599453,0.71603733,train,p40,dataset_2,centrality
448,0.6931471805599453,0.71603733,train,p40,dataset_2,centrality
102,0.6931471805599453,0.71603733,train,p40,dataset_2,centrality
997,0.6931471805599453,0.71603733,train,p40,dataset_2,centrality
874,0.6931471805599453,0.71603733,train,p40,dataset_2,centrality
745,0.6931471805599453,0.78104895,train,p40,dataset_2,centrality
871,0.6931471805599453,0.71603733,train,p40,dataset_2,centrality
1044,0.6931471805599453,0.71603733,train,p40,dataset_2,centrality
1188,0.6931471805599453,0.71603733,train,p40,dataset_2,centrality
931,0.6931471805599453,0.71603733,train,p40,dataset_2,centrality
1340,0.6931471805599453,0.71603733,train,p40,dataset_2,centrality
1195,0.6931471805599453,0.71603733,train,p40,dataset_2,centrality
1107,0.6931471805599453,0.71603733,train,p40,dataset_2,centrality
683,0.6931471805599453,0.71603733,train,p40,dataset_2,centrality
1018,0.6931471805599453,0.71603733,train,p40,dataset_2,centrality
386,0.6931471805599453,0.71603733,train,p40,dataset_2,centrality
817,0.6931471805599453,0.71603733,train,p40,dataset_2,centrality
537,1.3862943611198906,1.4555163,train,p40,dataset_2,centrality
1316,0.6931471805599453,0.71603733,train,p40,dataset_2,centrality
415,0.6931471805599453,0.84900934,train,p40,dataset_2,centrality
873,0.6931471805599453,0.71603733,train,p40,dataset_2,centrality
1155,0.6931471805599453,0.71603733,train,p40,dataset_2,centrality
191,0.6931471805599453,0.71603733,train,p40,dataset_2,centrality
739,1.0986122886681098,0.71603733,train,p40,dataset_2,centrality
1087,0.6931471805599453,0.84900934,train,p40,dataset_2,centrality
1381,0.6931471805599453,0.71603733,train,p40,dataset_2,centrality
1347,0.6931471805599453,0.71603733,train,p40,dataset_2,centrality
736,1.0986122886681098,0.71603733,train,p40,dataset_2,centrality
443,0.6931471805599453,0.71603733,train,p40,dataset_2,centrality
898,0.6931471805599453,0.71603733,train,p40,dataset_2,centrality
681,0.6931471805599453,0.71603733,train,p40,dataset_2,centrality
929,0.6931471805599453,0.71603733,train,p40,dataset_2,centrality
502,0.6931471805599453,0.71603733,train,p40,dataset_2,centrality
463,0.6931471805599453,0.71603733,train,p40,dataset_2,centrality
901,0.6931471805599453,0.71603733,train,p40,dataset_2,centrality
1201,0.6931471805599453,0.71603733,train,p40,dataset_2,centrality
1040,0.6931471805599453,0.71603733,train,p40,dataset_2,centrality
395,4.110873864173311,2.2890997,train,p40,dataset_2,centrality
1137,0.6931471805599453,0.71603733,train,p40,dataset_2,centrality
638,0.6931471805599453,1.2166035,train,p40,dataset_2,centrality
1334,0.6931471805599453,0.71603733,train,p40,dataset_2,centrality
823,0.6931471805599453,0.71603733,train,p40,dataset_2,centrality
590,0.6931471805599453,0.78104895,train,p40,dataset_2,centrality
695,0.6931471805599453,0.71603733,train,p40,dataset_2,centrality
925,0.6931471805599453,0.71603733,train,p40,dataset_2,centrality
1378,0.6931471805599453,0.71603733,train,p40,dataset_2,centrality
697,0.6931471805599453,0.71603733,train,p40,dataset_2,centrality
407,0.6931471805599453,0.78104895,train,p40,dataset_2,centrality
1033,0.6931471805599453,0.71603733,train,p40,dataset_2,centrality
591,0.6931471805599453,0.71603733,train,p40,dataset_2,centrality
1162,0.6931471805599453,0.71603733,train,p40,dataset_2,centrality
344,1.0986122886681098,0.71603733,train,p40,dataset_2,centrality
494,0.6931471805599453,0.71603733,train,p40,dataset_2,centrality
255,0.6931471805599453,0.71603733,train,p40,dataset_2,centrality
499,0.6931471805599453,0.71603733,train,p40,dataset_2,centrality
1423,0.6931471805599453,0.71603733,train,p40,dataset_2,centrality
247,0.6931471805599453,0.71603733,train,p40,dataset_2,centrality
765,0.6931471805599453,0.71603733,train,p40,dataset_2,centrality
222,0.6931471805599453,0.71603733,train,p40,dataset_2,centrality
1177,0.6931471805599453,0.78399783,train,p40,dataset_2,centrality
958,0.6931471805599453,0.71603733,train,p40,dataset_2,centrality
568,0.6931471805599453,0.71603733,train,p40,dataset_2,centrality
662,0.6931471805599453,0.84900934,train,p40,dataset_2,centrality
987,0.6931471805599453,0.71603733,train,p40,dataset_2,centrality
630,3.295836866004329,3.7507257,train,p40,dataset_2,centrality
819,0.6931471805599453,0.71603733,train,p40,dataset_2,centrality
594,0.6931471805599453,0.71603733,train,p40,dataset_2,centrality
405,1.0986122886681098,0.94150215,train,p40,dataset_2,centrality
1284,0.6931471805599453,0.71603733,train,p40,dataset_2,centrality
403,3.951243718581427,3.7507257,train,p40,dataset_2,centrality
1262,0.6931471805599453,0.71603733,train,p40,dataset_2,centrality
1399,0.6931471805599453,0.71603733,train,p40,dataset_2,centrality
742,0.6931471805599453,0.71603733,train,p40,dataset_2,centrality
641,1.9459101490553132,1.4720757,train,p40,dataset_2,centrality
893,0.6931471805599453,0.71603733,train,p40,dataset_2,centrality
921,0.6931471805599453,0.71603733,train,p40,dataset_2,centrality
729,1.0986122886681098,0.84900934,train,p40,dataset_2,centrality
384,0.6931471805599453,0.71603733,train,p40,dataset_2,centrality
141,0.6931471805599453,0.71603733,train,p40,dataset_2,centrality
1198,0.6931471805599453,0.71603733,train,p40,dataset_2,centrality
1190,0.6931471805599453,0.71603733,train,p40,dataset_2,centrality
63,0.6931471805599453,0.71603733,train,p40,dataset_2,centrality
451,0.6931471805599453,0.71603733,train,p40,dataset_2,centrality
1286,0.6931471805599453,0.71603733,train,p40,dataset_2,centrality
212,0.6931471805599453,0.71603733,train,p40,dataset_2,centrality
981,0.6931471805599453,0.71603733,train,p40,dataset_2,centrality
33,0.6931471805599453,0.78104895,train,p40,dataset_2,centrality
1191,0.6931471805599453,0.71603733,train,p40,dataset_2,centrality
1161,2.0794415416798357,1.6061119,train,p40,dataset_2,centrality
1067,0.6931471805599453,0.71603733,train,p40,dataset_2,centrality
527,0.6931471805599453,0.71603733,train,p40,dataset_2,centrality
8,0.6931471805599453,0.71603733,train,p40,dataset_2,centrality
1377,1.3862943611198906,1.6061119,train,p40,dataset_2,centrality
696,0.6931471805599453,0.71603733,train,p40,dataset_2,centrality
1036,0.6931471805599453,0.71603733,train,p40,dataset_2,centrality
763,0.6931471805599453,0.71603733,train,p40,dataset_2,centrality
635,4.110873864173311,2.9365706,train,p40,dataset_2,centrality
1443,0.6931471805599453,0.71603733,train,p40,dataset_2,centrality
846,0.6931471805599453,0.71603733,train,p40,dataset_2,centrality
464,0.6931471805599453,0.71603733,train,p40,dataset_2,centrality
519,0.6931471805599453,0.71603733,train,p40,dataset_2,centrality
860,0.6931471805599453,0.71603733,train,p40,dataset_2,centrality
564,0.6931471805599453,0.71603733,train,p40,dataset_2,centrality
105,0.6931471805599453,0.71603733,train,p40,dataset_2,centrality
848,0.6931471805599453,0.71603733,train,p40,dataset_2,centrality
974,0.6931471805599453,0.71603733,train,p40,dataset_2,centrality
387,0.6931471805599453,0.71603733,train,p40,dataset_2,centrality
1038,0.6931471805599453,0.71603733,train,p40,dataset_2,centrality
1108,0.6931471805599453,0.71603733,train,p40,dataset_2,centrality
240,2.0794415416798357,2.461993,train,p40,dataset_2,centrality
402,3.091042453358316,3.4294274,train,p40,dataset_2,centrality
210,2.1972245773362196,2.4432569,train,p40,dataset_2,centrality
1379,1.3862943611198906,1.6061119,train,p40,dataset_2,centrality
58,0.6931471805599453,0.71603733,train,p40,dataset_2,centrality
654,0.6931471805599453,0.78399783,train,p40,dataset_2,centrality
111,0.6931471805599453,0.71603733,train,p40,dataset_2,centrality
485,0.6931471805599453,0.71603733,train,p40,dataset_2,centrality
1430,0.6931471805599453,0.71603733,train,p40,dataset_2,centrality
1150,0.6931471805599453,0.71603733,train,p40,dataset_2,centrality
196,0.6931471805599453,0.71603733,train,p40,dataset_2,centrality
807,0.6931471805599453,0.71603733,train,p40,dataset_2,centrality
1064,0.6931471805599453,0.71603733,train,p40,dataset_2,centrality
605,0.6931471805599453,0.71603733,train,p40,dataset_2,centrality
1261,0.6931471805599453,0.71603733,train,p40,dataset_2,centrality
633,1.0986122886681098,1.807143,train,p40,dataset_2,centrality
276,0.6931471805599453,0.71603733,train,p40,dataset_2,centrality
1383,0.6931471805599453,0.71603733,train,p40,dataset_2,centrality
1112,0.6931471805599453,0.71603733,train,p40,dataset_2,centrality
1026,0.6931471805599453,0.71603733,train,p40,dataset_2,centrality
885,0.6931471805599453,0.71603733,train,p40,dataset_2,centrality
732,1.0986122886681098,0.99281484,train,p40,dataset_2,centrality
466,0.6931471805599453,0.71603733,train,p40,dataset_2,centrality
486,0.6931471805599453,0.71603733,train,p40,dataset_2,centrality
1415,0.6931471805599453,0.71603733,train,p40,dataset_2,centrality
1311,0.6931471805599453,0.71603733,train,p40,dataset_2,centrality
174,0.6931471805599453,0.71603733,train,p40,dataset_2,centrality
390,0.6931471805599453,0.71603733,train,p40,dataset_2,centrality
922,0.6931471805599453,0.71603733,train,p40,dataset_2,centrality
1081,0.6931471805599453,0.71603733,train,p40,dataset_2,centrality
1212,0.6931471805599453,0.71603733,train,p40,dataset_2,centrality
672,0.6931471805599453,0.71603733,train,p40,dataset_2,centrality
712,1.0986122886681098,0.78104895,train,p40,dataset_2,centrality
1015,0.6931471805599453,0.71603733,train,p40,dataset_2,centrality
178,0.6931471805599453,0.71603733,train,p40,dataset_2,centrality
1290,0.6931471805599453,0.71603733,train,p40,dataset_2,centrality
1182,1.3862943611198906,0.84900934,train,p40,dataset_2,centrality
659,0.6931471805599453,0.78104895,train,p40,dataset_2,centrality
1306,0.6931471805599453,0.71603733,train,p40,dataset_2,centrality
1124,0.6931471805599453,0.78104895,train,p40,dataset_2,centrality
404,1.3862943611198906,1.7790989,train,p40,dataset_2,centrality
1220,0.6931471805599453,0.71603733,train,p40,dataset_2,centrality
470,0.6931471805599453,0.71603733,train,p40,dataset_2,centrality
966,1.0986122886681098,0.71603733,train,p40,dataset_2,centrality
147,0.6931471805599453,0.71603733,train,p40,dataset_2,centrality
933,0.6931471805599453,0.71603733,train,p40,dataset_2,centrality
85,1.0986122886681098,0.71603733,train,p40,dataset_2,centrality
1051,0.6931471805599453,0.71603733,train,p40,dataset_2,centrality
704,0.6931471805599453,0.71603733,train,p40,dataset_2,centrality
380,0.6931471805599453,0.71603733,train,p40,dataset_2,centrality
751,1.0986122886681098,0.78104895,train,p40,dataset_2,centrality
1264,0.6931471805599453,0.71603733,train,p40,dataset_2,centrality
1238,0.6931471805599453,0.71603733,train,p40,dataset_2,centrality
876,0.6931471805599453,0.71603733,train,p40,dataset_2,centrality
1387,0.6931471805599453,0.71603733,train,p40,dataset_2,centrality
116,0.6931471805599453,0.71603733,train,p40,dataset_2,centrality
1312,0.6931471805599453,0.71603733,train,p40,dataset_2,centrality
130,0.6931471805599453,0.71603733,train,p40,dataset_2,centrality
120,0.6931471805599453,0.71603733,train,p40,dataset_2,centrality
289,0.6931471805599453,0.71603733,train,p40,dataset_2,centrality
168,0.6931471805599453,0.71603733,train,p40,dataset_2,centrality
988,0.6931471805599453,0.71603733,train,p40,dataset_2,centrality
1330,0.6931471805599453,0.71603733,train,p40,dataset_2,centrality
656,0.6931471805599453,0.78399783,train,p40,dataset_2,centrality
100,0.6931471805599453,0.71603733,train,p40,dataset_2,centrality
11,0.6931471805599453,0.71603733,train,p40,dataset_2,centrality
410,2.1972245773362196,1.5412625,train,p40,dataset_2,centrality
747,0.6931471805599453,0.71603733,train,p40,dataset_2,centrality
184,0.6931471805599453,0.71603733,train,p40,dataset_2,centrality
580,0.6931471805599453,0.71603733,train,p40,dataset_2,centrality
688,0.6931471805599453,0.71603733,train,p40,dataset_2,centrality
1243,0.6931471805599453,0.71603733,train,p40,dataset_2,centrality
999,0.6931471805599453,0.71603733,train,p40,dataset_2,centrality
680,0.6931471805599453,0.71603733,train,p40,dataset_2,centrality
333,0.6931471805599453,0.71603733,train,p40,dataset_2,centrality
1402,0.6931471805599453,0.71603733,train,p40,dataset_2,centrality
919,0.6931471805599453,0.71603733,train,p40,dataset_2,centrality
1428,0.6931471805599453,0.71603733,train,p40,dataset_2,centrality
647,1.6094379124341005,1.3715365,train,p40,dataset_2,centrality
1013,0.6931471805599453,0.71603733,train,p40,dataset_2,centrality
122,0.6931471805599453,0.71603733,train,p40,dataset_2,centrality
71,0.6931471805599453,0.71603733,train,p40,dataset_2,centrality
1172,0.6931471805599453,0.71603733,train,p40,dataset_2,centrality
306,0.6931471805599453,0.71603733,train,p40,dataset_2,centrality
1405,0.6931471805599453,0.71603733,train,p40,dataset_2,centrality
1267,0.6931471805599453,0.71603733,train,p40,dataset_2,centrality
1048,0.6931471805599453,0.71603733,train,p40,dataset_2,centrality
877,0.6931471805599453,0.71603733,train,p40,dataset_2,centrality
453,0.6931471805599453,0.71603733,train,p40,dataset_2,centrality
32,1.0986122886681098,0.84900934,train,p40,dataset_2,centrality
975,0.6931471805599453,0.71603733,train,p40,dataset_2,centrality
1176,0.6931471805599453,0.71603733,train,p40,dataset_2,centrality
182,0.6931471805599453,0.71603733,train,p40,dataset_2,centrality
1398,0.6931471805599453,0.71603733,train,p40,dataset_2,centrality
550,0.6931471805599453,0.71603733,train,p40,dataset_2,centrality
984,0.6931471805599453,0.71603733,train,p40,dataset_2,centrality
1344,0.6931471805599453,0.71603733,train,p40,dataset_2,centrality
1106,0.6931471805599453,0.71603733,train,p40,dataset_2,centrality
119,0.6931471805599453,0.71603733,train,p40,dataset_2,centrality
1227,0.6931471805599453,0.71603733,train,p40,dataset_2,centrality
230,0.6931471805599453,0.71603733,train,p40,dataset_2,centrality
1324,0.6931471805599453,0.84900934,train,p40,dataset_2,centrality
968,0.6931471805599453,0.71603733,train,p40,dataset_2,centrality
139,0.6931471805599453,0.71603733,train,p40,dataset_2,centrality
2,0.6931471805599453,0.71603733,train,p40,dataset_2,centrality
1041,0.6931471805599453,0.71603733,train,p40,dataset_2,centrality
597,1.0986122886681098,0.78399783,train,p40,dataset_2,centrality
1011,0.6931471805599453,0.71603733,train,p40,dataset_2,centrality
991,0.6931471805599453,0.71603733,train,p40,dataset_2,centrality
392,0.6931471805599453,0.78104895,train,p40,dataset_2,centrality
549,0.6931471805599453,0.71603733,train,p40,dataset_2,centrality
15,0.6931471805599453,0.71603733,train,p40,dataset_2,centrality
1105,0.6931471805599453,0.71603733,train,p40,dataset_2,centrality
140,0.6931471805599453,0.71603733,train,p40,dataset_2,centrality
1070,0.6931471805599453,0.71603733,train,p40,dataset_2,centrality
622,0.6931471805599453,0.71603733,train,p40,dataset_2,centrality
714,4.02535169073515,3.7507257,train,p40,dataset_2,centrality
740,0.6931471805599453,0.71603733,train,p40,dataset_2,centrality
679,0.6931471805599453,1.1843643,train,p40,dataset_2,centrality
1265,0.6931471805599453,0.71603733,train,p40,dataset_2,centrality
890,1.0986122886681098,0.71603733,train,p40,dataset_2,centrality
348,0.6931471805599453,0.78104895,train,p40,dataset_2,centrality
1215,0.6931471805599453,0.71603733,train,p40,dataset_2,centrality
491,0.6931471805599453,0.71603733,train,p40,dataset_2,centrality
1432,0.6931471805599453,0.71603733,train,p40,dataset_2,centrality
374,0.6931471805599453,0.71603733,train,p40,dataset_2,centrality
1366,0.6931471805599453,0.71603733,train,p40,dataset_2,centrality
1341,0.6931471805599453,0.71603733,train,p40,dataset_2,centrality
61,0.6931471805599453,0.71603733,train,p40,dataset_2,centrality
1319,0.6931471805599453,0.71603733,train,p40,dataset_2,centrality
1427,0.6931471805599453,0.71603733,train,p40,dataset_2,centrality
936,0.6931471805599453,0.71603733,train,p40,dataset_2,centrality
660,0.6931471805599453,0.78104895,train,p40,dataset_2,centrality
207,4.532599493153256,3.7507257,train,p40,dataset_2,centrality
154,0.6931471805599453,0.71603733,train,p40,dataset_2,centrality
398,3.688879454113936,3.4294274,train,p40,dataset_2,centrality
1439,0.6931471805599453,0.71603733,train,p40,dataset_2,centrality
611,0.6931471805599453,0.71603733,train,p40,dataset_2,centrality
1429,0.6931471805599453,0.71603733,train,p40,dataset_2,centrality
23,0.6931471805599453,0.71603733,train,p40,dataset_2,centrality
1308,0.6931471805599453,0.71603733,train,p40,dataset_2,centrality
1144,0.6931471805599453,0.71603733,train,p40,dataset_2,centrality
1152,0.6931471805599453,0.71603733,train,p40,dataset_2,centrality
292,1.0986122886681098,0.78104895,train,p40,dataset_2,centrality
872,0.6931471805599453,0.71603733,train,p40,dataset_2,centrality
961,0.6931471805599453,0.71603733,train,p40,dataset_2,centrality
754,0.6931471805599453,0.71603733,train,p40,dataset_2,centrality
1023,0.6931471805599453,0.71603733,train,p40,dataset_2,centrality
1196,0.6931471805599453,0.71603733,train,p40,dataset_2,centrality
1287,0.6931471805599453,0.71603733,train,p40,dataset_2,centrality
599,0.6931471805599453,0.71603733,train,p40,dataset_2,centrality
1247,0.6931471805599453,0.71603733,train,p40,dataset_2,centrality
281,0.6931471805599453,0.71603733,train,p40,dataset_2,centrality
113,0.6931471805599453,0.71603733,train,p40,dataset_2,centrality
134,0.6931471805599453,0.71603733,train,p40,dataset_2,centrality
894,0.6931471805599453,0.71603733,train,p40,dataset_2,centrality
674,1.0986122886681098,0.71603733,train,p40,dataset_2,centrality
1119,0.6931471805599453,0.84900934,train,p40,dataset_2,centrality
612,0.6931471805599453,0.71603733,train,p40,dataset_2,centrality
1016,0.6931471805599453,0.71603733,train,p40,dataset_2,centrality
719,2.302585092994046,1.3863295,train,p40,dataset_2,centrality
832,0.6931471805599453,0.71603733,train,p40,dataset_2,centrality
487,0.6931471805599453,0.71603733,train,p40,dataset_2,centrality
798,0.6931471805599453,0.71603733,train,p40,dataset_2,centrality
1043,0.6931471805599453,0.71603733,train,p40,dataset_2,centrality
81,1.6094379124341005,1.5136191,train,p40,dataset_2,centrality
1351,0.6931471805599453,0.71603733,train,p40,dataset_2,centrality
239,0.6931471805599453,0.84900934,train,p40,dataset_2,centrality
262,0.6931471805599453,0.71603733,train,p40,dataset_2,centrality
943,0.6931471805599453,0.71603733,train,p40,dataset_2,centrality
787,0.6931471805599453,0.71603733,train,p40,dataset_2,centrality
1157,0.6931471805599453,0.71603733,train,p40,dataset_2,centrality
730,0.6931471805599453,0.71603733,train,p40,dataset_2,centrality
1302,0.6931471805599453,0.71603733,train,p40,dataset_2,centrality
722,1.3862943611198906,1.3715365,train,p40,dataset_2,centrality
234,0.6931471805599453,0.71603733,train,p40,dataset_2,centrality
789,0.6931471805599453,0.71603733,train,p40,dataset_2,centrality
528,0.6931471805599453,0.71603733,train,p40,dataset_2,centrality
241,1.6094379124341005,2.0880687,train,p40,dataset_2,centrality
359,0.6931471805599453,0.71603733,train,p40,dataset_2,centrality
361,0.6931471805599453,0.71603733,train,p40,dataset_2,centrality
675,0.6931471805599453,0.78104895,train,p40,dataset_2,centrality
1094,0.6931471805599453,0.71603733,train,p40,dataset_2,centrality
368,0.6931471805599453,0.71603733,train,p40,dataset_2,centrality
492,0.6931471805599453,0.71603733,train,p40,dataset_2,centrality
569,0.6931471805599453,0.71603733,train,p40,dataset_2,centrality
183,0.6931471805599453,0.71603733,train,p40,dataset_2,centrality
37,0.6931471805599453,0.71603733,train,p40,dataset_2,centrality
651,0.6931471805599453,0.78104895,train,p40,dataset_2,centrality
614,0.6931471805599453,0.71603733,train,p40,dataset_2,centrality
413,0.6931471805599453,0.71603733,train,p40,dataset_2,centrality
1404,0.6931471805599453,0.71603733,train,p40,dataset_2,centrality
1403,0.6931471805599453,0.71603733,train,p40,dataset_2,centrality
1232,0.6931471805599453,0.71603733,train,p40,dataset_2,centrality
563,0.6931471805599453,0.71603733,train,p40,dataset_2,centrality
990,0.6931471805599453,0.71603733,train,p40,dataset_2,centrality
1059,0.6931471805599453,0.71603733,train,p40,dataset_2,centrality
532,0.6931471805599453,0.71603733,train,p40,dataset_2,centrality
761,0.6931471805599453,0.78104895,train,p40,dataset_2,centrality
1110,0.6931471805599453,0.71603733,train,p40,dataset_2,centrality
685,0.6931471805599453,0.71603733,train,p40,dataset_2,centrality
77,0.6931471805599453,0.71603733,train,p40,dataset_2,centrality
734,0.6931471805599453,0.84900934,train,p40,dataset_2,centrality
1039,0.6931471805599453,0.71603733,train,p40,dataset_2,centrality
525,1.0986122886681098,0.71603733,train,p40,dataset_2,centrality
110,0.6931471805599453,0.71603733,train,p40,dataset_2,centrality
910,0.6931471805599453,0.71603733,train,p40,dataset_2,centrality
778,0.6931471805599453,0.71603733,train,p40,dataset_2,centrality
1331,0.6931471805599453,0.71603733,train,p40,dataset_2,centrality
312,0.6931471805599453,0.71603733,train,p40,dataset_2,centrality
810,0.6931471805599453,0.71603733,train,p40,dataset_2,centrality
294,0.6931471805599453,0.71603733,train,p40,dataset_2,centrality
946,0.6931471805599453,0.71603733,train,p40,dataset_2,centrality
608,0.6931471805599453,0.71603733,train,p40,dataset_2,centrality
441,0.6931471805599453,0.71603733,train,p40,dataset_2,centrality
970,0.6931471805599453,0.71603733,train,p40,dataset_2,centrality
1325,0.6931471805599453,0.71603733,train,p40,dataset_2,centrality
151,0.6931471805599453,0.71603733,train,p40,dataset_2,centrality
1237,0.6931471805599453,0.71603733,train,p40,dataset_2,centrality
1024,0.6931471805599453,0.71603733,train,p40,dataset_2,centrality
471,0.6931471805599453,0.71603733,train,p40,dataset_2,centrality
575,0.6931471805599453,0.71603733,train,p40,dataset_2,centrality
582,0.6931471805599453,0.71603733,train,p40,dataset_2,centrality
1128,0.6931471805599453,0.78104895,train,p40,dataset_2,centrality
1022,0.6931471805599453,0.71603733,train,p40,dataset_2,centrality
768,0.6931471805599453,0.71603733,train,p40,dataset_2,centrality
29,1.0986122886681098,0.9750292,train,p40,dataset_2,centrality
1143,1.6094379124341005,1.3715365,train,p40,dataset_2,centrality
1323,2.1972245773362196,1.5412625,train,p40,dataset_2,centrality
655,1.0986122886681098,0.84900934,train,p40,dataset_2,centrality
108,0.6931471805599453,0.71603733,train,p40,dataset_2,centrality
1146,0.6931471805599453,0.71603733,train,p40,dataset_2,centrality
1248,0.6931471805599453,0.71603733,train,p40,dataset_2,centrality
1322,0.6931471805599453,0.71603733,train,p40,dataset_2,centrality
806,0.6931471805599453,0.71603733,train,p40,dataset_2,centrality
841,1.0986122886681098,0.71603733,train,p40,dataset_2,centrality
808,0.6931471805599453,0.71603733,train,p40,dataset_2,centrality
887,0.6931471805599453,0.71603733,train,p40,dataset_2,centrality
544,0.6931471805599453,0.71603733,train,p40,dataset_2,centrality
49,0.6931471805599453,0.71603733,train,p40,dataset_2,centrality
416,1.0986122886681098,1.2857903,train,p40,dataset_2,centrality
780,0.6931471805599453,0.71603733,train,p40,dataset_2,centrality
923,0.6931471805599453,0.71603733,train,p40,dataset_2,centrality
233,0.6931471805599453,0.71603733,train,p40,dataset_2,centrality
1369,0.6931471805599453,0.71603733,train,p40,dataset_2,centrality
1357,2.0794415416798357,1.6061119,train,p40,dataset_2,centrality
231,0.6931471805599453,0.71603733,train,p40,dataset_2,centrality
1338,0.6931471805599453,0.71603733,train,p40,dataset_2,centrality
391,1.3862943611198906,0.90706867,train,p40,dataset_2,centrality
1123,0.6931471805599453,0.71603733,train,p40,dataset_2,centrality
79,0.6931471805599453,0.71603733,train,p40,dataset_2,centrality
833,0.6931471805599453,0.71603733,train,p40,dataset_2,centrality
769,0.6931471805599453,0.71603733,train,p40,dataset_2,centrality
969,0.6931471805599453,0.71603733,train,p40,dataset_2,centrality
334,0.6931471805599453,0.71603733,train,p40,dataset_2,centrality
96,0.6931471805599453,0.71603733,train,p40,dataset_2,centrality
1438,0.6931471805599453,0.71603733,train,p40,dataset_2,centrality
1310,0.6931471805599453,0.71603733,train,p40,dataset_2,centrality
1389,0.6931471805599453,0.71603733,train,p40,dataset_2,centrality
126,0.6931471805599453,0.71603733,train,p40,dataset_2,centrality
800,0.6931471805599453,0.71603733,train,p40,dataset_2,centrality
906,0.6931471805599453,0.71603733,train,p40,dataset_2,centrality
941,0.6931471805599453,0.71603733,train,p40,dataset_2,centrality
1335,0.6931471805599453,0.71603733,train,p40,dataset_2,centrality
1113,0.6931471805599453,0.71603733,train,p40,dataset_2,centrality
1160,0.6931471805599453,0.71603733,train,p40,dataset_2,centrality
700,0.6931471805599453,0.71603733,train,p40,dataset_2,centrality
973,0.6931471805599453,0.71603733,train,p40,dataset_2,centrality
1178,0.6931471805599453,0.71603733,train,p40,dataset_2,centrality
927,0.6931471805599453,0.71603733,train,p40,dataset_2,centrality
95,0.6931471805599453,0.71603733,train,p40,dataset_2,centrality
976,0.6931471805599453,0.71603733,train,p40,dataset_2,centrality
1006,0.6931471805599453,0.71603733,train,p40,dataset_2,centrality
692,0.6931471805599453,0.71603733,train,p40,dataset_2,centrality
162,0.6931471805599453,0.71603733,train,p40,dataset_2,centrality
917,0.6931471805599453,0.71603733,train,p40,dataset_2,centrality
253,0.6931471805599453,0.71603733,train,p40,dataset_2,centrality
643,1.0986122886681098,1.4189397,train,p40,dataset_2,centrality
509,0.6931471805599453,0.71603733,train,p40,dataset_2,centrality
886,0.6931471805599453,0.99281484,train,p40,dataset_2,centrality
836,0.6931471805599453,0.71603733,train,p40,dataset_2,centrality
127,0.6931471805599453,0.71603733,train,p40,dataset_2,centrality
964,0.6931471805599453,0.71603733,train,p40,dataset_2,centrality
459,0.6931471805599453,0.71603733,train,p40,dataset_2,centrality
804,0.6931471805599453,0.71603733,train,p40,dataset_2,centrality
1293,0.6931471805599453,0.71603733,train,p40,dataset_2,centrality
484,0.6931471805599453,0.71603733,train,p40,dataset_2,centrality
592,0.6931471805599453,0.71603733,train,p40,dataset_2,centrality
1279,0.6931471805599453,0.71603733,train,p40,dataset_2,centrality
994,0.6931471805599453,0.71603733,train,p40,dataset_2,centrality
1202,0.6931471805599453,0.71603733,train,p40,dataset_2,centrality
1149,0.6931471805599453,0.71603733,train,p40,dataset_2,centrality
38,0.6931471805599453,0.71603733,train,p40,dataset_2,centrality
759,0.6931471805599453,0.71603733,train,p40,dataset_2,centrality
498,0.6931471805599453,0.71603733,train,p40,dataset_2,centrality
117,0.6931471805599453,0.71603733,train,p40,dataset_2,centrality
148,0.6931471805599453,0.71603733,train,p40,dataset_2,centrality
947,0.6931471805599453,0.71603733,train,p40,dataset_2,centrality
1167,0.6931471805599453,0.71603733,train,p40,dataset_2,centrality
673,1.0986122886681098,0.78104895,train,p40,dataset_2,centrality
19,0.6931471805599453,0.71603733,train,p40,dataset_2,centrality
39,0.6931471805599453,0.71603733,train,p40,dataset_2,centrality
677,0.6931471805599453,0.71603733,train,p40,dataset_2,centrality
1281,0.6931471805599453,0.71603733,train,p40,dataset_2,centrality
301,0.6931471805599453,0.71603733,train,p40,dataset_2,centrality
613,0.6931471805599453,0.71603733,train,p40,dataset_2,centrality
824,0.6931471805599453,0.71603733,train,p40,dataset_2,centrality
1352,1.3862943611198906,1.6061119,train,p40,dataset_2,centrality
495,0.6931471805599453,0.71603733,train,p40,dataset_2,centrality
473,0.6931471805599453,0.71603733,train,p40,dataset_2,centrality
826,0.6931471805599453,0.71603733,train,p40,dataset_2,centrality
323,0.6931471805599453,0.71603733,train,p40,dataset_2,centrality
36,0.6931471805599453,0.71603733,train,p40,dataset_2,centrality
1276,0.6931471805599453,0.71603733,train,p40,dataset_2,centrality
1103,0.6931471805599453,0.71603733,train,p40,dataset_2,centrality
1138,0.6931471805599453,0.71603733,train,p40,dataset_2,centrality
121,0.6931471805599453,0.71603733,train,p40,dataset_2,centrality
129,0.6931471805599453,0.71603733,train,p40,dataset_2,centrality
82,1.0986122886681098,0.84900934,train,p40,dataset_2,centrality
288,0.6931471805599453,0.71603733,train,p40,dataset_2,centrality
367,0.6931471805599453,0.71603733,train,p40,dataset_2,centrality
1073,0.6931471805599453,0.71603733,train,p40,dataset_2,centrality
911,0.6931471805599453,0.71603733,train,p40,dataset_2,centrality
646,0.6931471805599453,0.94150215,train,p40,dataset_2,centrality
251,0.6931471805599453,0.71603733,train,p40,dataset_2,centrality
551,1.3862943611198906,1.5383292,train,p40,dataset_2,centrality
1098,0.6931471805599453,0.71603733,train,p40,dataset_2,centrality
542,0.6931471805599453,0.71603733,train,p40,dataset_2,centrality
468,0.6931471805599453,0.71603733,train,p40,dataset_2,centrality
1163,0.6931471805599453,0.71603733,train,p40,dataset_2,centrality
304,0.6931471805599453,0.71603733,train,p40,dataset_2,centrality
1274,0.6931471805599453,0.71603733,train,p40,dataset_2,centrality
1223,0.6931471805599453,0.71603733,train,p40,dataset_2,centrality
1005,0.6931471805599453,0.71603733,train,p40,dataset_2,centrality
1142,0.6931471805599453,0.71603733,train,p40,dataset_2,centrality
1133,0.6931471805599453,0.78104895,train,p40,dataset_2,centrality
775,0.6931471805599453,0.71603733,train,p40,dataset_2,centrality
1254,0.6931471805599453,0.71603733,train,p40,dataset_2,centrality
460,0.6931471805599453,0.71603733,train,p40,dataset_2,centrality
699,0.6931471805599453,0.71603733,train,p40,dataset_2,centrality
631,2.1972245773362196,2.5813825,train,p40,dataset_2,centrality
854,0.6931471805599453,0.71603733,train,p40,dataset_2,centrality
548,0.6931471805599453,0.71603733,train,p40,dataset_2,centrality
620,0.6931471805599453,0.71603733,train,p40,dataset_2,centrality
419,1.0986122886681098,0.71603733,train,p40,dataset_2,centrality
482,0.6931471805599453,0.71603733,train,p40,dataset_2,centrality
68,0.6931471805599453,0.71603733,train,p40,dataset_2,centrality
59,0.6931471805599453,0.71603733,train,p40,dataset_2,centrality
661,0.6931471805599453,0.71603733,train,p40,dataset_2,centrality
1139,0.6931471805599453,0.71603733,train,p40,dataset_2,centrality
187,0.6931471805599453,0.71603733,train,p40,dataset_2,centrality
252,0.6931471805599453,0.71603733,train,p40,dataset_2,centrality
78,0.6931471805599453,0.78104895,train,p40,dataset_2,centrality
690,0.6931471805599453,0.78399783,train,p40,dataset_2,centrality
1363,0.6931471805599453,0.71603733,train,p40,dataset_2,centrality
1230,0.6931471805599453,0.71603733,train,p40,dataset_2,centrality
733,0.6931471805599453,1.4189397,train,p40,dataset_2,centrality
315,0.6931471805599453,0.71603733,train,p40,dataset_2,centrality
1170,1.791759469228055,1.7790989,train,p40,dataset_2,centrality
170,0.6931471805599453,0.71603733,train,p40,dataset_2,centrality
1020,0.6931471805599453,0.71603733,train,p40,dataset_2,centrality
431,1.0986122886681098,0.71603733,train,p40,dataset_2,centrality
296,0.6931471805599453,0.71603733,train,p40,dataset_2,centrality
350,0.6931471805599453,0.71603733,train,p40,dataset_2,centrality
1118,0.6931471805599453,0.71603733,train,p40,dataset_2,centrality
481,0.6931471805599453,0.71603733,train,p40,dataset_2,centrality
75,1.0986122886681098,1.4555163,train,p40,dataset_2,centrality
1236,0.6931471805599453,0.71603733,train,p40,dataset_2,centrality
1216,0.6931471805599453,0.71603733,train,p40,dataset_2,centrality
324,0.6931471805599453,0.71603733,train,p40,dataset_2,centrality
1356,0.6931471805599453,0.71603733,train,p40,dataset_2,centrality
861,0.6931471805599453,0.71603733,train,p40,dataset_2,centrality
199,0.6931471805599453,0.71603733,train,p40,dataset_2,centrality
507,0.6931471805599453,0.71603733,train,p40,dataset_2,centrality
619,0.6931471805599453,0.71603733,train,p40,dataset_2,centrality
22,0.6931471805599453,0.71603733,train,p40,dataset_2,centrality
538,0.6931471805599453,1.2166035,train,p40,dataset_2,centrality
1370,0.6931471805599453,0.71603733,train,p40,dataset_2,centrality
835,0.6931471805599453,0.71603733,train,p40,dataset_2,centrality
1056,0.6931471805599453,0.71603733,train,p40,dataset_2,centrality
325,0.6931471805599453,0.71603733,train,p40,dataset_2,centrality
1076,0.6931471805599453,0.71603733,train,p40,dataset_2,centrality
1255,0.6931471805599453,0.71603733,train,p40,dataset_2,centrality
202,0.6931471805599453,0.71603733,train,p40,dataset_2,centrality
218,0.6931471805599453,0.71603733,train,p40,dataset_2,centrality
235,2.302585092994046,2.0880687,train,p40,dataset_2,centrality
282,1.6094379124341005,1.1241107,train,p40,dataset_2,centrality
663,0.6931471805599453,0.71603733,train,p40,dataset_2,centrality
1263,0.6931471805599453,0.71603733,train,p40,dataset_2,centrality
259,0.6931471805599453,0.71603733,train,p40,dataset_2,centrality
51,0.6931471805599453,0.71603733,train,p40,dataset_2,centrality
1100,0.6931471805599453,0.71603733,train,p40,dataset_2,centrality
539,0.6931471805599453,1.7066512,train,p40,dataset_2,centrality
595,2.302585092994046,2.4432569,train,p40,dataset_2,centrality
87,0.6931471805599453,0.71603733,train,p40,dataset_2,centrality
1222,0.6931471805599453,0.71603733,train,p40,dataset_2,centrality
220,0.6931471805599453,0.78104895,train,p40,dataset_2,centrality
227,0.6931471805599453,0.71603733,train,p40,dataset_2,centrality
1437,0.6931471805599453,0.71603733,train,p40,dataset_2,centrality
31,1.0986122886681098,1.1241107,train,p40,dataset_2,centrality
426,0.6931471805599453,0.78104895,train,p40,dataset_2,centrality
904,0.6931471805599453,0.71603733,train,p40,dataset_2,centrality
40,0.6931471805599453,0.71603733,train,p40,dataset_2,centrality
586,0.6931471805599453,0.71603733,train,p40,dataset_2,centrality
738,1.0986122886681098,0.71603733,train,p40,dataset_2,centrality
1253,0.6931471805599453,0.71603733,train,p40,dataset_2,centrality
540,0.6931471805599453,0.71603733,train,p40,dataset_2,centrality
1332,0.6931471805599453,0.71603733,train,p40,dataset_2,centrality
705,0.6931471805599453,0.71603733,train,p40,dataset_2,centrality
66,0.6931471805599453,0.71603733,train,p40,dataset_2,centrality
44,0.6931471805599453,0.71603733,train,p40,dataset_2,centrality
1145,0.6931471805599453,0.71603733,train,p40,dataset_2,centrality
1007,0.6931471805599453,0.71603733,train,p40,dataset_2,centrality
92,0.6931471805599453,0.71603733,train,p40,dataset_2,centrality
791,0.6931471805599453,0.71603733,train,p40,dataset_2,centrality
639,1.9459101490553132,1.9184481,train,p40,dataset_2,centrality
1391,0.6931471805599453,0.78104895,train,p40,dataset_2,centrality
1078,0.6931471805599453,0.71603733,train,p40,dataset_2,centrality
896,0.6931471805599453,0.71603733,train,p40,dataset_2,centrality
1386,0.6931471805599453,0.71603733,train,p40,dataset_2,centrality
188,0.6931471805599453,0.71603733,train,p40,dataset_2,centrality
839,0.6931471805599453,0.71603733,train,p40,dataset_2,centrality
1382,0.6931471805599453,0.71603733,train,p40,dataset_2,centrality
444,0.6931471805599453,0.90706867,train,p40,dataset_2,centrality
1052,0.6931471805599453,0.71603733,train,p40,dataset_2,centrality
1300,0.6931471805599453,0.71603733,train,p40,dataset_2,centrality
1245,0.6931471805599453,0.71603733,train,p40,dataset_2,centrality
30,1.9459101490553132,0.84900934,train,p40,dataset_2,centrality
211,4.02535169073515,2.817181,train,p40,dataset_2,centrality
158,0.6931471805599453,0.71603733,train,p40,dataset_2,centrality
516,0.6931471805599453,0.71603733,train,p40,dataset_2,centrality
1131,0.6931471805599453,0.71603733,train,p40,dataset_2,centrality
546,0.6931471805599453,0.71603733,train,p40,dataset_2,centrality
678,0.6931471805599453,0.71603733,train,p40,dataset_2,centrality
1021,0.6931471805599453,0.71603733,train,p40,dataset_2,centrality
1042,0.6931471805599453,0.71603733,train,p40,dataset_2,centrality
743,0.6931471805599453,0.71603733,train,p40,dataset_2,centrality
291,0.6931471805599453,0.71603733,train,p40,dataset_2,centrality
1089,0.6931471805599453,0.71603733,train,p40,dataset_2,centrality
221,0.6931471805599453,0.71603733,train,p40,dataset_2,centrality
1266,0.6931471805599453,0.71603733,train,p40,dataset_2,centrality
523,0.6931471805599453,0.71603733,train,p40,dataset_2,centrality
1009,0.6931471805599453,0.71603733,train,p40,dataset_2,centrality
796,0.6931471805599453,0.71603733,train,p40,dataset_2,centrality
249,0.6931471805599453,0.71603733,train,p40,dataset_2,centrality
89,0.6931471805599453,0.71603733,train,p40,dataset_2,centrality
377,0.6931471805599453,0.71603733,train,p40,dataset_2,centrality
465,0.6931471805599453,0.71603733,train,p40,dataset_2,centrality
329,0.6931471805599453,0.71603733,train,p40,dataset_2,centrality
1416,0.6931471805599453,0.71603733,train,p40,dataset_2,centrality
1187,0.6931471805599453,0.71603733,train,p40,dataset_2,centrality
1074,0.6931471805599453,0.71603733,train,p40,dataset_2,centrality
394,3.784189633918261,3.4294274,train,p40,dataset_2,centrality
177,0.6931471805599453,0.71603733,train,p40,dataset_2,centrality
513,0.6931471805599453,0.71603733,train,p40,dataset_2,centrality
1257,0.6931471805599453,0.71603733,train,p40,dataset_2,centrality
524,1.0986122886681098,0.71603733,train,p40,dataset_2,centrality
785,0.6931471805599453,0.71603733,train,p40,dataset_2,centrality
138,0.6931471805599453,0.71603733,train,p40,dataset_2,centrality
1339,0.6931471805599453,0.71603733,train,p40,dataset_2,centrality
260,0.6931471805599453,0.71603733,train,p40,dataset_2,centrality
114,0.6931471805599453,0.71603733,train,p40,dataset_2,centrality
414,0.6931471805599453,0.78399783,train,p40,dataset_2,centrality
194,0.6931471805599453,0.71603733,train,p40,dataset_2,centrality
429,0.6931471805599453,0.71603733,train,p40,dataset_2,centrality
193,0.6931471805599453,0.71603733,train,p40,dataset_2,centrality
3,1.0986122886681098,0.71603733,train,p40,dataset_2,centrality
1221,1.0986122886681098,0.78104895,train,p40,dataset_2,centrality
891,0.6931471805599453,0.71603733,train,p40,dataset_2,centrality
132,0.6931471805599453,0.71603733,train,p40,dataset_2,centrality
1008,0.6931471805599453,0.71603733,train,p40,dataset_2,centrality
1418,0.6931471805599453,0.71603733,train,p40,dataset_2,centrality
271,0.6931471805599453,0.71603733,train,p40,dataset_2,centrality
1285,0.6931471805599453,0.71603733,train,p40,dataset_2,centrality
1079,0.6931471805599453,0.71603733,train,p40,dataset_2,centrality
626,3.737669618283368,3.7507257,train,p40,dataset_2,centrality
326,0.6931471805599453,0.71603733,train,p40,dataset_2,centrality
279,0.6931471805599453,0.71603733,train,p40,dataset_2,centrality
547,0.6931471805599453,0.71603733,train,p40,dataset_2,centrality
1309,0.6931471805599453,0.71603733,train,p40,dataset_2,centrality
748,1.0986122886681098,0.71603733,train,p40,dataset_2,centrality
254,0.6931471805599453,0.71603733,train,p40,dataset_2,centrality
388,0.6931471805599453,0.71603733,train,p40,dataset_2,centrality
107,0.6931471805599453,0.71603733,train,p40,dataset_2,centrality
136,0.6931471805599453,0.71603733,train,p40,dataset_2,centrality
728,0.6931471805599453,0.78104895,train,p40,dataset_2,centrality
480,0.6931471805599453,0.71603733,train,p40,dataset_2,centrality
142,0.6931471805599453,0.71603733,train,p40,dataset_2,centrality
574,0.6931471805599453,0.71603733,train,p40,dataset_2,centrality
1434,0.6931471805599453,0.71603733,train,p40,dataset_2,centrality
510,0.6931471805599453,0.78104895,train,p40,dataset_2,centrality
319,0.6931471805599453,0.71603733,train,p40,dataset_2,centrality
535,0.6931471805599453,0.71603733,train,p40,dataset_2,centrality
954,0.6931471805599453,0.71603733,train,p40,dataset_2,centrality
433,0.6931471805599453,0.71603733,train,p40,dataset_2,centrality
998,0.6931471805599453,0.71603733,train,p40,dataset_2,centrality
556,0.6931471805599453,0.71603733,train,p40,dataset_2,centrality
1372,0.6931471805599453,0.71603733,train,p40,dataset_2,centrality
104,0.6931471805599453,0.71603733,train,p40,dataset_2,centrality
694,1.791759469228055,1.6061119,train,p40,dataset_2,centrality
313,0.6931471805599453,0.71603733,train,p40,dataset_2,centrality
1173,1.6094379124341005,1.4587773,train,p40,dataset_2,centrality
457,0.6931471805599453,0.71603733,train,p40,dataset_2,centrality
517,0.6931471805599453,0.71603733,train,p40,dataset_2,centrality
1246,0.6931471805599453,0.71603733,train,p40,dataset_2,centrality
447,0.6931471805599453,0.71603733,train,p40,dataset_2,centrality
160,0.6931471805599453,0.71603733,train,p40,dataset_2,centrality
1368,0.6931471805599453,0.71603733,train,p40,dataset_2,centrality
317,0.6931471805599453,0.71603733,train,p40,dataset_2,centrality
48,0.6931471805599453,0.71603733,train,p40,dataset_2,centrality
335,0.6931471805599453,0.71603733,train,p40,dataset_2,centrality
781,0.6931471805599453,0.71603733,train,p40,dataset_2,centrality
812,0.6931471805599453,0.71603733,train,p40,dataset_2,centrality
1095,0.6931471805599453,0.71603733,train,p40,dataset_2,centrality
1317,0.6931471805599453,0.71603733,train,p40,dataset_2,centrality
318,0.6931471805599453,0.71603733,train,p40,dataset_2,centrality
818,0.6931471805599453,0.71603733,train,p40,dataset_2,centrality
632,2.5649493574615367,2.5813825,train,p40,dataset_2,centrality
1360,0.6931471805599453,0.71603733,train,p40,dataset_2,centrality
128,0.6931471805599453,0.71603733,train,p40,dataset_2,centrality
1171,1.0986122886681098,0.94150215,train,p40,dataset_2,centrality
118,0.6931471805599453,0.71603733,train,p40,dataset_2,centrality
950,0.6931471805599453,0.71603733,train,p40,dataset_2,centrality
718,3.044522437723423,3.4294274,train,p40,dataset_2,centrality
54,0.6931471805599453,0.71603733,train,p40,dataset_2,centrality
159,0.6931471805599453,0.71603733,train,p40,dataset_2,centrality
1091,0.6931471805599453,0.71603733,train,p40,dataset_2,centrality
892,0.6931471805599453,0.71603733,train,p40,dataset_2,centrality
1111,0.6931471805599453,0.71603733,train,p40,dataset_2,centrality
280,0.6931471805599453,0.71603733,train,p40,dataset_2,centrality
208,3.367295829986474,3.4294274,train,p40,dataset_2,centrality
1442,0.6931471805599453,0.71603733,train,p40,dataset_2,centrality
1299,0.6931471805599453,0.71603733,train,p40,dataset_2,centrality
758,0.6931471805599453,0.71603733,train,p40,dataset_2,centrality
1400,0.6931471805599453,0.71603733,train,p40,dataset_2,centrality
27,0.6931471805599453,0.71603733,train,p40,dataset_2,centrality
1165,2.6390573296152584,3.0742393,train,p40,dataset_2,centrality
774,0.6931471805599453,0.71603733,train,p40,dataset_2,centrality
784,0.6931471805599453,0.71603733,train,p40,dataset_2,centrality
219,0.6931471805599453,0.71603733,train,p40,dataset_2,centrality
746,0.6931471805599453,0.71603733,train,p40,dataset_2,centrality
842,0.6931471805599453,0.71603733,train,p40,dataset_2,centrality
131,0.6931471805599453,0.71603733,train,p40,dataset_2,centrality
553,0.6931471805599453,0.71603733,train,p40,dataset_2,centrality
446,0.6931471805599453,0.71603733,train,p40,dataset_2,centrality
72,0.6931471805599453,0.71603733,train,p40,dataset_2,centrality
770,0.6931471805599453,0.71603733,train,p40,dataset_2,centrality
1239,0.6931471805599453,0.71603733,train,p40,dataset_2,centrality
43,0.6931471805599453,0.71603733,train,p40,dataset_2,centrality
1420,0.6931471805599453,0.71603733,train,p40,dataset_2,centrality
924,0.6931471805599453,0.71603733,train,p40,dataset_2,centrality
1030,0.6931471805599453,0.71603733,train,p40,dataset_2,centrality
93,0.6931471805599453,0.71603733,train,p40,dataset_2,centrality
228,0.6931471805599453,0.71603733,train,p40,dataset_2,centrality
585,0.6931471805599453,0.71603733,train,p40,dataset_2,centrality
1273,0.6931471805599453,0.71603733,train,p40,dataset_2,centrality
1084,0.6931471805599453,0.71603733,train,p40,dataset_2,centrality
967,0.6931471805599453,0.71603733,train,p40,dataset_2,centrality
152,0.6931471805599453,0.71603733,train,p40,dataset_2,centrality
726,1.0986122886681098,0.84900934,train,p40,dataset_2,centrality
432,1.791759469228055,1.6061119,train,p40,dataset_2,centrality
670,0.6931471805599453,0.71603733,train,p40,dataset_2,centrality
986,0.6931471805599453,0.71603733,train,p40,dataset_2,centrality
1134,0.6931471805599453,0.71603733,train,p40,dataset_2,centrality
938,0.6931471805599453,0.71603733,train,p40,dataset_2,centrality
181,0.6931471805599453,0.71603733,train,p40,dataset_2,centrality
1154,0.6931471805599453,0.71603733,train,p40,dataset_2,centrality
330,0.6931471805599453,0.71603733,train,p40,dataset_2,centrality
256,0.6931471805599453,0.71603733,train,p40,dataset_2,centrality
206,0.6931471805599453,0.71603733,train,p40,dataset_2,centrality
1179,0.6931471805599453,0.94150215,train,p40,dataset_2,centrality
1088,2.5649493574615367,1.775838,train,p40,dataset_2,centrality
1204,0.6931471805599453,0.71603733,train,p40,dataset_2,centrality
1012,0.6931471805599453,0.71603733,train,p40,dataset_2,centrality
1277,0.6931471805599453,0.71603733,train,p40,dataset_2,centrality
1199,0.6931471805599453,0.71603733,train,p40,dataset_2,centrality
993,0.6931471805599453,0.71603733,train,p40,dataset_2,centrality
1057,0.6931471805599453,0.71603733,train,p40,dataset_2,centrality
60,0.6931471805599453,0.71603733,train,p40,dataset_2,centrality
566,0.6931471805599453,0.71603733,train,p40,dataset_2,centrality
62,0.6931471805599453,0.71603733,train,p40,dataset_2,centrality
515,0.6931471805599453,0.71603733,train,p40,dataset_2,centrality
1010,0.6931471805599453,0.71603733,train,p40,dataset_2,centrality
1058,0.6931471805599453,0.71603733,train,p40,dataset_2,centrality
503,0.6931471805599453,0.71603733,train,p40,dataset_2,centrality
267,0.6931471805599453,0.71603733,train,p40,dataset_2,centrality
506,0.6931471805599453,0.71603733,train,p40,dataset_2,centrality
56,0.6931471805599453,0.71603733,train,p40,dataset_2,centrality
1346,0.6931471805599453,0.71603733,train,p40,dataset_2,centrality
346,0.6931471805599453,0.71603733,train,p40,dataset_2,centrality
1037,0.6931471805599453,0.71603733,train,p40,dataset_2,centrality
1203,0.6931471805599453,0.71603733,train,p40,dataset_2,centrality
1090,2.3978952727983707,1.775838,train,p40,dataset_2,centrality
953,0.6931471805599453,0.71603733,train,p40,dataset_2,centrality
1421,0.6931471805599453,0.71603733,train,p40,dataset_2,centrality
809,0.6931471805599453,0.71603733,train,p40,dataset_2,centrality
504,0.6931471805599453,0.71603733,train,p40,dataset_2,centrality
439,0.6931471805599453,0.71603733,train,p40,dataset_2,centrality
165,0.6931471805599453,0.71603733,train,p40,dataset_2,centrality
243,0.6931471805599453,0.71603733,train,p40,dataset_2,centrality
9,0.6931471805599453,0.71603733,train,p40,dataset_2,centrality
512,0.6931471805599453,0.71603733,train,p40,dataset_2,centrality
1062,0.6931471805599453,0.71603733,train,p40,dataset_2,centrality
560,1.0986122886681098,1.1932975,train,p40,dataset_2,centrality
559,0.6931471805599453,0.84900934,train,p40,dataset_2,centrality
867,0.6931471805599453,0.71603733,train,p40,dataset_2,centrality
834,0.6931471805599453,0.71603733,train,p40,dataset_2,centrality
554,3.4657359027997265,3.1606135,train,p40,dataset_2,centrality
389,0.6931471805599453,0.71603733,train,p40,dataset_2,centrality
180,0.6931471805599453,0.71603733,train,p40,dataset_2,centrality
442,0.6931471805599453,0.71603733,train,p40,dataset_2,centrality
792,0.6931471805599453,0.71603733,train,p40,dataset_2,centrality
505,0.6931471805599453,0.71603733,train,p40,dataset_2,centrality
1063,0.6931471805599453,0.71603733,train,p40,dataset_2,centrality
741,1.3862943611198906,0.84900934,train,p40,dataset_2,centrality
1189,0.6931471805599453,0.71603733,train,p40,dataset_2,centrality
1206,0.6931471805599453,0.71603733,train,p40,dataset_2,centrality
767,1.0986122886681098,0.78104895,train,p40,dataset_2,centrality
1014,0.6931471805599453,0.71603733,train,p40,dataset_2,centrality
1283,0.6931471805599453,0.71603733,train,p40,dataset_2,centrality
445,0.6931471805599453,0.71603733,train,p40,dataset_2,centrality
1258,0.6931471805599453,0.71603733,train,p40,dataset_2,centrality
353,0.6931471805599453,0.71603733,train,p40,dataset_2,centrality
103,0.6931471805599453,0.71603733,train,p40,dataset_2,centrality
1194,0.6931471805599453,0.71603733,train,p40,dataset_2,centrality
25,0.6931471805599453,0.71603733,train,p40,dataset_2,centrality
106,1.0986122886681098,0.71603733,train,p40,dataset_2,centrality
265,0.6931471805599453,0.71603733,train,p40,dataset_2,centrality
16,0.6931471805599453,0.71603733,train,p40,dataset_2,centrality
669,1.0986122886681098,0.71603733,train,p40,dataset_2,centrality
752,0.6931471805599453,0.71603733,train,p40,dataset_2,centrality
232,0.6931471805599453,0.71603733,train,p40,dataset_2,centrality
1186,0.6931471805599453,0.71603733,train,p40,dataset_2,centrality
572,0.6931471805599453,0.71603733,train,p40,dataset_2,centrality
201,0.6931471805599453,0.71603733,train,p40,dataset_2,centrality
623,2.0794415416798357,1.3863295,train,p40,dataset_2,centrality
956,0.6931471805599453,0.71603733,train,p40,dataset_2,centrality
1371,0.6931471805599453,0.71603733,train,p40,dataset_2,centrality
185,0.6931471805599453,0.71603733,train,p40,dataset_2,centrality
283,0.6931471805599453,0.78399783,train,p40,dataset_2,centrality
337,0.6931471805599453,0.71603733,train,p40,dataset_2,centrality
437,0.6931471805599453,0.71603733,train,p40,dataset_2,centrality
1060,0.6931471805599453,0.71603733,train,p40,dataset_2,centrality
1116,0.6931471805599453,0.71603733,train,p40,dataset_2,centrality
1297,0.6931471805599453,0.71603733,train,p40,dataset_2,centrality
161,0.6931471805599453,0.71603733,train,p40,dataset_2,centrality
531,0.6931471805599453,0.71603733,train,p40,dataset_2,centrality
762,1.0986122886681098,0.71603733,train,p40,dataset_2,centrality
727,0.6931471805599453,0.84900934,train,p40,dataset_2,centrality
197,0.6931471805599453,0.71603733,train,p40,dataset_2,centrality
1343,0.6931471805599453,0.71603733,train,p40,dataset_2,centrality
766,0.6931471805599453,0.71603733,train,p40,dataset_2,centrality
84,0.6931471805599453,0.71603733,train,p40,dataset_2,centrality
462,0.6931471805599453,0.71603733,train,p40,dataset_2,centrality
1226,0.6931471805599453,0.71603733,train,p40,dataset_2,centrality
737,0.6931471805599453,0.71603733,train,p40,dataset_2,centrality
1296,0.6931471805599453,0.71603733,train,p40,dataset_2,centrality
1121,0.6931471805599453,0.9980909,train,p40,dataset_2,centrality
884,0.6931471805599453,0.71603733,train,p40,dataset_2,centrality
1219,0.6931471805599453,0.71603733,train,p40,dataset_2,centrality
327,0.6931471805599453,0.71603733,train,p40,dataset_2,centrality
1185,0.6931471805599453,0.71603733,train,p40,dataset_2,centrality
940,0.6931471805599453,0.71603733,train,p40,dataset_2,centrality
176,0.6931471805599453,0.71603733,train,p40,dataset_2,centrality
450,0.6931471805599453,0.71603733,train,p40,dataset_2,centrality
855,0.6931471805599453,0.71603733,train,p40,dataset_2,centrality
112,0.6931471805599453,0.71603733,train,p40,dataset_2,centrality
1071,0.6931471805599453,0.71603733,train,p40,dataset_2,centrality
216,0.6931471805599453,0.71603733,train,p40,dataset_2,centrality
977,0.6931471805599453,0.71603733,train,p40,dataset_2,centrality
1401,0.6931471805599453,0.71603733,train,p40,dataset_2,centrality
370,0.6931471805599453,0.71603733,train,p40,dataset_2,centrality
483,0.6931471805599453,0.71603733,train,p40,dataset_2,centrality
401,0.6931471805599453,0.71603733,train,p40,dataset_2,centrality
357,0.6931471805599453,0.71603733,train,p40,dataset_2,centrality
1295,0.6931471805599453,0.71603733,train,p40,dataset_2,centrality
844,0.6931471805599453,0.71603733,train,p40,dataset_2,centrality
488,0.6931471805599453,0.71603733,train,p40,dataset_2,centrality
687,0.6931471805599453,0.71603733,train,p40,dataset_2,centrality
618,0.6931471805599453,0.71603733,train,p40,dataset_2,centrality
310,0.6931471805599453,0.71603733,train,p40,dataset_2,centrality
373,0.6931471805599453,0.71603733,train,p40,dataset_2,centrality
786,0.6931471805599453,0.71603733,train,p40,dataset_2,centrality
644,0.6931471805599453,0.87649065,train,p40,dataset_2,centrality
455,0.6931471805599453,0.71603733,train,p40,dataset_2,centrality
1228,0.6931471805599453,0.71603733,train,p40,dataset_2,centrality
236,0.6931471805599453,0.71603733,train,p40,dataset_2,centrality
805,0.6931471805599453,0.71603733,train,p40,dataset_2,centrality
47,0.6931471805599453,0.71603733,train,p40,dataset_2,centrality
992,0.6931471805599453,0.71603733,train,p40,dataset_2,centrality
963,0.6931471805599453,0.71603733,train,p40,dataset_2,centrality
794,0.6931471805599453,0.71603733,train,p40,dataset_2,centrality
385,0.6931471805599453,0.71603733,train,p40,dataset_2,centrality
376,0.6931471805599453,0.71603733,train,p40,dataset_2,centrality
1315,0.6931471805599453,0.71603733,train,p40,dataset_2,centrality
171,0.6931471805599453,0.71603733,train,p40,dataset_2,centrality
895,0.6931471805599453,0.71603733,train,p40,dataset_2,centrality
266,0.6931471805599453,0.71603733,train,p40,dataset_2,centrality
362,0.6931471805599453,0.71603733,train,p40,dataset_2,centrality
1210,0.6931471805599453,0.71603733,train,p40,dataset_2,centrality
610,0.6931471805599453,0.71603733,train,p40,dataset_2,centrality
1355,2.1972245773362196,2.5813825,train,p40,dataset_2,centrality
375,0.6931471805599453,0.71603733,train,p40,dataset_2,centrality
1209,0.6931471805599453,0.71603733,train,p40,dataset_2,centrality
978,0.6931471805599453,0.71603733,train,p40,dataset_2,centrality
1117,0.6931471805599453,0.71603733,train,p40,dataset_2,centrality
1207,0.6931471805599453,0.71603733,train,p40,dataset_2,centrality
1184,1.0986122886681098,0.71603733,train,p40,dataset_2,centrality
1270,0.6931471805599453,0.71603733,train,p40,dataset_2,centrality
24,0.6931471805599453,0.71603733,train,p40,dataset_2,centrality
908,0.6931471805599453,0.71603733,train,p40,dataset_2,centrality
1077,0.6931471805599453,0.71603733,train,p40,dataset_2,centrality
827,0.6931471805599453,0.71603733,train,p40,dataset_2,centrality
541,0.6931471805599453,0.78104895,train,p40,dataset_2,centrality
1441,0.6931471805599453,0.71603733,train,p40,dataset_2,centrality
882,0.6931471805599453,0.71603733,train,p40,dataset_2,centrality
1417,0.6931471805599453,0.71603733,train,p40,dataset_2,centrality
5,0.6931471805599453,0.71603733,train,p40,dataset_2,centrality
12,0.6931471805599453,0.71603733,train,p40,dataset_2,centrality
530,0.6931471805599453,0.71603733,train,p40,dataset_2,centrality
1259,0.6931471805599453,0.71603733,train,p40,dataset_2,centrality
701,1.791759469228055,0.78399783,train,p40,dataset_2,centrality
1099,0.6931471805599453,0.9569848,train,p40,dataset_2,centrality
1385,0.6931471805599453,0.71603733,train,p40,dataset_2,centrality
576,0.6931471805599453,0.71603733,train,p40,dataset_2,centrality
903,0.6931471805599453,0.71603733,train,p40,dataset_2,centrality
1397,0.6931471805599453,0.71603733,train,p40,dataset_2,centrality
347,0.6931471805599453,0.71603733,train,p40,dataset_2,centrality
4,0.6931471805599453,0.71603733,train,p40,dataset_2,centrality
427,0.6931471805599453,0.94150215,train,p40,dataset_2,centrality
880,0.6931471805599453,0.71603733,train,p40,dataset_2,centrality
135,0.6931471805599453,0.71603733,train,p40,dataset_2,centrality
1102,0.6931471805599453,0.71603733,train,p40,dataset_2,centrality
355,0.6931471805599453,0.71603733,train,p40,dataset_2,centrality
1365,0.6931471805599453,0.71603733,train,p40,dataset_2,centrality
648,0.6931471805599453,0.78399783,train,p40,dataset_2,centrality
693,0.6931471805599453,0.71603733,train,p40,dataset_2,centrality
1354,2.1972245773362196,2.2074583,train,p40,dataset_2,centrality
897,0.6931471805599453,0.71603733,train,p40,dataset_2,centrality
156,0.6931471805599453,0.71603733,train,p40,dataset_2,centrality
982,1.0986122886681098,0.71603733,train,p40,dataset_2,centrality
888,0.6931471805599453,0.71603733,train,p40,dataset_2,centrality
779,0.6931471805599453,0.71603733,train,p40,dataset_2,centrality
1349,0.6931471805599453,0.71603733,train,p40,dataset_2,centrality
356,0.6931471805599453,0.71603733,train,p40,dataset_2,centrality
123,0.6931471805599453,0.71603733,train,p40,dataset_2,centrality
1147,0.6931471805599453,0.84900934,train,p40,dataset_2,centrality
624,0.6931471805599453,0.71603733,train,p40,dataset_2,centrality
80,0.6931471805599453,0.71603733,train,p40,dataset_2,centrality
606,0.6931471805599453,0.71603733,train,p40,dataset_2,centrality
814,0.6931471805599453,0.71603733,train,p40,dataset_2,centrality
70,0.6931471805599453,0.71603733,train,p40,dataset_2,centrality
1053,0.6931471805599453,0.71603733,train,p40,dataset_2,centrality
26,0.6931471805599453,0.71603733,train,p40,dataset_2,centrality
438,0.6931471805599453,0.71603733,train,p40,dataset_2,centrality
1151,0.6931471805599453,0.71603733,train,p40,dataset_2,centrality
665,1.3862943611198906,0.84900934,train,p40,dataset_2,centrality
609,0.6931471805599453,0.71603733,train,p40,dataset_2,centrality
1205,0.6931471805599453,0.71603733,train,p40,dataset_2,centrality
1126,0.6931471805599453,0.78399783,train,p40,dataset_2,centrality
932,0.6931471805599453,0.71603733,train,p40,dataset_2,centrality
725,1.0986122886681098,1.5445235,train,p40,dataset_2,centrality
1233,0.6931471805599453,0.71603733,train,p40,dataset_2,centrality
349,0.6931471805599453,0.71603733,train,p40,dataset_2,centrality
753,0.6931471805599453,0.71603733,train,p40,dataset_2,centrality
899,0.6931471805599453,0.71603733,train,p40,dataset_2,centrality
588,1.0986122886681098,0.71603733,train,p40,dataset_2,centrality
962,0.6931471805599453,0.71603733,train,p40,dataset_2,centrality
1075,0.6931471805599453,0.71603733,train,p40,dataset_2,centrality
664,0.6931471805599453,0.71603733,train,p40,dataset_2,centrality
1085,0.6931471805599453,0.71603733,train,p40,dataset_2,centrality
1414,0.6931471805599453,0.71603733,train,p40,dataset_2,centrality
287,0.6931471805599453,0.71603733,train,p40,dataset_2,centrality
1193,0.6931471805599453,0.71603733,train,p40,dataset_2,centrality
264,0.6931471805599453,0.71603733,train,p40,dataset_2,centrality
811,0.6931471805599453,0.71603733,train,p40,dataset_2,centrality
750,1.3862943611198906,0.78104895,train,p40,dataset_2,centrality
996,0.6931471805599453,0.71603733,train,p40,dataset_2,centrality
715,2.302585092994046,2.8501964,train,p40,dataset_2,centrality
907,0.6931471805599453,0.71603733,train,p40,dataset_2,centrality
1361,0.6931471805599453,0.71603733,train,p40,dataset_2,centrality
989,0.6931471805599453,0.71603733,train,p40,dataset_2,centrality
756,0.6931471805599453,0.71603733,train,p40,dataset_2,centrality
1180,1.3862943611198906,1.1932975,train,p40,dataset_2,centrality
422,0.6931471805599453,0.71603733,train,p40,dataset_2,centrality
782,0.6931471805599453,0.71603733,train,p40,dataset_2,centrality
64,0.6931471805599453,0.71603733,train,p40,dataset_2,centrality
6,0.6931471805599453,0.71603733,train,p40,dataset_2,centrality
1156,0.6931471805599453,0.71603733,train,p40,dataset_2,centrality
1122,1.0986122886681098,0.71603733,train,p40,dataset_2,centrality
423,0.6931471805599453,0.71603733,train,p40,dataset_2,centrality
658,1.0986122886681098,0.84900934,train,p40,dataset_2,centrality
813,1.0986122886681098,0.71603733,train,p40,dataset_2,centrality
73,0.6931471805599453,0.71603733,train,p40,dataset_2,centrality
829,0.6931471805599453,0.71603733,train,p40,dataset_2,centrality
637,1.9459101490553132,1.6061119,train,p40,dataset_2,centrality
496,0.6931471805599453,0.71603733,train,p40,dataset_2,centrality
578,0.6931471805599453,0.71603733,train,p40,dataset_2,centrality
157,0.6931471805599453,0.71603733,train,p40,dataset_2,centrality
555,0.6931471805599453,0.78104895,train,p40,dataset_2,centrality
257,2.833213344056216,1.4555163,train,p40,dataset_2,centrality
490,0.6931471805599453,0.71603733,train,p40,dataset_2,centrality
562,0.6931471805599453,0.71603733,validation,p40,dataset_2,centrality
57,0.6931471805599453,0.71603733,validation,p40,dataset_2,centrality
238,0.6931471805599453,0.94150215,validation,p40,dataset_2,centrality
985,0.6931471805599453,0.71603733,validation,p40,dataset_2,centrality
1433,0.6931471805599453,0.71603733,validation,p40,dataset_2,centrality
920,0.6931471805599453,0.71603733,validation,p40,dataset_2,centrality
478,0.6931471805599453,0.71603733,validation,p40,dataset_2,centrality
109,0.6931471805599453,0.71603733,validation,p40,dataset_2,centrality
790,0.6931471805599453,0.71603733,validation,p40,dataset_2,centrality
7,0.6931471805599453,0.71603733,validation,p40,dataset_2,centrality
42,0.6931471805599453,0.71603733,validation,p40,dataset_2,centrality
1065,0.6931471805599453,0.71603733,validation,p40,dataset_2,centrality
332,0.6931471805599453,0.71603733,validation,p40,dataset_2,centrality
186,0.6931471805599453,0.71603733,validation,p40,dataset_2,centrality
406,0.6931471805599453,0.71603733,validation,p40,dataset_2,centrality
1329,0.6931471805599453,0.71603733,validation,p40,dataset_2,centrality
710,0.6931471805599453,0.71603733,validation,p40,dataset_2,centrality
45,0.6931471805599453,0.71603733,validation,p40,dataset_2,centrality
371,0.6931471805599453,0.71603733,validation,p40,dataset_2,centrality
567,0.6931471805599453,0.71603733,validation,p40,dataset_2,centrality
67,0.6931471805599453,0.71603733,validation,p40,dataset_2,centrality
713,4.007333185232471,3.4294274,validation,p40,dataset_2,centrality
845,0.6931471805599453,0.71603733,validation,p40,dataset_2,centrality
223,0.6931471805599453,0.71603733,validation,p40,dataset_2,centrality
428,0.6931471805599453,0.71603733,validation,p40,dataset_2,centrality
652,1.0986122886681098,0.84900934,validation,p40,dataset_2,centrality
163,0.6931471805599453,0.71603733,validation,p40,dataset_2,centrality
274,0.6931471805599453,0.71603733,validation,p40,dataset_2,centrality
393,1.0986122886681098,0.78104895,validation,p40,dataset_2,centrality
1289,0.6931471805599453,0.71603733,validation,p40,dataset_2,centrality
749,0.6931471805599453,0.71603733,validation,p40,dataset_2,centrality
225,0.6931471805599453,0.71603733,validation,p40,dataset_2,centrality
298,0.6931471805599453,0.71603733,validation,p40,dataset_2,centrality
625,2.5649493574615367,3.2053845,validation,p40,dataset_2,centrality
1231,0.6931471805599453,0.71603733,validation,p40,dataset_2,centrality
744,0.6931471805599453,0.78104895,validation,p40,dataset_2,centrality
269,0.6931471805599453,0.71603733,validation,p40,dataset_2,centrality
1072,0.6931471805599453,0.71603733,validation,p40,dataset_2,centrality
474,0.6931471805599453,0.71603733,validation,p40,dataset_2,centrality
1337,0.6931471805599453,0.71603733,validation,p40,dataset_2,centrality
454,0.6931471805599453,0.71603733,validation,p40,dataset_2,centrality
17,1.0986122886681098,0.71603733,validation,p40,dataset_2,centrality
859,0.6931471805599453,0.71603733,validation,p40,dataset_2,centrality
916,0.6931471805599453,0.71603733,validation,p40,dataset_2,centrality
1388,0.6931471805599453,0.71603733,validation,p40,dataset_2,centrality
0,0.6931471805599453,0.71603733,validation,p40,dataset_2,centrality
1244,0.6931471805599453,0.71603733,validation,p40,dataset_2,centrality
155,0.6931471805599453,0.71603733,validation,p40,dataset_2,centrality
1419,0.6931471805599453,0.71603733,validation,p40,dataset_2,centrality
684,0.6931471805599453,0.71603733,validation,p40,dataset_2,centrality
88,0.6931471805599453,0.71603733,validation,p40,dataset_2,centrality
1292,0.6931471805599453,0.71603733,validation,p40,dataset_2,centrality
1435,0.6931471805599453,0.71603733,validation,p40,dataset_2,centrality
195,0.6931471805599453,0.71603733,validation,p40,dataset_2,centrality
303,0.6931471805599453,0.71603733,validation,p40,dataset_2,centrality
857,0.6931471805599453,0.71603733,validation,p40,dataset_2,centrality
76,1.3862943611198906,1.3715365,validation,p40,dataset_2,centrality
1045,0.6931471805599453,0.71603733,validation,p40,dataset_2,centrality
1109,0.6931471805599453,0.71603733,validation,p40,dataset_2,centrality
1001,0.6931471805599453,0.71603733,validation,p40,dataset_2,centrality
1342,0.6931471805599453,0.71603733,validation,p40,dataset_2,centrality
1035,0.6931471805599453,0.71603733,validation,p40,dataset_2,centrality
1412,0.6931471805599453,0.71603733,validation,p40,dataset_2,centrality
698,0.6931471805599453,0.71603733,validation,p40,dataset_2,centrality
284,2.0794415416798357,1.5412625,validation,p40,dataset_2,centrality
852,0.6931471805599453,0.71603733,validation,p40,dataset_2,centrality
980,0.6931471805599453,0.71603733,validation,p40,dataset_2,centrality
1260,0.6931471805599453,0.71603733,validation,p40,dataset_2,centrality
46,0.6931471805599453,0.71603733,validation,p40,dataset_2,centrality
467,0.6931471805599453,0.71603733,validation,p40,dataset_2,centrality
214,1.3862943611198906,0.84900934,validation,p40,dataset_2,centrality
74,0.6931471805599453,0.71603733,validation,p40,dataset_2,centrality
881,0.6931471805599453,0.71603733,validation,p40,dataset_2,centrality
10,0.6931471805599453,0.71603733,validation,p40,dataset_2,centrality
617,0.6931471805599453,0.71603733,validation,p40,dataset_2,centrality
217,1.0986122886681098,0.78104895,validation,p40,dataset_2,centrality
1047,0.6931471805599453,0.71603733,validation,p40,dataset_2,centrality
1304,0.6931471805599453,0.71603733,validation,p40,dataset_2,centrality
167,0.6931471805599453,0.71603733,validation,p40,dataset_2,centrality
676,0.6931471805599453,0.71603733,validation,p40,dataset_2,centrality
1345,0.6931471805599453,0.71603733,validation,p40,dataset_2,centrality
520,0.6931471805599453,0.71603733,validation,p40,dataset_2,centrality
1294,0.6931471805599453,0.71603733,validation,p40,dataset_2,centrality
1298,0.6931471805599453,0.71603733,validation,p40,dataset_2,centrality
628,4.248495242049359,3.7507257,validation,p40,dataset_2,centrality
421,0.6931471805599453,0.71603733,validation,p40,dataset_2,centrality
1390,0.6931471805599453,0.71603733,validation,p40,dataset_2,centrality
352,0.6931471805599453,0.71603733,validation,p40,dataset_2,centrality
862,0.6931471805599453,0.71603733,validation,p40,dataset_2,centrality
409,0.6931471805599453,0.71603733,validation,p40,dataset_2,centrality
627,2.70805020110221,3.7507257,validation,p40,dataset_2,centrality
383,0.6931471805599453,0.71603733,validation,p40,dataset_2,centrality
1280,0.6931471805599453,0.71603733,validation,p40,dataset_2,centrality
723,0.6931471805599453,0.99281484,validation,p40,dataset_2,centrality
558,0.6931471805599453,0.78104895,validation,p40,dataset_2,centrality
534,0.6931471805599453,0.71603733,validation,p40,dataset_2,centrality
363,0.6931471805599453,0.71603733,validation,p40,dataset_2,centrality
1136,0.6931471805599453,0.71603733,validation,p40,dataset_2,centrality
382,0.6931471805599453,0.71603733,validation,p40,dataset_2,centrality
983,0.6931471805599453,0.71603733,validation,p40,dataset_2,centrality
261,0.6931471805599453,0.71603733,validation,p40,dataset_2,centrality
533,0.6931471805599453,0.71603733,validation,p40,dataset_2,centrality
456,0.6931471805599453,0.71603733,validation,p40,dataset_2,centrality
870,0.6931471805599453,0.71603733,validation,p40,dataset_2,centrality
144,0.6931471805599453,0.71603733,validation,p40,dataset_2,centrality
640,1.9459101490553132,1.6061119,validation,p40,dataset_2,centrality
529,0.6931471805599453,0.78104895,validation,p40,dataset_2,centrality
461,0.6931471805599453,0.71603733,validation,p40,dataset_2,centrality
340,1.0986122886681098,0.71603733,validation,p40,dataset_2,centrality
581,0.6931471805599453,0.71603733,validation,p40,dataset_2,centrality
1115,0.6931471805599453,0.71603733,validation,p40,dataset_2,centrality
1251,0.6931471805599453,0.71603733,validation,p40,dataset_2,centrality
584,0.6931471805599453,0.71603733,validation,p40,dataset_2,centrality
1249,0.6931471805599453,0.71603733,validation,p40,dataset_2,centrality
366,0.6931471805599453,0.71603733,validation,p40,dataset_2,centrality
951,0.6931471805599453,0.71603733,validation,p40,dataset_2,centrality
1307,0.6931471805599453,0.71603733,validation,p40,dataset_2,centrality
166,0.6931471805599453,0.71603733,validation,p40,dataset_2,centrality
275,0.6931471805599453,0.71603733,validation,p40,dataset_2,centrality
369,0.6931471805599453,0.71603733,validation,p40,dataset_2,centrality
1408,0.6931471805599453,0.71603733,validation,p40,dataset_2,centrality
268,1.9459101490553132,1.3715365,validation,p40,dataset_2,centrality
797,0.6931471805599453,0.71603733,validation,p40,dataset_2,centrality
900,0.6931471805599453,0.71603733,validation,p40,dataset_2,centrality
960,0.6931471805599453,0.71603733,validation,p40,dataset_2,centrality
720,2.302585092994046,1.6061119,validation,p40,dataset_2,centrality
883,0.6931471805599453,0.71603733,validation,p40,dataset_2,centrality
1350,0.6931471805599453,0.71603733,validation,p40,dataset_2,centrality
858,0.6931471805599453,0.71603733,validation,p40,dataset_2,centrality
1256,0.6931471805599453,0.71603733,validation,p40,dataset_2,centrality
913,0.6931471805599453,0.71603733,validation,p40,dataset_2,centrality
293,0.6931471805599453,0.71603733,validation,p40,dataset_2,centrality
579,0.6931471805599453,0.71603733,validation,p40,dataset_2,centrality
299,0.6931471805599453,0.71603733,validation,p40,dataset_2,centrality
875,0.6931471805599453,0.71603733,validation,p40,dataset_2,centrality
345,0.6931471805599453,0.71603733,validation,p40,dataset_2,centrality
1314,0.6931471805599453,0.71603733,validation,p40,dataset_2,centrality
851,0.6931471805599453,0.71603733,validation,p40,dataset_2,centrality
573,0.6931471805599453,0.71603733,validation,p40,dataset_2,centrality
521,0.6931471805599453,0.71603733,validation,p40,dataset_2,centrality
795,0.6931471805599453,0.71603733,validation,p40,dataset_2,centrality
209,1.3862943611198906,3.041224,validation,p40,dataset_2,centrality
250,0.6931471805599453,0.71603733,validation,p40,dataset_2,centrality
959,0.6931471805599453,0.71603733,validation,p40,dataset_2,centrality
764,0.6931471805599453,0.71603733,validation,p40,dataset_2,centrality
365,0.6931471805599453,0.71603733,validation,p40,dataset_2,centrality
173,0.6931471805599453,0.71603733,validation,p40,dataset_2,centrality
918,0.6931471805599453,0.71603733,validation,p40,dataset_2,centrality
69,0.6931471805599453,0.71603733,validation,p40,dataset_2,centrality
935,0.6931471805599453,0.71603733,validation,p40,dataset_2,centrality
689,0.6931471805599453,1.5412625,validation,p40,dataset_2,centrality
1396,0.6931471805599453,0.71603733,validation,p40,dataset_2,centrality
1367,0.6931471805599453,0.71603733,validation,p40,dataset_2,centrality
244,0.6931471805599453,0.71603733,validation,p40,dataset_2,centrality
172,0.6931471805599453,0.71603733,validation,p40,dataset_2,centrality
1017,0.6931471805599453,0.71603733,validation,p40,dataset_2,centrality
400,1.9459101490553132,1.5383292,validation,p40,dataset_2,centrality
596,2.0794415416798357,1.6061119,validation,p40,dataset_2,centrality
565,0.6931471805599453,0.71603733,validation,p40,dataset_2,centrality
1004,0.6931471805599453,0.71603733,validation,p40,dataset_2,centrality
838,1.0986122886681098,0.71603733,validation,p40,dataset_2,centrality
650,0.6931471805599453,0.84900934,validation,p40,dataset_2,centrality
458,0.6931471805599453,0.71603733,validation,p40,dataset_2,centrality
320,0.6931471805599453,0.71603733,validation,p40,dataset_2,centrality
1394,0.6931471805599453,0.71603733,validation,p40,dataset_2,centrality
942,0.6931471805599453,0.71603733,validation,p40,dataset_2,centrality
18,1.0986122886681098,0.71603733,validation,p40,dataset_2,centrality
939,0.6931471805599453,0.71603733,validation,p40,dataset_2,centrality
322,0.6931471805599453,0.71603733,validation,p40,dataset_2,centrality
305,0.6931471805599453,0.71603733,validation,p40,dataset_2,centrality
1050,0.6931471805599453,0.71603733,validation,p40,dataset_2,centrality
408,0.6931471805599453,0.71603733,validation,p40,dataset_2,centrality
801,0.6931471805599453,0.71603733,validation,p40,dataset_2,centrality
381,0.6931471805599453,0.71603733,validation,p40,dataset_2,centrality
143,0.6931471805599453,0.71603733,validation,p40,dataset_2,centrality
645,1.3862943611198906,1.6061119,validation,p40,dataset_2,centrality
145,0.6931471805599453,0.71603733,validation,p40,dataset_2,centrality
634,3.970291913552122,1.3878431,validation,p40,dataset_2,centrality
1291,0.6931471805599453,0.71603733,validation,p40,dataset_2,centrality
1407,0.6931471805599453,0.71603733,validation,p40,dataset_2,centrality
771,0.6931471805599453,0.71603733,validation,p40,dataset_2,centrality
777,0.6931471805599453,0.71603733,validation,p40,dataset_2,centrality
99,0.6931471805599453,0.71603733,validation,p40,dataset_2,centrality
302,0.6931471805599453,0.71603733,validation,p40,dataset_2,centrality
476,0.6931471805599453,0.71603733,validation,p40,dataset_2,centrality
286,0.6931471805599453,0.71603733,validation,p40,dataset_2,centrality
321,0.6931471805599453,0.71603733,validation,p40,dataset_2,centrality
815,0.6931471805599453,0.71603733,validation,p40,dataset_2,centrality
1376,0.6931471805599453,0.71603733,validation,p40,dataset_2,centrality
788,0.6931471805599453,0.71603733,validation,p40,dataset_2,centrality
1393,0.6931471805599453,0.71603733,validation,p40,dataset_2,centrality
198,0.6931471805599453,0.71603733,validation,p40,dataset_2,centrality
552,0.6931471805599453,1.0607749,validation,p40,dataset_2,centrality
339,0.6931471805599453,0.71603733,validation,p40,dataset_2,centrality
308,0.6931471805599453,0.71603733,validation,p40,dataset_2,centrality
682,0.6931471805599453,0.71603733,validation,p40,dataset_2,centrality
949,0.6931471805599453,0.71603733,validation,p40,dataset_2,centrality
1027,0.6931471805599453,0.71603733,validation,p40,dataset_2,centrality
912,0.6931471805599453,0.71603733,validation,p40,dataset_2,centrality
863,0.6931471805599453,0.71603733,validation,p40,dataset_2,centrality
600,0.6931471805599453,0.71603733,validation,p40,dataset_2,centrality
354,0.6931471805599453,0.71603733,validation,p40,dataset_2,centrality
1129,1.0986122886681098,0.78104895,validation,p40,dataset_2,centrality
1229,0.6931471805599453,0.71603733,validation,p40,dataset_2,centrality
1130,0.6931471805599453,0.94150215,validation,p40,dataset_2,centrality
1200,0.6931471805599453,0.71603733,validation,p40,dataset_2,centrality
53,0.6931471805599453,0.71603733,validation,p40,dataset_2,centrality
1213,0.6931471805599453,0.71603733,validation,p40,dataset_2,centrality
150,0.6931471805599453,0.71603733,validation,p40,dataset_2,centrality
28,0.6931471805599453,0.78399783,validation,p40,dataset_2,centrality
926,0.6931471805599453,0.71603733,validation,p40,dataset_2,centrality
1278,0.6931471805599453,0.71603733,validation,p40,dataset_2,centrality
50,0.6931471805599453,0.71603733,validation,p40,dataset_2,centrality
511,0.6931471805599453,0.71603733,validation,p40,dataset_2,centrality
1225,0.6931471805599453,0.71603733,validation,p40,dataset_2,centrality
1141,0.6931471805599453,0.71603733,validation,p40,dataset_2,centrality
1353,0.6931471805599453,0.90706867,validation,p40,dataset_2,centrality
702,0.6931471805599453,0.71603733,test,p40,dataset_2,centrality
849,0.6931471805599453,0.71603733,test,p40,dataset_2,centrality
229,0.6931471805599453,0.71603733,test,p40,dataset_2,centrality
1333,0.6931471805599453,0.71603733,test,p40,dataset_2,centrality
1120,0.6931471805599453,0.71603733,test,p40,dataset_2,centrality
65,0.6931471805599453,0.87649065,test,p40,dataset_2,centrality
545,0.6931471805599453,0.71603733,test,p40,dataset_2,centrality
1169,3.970291913552122,1.7790989,test,p40,dataset_2,centrality
1217,0.6931471805599453,0.71603733,test,p40,dataset_2,centrality
657,0.6931471805599453,0.84900934,test,p40,dataset_2,centrality
557,0.6931471805599453,0.71603733,test,p40,dataset_2,centrality
169,0.6931471805599453,0.71603733,test,p40,dataset_2,centrality
1174,1.3862943611198906,1.2603098,test,p40,dataset_2,centrality
971,0.6931471805599453,0.71603733,test,p40,dataset_2,centrality
1003,0.6931471805599453,0.71603733,test,p40,dataset_2,centrality
1250,0.6931471805599453,0.71603733,test,p40,dataset_2,centrality
425,0.6931471805599453,0.71603733,test,p40,dataset_2,centrality
1069,0.6931471805599453,0.71603733,test,p40,dataset_2,centrality
1093,0.6931471805599453,0.71603733,test,p40,dataset_2,centrality
1271,0.6931471805599453,0.71603733,test,p40,dataset_2,centrality
822,0.6931471805599453,0.71603733,test,p40,dataset_2,centrality
101,0.6931471805599453,0.71603733,test,p40,dataset_2,centrality
930,0.6931471805599453,0.71603733,test,p40,dataset_2,centrality
309,0.6931471805599453,0.71603733,test,p40,dataset_2,centrality
1374,0.6931471805599453,0.71603733,test,p40,dataset_2,centrality
189,0.6931471805599453,0.71603733,test,p40,dataset_2,centrality
336,0.6931471805599453,0.71603733,test,p40,dataset_2,centrality
1411,0.6931471805599453,0.71603733,test,p40,dataset_2,centrality
358,0.6931471805599453,0.71603733,test,p40,dataset_2,centrality
1132,0.6931471805599453,0.71603733,test,p40,dataset_2,centrality
364,0.6931471805599453,0.71603733,test,p40,dataset_2,centrality
706,0.6931471805599453,0.71603733,test,p40,dataset_2,centrality
412,0.6931471805599453,0.71603733,test,p40,dataset_2,centrality
803,0.6931471805599453,0.71603733,test,p40,dataset_2,centrality
760,0.6931471805599453,0.71603733,test,p40,dataset_2,centrality
1092,0.6931471805599453,0.71603733,test,p40,dataset_2,centrality
1406,0.6931471805599453,0.71603733,test,p40,dataset_2,centrality
1002,0.6931471805599453,0.71603733,test,p40,dataset_2,centrality
965,0.6931471805599453,0.71603733,test,p40,dataset_2,centrality
1272,0.6931471805599453,0.71603733,test,p40,dataset_2,centrality
115,0.6931471805599453,0.71603733,test,p40,dataset_2,centrality
192,0.6931471805599453,0.71603733,test,p40,dataset_2,centrality
1431,0.6931471805599453,0.71603733,test,p40,dataset_2,centrality
878,1.0986122886681098,0.71603733,test,p40,dataset_2,centrality
420,0.6931471805599453,0.71603733,test,p40,dataset_2,centrality
1268,0.6931471805599453,0.71603733,test,p40,dataset_2,centrality
90,0.6931471805599453,0.71603733,test,p40,dataset_2,centrality
215,0.6931471805599453,0.71603733,test,p40,dataset_2,centrality
1148,0.6931471805599453,0.71603733,test,p40,dataset_2,centrality
351,0.6931471805599453,0.71603733,test,p40,dataset_2,centrality
879,0.6931471805599453,0.71603733,test,p40,dataset_2,centrality
853,0.6931471805599453,0.71603733,test,p40,dataset_2,centrality
952,0.6931471805599453,0.71603733,test,p40,dataset_2,centrality
945,0.6931471805599453,0.71603733,test,p40,dataset_2,centrality
290,0.6931471805599453,0.71603733,test,p40,dataset_2,centrality
1153,0.6931471805599453,0.71603733,test,p40,dataset_2,centrality
707,0.6931471805599453,0.71603733,test,p40,dataset_2,centrality
411,0.6931471805599453,0.71603733,test,p40,dataset_2,centrality
1326,0.6931471805599453,0.84900934,test,p40,dataset_2,centrality
1055,0.6931471805599453,0.71603733,test,p40,dataset_2,centrality
536,0.6931471805599453,0.71603733,test,p40,dataset_2,centrality
1320,1.0986122886681098,1.2166035,test,p40,dataset_2,centrality
709,0.6931471805599453,0.71603733,test,p40,dataset_2,centrality
1127,0.6931471805599453,0.78399783,test,p40,dataset_2,centrality
338,0.6931471805599453,0.71603733,test,p40,dataset_2,centrality
1028,0.6931471805599453,0.71603733,test,p40,dataset_2,centrality
869,0.6931471805599453,0.71603733,test,p40,dataset_2,centrality
242,3.258096538021482,1.2857903,test,p40,dataset_2,centrality
285,1.6094379124341005,1.6061119,test,p40,dataset_2,centrality
434,0.6931471805599453,0.71603733,test,p40,dataset_2,centrality
436,0.6931471805599453,0.71603733,test,p40,dataset_2,centrality
497,0.6931471805599453,0.71603733,test,p40,dataset_2,centrality
731,0.6931471805599453,0.94150215,test,p40,dataset_2,centrality
865,0.6931471805599453,0.71603733,test,p40,dataset_2,centrality
21,0.6931471805599453,0.71603733,test,p40,dataset_2,centrality
200,0.6931471805599453,0.71603733,test,p40,dataset_2,centrality
1097,0.6931471805599453,0.71603733,test,p40,dataset_2,centrality
1046,0.6931471805599453,0.71603733,test,p40,dataset_2,centrality
1313,0.6931471805599453,0.71603733,test,p40,dataset_2,centrality
691,1.0986122886681098,1.2857903,test,p40,dataset_2,centrality
226,0.6931471805599453,0.71603733,test,p40,dataset_2,centrality
1305,0.6931471805599453,0.71603733,test,p40,dataset_2,centrality
1425,0.6931471805599453,0.71603733,test,p40,dataset_2,centrality
724,1.3862943611198906,0.94150215,test,p40,dataset_2,centrality
602,0.6931471805599453,0.71603733,test,p40,dataset_2,centrality
587,0.6931471805599453,0.71603733,test,p40,dataset_2,centrality
125,0.6931471805599453,0.71603733,test,p40,dataset_2,centrality
258,0.6931471805599453,0.71603733,test,p40,dataset_2,centrality
1164,1.0986122886681098,0.78104895,test,p40,dataset_2,centrality
245,0.6931471805599453,0.71603733,test,p40,dataset_2,centrality
601,0.6931471805599453,0.71603733,test,p40,dataset_2,centrality
905,0.6931471805599453,0.71603733,test,p40,dataset_2,centrality
603,0.6931471805599453,0.71603733,test,p40,dataset_2,centrality
909,0.6931471805599453,0.71603733,test,p40,dataset_2,centrality
124,0.6931471805599453,0.71603733,test,p40,dataset_2,centrality
440,0.6931471805599453,0.71603733,test,p40,dataset_2,centrality
41,0.6931471805599453,0.71603733,test,p40,dataset_2,centrality
868,0.6931471805599453,0.71603733,test,p40,dataset_2,centrality
204,0.6931471805599453,0.71603733,test,p40,dataset_2,centrality
666,0.6931471805599453,0.71603733,test,p40,dataset_2,centrality
837,0.6931471805599453,0.71603733,test,p40,dataset_2,centrality
1336,0.6931471805599453,0.71603733,test,p40,dataset_2,centrality
205,0.6931471805599453,0.71603733,test,p40,dataset_2,centrality
957,0.6931471805599453,0.71603733,test,p40,dataset_2,centrality
1183,0.6931471805599453,0.71603733,test,p40,dataset_2,centrality
821,0.6931471805599453,0.71603733,test,p40,dataset_2,centrality
417,0.6931471805599453,0.71603733,test,p40,dataset_2,centrality
526,0.6931471805599453,0.71603733,test,p40,dataset_2,centrality
934,0.6931471805599453,0.71603733,test,p40,dataset_2,centrality
561,0.6931471805599453,0.71603733,test,p40,dataset_2,centrality
1135,0.6931471805599453,0.71603733,test,p40,dataset_2,centrality
137,0.6931471805599453,0.71603733,test,p40,dataset_2,centrality
1359,0.6931471805599453,0.71603733,test,p40,dataset_2,centrality
755,0.6931471805599453,0.71603733,test,p40,dataset_2,centrality
1166,3.091042453358316,3.4294274,test,p40,dataset_2,centrality
772,0.6931471805599453,0.71603733,test,p40,dataset_2,centrality
1025,0.6931471805599453,0.71603733,test,p40,dataset_2,centrality
708,0.6931471805599453,0.71603733,test,p40,dataset_2,centrality
799,0.6931471805599453,0.71603733,test,p40,dataset_2,centrality
1114,0.6931471805599453,0.71603733,test,p40,dataset_2,centrality
397,3.332204510175204,3.1606135,test,p40,dataset_2,centrality
1384,0.6931471805599453,0.78104895,test,p40,dataset_2,centrality
686,0.6931471805599453,0.71603733,test,p40,dataset_2,centrality
489,0.6931471805599453,0.71603733,test,p40,dataset_2,centrality
146,0.6931471805599453,0.71603733,test,p40,dataset_2,centrality
435,0.6931471805599453,0.78104895,test,p40,dataset_2,centrality
1218,0.6931471805599453,0.71603733,test,p40,dataset_2,centrality
1282,0.6931471805599453,0.71603733,test,p40,dataset_2,centrality
1362,0.6931471805599453,0.71603733,test,p40,dataset_2,centrality
1240,0.6931471805599453,0.71603733,test,p40,dataset_2,centrality
314,0.6931471805599453,0.71603733,test,p40,dataset_2,centrality
1364,0.6931471805599453,0.71603733,test,p40,dataset_2,centrality
522,0.6931471805599453,0.71603733,test,p40,dataset_2,centrality
1031,0.6931471805599453,0.71603733,test,p40,dataset_2,centrality
937,0.6931471805599453,0.71603733,test,p40,dataset_2,centrality
577,0.6931471805599453,0.71603733,test,p40,dataset_2,centrality
1328,0.6931471805599453,0.71603733,test,p40,dataset_2,centrality
1049,0.6931471805599453,0.71603733,test,p40,dataset_2,centrality
825,0.6931471805599453,0.71603733,test,p40,dataset_2,centrality
773,0.6931471805599453,0.71603733,test,p40,dataset_2,centrality
475,0.6931471805599453,0.71603733,test,p40,dataset_2,centrality
263,0.6931471805599453,0.71603733,test,p40,dataset_2,centrality
203,0.6931471805599453,0.71603733,test,p40,dataset_2,centrality
35,0.6931471805599453,0.71603733,test,p40,dataset_2,centrality
1197,0.6931471805599453,0.71603733,test,p40,dataset_2,centrality
430,0.6931471805599453,0.71603733,test,p40,dataset_2,centrality
928,0.6931471805599453,0.71603733,test,p40,dataset_2,centrality
1392,0.6931471805599453,0.71603733,test,p40,dataset_2,centrality
1096,0.6931471805599453,0.71603733,test,p40,dataset_2,centrality
508,0.6931471805599453,0.71603733,test,p40,dataset_2,centrality
1140,0.6931471805599453,0.71603733,test,p40,dataset_2,centrality
604,0.6931471805599453,0.71603733,test,p40,dataset_2,centrality
1410,0.6931471805599453,0.71603733,test,p40,dataset_2,centrality
703,0.6931471805599453,0.71603733,test,p40,dataset_2,centrality
757,0.6931471805599453,0.71603733,test,p40,dataset_2,centrality
14,0.6931471805599453,0.71603733,test,p40,dataset_2,centrality
543,0.6931471805599453,0.71603733,test,p40,dataset_2,centrality
783,0.6931471805599453,0.71603733,test,p40,dataset_2,centrality
1034,0.6931471805599453,0.71603733,test,p40,dataset_2,centrality
889,0.6931471805599453,0.71603733,test,p40,dataset_2,centrality
518,0.6931471805599453,0.71603733,test,p40,dataset_2,centrality
1211,0.6931471805599453,0.71603733,test,p40,dataset_2,centrality
493,0.6931471805599453,0.71603733,test,p40,dataset_2,centrality
593,0.6931471805599453,0.71603733,test,p40,dataset_2,centrality
396,1.3862943611198906,1.6061119,test,p40,dataset_2,centrality
1101,0.6931471805599453,0.71603733,test,p40,dataset_2,centrality
316,0.6931471805599453,0.71603733,test,p40,dataset_2,centrality
500,0.6931471805599453,0.71603733,test,p40,dataset_2,centrality
13,0.6931471805599453,0.71603733,test,p40,dataset_2,centrality
94,0.6931471805599453,0.78104895,test,p40,dataset_2,centrality
1181,1.6094379124341005,0.71603733,test,p40,dataset_2,centrality
1424,0.6931471805599453,0.71603733,test,p40,dataset_2,centrality
914,0.6931471805599453,0.71603733,test,p40,dataset_2,centrality
1192,0.6931471805599453,0.71603733,test,p40,dataset_2,centrality
793,0.6931471805599453,0.71603733,test,p40,dataset_2,centrality
133,0.6931471805599453,0.71603733,test,p40,dataset_2,centrality
149,0.6931471805599453,0.71603733,test,p40,dataset_2,centrality
20,0.6931471805599453,0.71603733,test,p40,dataset_2,centrality
270,0.6931471805599453,0.71603733,test,p40,dataset_2,centrality
300,0.6931471805599453,0.71603733,test,p40,dataset_2,centrality
418,1.0986122886681098,0.78399783,test,p40,dataset_2,centrality
840,0.6931471805599453,0.71603733,test,p40,dataset_2,centrality
1321,1.6094379124341005,1.6061119,test,p40,dataset_2,centrality
424,0.6931471805599453,0.71603733,test,p40,dataset_2,centrality
1303,0.6931471805599453,0.71603733,test,p40,dataset_2,centrality
735,0.6931471805599453,0.71603733,test,p40,dataset_2,centrality
816,0.6931471805599453,0.71603733,test,p40,dataset_2,centrality
1224,0.6931471805599453,0.71603733,test,p40,dataset_2,centrality
1358,1.6094379124341005,1.6061119,test,p40,dataset_2,centrality
1214,0.6931471805599453,0.71603733,test,p40,dataset_2,centrality
1168,1.6094379124341005,1.4587773,test,p40,dataset_2,centrality
213,1.0986122886681098,1.1932975,test,p40,dataset_2,centrality
944,0.6931471805599453,0.71603733,test,p40,dataset_2,centrality
776,0.6931471805599453,0.71603733,test,p40,dataset_2,centrality
190,0.6931471805599453,0.71603733,test,p40,dataset_2,centrality
1235,0.6931471805599453,0.71603733,test,p40,dataset_2,centrality
1029,0.6931471805599453,0.71603733,test,p40,dataset_2,centrality
1242,0.6931471805599453,0.71603733,test,p40,dataset_2,centrality
164,0.6931471805599453,0.71603733,test,p40,dataset_2,centrality
671,0.6931471805599453,0.71603733,test,p40,dataset_2,centrality
668,1.3862943611198906,1.2166035,test,p40,dataset_2,centrality
452,0.6931471805599453,0.71603733,test,p40,dataset_2,centrality
721,2.772588722239781,2.817181,test,p40,dataset_2,centrality
237,1.6094379124341005,1.2857903,test,p40,dataset_2,centrality
1395,0.6931471805599453,0.71603733,test,p40,dataset_2,centrality
1,0.6931471805599453,0.71603733,test,p40,dataset_2,centrality
850,0.6931471805599453,0.71603733,test,p40,dataset_2,centrality
1104,0.6931471805599453,0.71603733,test,p40,dataset_2,centrality
1241,0.6931471805599453,0.71603733,test,p40,dataset_2,centrality
1086,0.6931471805599453,0.78399783,test,p40,dataset_2,centrality
843,0.6931471805599453,0.71603733,test,p40,dataset_2,centrality
649,0.6931471805599453,0.84900934,test,p40,dataset_2,centrality
616,0.6931471805599453,0.71603733,test,p40,dataset_2,centrality
1159,0.6931471805599453,0.71603733,test,p40,dataset_2,centrality
297,0.6931471805599453,0.71603733,test,p40,dataset_2,centrality
1275,0.6931471805599453,0.71603733,test,p40,dataset_2,centrality
98,0.6931471805599453,0.71603733,test,p40,dataset_2,centrality
