bank_id,split,log_systemic_risk_label,centrality_pred,embedding_pred,average_pred,stacked_pred,dataset,p
413,test,0.6931471805599453,0.7043617,0.7135328,0.70894725,0.7110939350841416,dataset_2,p0
316,test,0.6931471805599453,0.7043617,0.69485974,0.6996107199999999,0.6990105851167201,dataset_2,p0
1034,test,0.6931471805599453,0.7043617,0.7010454,0.7027035500000001,0.7030133299565847,dataset_2,p0
65,test,0.6931471805599453,0.7043617,0.6970824,0.70072205,0.7004488699312384,dataset_2,p0
1024,test,0.6931471805599453,0.7043617,0.6954402,0.69990095,0.6993862011819011,dataset_2,p0
661,test,0.6931471805599453,0.7043617,0.7678032,0.73608245,0.7462123482457744,dataset_2,p0
175,test,0.6931471805599453,0.7043617,0.6961255,0.7002436,0.6998296592831804,dataset_2,p0
824,test,0.6931471805599453,0.7043617,0.6773099,0.6908358,0.6876540715837344,dataset_2,p0
649,test,0.6931471805599453,0.755409,0.71123374,0.73332137,0.7262508879596321,dataset_2,p0
231,test,0.6931471805599453,0.7043617,0.71405196,0.7092068300000001,0.7114298838771669,dataset_2,p0
198,test,0.6931471805599453,0.7043617,0.6804681,0.6924148999999999,0.6896977449756215,dataset_2,p0
845,test,0.6931471805599453,0.7043617,0.69584465,0.700103175,0.6996479210550405,dataset_2,p0
1108,test,0.6931471805599453,0.7043617,0.6800153,0.6921885,0.689404737784232,dataset_2,p0
1394,test,0.6931471805599453,0.7043617,0.7364341,0.7203979,0.7259133820633145,dataset_2,p0
358,test,0.6931471805599453,0.7043617,0.69850945,0.701435575,0.7013723149676175,dataset_2,p0
1088,test,2.0794415416798357,1.0159094,1.083992,1.0499507000000001,1.0524027624553423,dataset_2,p0
394,test,3.332204510175204,2.7438848,2.4790797,2.61148225,2.518595183023127,dataset_2,p0
275,test,0.6931471805599453,0.7043617,0.6791754,0.6917685499999999,0.6888612379166346,dataset_2,p0
782,test,0.6931471805599453,0.7043617,0.71001554,0.7071886199999999,0.7088179137193299,dataset_2,p0
715,test,1.791759469228055,2.1702058,2.0327256,2.1014657000000003,2.042703188126969,dataset_2,p0
239,test,0.6931471805599453,0.755409,0.8111316,0.7832703,0.7908948618651671,dataset_2,p0
240,test,1.9459101490553132,1.7108558,1.8864746,1.7986651999999999,1.7982866628365581,dataset_2,p0
420,test,0.6931471805599453,0.7043617,0.71646583,0.710413765,0.7129919008141798,dataset_2,p0
1259,test,0.6931471805599453,0.7043617,0.69500697,0.6996843349999999,0.6991058577509699,dataset_2,p0
986,test,0.6931471805599453,0.7043617,0.6604959,0.6824288000000001,0.6767737206207842,dataset_2,p0
752,test,0.6931471805599453,0.7043617,0.70341814,0.70388992,0.7045487316423127,dataset_2,p0
590,test,0.6931471805599453,0.755409,0.6963036,0.7258563,0.7165895840982083,dataset_2,p0
1398,test,0.6931471805599453,0.7043617,0.6753814,0.68987155,0.6864061379075093,dataset_2,p0
51,test,0.6931471805599453,0.7043617,0.69539714,0.69987942,0.6993583370262889,dataset_2,p0
680,test,0.6931471805599453,0.7043617,0.7063174,0.7053395499999999,0.7064248447821273,dataset_2,p0
374,test,0.6931471805599453,0.7043617,0.6544522,0.67940695,0.6728628381945453,dataset_2,p0
168,test,0.6931471805599453,0.7043617,0.6947161,0.6995389,0.6989176355739392,dataset_2,p0
244,test,0.6931471805599453,0.7043617,0.68526804,0.69481487,0.6928037894505295,dataset_2,p0
585,test,0.6931471805599453,0.7043617,0.7086495,0.7065056000000001,0.7079339482959073,dataset_2,p0
1412,test,0.6931471805599453,0.7043617,0.7317554,0.71805855,0.722885792075783,dataset_2,p0
598,test,0.6931471805599453,1.0159094,0.74341583,0.879662615,0.8320156886348717,dataset_2,p0
49,test,0.6931471805599453,0.7043617,0.70510936,0.70473553,0.7056431212673608,dataset_2,p0
462,test,0.6931471805599453,0.7043617,0.68872464,0.69654317,0.6950405576876255,dataset_2,p0
1223,test,0.6931471805599453,0.7043617,0.6611507,0.6827562,0.6771974421510887,dataset_2,p0
29,test,0.6931471805599453,0.90298617,0.873245,0.888115585,0.8792080573057267,dataset_2,p0
192,test,0.6931471805599453,0.7043617,0.6895895,0.6969756,0.6956002091883878,dataset_2,p0
922,test,0.6931471805599453,0.7043617,0.7275678,0.7159647499999999,0.7201759932359798,dataset_2,p0
1434,test,0.6931471805599453,0.7043617,0.69228005,0.6983208750000001,0.6973412659436731,dataset_2,p0
621,test,0.6931471805599453,0.7043617,0.7288115,0.7165866,0.7209807923612696,dataset_2,p0
1027,test,0.6931471805599453,0.7043617,0.7133695,0.7088656,0.7109882635418406,dataset_2,p0
730,test,0.6931471805599453,0.7043617,0.88902247,0.796692085,0.8246534212249953,dataset_2,p0
67,test,0.6931471805599453,0.7043617,0.6616348,0.68299825,0.6775107035940031,dataset_2,p0
1313,test,0.6931471805599453,0.7043617,0.6903311,0.6973464,0.6960800990583845,dataset_2,p0
527,test,0.6931471805599453,0.7043617,0.69668293,0.700522315,0.7001903726195238,dataset_2,p0
812,test,0.6931471805599453,0.7043617,0.7038002,0.70408095,0.7047959629310545,dataset_2,p0
1261,test,0.6931471805599453,0.7043617,0.69502044,0.69969107,0.6991145741972331,dataset_2,p0
741,test,1.3862943611198906,0.755409,0.847208,0.8013085,0.8142399251148267,dataset_2,p0
1227,test,0.6931471805599453,0.7043617,0.6946981,0.6995298999999999,0.6989059877615607,dataset_2,p0
261,test,0.6931471805599453,0.7043617,0.70329404,0.70382787,0.7044684264469694,dataset_2,p0
836,test,0.6931471805599453,0.7043617,0.6748717,0.6896167,0.6860763106869897,dataset_2,p0
123,test,0.6931471805599453,0.7043617,0.7554501,0.7299059,0.7382186487405752,dataset_2,p0
1384,test,0.6931471805599453,0.755409,0.8621236,0.8087663,0.8238918201322515,dataset_2,p0
605,test,0.6931471805599453,0.7043617,0.65306556,0.6787136300000001,0.6719655424969561,dataset_2,p0
973,test,0.6931471805599453,0.7043617,0.67934644,0.69185407,0.6889719180182584,dataset_2,p0
594,test,0.6931471805599453,0.7043617,0.68965244,0.69700707,0.6956409377056716,dataset_2,p0
184,test,0.6931471805599453,0.7043617,0.65167,0.67801585,0.6710624746612325,dataset_2,p0
946,test,0.6931471805599453,0.7043617,0.7326969,0.7185292999999999,0.7234950373732504,dataset_2,p0
888,test,0.6931471805599453,0.7043617,0.6920974,0.69822955,0.6972230730030651,dataset_2,p0
141,test,0.6931471805599453,0.7043617,0.6949177,0.6996397,0.699048091072579,dataset_2,p0
964,test,0.6931471805599453,0.7043617,0.6960652,0.70021345,0.6997906391117122,dataset_2,p0
816,test,0.6931471805599453,0.7043617,0.6780051,0.6911834,0.6881039359818218,dataset_2,p0
1239,test,0.6931471805599453,0.7043617,0.67928755,0.691824625,0.6889338102587599,dataset_2,p0
44,test,0.6931471805599453,0.7043617,0.6944405,0.6994011,0.6987392946244098,dataset_2,p0
799,test,0.6931471805599453,0.7043617,0.7026515,0.7035066,0.704052638371096,dataset_2,p0
566,test,0.6931471805599453,0.7043617,0.69432783,0.699344765,0.6986663857899268,dataset_2,p0
1144,test,0.6931471805599453,0.7043617,0.6621027,0.6832322,0.677813482005777,dataset_2,p0
802,test,0.6931471805599453,0.7043617,0.6571963,0.680779,0.6746385471916566,dataset_2,p0
1030,test,0.6931471805599453,0.7043617,0.69489324,0.69962747,0.699032262989758,dataset_2,p0
76,test,1.0986122886681098,1.1473119,1.0277994,1.08755565,1.0588860897110774,dataset_2,p0
361,test,0.6931471805599453,0.7043617,0.6655104,0.6849360499999999,0.6800186070192445,dataset_2,p0
1333,test,0.6931471805599453,0.7043617,0.69438756,0.69937463,0.698705037114003,dataset_2,p0
270,test,0.6931471805599453,0.7043617,0.6998092,0.70208545,0.7022133840864527,dataset_2,p0
1098,test,0.6931471805599453,0.7043617,0.70650446,0.7054330799999999,0.706545891436768,dataset_2,p0
1197,test,0.6931471805599453,0.7043617,0.68331313,0.693837415,0.6915387658451423,dataset_2,p0
1036,test,0.6931471805599453,0.7043617,0.70831966,0.70634068,0.707720508605077,dataset_2,p0
1039,test,0.6931471805599453,0.7043617,0.7087647,0.7065632,0.70800849429513,dataset_2,p0
78,test,0.6931471805599453,0.755409,0.75379455,0.754601775,0.753792017379606,dataset_2,p0
745,test,0.6931471805599453,0.755409,0.71869457,0.737051785,0.7310787961834283,dataset_2,p0
271,test,0.6931471805599453,0.7043617,0.64089596,0.6726288300000001,0.6640905859679493,dataset_2,p0
575,test,0.6931471805599453,0.7043617,0.6830077,0.6936846999999999,0.6913411218820987,dataset_2,p0
1285,test,0.6931471805599453,0.7043617,0.73614824,0.72025497,0.7257284018607293,dataset_2,p0
1023,test,0.6931471805599453,0.7043617,0.69977903,0.702070365,0.7021938610587048,dataset_2,p0
651,test,0.6931471805599453,0.755409,0.7973621,0.77638555,0.7819846089459127,dataset_2,p0
70,test,0.6931471805599453,0.7043617,0.5672699,0.6358158,0.6164471119094724,dataset_2,p0
15,test,0.6931471805599453,0.7043617,0.72028506,0.71232338,0.7154633271736558,dataset_2,p0
1438,test,0.6931471805599453,0.7043617,0.67188406,0.68812288,0.6841430067883963,dataset_2,p0
351,test,0.6931471805599453,0.7043617,0.6937946,0.6990781500000001,0.6983213322902257,dataset_2,p0
115,test,0.6931471805599453,0.7043617,0.6754427,0.6899021999999999,0.6864458051796651,dataset_2,p0
303,test,0.6931471805599453,0.7043617,0.70397377,0.704167735,0.7049082801974182,dataset_2,p0
1075,test,0.6931471805599453,0.7043617,0.6695447,0.6869532,0.6826292053236237,dataset_2,p0
796,test,0.6931471805599453,0.7043617,0.6792612,0.69181145,0.688916759155639,dataset_2,p0
528,test,0.6931471805599453,0.7043617,0.69380474,0.69908322,0.698327893891199,dataset_2,p0
901,test,0.6931471805599453,0.7043617,0.6809424,0.69265205,0.6900046648317965,dataset_2,p0
479,test,0.6931471805599453,0.7043617,0.81369615,0.759028925,0.7759097077512535,dataset_2,p0
905,test,0.6931471805599453,0.7043617,0.6872151,0.6957884,0.6940637333155183,dataset_2,p0
415,test,0.6931471805599453,0.755409,0.7404411,0.74792505,0.7451509907014683,dataset_2,p0
711,test,0.6931471805599453,0.7043617,0.6853945,0.6948780999999999,0.6928856218034958,dataset_2,p0
309,test,0.6931471805599453,0.7043617,0.77048206,0.73742188,0.7479458403940205,dataset_2,p0
1053,test,0.6931471805599453,0.7043617,0.68393445,0.694148075,0.6919408224444226,dataset_2,p0
788,test,0.6931471805599453,0.7043617,0.69330287,0.6988322849999999,0.6980031334690641,dataset_2,p0
1236,test,0.6931471805599453,0.7043617,0.64477634,0.67456902,0.6666015825344779,dataset_2,p0
887,test,0.6931471805599453,0.7043617,0.69693303,0.700647365,0.700352212501517,dataset_2,p0
1399,test,0.6931471805599453,0.7043617,0.6840906,0.69422615,0.6920418672168066,dataset_2,p0
1068,test,0.6931471805599453,0.7043617,0.6940156,0.69918865,0.6984643415422069,dataset_2,p0
478,test,0.6931471805599453,0.7043617,0.6983274,0.70134455,0.7012545102874221,dataset_2,p0
999,test,0.6931471805599453,0.7043617,0.69373095,0.699046325,0.6982801443314537,dataset_2,p0
873,test,0.6931471805599453,0.7043617,0.6941961,0.6992788999999999,0.6985811432163364,dataset_2,p0
818,test,0.6931471805599453,0.7043617,0.75802624,0.73119397,0.7398856707061808,dataset_2,p0
1090,test,1.791759469228055,1.0159094,1.2747132,1.1453113,1.1758185821338851,dataset_2,p0
757,test,0.6931471805599453,0.7043617,0.72962475,0.716993225,0.7215070469955398,dataset_2,p0
1031,test,0.6931471805599453,0.7043617,0.6945262,0.69944395,0.6987947511533454,dataset_2,p0
322,test,0.6931471805599453,0.7043617,0.6958722,0.70011695,0.6996657486789867,dataset_2,p0
332,test,0.6931471805599453,0.7043617,0.6992649,0.7018133,0.7018611671821388,dataset_2,p0
567,test,0.6931471805599453,0.7043617,0.6653323,0.684847,0.6799033583867656,dataset_2,p0
892,test,0.6931471805599453,0.7043617,0.6957216,0.70004165,0.6995682953154193,dataset_2,p0
610,test,0.6931471805599453,0.7043617,0.6928537,0.6986076999999999,0.6977124752531709,dataset_2,p0
529,test,0.6931471805599453,0.755409,0.8616986,0.8085538,0.8236168023399799,dataset_2,p0
570,test,0.6931471805599453,0.7043617,0.6967703,0.700566,0.700246909806608,dataset_2,p0
429,test,0.6931471805599453,0.7043617,0.6843401,0.6943509,0.6922033188383873,dataset_2,p0
985,test,0.6931471805599453,0.7043617,0.6886966,0.6965291499999999,0.6950224129843425,dataset_2,p0
43,test,0.6931471805599453,0.7043617,0.66134024,0.6828509700000001,0.677320093615435,dataset_2,p0
497,test,0.6931471805599453,0.7043617,0.68211377,0.693237735,0.690762659164345,dataset_2,p0
451,test,0.6931471805599453,0.7043617,0.6994777,0.7019196999999999,0.7019988702084808,dataset_2,p0
1085,test,0.6931471805599453,0.7043617,0.694281,0.69932135,0.6986360820647219,dataset_2,p0
1423,test,0.6931471805599453,0.7043617,0.7096,0.70698085,0.708549017499564,dataset_2,p0
101,test,0.6931471805599453,0.7043617,0.6954721,0.6999169000000001,0.6994068436938388,dataset_2,p0
889,test,0.6931471805599453,0.7043617,0.6899742,0.69716795,0.6958491488229451,dataset_2,p0
289,test,0.6931471805599453,0.7043617,0.72116816,0.71276493,0.7160347817909617,dataset_2,p0
1006,test,0.6931471805599453,0.7043617,0.66096175,0.682661725,0.6770751724761482,dataset_2,p0
1443,test,0.6931471805599453,0.7043617,0.72430813,0.714334915,0.7180666585373121,dataset_2,p0
1308,test,0.6931471805599453,0.7043617,0.6984985,0.7014301000000001,0.7013652292150873,dataset_2,p0
1330,test,0.6931471805599453,0.7043617,0.8216996,0.7630306499999999,0.7810887457502081,dataset_2,p0
381,test,0.6931471805599453,0.7043617,0.69456315,0.699462425,0.6988186615237558,dataset_2,p0
847,test,0.6931471805599453,0.7043617,0.7681676,0.73626465,0.7464481517363715,dataset_2,p0
1057,test,0.6931471805599453,0.7043617,0.6600349,0.6821983,0.6764754072037555,dataset_2,p0
602,test,0.6931471805599453,0.7043617,0.69305825,0.698709975,0.6978448396988395,dataset_2,p0
898,test,0.6931471805599453,0.7043617,0.6204941,0.6624279,0.6508885283316358,dataset_2,p0
636,test,1.791759469228055,2.3009284,2.2666025,2.2837654499999998,2.2366689975410265,dataset_2,p0
665,test,1.0986122886681098,0.755409,1.012169,0.883789,0.9209863016581376,dataset_2,p0
588,test,1.0986122886681098,0.7043617,0.8223262,0.76334395,0.7814942190411196,dataset_2,p0
163,test,0.6931471805599453,0.7043617,0.6778083,0.691085,0.687976586566483,dataset_2,p0
32,test,0.6931471805599453,0.755409,0.879231,0.81732,0.8349620304369721,dataset_2,p0
619,test,0.6931471805599453,0.7043617,0.69226897,0.698315335,0.6973340960680534,dataset_2,p0
672,test,0.6931471805599453,0.7043617,0.65000904,0.67718537,0.669987666302994,dataset_2,p0
324,test,0.6931471805599453,0.7043617,0.71500707,0.709684385,0.7120479362149938,dataset_2,p0
382,test,0.6931471805599453,0.7043617,0.68646085,0.695411275,0.6935756576218223,dataset_2,p0
306,test,0.6931471805599453,0.7043617,0.6812134,0.69278755,0.6901800291181626,dataset_2,p0
1163,test,0.6931471805599453,0.7043617,0.69465494,0.6995083200000001,0.6988780588958796,dataset_2,p0
855,test,0.6931471805599453,0.7043617,0.7090596,0.70671065,0.7081993242879321,dataset_2,p0
722,test,1.0986122886681098,1.0159094,0.97226036,0.99408488,0.9801011413737433,dataset_2,p0
365,test,0.6931471805599453,0.7043617,0.68687046,0.69561608,0.6938407165345101,dataset_2,p0
423,test,0.6931471805599453,0.7043617,0.7067324,0.7055470500000001,0.7066933915675219,dataset_2,p0
933,test,0.6931471805599453,0.7043617,0.70655394,0.70545782,0.7065779099787953,dataset_2,p0
247,test,0.6931471805599453,0.7043617,0.6875584,0.69596005,0.694285882981605,dataset_2,p0
427,test,0.6931471805599453,0.755409,0.7206991,0.73805405,0.7323759289249391,dataset_2,p0
1380,test,0.6931471805599453,0.90298617,1.0867227,0.9948544349999999,1.0173496237838635,dataset_2,p0
543,test,0.6931471805599453,0.7043617,0.75620794,0.7302848200000001,0.7387090475257401,dataset_2,p0
218,test,0.6931471805599453,0.7043617,0.7465308,0.7254462500000001,0.7324469635767925,dataset_2,p0
864,test,0.6931471805599453,0.7043617,0.6792929,0.6918272999999999,0.6889372722474391,dataset_2,p0
274,test,0.6931471805599453,0.7043617,0.6435132,0.6739374499999999,0.6657842037718193,dataset_2,p0
628,test,3.5263605246161616,2.7438848,2.3878465,2.56586565,2.4595581165622593,dataset_2,p0
1237,test,0.6931471805599453,0.7043617,0.69168496,0.69802333,0.696956182795431,dataset_2,p0
1431,test,0.6931471805599453,0.7043617,0.6863891,0.6953754,0.6935292281474799,dataset_2,p0
63,test,0.6931471805599453,0.7043617,0.6816256,0.69299365,0.6904467640216316,dataset_2,p0
1178,test,0.6931471805599453,0.7043617,0.6782336,0.69129765,0.6882517984889608,dataset_2,p0
380,test,0.6931471805599453,0.7043617,0.7461357,0.7252487,0.7321912940950831,dataset_2,p0
1203,test,0.6931471805599453,0.7043617,0.6987548,0.7015582499999999,0.7015310811213442,dataset_2,p0
1235,test,0.6931471805599453,0.7043617,0.74537694,0.72486932,0.7317002999772856,dataset_2,p0
485,test,0.6931471805599453,0.7043617,0.7100694,0.7072155499999999,0.7088527665623693,dataset_2,p0
674,test,1.0986122886681098,0.7043617,0.8383213,0.7713415,0.7918446592509142,dataset_2,p0
1201,test,0.6931471805599453,0.7043617,0.67973363,0.692047665,0.6892224689335281,dataset_2,p0
931,test,0.6931471805599453,0.7043617,0.68223727,0.693299485,0.6908425760992757,dataset_2,p0
203,test,0.6931471805599453,0.7043617,0.74587977,0.725120735,0.7320256816160807,dataset_2,p0
522,test,0.6931471805599453,0.7043617,0.67847705,0.691419375,0.6884093351513808,dataset_2,p0
894,test,0.6931471805599453,0.7043617,0.6930996,0.69873065,0.6978715973122758,dataset_2,p0
30,test,1.9459101490553132,0.755409,1.0681996,0.9118043,0.9572437414502558,dataset_2,p0
56,test,0.6931471805599453,0.7043617,0.6932913,0.6988265,0.6979956465141075,dataset_2,p0
1166,test,2.4849066497880004,2.7438848,3.2794683,3.01167655,3.0365271965085774,dataset_2,p0
1092,test,0.6931471805599453,0.7043617,0.6866505,0.6955061,0.6936983802672442,dataset_2,p0
371,test,0.6931471805599453,0.7043617,0.7040844,0.70422305,0.7049798689464982,dataset_2,p0
945,test,0.6931471805599453,0.7043617,0.708271,0.70631635,0.7076890206856136,dataset_2,p0
1378,test,0.6931471805599453,0.7043617,0.66983104,0.68709637,0.6828144961345392,dataset_2,p0
1192,test,0.6931471805599453,0.7043617,0.73772943,0.721045565,0.7267515909971101,dataset_2,p0
858,test,0.6931471805599453,0.7043617,0.7306136,0.71748765,0.7221469325105697,dataset_2,p0
464,test,0.6931471805599453,0.7043617,0.69587505,0.700118375,0.6996675929159466,dataset_2,p0
363,test,0.6931471805599453,0.7043617,0.66971886,0.68704028,0.6827419043793932,dataset_2,p0
1187,test,0.6931471805599453,0.7043617,0.7063843,0.705373,0.7064681358181343,dataset_2,p0
578,test,0.6931471805599453,0.7043617,0.644475,0.67441835,0.6664065852132471,dataset_2,p0
237,test,1.3862943611198906,1.0159094,1.080756,1.0483327,1.0503087446299522,dataset_2,p0
1390,test,0.6931471805599453,0.7043617,0.68326044,0.69381107,0.6915046701099075,dataset_2,p0
99,test,0.6931471805599453,0.7043617,0.67694986,0.6906557799999999,0.6874210894521356,dataset_2,p0
461,test,0.6931471805599453,0.7043617,0.69037163,0.697366665,0.6961063260492569,dataset_2,p0
259,test,0.6931471805599453,0.7043617,0.67597806,0.69016988,0.6867922370038311,dataset_2,p0
481,test,0.6931471805599453,0.7043617,0.7094072,0.70688445,0.7084242564869758,dataset_2,p0
583,test,0.6931471805599453,0.7043617,0.7288631,0.7166124,0.7210141827567548,dataset_2,p0
861,test,0.6931471805599453,0.7043617,0.73596096,0.72016133,0.7256072128439371,dataset_2,p0
1043,test,0.6931471805599453,0.7043617,0.6789384,0.69165005,0.6887078750536503,dataset_2,p0
277,test,0.6931471805599453,0.7043617,0.6864431,0.6954024,0.6935641715846156,dataset_2,p0
744,test,0.6931471805599453,0.755409,0.7871094,0.7712592,0.7753500797251538,dataset_2,p0
584,test,0.6931471805599453,0.7043617,0.6757246,0.6900431499999999,0.6866282228635271,dataset_2,p0
1037,test,0.6931471805599453,0.7043617,0.69601107,0.700186385,0.6997556115514871,dataset_2,p0
906,test,0.6931471805599453,0.7043617,0.6453283,0.6748449999999999,0.6669587562300596,dataset_2,p0
377,test,0.6931471805599453,0.7043617,0.5671516,0.63575665,0.6163705598981178,dataset_2,p0
549,test,0.6931471805599453,0.7043617,0.6791022,0.69173195,0.6888138701462951,dataset_2,p0
1417,test,0.6931471805599453,0.7043617,0.6927928,0.69857725,0.69767306682129,dataset_2,p0
771,test,0.6931471805599453,0.7043617,0.69358695,0.698974325,0.6981869618324253,dataset_2,p0
691,test,1.0986122886681098,1.1473119,1.1154343,1.1313731,1.115594693767402,dataset_2,p0
706,test,0.6931471805599453,0.7043617,0.6894795,0.6969206,0.6955290281127411,dataset_2,p0
297,test,0.6931471805599453,0.7043617,0.69878745,0.701574575,0.7015522089587974,dataset_2,p0
1247,test,0.6931471805599453,0.7043617,0.67049026,0.68742598,0.6832410778498832,dataset_2,p0
893,test,0.6931471805599453,0.7043617,0.6966326,0.70049715,0.700157804041912,dataset_2,p0
947,test,0.6931471805599453,0.7043617,0.6743851,0.6893734,0.6857614314923559,dataset_2,p0
413,test,0.6931471805599453,0.70676804,0.7197098,0.71323892,0.7114487009350936,dataset_2,p5
316,test,0.6931471805599453,0.70676804,0.6834087,0.69508837,0.6900427886731413,dataset_2,p5
1034,test,0.6931471805599453,0.70676804,0.68433064,0.69554934,0.6905864351948936,dataset_2,p5
65,test,0.6931471805599453,0.70676804,0.6872192,0.69699362,0.6922897516763057,dataset_2,p5
1024,test,0.6931471805599453,0.70676804,0.6858472,0.69630762,0.6914807152662961,dataset_2,p5
661,test,0.6931471805599453,0.70676804,0.793547,0.75015752,0.7549887761633436,dataset_2,p5
175,test,0.6931471805599453,0.70676804,0.69045657,0.698612305,0.6941987532817523,dataset_2,p5
824,test,0.6931471805599453,0.70676804,0.6526393,0.6797036700000001,0.6718987909223041,dataset_2,p5
649,test,0.6931471805599453,0.76401854,0.6970418,0.73053017,0.7219104587741973,dataset_2,p5
231,test,0.6931471805599453,0.70676804,0.73657006,0.72166905,0.7213908031378837,dataset_2,p5
198,test,0.6931471805599453,0.70676804,0.6735365,0.69015227,0.6842213825165112,dataset_2,p5
845,test,0.6931471805599453,0.70676804,0.6796573,0.6932126700000001,0.6878306755619825,dataset_2,p5
1108,test,0.6931471805599453,0.70676804,0.6814596,0.6941138200000001,0.6888934498489798,dataset_2,p5
1394,test,0.6931471805599453,0.70676804,0.74875885,0.727763445,0.7285782484031611,dataset_2,p5
358,test,0.6931471805599453,0.70676804,0.6799656,0.69336682,0.6880124728835612,dataset_2,p5
1088,test,2.1972245773362196,1.0038786,1.0563847,1.03013165,1.0336400774903471,dataset_2,p5
394,test,3.4011973816621555,2.6856265,2.4910886,2.58835755,2.5796211589009665,dataset_2,p5
275,test,0.6931471805599453,0.70676804,0.679057,0.69291252,0.6874766926487691,dataset_2,p5
782,test,0.6931471805599453,0.70676804,0.7201497,0.71345887,0.7117080997082447,dataset_2,p5
715,test,1.9459101490553132,2.3996804,2.031109,2.2153947,2.189366697735961,dataset_2,p5
239,test,0.6931471805599453,0.76401854,0.9478571,0.8559378200000001,0.869810393094514,dataset_2,p5
240,test,1.9459101490553132,1.7672974,1.916899,1.8420982,1.8588120793570209,dataset_2,p5
420,test,0.6931471805599453,0.70676804,0.73659754,0.72168279,0.7214070074531512,dataset_2,p5
1259,test,0.6931471805599453,0.70676804,0.67687804,0.6918230400000001,0.6861918107420967,dataset_2,p5
986,test,0.6931471805599453,0.70676804,0.6714142,0.6890911200000001,0.6829699116907362,dataset_2,p5
752,test,0.6931471805599453,0.70676804,0.6859717,0.6963698700000001,0.6915541300134143,dataset_2,p5
590,test,0.6931471805599453,0.76401854,0.6793116,0.72166507,0.7114553732372062,dataset_2,p5
1398,test,0.6931471805599453,0.70676804,0.6610889,0.68392847,0.6768813230287304,dataset_2,p5
51,test,0.6931471805599453,0.70676804,0.6700017,0.68838487,0.6821369933750375,dataset_2,p5
680,test,0.6931471805599453,0.70676804,0.7121707,0.7094693700000001,0.7070030694491584,dataset_2,p5
374,test,0.6931471805599453,0.70676804,0.64167625,0.674222145,0.6654341359552811,dataset_2,p5
168,test,0.6931471805599453,0.70676804,0.67659754,0.69168279,0.6860264064323244,dataset_2,p5
244,test,0.6931471805599453,0.70676804,0.7020928,0.70443042,0.7010603667986951,dataset_2,p5
585,test,0.6931471805599453,0.70676804,0.72161895,0.714193495,0.7125744821757422,dataset_2,p5
1412,test,0.6931471805599453,0.70676804,0.74348027,0.725124155,0.7254655928542192,dataset_2,p5
598,test,0.6931471805599453,1.0038786,0.6926431,0.84826085,0.819150137085727,dataset_2,p5
49,test,0.6931471805599453,0.70676804,0.7081776,0.70747282,0.7046484314835539,dataset_2,p5
462,test,0.6931471805599453,0.70676804,0.6955479,0.70115797,0.697200991871675,dataset_2,p5
1223,test,0.6931471805599453,0.70676804,0.6653686,0.68606832,0.6794049623318776,dataset_2,p5
29,test,0.6931471805599453,0.9023335,0.9490648,0.92569915,0.928091384126746,dataset_2,p5
192,test,0.6931471805599453,0.70676804,0.66884404,0.68780604,0.681454348265408,dataset_2,p5
922,test,0.6931471805599453,0.70676804,0.74825466,0.72751135,0.7282809393160162,dataset_2,p5
1434,test,0.6931471805599453,0.70676804,0.67844933,0.692608685,0.687118363818397,dataset_2,p5
621,test,0.6931471805599453,0.70676804,0.718582,0.71267502,0.7107836635712388,dataset_2,p5
1027,test,0.6931471805599453,0.70676804,0.7042716,0.70551982,0.7023451543570981,dataset_2,p5
730,test,0.6931471805599453,0.70676804,0.89794683,0.802357435,0.8165509216945461,dataset_2,p5
67,test,0.6931471805599453,0.70676804,0.6549711,0.68086957,0.6732737990133102,dataset_2,p5
1313,test,0.6931471805599453,0.70676804,0.68959516,0.6981816000000001,0.6936907998896631,dataset_2,p5
527,test,0.6931471805599453,0.70676804,0.7020821,0.7044250700000001,0.7010540572581798,dataset_2,p5
812,test,0.6931471805599453,0.70676804,0.6862631,0.6965155700000001,0.6917259617990388,dataset_2,p5
1261,test,0.6931471805599453,0.70676804,0.676949,0.69185852,0.6862336541995707,dataset_2,p5
741,test,1.3862943611198906,0.76401854,0.8601404,0.81207947,0.8180859003351213,dataset_2,p5
1227,test,0.6931471805599453,0.70676804,0.67237365,0.689570845,0.6835356769848934,dataset_2,p5
261,test,0.6931471805599453,0.70676804,0.7151871,0.7109775700000001,0.7087817701978121,dataset_2,p5
836,test,0.6931471805599453,0.70676804,0.73018235,0.718475195,0.7176241194887713,dataset_2,p5
123,test,0.6931471805599453,0.70676804,0.7681214,0.73744472,0.739995892674758,dataset_2,p5
1384,test,0.6931471805599453,0.76401854,0.87616664,0.82009259,0.8275362003901882,dataset_2,p5
605,test,0.6931471805599453,0.70676804,0.6802873,0.69352767,0.6882021718727012,dataset_2,p5
973,test,0.6931471805599453,0.70676804,0.6795145,0.69314127,0.687746469731553,dataset_2,p5
594,test,0.6931471805599453,0.70676804,0.67184216,0.6893051,0.683222269724284,dataset_2,p5
184,test,0.6931471805599453,0.70676804,0.6397698,0.67326892,0.6643099468416787,dataset_2,p5
946,test,0.6931471805599453,0.70676804,0.72032505,0.713546545,0.711811499514728,dataset_2,p5
888,test,0.6931471805599453,0.70676804,0.692712,0.69974002,0.6955287277644256,dataset_2,p5
141,test,0.6931471805599453,0.70676804,0.676848,0.6918080200000001,0.686174096854519,dataset_2,p5
964,test,0.6931471805599453,0.70676804,0.67818373,0.692475885,0.6869617456912115,dataset_2,p5
816,test,0.6931471805599453,0.70676804,0.66029346,0.6835307500000001,0.6764122706074637,dataset_2,p5
1239,test,0.6931471805599453,0.70676804,0.67932993,0.693048985,0.687637633106046,dataset_2,p5
44,test,0.6931471805599453,0.70676804,0.67630595,0.6915369950000001,0.68585446260813,dataset_2,p5
799,test,0.6931471805599453,0.70676804,0.7004506,0.70360932,0.7000919997487551,dataset_2,p5
566,test,0.6931471805599453,0.70676804,0.6995487,0.70315837,0.6995601703477438,dataset_2,p5
1144,test,0.6931471805599453,0.70676804,0.656506,0.68163702,0.6741788937550913,dataset_2,p5
802,test,0.6931471805599453,0.70676804,0.63230926,0.66953865,0.6599106403560132,dataset_2,p5
1030,test,0.6931471805599453,0.70676804,0.6768332,0.69180062,0.6861653696396005,dataset_2,p5
76,test,1.3862943611198906,1.1536636,1.1479725,1.15081805,1.1499901152805028,dataset_2,p5
361,test,0.6931471805599453,0.70676804,0.6592254,0.68299672,0.675782460528692,dataset_2,p5
1333,test,0.6931471805599453,0.70676804,0.68707234,0.6969201899999999,0.6922031517585403,dataset_2,p5
270,test,0.6931471805599453,0.70676804,0.68259203,0.694680035,0.68956121741588,dataset_2,p5
1098,test,0.6931471805599453,0.70676804,0.6899236,0.69834582,0.6938844732996511,dataset_2,p5
1197,test,0.6931471805599453,0.70676804,0.69967365,0.703220845,0.6996338504493697,dataset_2,p5
1036,test,0.6931471805599453,0.70676804,0.7210005,0.7138842700000001,0.71220979663072,dataset_2,p5
1039,test,0.6931471805599453,0.70676804,0.7157659,0.71126697,0.7091230750623263,dataset_2,p5
78,test,0.6931471805599453,0.76401854,0.7699183,0.76696842,0.7648840316124356,dataset_2,p5
745,test,0.6931471805599453,0.76401854,0.731101,0.7475597700000001,0.7419943748790064,dataset_2,p5
271,test,0.6931471805599453,0.70676804,0.6480591,0.67741357,0.6691979537757109,dataset_2,p5
575,test,0.6931471805599453,0.70676804,0.69826573,0.7025168850000001,0.6988036328528823,dataset_2,p5
1285,test,0.6931471805599453,0.70676804,0.73889595,0.722831995,0.7227623262396893,dataset_2,p5
1023,test,0.6931471805599453,0.70676804,0.70868045,0.7077242450000001,0.7049449504039427,dataset_2,p5
651,test,0.6931471805599453,0.76401854,0.8485107,0.80626462,0.8112281374069227,dataset_2,p5
70,test,0.6931471805599453,0.70676804,0.62549937,0.666133705,0.6558950070045846,dataset_2,p5
15,test,0.6931471805599453,0.70676804,0.74887055,0.727819295,0.7286441152887283,dataset_2,p5
1438,test,0.6931471805599453,0.70676804,0.6645408,0.6856544200000001,0.678916827973127,dataset_2,p5
351,test,0.6931471805599453,0.70676804,0.68167025,0.694219145,0.689017665242397,dataset_2,p5
115,test,0.6931471805599453,0.70676804,0.7304284,0.7185982200000001,0.7177692094367909,dataset_2,p5
303,test,0.6931471805599453,0.70676804,0.71661276,0.7116904,0.7096224486586679,dataset_2,p5
1075,test,0.6931471805599453,0.70676804,0.6694316,0.68809982,0.6818008186976713,dataset_2,p5
796,test,0.6931471805599453,0.70676804,0.6738989,0.69033347,0.684435081346677,dataset_2,p5
528,test,0.6931471805599453,0.70676804,0.6894048,0.6980864200000001,0.6935785490361577,dataset_2,p5
901,test,0.6931471805599453,0.70676804,0.6775015,0.69213477,0.6865594505673042,dataset_2,p5
479,test,0.6931471805599453,0.70676804,0.81008524,0.75842664,0.764740990680455,dataset_2,p5
905,test,0.6931471805599453,0.70676804,0.66734123,0.687054635,0.6805681762484063,dataset_2,p5
415,test,0.6931471805599453,0.76401854,0.83501005,0.799514295,0.8032671188873922,dataset_2,p5
711,test,0.6931471805599453,0.70676804,0.659707,0.68323752,0.6760664488195525,dataset_2,p5
309,test,0.6931471805599453,0.70676804,0.7809734,0.7438707200000001,0.7475744174134191,dataset_2,p5
1053,test,0.6931471805599453,0.70676804,0.69486904,0.70081854,0.6968006839581917,dataset_2,p5
788,test,0.6931471805599453,0.70676804,0.69669247,0.701730255,0.6978759181135151,dataset_2,p5
1236,test,0.6931471805599453,0.70676804,0.66805536,0.6874117,0.6809892820585229,dataset_2,p5
887,test,0.6931471805599453,0.70676804,0.6789193,0.69284367,0.6873954941694262,dataset_2,p5
1399,test,0.6931471805599453,0.70676804,0.7017346,0.70425132,0.7008491446106008,dataset_2,p5
1068,test,0.6931471805599453,0.70676804,0.6861784,0.69647322,0.691676016183931,dataset_2,p5
478,test,0.6931471805599453,0.70676804,0.7075438,0.7071559199999999,0.7042746944014373,dataset_2,p5
999,test,0.6931471805599453,0.70676804,0.6697771,0.6882725700000001,0.6820045519918829,dataset_2,p5
873,test,0.6931471805599453,0.70676804,0.6959134,0.70134072,0.6974165186995602,dataset_2,p5
818,test,0.6931471805599453,0.70676804,0.75368375,0.730225895,0.731482347102619,dataset_2,p5
1090,test,1.791759469228055,1.0820765,1.2791669,1.1806217,1.1975567290909384,dataset_2,p5
757,test,0.6931471805599453,0.70676804,0.7232507,0.71500937,0.7135366871043377,dataset_2,p5
1031,test,0.6931471805599453,0.70676804,0.6763614,0.69156472,0.6858871601802401,dataset_2,p5
322,test,0.6931471805599453,0.70676804,0.67745686,0.69211245,0.6865331274001447,dataset_2,p5
332,test,0.6931471805599453,0.70676804,0.6922993,0.69953367,0.6952853681970707,dataset_2,p5
567,test,0.6931471805599453,0.70676804,0.65584916,0.6813086,0.6737915705221826,dataset_2,p5
892,test,0.6931471805599453,0.70676804,0.67766356,0.6922158,0.6866550135706615,dataset_2,p5
610,test,0.6931471805599453,0.70676804,0.6907645,0.69876627,0.6943803324229579,dataset_2,p5
529,test,0.6931471805599453,0.76401854,0.9009195,0.83246902,0.8421323847865946,dataset_2,p5
570,test,0.6931471805599453,0.70676804,0.6782013,0.69248467,0.6869721063105437,dataset_2,p5
429,test,0.6931471805599453,0.70676804,0.69873583,0.702751935,0.6990808398618804,dataset_2,p5
985,test,0.6931471805599453,0.70676804,0.73823875,0.722503395,0.7223747907231745,dataset_2,p5
43,test,0.6931471805599453,0.70676804,0.64877766,0.67777285,0.6696216718535364,dataset_2,p5
497,test,0.6931471805599453,0.70676804,0.672028,0.6893980200000001,0.6833318552391792,dataset_2,p5
451,test,0.6931471805599453,0.70676804,0.6947544,0.70076122,0.6967330834231745,dataset_2,p5
1085,test,0.6931471805599453,0.70676804,0.6760958,0.6914319200000001,0.6857305420530546,dataset_2,p5
1423,test,0.6931471805599453,0.70676804,0.7177974,0.71228272,0.7103210032452232,dataset_2,p5
101,test,0.6931471805599453,0.70676804,0.6745989,0.69068347,0.6848478550252532,dataset_2,p5
889,test,0.6931471805599453,0.70676804,0.67248833,0.689628185,0.6836033011069779,dataset_2,p5
289,test,0.6931471805599453,0.70676804,0.75189716,0.7293326,0.7304288366363223,dataset_2,p5
1006,test,0.6931471805599453,0.70676804,0.65311813,0.679943085,0.6721811458087508,dataset_2,p5
1443,test,0.6931471805599453,0.70676804,0.70015085,0.703459445,0.6999152441628219,dataset_2,p5
1308,test,0.6931471805599453,0.70676804,0.7074192,0.70709362,0.7042012206866507,dataset_2,p5
1330,test,0.6931471805599453,0.70676804,0.82781047,0.767289255,0.775193145524328,dataset_2,p5
381,test,0.6931471805599453,0.70676804,0.6763451,0.69155657,0.6858775484502961,dataset_2,p5
847,test,0.6931471805599453,0.70676804,0.7659468,0.73635742,0.7387135817584265,dataset_2,p5
1057,test,0.6931471805599453,0.70676804,0.7118491,0.70930857,0.7068134294276868,dataset_2,p5
602,test,0.6931471805599453,0.70676804,0.69902307,0.702895555,0.6992502185925008,dataset_2,p5
898,test,0.6931471805599453,0.70676804,0.6236003,0.6651841700000001,0.6547751697049076,dataset_2,p5
636,test,1.791759469228055,2.5233357,2.2149968,2.36916625,2.349268305717627,dataset_2,p5
665,test,1.0986122886681098,0.76401854,1.02154,0.8927792699999999,0.9132594812104721,dataset_2,p5
588,test,1.0986122886681098,0.70676804,0.83874756,0.7727577999999999,0.7816424924846427,dataset_2,p5
163,test,0.6931471805599453,0.70676804,0.6712963,0.6890321699999999,0.6829003888097303,dataset_2,p5
32,test,0.6931471805599453,0.76401854,0.9359617,0.84999012,0.8627959530714616,dataset_2,p5
619,test,0.6931471805599453,0.70676804,0.6783461,0.69255707,0.6870574914943406,dataset_2,p5
672,test,0.6931471805599453,0.70676804,0.64486486,0.67581645,0.6673143849256314,dataset_2,p5
324,test,0.6931471805599453,0.70676804,0.7064252,0.70659662,0.7036150820630723,dataset_2,p5
382,test,0.6931471805599453,0.70676804,0.6663243,0.68654617,0.679968516338471,dataset_2,p5
306,test,0.6931471805599453,0.70676804,0.66386145,0.685314745,0.6785162311180687,dataset_2,p5
1163,test,0.6931471805599453,0.70676804,0.67654395,0.6916559950000001,0.685994805658846,dataset_2,p5
855,test,0.6931471805599453,0.70676804,0.7110139,0.70889097,0.7063209314614768,dataset_2,p5
722,test,1.0986122886681098,1.0038786,0.958105,0.9809918,0.9756868299212379,dataset_2,p5
365,test,0.6931471805599453,0.70676804,0.66659486,0.68668145,0.6801280592620076,dataset_2,p5
423,test,0.6931471805599453,0.70676804,0.7130756,0.70992182,0.7075366678802208,dataset_2,p5
933,test,0.6931471805599453,0.70676804,0.69907236,0.7029202,0.6992792837562394,dataset_2,p5
247,test,0.6931471805599453,0.70676804,0.74167985,0.7242239450000001,0.7244039271593873,dataset_2,p5
427,test,0.6931471805599453,0.76401854,0.6836634,0.72384097,0.7140215282292468,dataset_2,p5
1380,test,0.6931471805599453,0.9023335,1.1502724,1.02630295,1.046738814426048,dataset_2,p5
543,test,0.6931471805599453,0.70676804,0.7665284,0.73664822,0.739056537717655,dataset_2,p5
218,test,0.6931471805599453,0.70676804,0.7448633,0.72581567,0.7262811333980498,dataset_2,p5
864,test,0.6931471805599453,0.70676804,0.67269003,0.689729035,0.6837222388940762,dataset_2,p5
274,test,0.6931471805599453,0.70676804,0.6170349,0.6619014700000001,0.650903706405872,dataset_2,p5
628,test,3.5263605246161616,2.842372,2.508634,2.675503,2.655207188211179,dataset_2,p5
1237,test,0.6931471805599453,0.70676804,0.7396157,0.72319187,0.7231867460327682,dataset_2,p5
1431,test,0.6931471805599453,0.70676804,0.66619056,0.6864793,0.6798896529787957,dataset_2,p5
63,test,0.6931471805599453,0.70676804,0.6907948,0.69878142,0.6943981996264735,dataset_2,p5
1178,test,0.6931471805599453,0.70676804,0.6716623,0.68921517,0.6831162104759573,dataset_2,p5
380,test,0.6931471805599453,0.70676804,0.7206461,0.71370707,0.7120008152140236,dataset_2,p5
1203,test,0.6931471805599453,0.70676804,0.6814535,0.69411077,0.6888898528212093,dataset_2,p5
1235,test,0.6931471805599453,0.70676804,0.73661345,0.7216907450000001,0.7214163892091886,dataset_2,p5
485,test,0.6931471805599453,0.70676804,0.7186651,0.71271657,0.7108326657036527,dataset_2,p5
674,test,1.0986122886681098,0.70676804,0.83390385,0.770335945,0.7787862696351329,dataset_2,p5
1201,test,0.6931471805599453,0.70676804,0.6809058,0.6938369200000001,0.6885668869015575,dataset_2,p5
931,test,0.6931471805599453,0.70676804,0.69214135,0.699454695,0.6951922287648834,dataset_2,p5
203,test,0.6931471805599453,0.70676804,0.7204794,0.71362372,0.7119025161108541,dataset_2,p5
522,test,0.6931471805599453,0.70676804,0.671845,0.68930652,0.6832239444060657,dataset_2,p5
894,test,0.6931471805599453,0.70676804,0.68033695,0.693552495,0.6882314493200459,dataset_2,p5
30,test,1.9459101490553132,0.76401854,1.0357066,0.89986257,0.9216131949174995,dataset_2,p5
56,test,0.6931471805599453,0.70676804,0.68124944,0.69400874,0.6887695233971375,dataset_2,p5
1166,test,2.4849066497880004,2.842372,3.349454,3.0959130000000004,3.151019137383374,dataset_2,p5
1092,test,0.6931471805599453,0.70676804,0.6665114,0.6866397200000001,0.6800788448459877,dataset_2,p5
371,test,0.6931471805599453,0.70676804,0.704864,0.7058160200000001,0.7026944788245104,dataset_2,p5
945,test,0.6931471805599453,0.70676804,0.7164039,0.71158597,0.7094992887865144,dataset_2,p5
1378,test,0.6931471805599453,0.70676804,0.6698185,0.68829327,0.6820289646065872,dataset_2,p5
1192,test,0.6931471805599453,0.70676804,0.748975,0.72787152,0.7287057070183386,dataset_2,p5
858,test,0.6931471805599453,0.70676804,0.7213015,0.71403477,0.7123872893125078,dataset_2,p5
464,test,0.6931471805599453,0.70676804,0.6775401,0.69215407,0.6865822120872942,dataset_2,p5
363,test,0.6931471805599453,0.70676804,0.66203594,0.68440199,0.6774397704352432,dataset_2,p5
1187,test,0.6931471805599453,0.70676804,0.6887137,0.6977408700000001,0.6931710234800661,dataset_2,p5
578,test,0.6931471805599453,0.70676804,0.617865,0.6623165200000001,0.6513931970209951,dataset_2,p5
237,test,1.3862943611198906,1.0038786,1.1522567,1.07806765,1.090173560508159,dataset_2,p5
1390,test,0.6931471805599453,0.70676804,0.6812868,0.6940274200000001,0.6887915537180398,dataset_2,p5
99,test,0.6931471805599453,0.70676804,0.6454094,0.6760887200000001,0.6676354874669629,dataset_2,p5
461,test,0.6931471805599453,0.70676804,0.73821485,0.722491445,0.7223606974504345,dataset_2,p5
259,test,0.6931471805599453,0.70676804,0.6413986,0.67408332,0.6652704122240574,dataset_2,p5
481,test,0.6931471805599453,0.70676804,0.7243743,0.71557117,0.7141992478261211,dataset_2,p5
583,test,0.6931471805599453,0.70676804,0.71886355,0.712815795,0.710949687041529,dataset_2,p5
861,test,0.6931471805599453,0.70676804,0.7381019,0.72243497,0.7222940934690127,dataset_2,p5
1043,test,0.6931471805599453,0.70676804,0.67854273,0.692655385,0.6871734396206527,dataset_2,p5
277,test,0.6931471805599453,0.70676804,0.666213,0.68649052,0.6799028853235775,dataset_2,p5
744,test,0.6931471805599453,0.76401854,0.7751612,0.76958987,0.7679756474973037,dataset_2,p5
584,test,0.6931471805599453,0.70676804,0.6408018,0.67378492,0.6649184931792368,dataset_2,p5
1037,test,0.6931471805599453,0.70676804,0.6785473,0.69265767,0.6871761344430971,dataset_2,p5
906,test,0.6931471805599453,0.70676804,0.62012416,0.6634461,0.6527253709976987,dataset_2,p5
377,test,0.6931471805599453,0.70676804,0.6253526,0.66606032,0.6558084601577209,dataset_2,p5
549,test,0.6931471805599453,0.70676804,0.6787903,0.69277917,0.6873194258772315,dataset_2,p5
1417,test,0.6931471805599453,0.70676804,0.6795126,0.69314032,0.687745349345854,dataset_2,p5
771,test,0.6931471805599453,0.70676804,0.6565042,0.6816361200000001,0.6741778323370606,dataset_2,p5
691,test,1.0986122886681098,1.1536636,1.1774511,1.16555735,1.1673729583680452,dataset_2,p5
706,test,0.6931471805599453,0.70676804,0.69607615,0.7014220950000001,0.6975124885798292,dataset_2,p5
297,test,0.6931471805599453,0.70676804,0.6982787,0.70252337,0.6988112809594695,dataset_2,p5
1247,test,0.6931471805599453,0.70676804,0.67050195,0.688634995,0.6824319791360487,dataset_2,p5
893,test,0.6931471805599453,0.70676804,0.6761846,0.69147632,0.6857829053425654,dataset_2,p5
947,test,0.6931471805599453,0.70676804,0.6486468,0.67770742,0.6695445067627099,dataset_2,p5
413,test,0.6931471805599453,0.70376676,0.7249442,0.71435548,0.730234919348455,dataset_2,p10
316,test,0.6931471805599453,0.70376676,0.6545044,0.6791355800000001,0.6681246570435043,dataset_2,p10
1034,test,0.6931471805599453,0.70376676,0.7090987,0.70643273,0.7162631567745535,dataset_2,p10
65,test,0.6931471805599453,0.70376676,0.68227565,0.693021205,0.692611944373059,dataset_2,p10
1024,test,0.6931471805599453,0.70376676,0.6503937,0.6770802300000001,0.6645000491477272,dataset_2,p10
661,test,0.6931471805599453,0.70376676,0.78578216,0.74477446,0.7838787635061341,dataset_2,p10
175,test,0.6931471805599453,0.70376676,0.66852385,0.686145305,0.6804863008424807,dataset_2,p10
824,test,0.6931471805599453,0.70376676,0.6570476,0.68040718,0.6703671225118042,dataset_2,p10
649,test,0.6931471805599453,0.7751377,0.70672596,0.7409318300000001,0.7232301220846586,dataset_2,p10
231,test,0.6931471805599453,0.70376676,0.73076415,0.7172654549999999,0.7353666576711317,dataset_2,p10
198,test,0.6931471805599453,0.70376676,0.64876455,0.676265655,0.6630635468601837,dataset_2,p10
845,test,0.6931471805599453,0.70376676,0.680043,0.69190488,0.6906433062290671,dataset_2,p10
1108,test,0.6931471805599453,0.70376676,0.6185938,0.66118028,0.6364605014733841,dataset_2,p10
1394,test,0.6931471805599453,0.70376676,0.7287021,0.7162344300000001,0.7335484460012247,dataset_2,p10
358,test,0.6931471805599453,0.70376676,0.7032101,0.7034884299999999,0.7110708863449252,dataset_2,p10
1088,test,2.1972245773362196,0.9800867,1.0325378,1.0063122500000001,1.0365287847560447,dataset_2,p10
394,test,3.4657359027997265,2.7849612,2.2858047,2.53538295,2.370689398938267,dataset_2,p10
275,test,0.6931471805599453,0.70376676,0.6154536,0.65961018,0.6336916315207436,dataset_2,p10
782,test,0.6931471805599453,0.70376676,0.6956736,0.69972018,0.704425580823597,dataset_2,p10
715,test,2.1972245773362196,2.4118443,2.1146603,2.2632523,2.1724230973373175,dataset_2,p10
239,test,0.6931471805599453,0.7751377,1.0393982,0.90726795,1.016563721668636,dataset_2,p10
240,test,2.0794415416798357,1.8918366,1.9546909,1.9232637499999998,1.9653654682661594,dataset_2,p10
420,test,0.6931471805599453,0.70376676,0.71575725,0.709762005,0.7221343302740614,dataset_2,p10
1259,test,0.6931471805599453,0.70376676,0.7000346,0.70190068,0.7082708906329929,dataset_2,p10
986,test,0.6931471805599453,0.70376676,0.672181,0.68797388,0.6837109912275834,dataset_2,p10
752,test,0.6931471805599453,0.70376676,0.7105832,0.70717498,0.717572113988965,dataset_2,p10
590,test,0.6931471805599453,0.7751377,0.7024268,0.7387822500000001,0.7194393396677445,dataset_2,p10
1398,test,0.6931471805599453,0.70376676,0.65441155,0.679089155,0.6680427865973216,dataset_2,p10
51,test,0.6931471805599453,0.70376676,0.6575228,0.68064478,0.6707861299003447,dataset_2,p10
680,test,0.6931471805599453,0.70376676,0.68634653,0.695056645,0.6962014410015556,dataset_2,p10
374,test,0.6931471805599453,0.70376676,0.65645504,0.6801109000000001,0.6698446329954879,dataset_2,p10
168,test,0.6931471805599453,0.70376676,0.69974244,0.7017546,0.7080132786830013,dataset_2,p10
244,test,0.6931471805599453,0.70376676,0.7143557,0.7090612300000001,0.720898514185238,dataset_2,p10
585,test,0.6931471805599453,0.70376676,0.72487724,0.714322,0.7301758773982514,dataset_2,p10
1412,test,0.6931471805599453,0.70376676,0.7228837,0.71332523,0.728418074390358,dataset_2,p10
598,test,0.6931471805599453,0.89801574,0.6682329,0.78312432,0.7048858178563159,dataset_2,p10
49,test,0.6931471805599453,0.70376676,0.6702006,0.68698368,0.6819647744088428,dataset_2,p10
462,test,0.6931471805599453,0.70376676,0.6809028,0.69233478,0.6914014344964643,dataset_2,p10
1223,test,0.6931471805599453,0.70376676,0.6526435,0.67820513,0.6664838092965875,dataset_2,p10
29,test,0.6931471805599453,0.7751377,0.9953213,0.8852295,0.9776989347074427,dataset_2,p10
192,test,0.6931471805599453,0.70376676,0.66771424,0.6857405000000001,0.6797724275852496,dataset_2,p10
922,test,0.6931471805599453,0.70376676,0.7330195,0.71839313,0.7373553115300223,dataset_2,p10
1434,test,0.6931471805599453,0.70376676,0.64763725,0.675702005,0.6620695505868217,dataset_2,p10
621,test,0.6931471805599453,0.70376676,0.6874496,0.69560818,0.6971740724831997,dataset_2,p10
1027,test,0.6931471805599453,0.70376676,0.69289315,0.698329955,0.7019739202733711,dataset_2,p10
730,test,0.6931471805599453,0.70376676,0.8958055,0.79978613,0.880891794591781,dataset_2,p10
67,test,0.6931471805599453,0.70376676,0.66215545,0.682961105,0.674870966976359,dataset_2,p10
1313,test,0.6931471805599453,0.70376676,0.661476,0.68262138,0.6742718622412078,dataset_2,p10
527,test,0.6931471805599453,0.70376676,0.70175886,0.7027628100000001,0.7097912561207135,dataset_2,p10
812,test,0.6931471805599453,0.70376676,0.7111021,0.70743443,0.7180296538330594,dataset_2,p10
1261,test,0.6931471805599453,0.70376676,0.7001448,0.70195578,0.708368059433955,dataset_2,p10
741,test,1.3862943611198906,0.7751377,0.8501531,0.8126454000000001,0.8496969389559283,dataset_2,p10
1227,test,0.6931471805599453,0.70376676,0.6045708,0.65416878,0.6240957274634874,dataset_2,p10
261,test,0.6931471805599453,0.70376676,0.7029156,0.70334118,0.710811211100975,dataset_2,p10
836,test,0.6931471805599453,0.70376676,0.7600224,0.7318945800000001,0.7611651065889853,dataset_2,p10
123,test,0.6931471805599453,0.70376676,0.75748825,0.730627505,0.7589306209541582,dataset_2,p10
1384,test,0.6931471805599453,0.7751377,0.8766298,0.82588375,0.8730427573990456,dataset_2,p10
605,test,0.6931471805599453,0.70376676,0.71219915,0.7079829550000001,0.7189969771823824,dataset_2,p10
973,test,0.6931471805599453,0.70376676,0.6161829,0.65997483,0.6343346914712119,dataset_2,p10
594,test,0.6931471805599453,0.70376676,0.64152765,0.6726472050000001,0.6566824135055362,dataset_2,p10
184,test,0.6931471805599453,0.70376676,0.654528,0.6791473800000001,0.6681454663330025,dataset_2,p10
946,test,0.6931471805599453,0.70376676,0.7119521,0.7078594300000001,0.7187791409548173,dataset_2,p10
888,test,0.6931471805599453,0.70376676,0.66436833,0.684067545,0.6768221729316481,dataset_2,p10
141,test,0.6931471805599453,0.70376676,0.7000123,0.7018895300000001,0.7082512276179163,dataset_2,p10
964,test,0.6931471805599453,0.70376676,0.7015807,0.70267373,0.7096341636199929,dataset_2,p10
816,test,0.6931471805599453,0.70376676,0.6727973,0.6882820300000001,0.6842544134783357,dataset_2,p10
1239,test,0.6931471805599453,0.70376676,0.6158182,0.65979248,0.6340131174085,dataset_2,p10
44,test,0.6931471805599453,0.70376676,0.69938946,0.70157811,0.7077020387250742,dataset_2,p10
799,test,0.6931471805599453,0.70376676,0.66318554,0.68347615,0.6757792483754785,dataset_2,p10
566,test,0.6931471805599453,0.70376676,0.6839286,0.69384768,0.6940694323000117,dataset_2,p10
1144,test,0.6931471805599453,0.70376676,0.6645678,0.68416728,0.6769980555153859,dataset_2,p10
802,test,0.6931471805599453,0.70376676,0.6413456,0.67255618,0.6565218909990468,dataset_2,p10
1030,test,0.6931471805599453,0.70376676,0.70002556,0.70189616,0.7082629196170157,dataset_2,p10
76,test,1.3862943611198906,1.3052437,1.1433308,1.22428725,1.1754927065229168,dataset_2,p10
361,test,0.6931471805599453,0.70376676,0.6594518,0.68160928,0.6724870247919579,dataset_2,p10
1333,test,0.6931471805599453,0.70376676,0.66421497,0.683990865,0.6766869478198919,dataset_2,p10
270,test,0.6931471805599453,0.70376676,0.7067289,0.70524783,0.7141735866790923,dataset_2,p10
1098,test,0.6931471805599453,0.70376676,0.71422017,0.708993465,0.7207790106680475,dataset_2,p10
1197,test,0.6931471805599453,0.70376676,0.70158744,0.7026771,0.7096401066119937,dataset_2,p10
1036,test,0.6931471805599453,0.70376676,0.7240716,0.71391918,0.7294655046867538,dataset_2,p10
1039,test,0.6931471805599453,0.70376676,0.7156323,0.70969953,0.7220241556671629,dataset_2,p10
78,test,0.6931471805599453,0.7751377,0.73484063,0.754989165,0.7480202198463946,dataset_2,p10
745,test,0.6931471805599453,0.7751377,0.7281625,0.7516501,0.7421317816905998,dataset_2,p10
271,test,0.6931471805599453,0.70376676,0.64055884,0.6721628,0.6558281657191476,dataset_2,p10
575,test,0.6931471805599453,0.70376676,0.7002784,0.70202258,0.7084858611745042,dataset_2,p10
1285,test,0.6931471805599453,0.70376676,0.7324113,0.71808903,0.7368190314506655,dataset_2,p10
1023,test,0.6931471805599453,0.70376676,0.7080103,0.70588853,0.7153034605588814,dataset_2,p10
651,test,0.6931471805599453,0.7751377,0.8573878,0.81626275,0.8560761324615549,dataset_2,p10
70,test,0.6931471805599453,0.70376676,0.6399211,0.6718439300000001,0.6552658387579359,dataset_2,p10
15,test,0.6931471805599453,0.70376676,0.7233536,0.71356018,0.728832408506257,dataset_2,p10
1438,test,0.6931471805599453,0.70376676,0.6786178,0.6911922800000001,0.6893866367632678,dataset_2,p10
351,test,0.6931471805599453,0.70376676,0.6520765,0.6779216299999999,0.665983857298897,dataset_2,p10
115,test,0.6931471805599453,0.70376676,0.75921774,0.7314922500000001,0.7604555979920514,dataset_2,p10
303,test,0.6931471805599453,0.70376676,0.68534696,0.69455686,0.6953200705988548,dataset_2,p10
1075,test,0.6931471805599453,0.70376676,0.6604587,0.6821127300000001,0.6733748584188968,dataset_2,p10
796,test,0.6931471805599453,0.70376676,0.6498978,0.67683228,0.664062789543398,dataset_2,p10
528,test,0.6931471805599453,0.70376676,0.69557226,0.6996695100000001,0.7043362243236924,dataset_2,p10
901,test,0.6931471805599453,0.70376676,0.69366556,0.69871616,0.7026549924471559,dataset_2,p10
479,test,0.6931471805599453,0.70376676,0.7399272,0.72184698,0.7434461729311606,dataset_2,p10
905,test,0.6931471805599453,0.70376676,0.665638,0.68470238,0.6779417038891569,dataset_2,p10
415,test,0.6931471805599453,0.7751377,0.8673247,0.8212311999999999,0.8648379896147276,dataset_2,p10
711,test,0.6931471805599453,0.70376676,0.64021325,0.6719900050000001,0.6555234418904319,dataset_2,p10
309,test,0.6931471805599453,0.70376676,0.76592815,0.734847455,0.766372499023482,dataset_2,p10
1053,test,0.6931471805599453,0.70376676,0.7150384,0.70940258,0.7215004846064428,dataset_2,p10
788,test,0.6931471805599453,0.70376676,0.66712624,0.6854465000000001,0.6792539588469041,dataset_2,p10
1236,test,0.6931471805599453,0.70376676,0.6728202,0.68829348,0.6842746055431453,dataset_2,p10
887,test,0.6931471805599453,0.70376676,0.7023276,0.70304718,0.7102927423626295,dataset_2,p10
1399,test,0.6931471805599453,0.70376676,0.7048494,0.70430808,0.7125163383904521,dataset_2,p10
1068,test,0.6931471805599453,0.70376676,0.6630308,0.6833987800000001,0.6756428064493365,dataset_2,p10
478,test,0.6931471805599453,0.70376676,0.7066704,0.70521858,0.7141220043301243,dataset_2,p10
999,test,0.6931471805599453,0.70376676,0.6007024,0.65223458,0.6206847674848891,dataset_2,p10
873,test,0.6931471805599453,0.70376676,0.6906928,0.69722978,0.7000337626400062,dataset_2,p10
818,test,0.6931471805599453,0.70376676,0.74940616,0.72658646,0.7518042416931124,dataset_2,p10
1090,test,1.791759469228055,0.9131632,1.3051307,1.10914695,1.268392839732987,dataset_2,p10
757,test,0.6931471805599453,0.70376676,0.7150423,0.70940453,0.7215039234297074,dataset_2,p10
1031,test,0.6931471805599453,0.70376676,0.69946504,0.7016159,0.7077686813564418,dataset_2,p10
322,test,0.6931471805599453,0.70376676,0.7005715,0.70216913,0.7087443019690775,dataset_2,p10
332,test,0.6931471805599453,0.70376676,0.6697298,0.68674828,0.6815496467183444,dataset_2,p10
567,test,0.6931471805599453,0.70376676,0.6418774,0.67282208,0.6569908054124008,dataset_2,p10
892,test,0.6931471805599453,0.70376676,0.70091605,0.7023414050000001,0.709048108778256,dataset_2,p10
610,test,0.6931471805599453,0.70376676,0.67145395,0.687610355,0.6830699152136137,dataset_2,p10
529,test,0.6931471805599453,0.7751377,0.9302484,0.8526930500000001,0.9203209340892721,dataset_2,p10
570,test,0.6931471805599453,0.70376676,0.7013136,0.70254018,0.7093986483138499,dataset_2,p10
429,test,0.6931471805599453,0.70376676,0.64104545,0.6724061050000001,0.6562572338701107,dataset_2,p10
985,test,0.6931471805599453,0.70376676,0.76541966,0.73459321,0.7659241381922552,dataset_2,p10
43,test,0.6931471805599453,0.70376676,0.6542007,0.67898373,0.667856869703648,dataset_2,p10
497,test,0.6931471805599453,0.70376676,0.67826915,0.691017955,0.6890792147809138,dataset_2,p10
451,test,0.6931471805599453,0.70376676,0.6730943,0.68843053,0.6845162930961735,dataset_2,p10
1085,test,0.6931471805599453,0.70376676,0.6991658,0.70146628,0.7075048266196008,dataset_2,p10
1423,test,0.6931471805599453,0.70376676,0.71095,0.7073583800000001,0.7178955397257424,dataset_2,p10
101,test,0.6931471805599453,0.70376676,0.607447,0.65560688,0.6266318155336054,dataset_2,p10
889,test,0.6931471805599453,0.70376676,0.64237934,0.67307305,0.6574333907840422,dataset_2,p10
289,test,0.6931471805599453,0.70376676,0.7337316,0.7187491800000001,0.7379832053881444,dataset_2,p10
1006,test,0.6931471805599453,0.70376676,0.6604646,0.68211568,0.6733800607412713,dataset_2,p10
1443,test,0.6931471805599453,0.70376676,0.72363025,0.713698505,0.7290763445206503,dataset_2,p10
1308,test,0.6931471805599453,0.70376676,0.7063749,0.70507083,0.713861447336619,dataset_2,p10
1330,test,0.6931471805599453,0.70376676,0.79385865,0.748812705,0.7910002049696718,dataset_2,p10
381,test,0.6931471805599453,0.70376676,0.69942904,0.7015979,0.7077369383724614,dataset_2,p10
847,test,0.6931471805599453,0.70376676,0.7430419,0.72340433,0.7461925582701484,dataset_2,p10
1057,test,0.6931471805599453,0.70376676,0.74220926,0.72298801,0.7454583783206653,dataset_2,p10
602,test,0.6931471805599453,0.70376676,0.683765,0.69376588,0.6939251780728121,dataset_2,p10
898,test,0.6931471805599453,0.70376676,0.6173686,0.66056768,0.6353801819185866,dataset_2,p10
636,test,1.9459101490553132,2.4118443,2.2381468,2.3249955499999997,2.2813072637619847,dataset_2,p10
665,test,1.0986122886681098,0.7751377,1.0564972,0.91581745,1.0316407573097415,dataset_2,p10
588,test,1.0986122886681098,0.70376676,0.81772095,0.7607438550000001,0.8120407773761724,dataset_2,p10
163,test,0.6931471805599453,0.70376676,0.6463226,0.6750446800000001,0.6609103585343284,dataset_2,p10
32,test,0.6931471805599453,0.7751377,0.9394796,0.85730865,0.9284605405814748,dataset_2,p10
619,test,0.6931471805599453,0.70376676,0.6474545,0.67561063,0.6619084108556437,dataset_2,p10
672,test,0.6931471805599453,0.70376676,0.64991754,0.67684215,0.664080195279614,dataset_2,p10
324,test,0.6931471805599453,0.70376676,0.69551456,0.69964066,0.7042853473743683,dataset_2,p10
382,test,0.6931471805599453,0.70376676,0.6644391,0.68410293,0.6768845743476561,dataset_2,p10
306,test,0.6931471805599453,0.70376676,0.67473286,0.68924981,0.6859610926470296,dataset_2,p10
1163,test,0.6931471805599453,0.70376676,0.6996817,0.70172423,0.7079597212150301,dataset_2,p10
855,test,0.6931471805599453,0.70376676,0.69245666,0.69811171,0.701589045410105,dataset_2,p10
722,test,1.0986122886681098,0.89801574,0.95982677,0.928921255,0.9619985829722822,dataset_2,p10
365,test,0.6931471805599453,0.70376676,0.6647223,0.68424453,0.6771342858216348,dataset_2,p10
423,test,0.6931471805599453,0.70376676,0.68739986,0.69558331,0.6971302142603336,dataset_2,p10
933,test,0.6931471805599453,0.70376676,0.70887077,0.706318765,0.7160621795984803,dataset_2,p10
247,test,0.6931471805599453,0.70376676,0.7722679,0.73801733,0.7719625707648529,dataset_2,p10
427,test,0.6931471805599453,0.7751377,0.70275253,0.738945115,0.7197265519502978,dataset_2,p10
1380,test,0.6931471805599453,0.7751377,1.2410772,1.00810745,1.1943940901733754,dataset_2,p10
543,test,0.6931471805599453,0.70376676,0.74813986,0.72595331,0.750687682231604,dataset_2,p10
218,test,0.6931471805599453,0.70376676,0.7366772,0.72022198,0.7405804868773801,dataset_2,p10
864,test,0.6931471805599453,0.70376676,0.64785355,0.675810155,0.6622602730155701,dataset_2,p10
274,test,0.6931471805599453,0.70376676,0.65679353,0.680280145,0.6701430964023629,dataset_2,p10
628,test,3.9318256327243257,2.7849612,2.5903077,2.68763445,2.6391847836872917,dataset_2,p10
1237,test,0.6931471805599453,0.70376676,0.73382664,0.7187967,0.7380670068658525,dataset_2,p10
1431,test,0.6931471805599453,0.70376676,0.6642591,0.68401293,0.6767258594277544,dataset_2,p10
63,test,0.6931471805599453,0.70376676,0.7016809,0.70272383,0.709722514925405,dataset_2,p10
1178,test,0.6931471805599453,0.70376676,0.6466901,0.67522843,0.6612344014957945,dataset_2,p10
380,test,0.6931471805599453,0.70376676,0.71531105,0.709538905,0.7217408936226161,dataset_2,p10
1203,test,0.6931471805599453,0.70376676,0.70521545,0.704491105,0.7128391028150634,dataset_2,p10
1235,test,0.6931471805599453,0.70376676,0.7405646,0.72216568,0.7440082000975236,dataset_2,p10
485,test,0.6931471805599453,0.70376676,0.7120084,0.70788758,0.7188287834547644,dataset_2,p10
674,test,1.0986122886681098,0.70376676,0.7174065,0.71058663,0.7235885557276606,dataset_2,p10
1201,test,0.6931471805599453,0.70376676,0.6177411,0.66075393,0.6357086336278276,dataset_2,p10
931,test,0.6931471805599453,0.70376676,0.7032255,0.70349613,0.7110844652880723,dataset_2,p10
203,test,0.6931471805599453,0.70376676,0.71512675,0.7094467550000001,0.721578387179628,dataset_2,p10
522,test,0.6931471805599453,0.70376676,0.64685595,0.6753113550000001,0.6613806396594928,dataset_2,p10
894,test,0.6931471805599453,0.70376676,0.65033877,0.677052765,0.6644516146446705,dataset_2,p10
30,test,1.9459101490553132,0.7751377,1.0203129,0.8977253000000001,0.9997352668864155,dataset_2,p10
56,test,0.6931471805599453,0.70376676,0.6519366,0.6778516800000001,0.6658605005361512,dataset_2,p10
1166,test,2.4849066497880004,2.7849612,3.3675852,3.0762732,3.324548873431104,dataset_2,p10
1092,test,0.6931471805599453,0.70376676,0.6646102,0.68418848,0.6770354416965183,dataset_2,p10
371,test,0.6931471805599453,0.70376676,0.6673722,0.6855694800000001,0.6794708339674542,dataset_2,p10
945,test,0.6931471805599453,0.70376676,0.6913395,0.69755313,0.7006039900772307,dataset_2,p10
1378,test,0.6931471805599453,0.70376676,0.6609605,0.68236363,0.6738173203456005,dataset_2,p10
1192,test,0.6931471805599453,0.70376676,0.75835377,0.731060265,0.7596937928290101,dataset_2,p10
858,test,0.6931471805599453,0.70376676,0.69056195,0.697164355,0.6999183857107332,dataset_2,p10
464,test,0.6931471805599453,0.70376676,0.7006321,0.7021994300000001,0.708797735992111,dataset_2,p10
363,test,0.6931471805599453,0.70376676,0.64940584,0.6765863000000001,0.6636290040323157,dataset_2,p10
1187,test,0.6931471805599453,0.70376676,0.7142155,0.70899113,0.7207748928976256,dataset_2,p10
578,test,0.6931471805599453,0.70376676,0.6575847,0.68067573,0.6708407101977998,dataset_2,p10
237,test,1.3862943611198906,0.89801574,1.1777157,1.03786572,1.1541220500412548,dataset_2,p10
1390,test,0.6931471805599453,0.70376676,0.6747968,0.68928178,0.6860174717135769,dataset_2,p10
99,test,0.6931471805599453,0.70376676,0.66604835,0.684907555,0.678303529819055,dataset_2,p10
461,test,0.6931471805599453,0.70376676,0.7322909,0.71802883,0.7367128688042424,dataset_2,p10
259,test,0.6931471805599453,0.70376676,0.6625046,0.68313568,0.6751788298334905,dataset_2,p10
481,test,0.6931471805599453,0.70376676,0.7292503,0.71650853,0.7340318211072808,dataset_2,p10
583,test,0.6931471805599453,0.70376676,0.68780875,0.695787755,0.6974907528358814,dataset_2,p10
861,test,0.6931471805599453,0.70376676,0.73108387,0.7174253150000001,0.7356485706388594,dataset_2,p10
1043,test,0.6931471805599453,0.70376676,0.6148958,0.65933128,0.6331997916189593,dataset_2,p10
277,test,0.6931471805599453,0.70376676,0.6642824,0.68402458,0.6767464041923862,dataset_2,p10
744,test,0.6931471805599453,0.7751377,0.7453408,0.76023925,0.7572787400714176,dataset_2,p10
584,test,0.6931471805599453,0.70376676,0.6620067,0.68288673,0.6747398067300513,dataset_2,p10
1037,test,0.6931471805599453,0.70376676,0.6546974,0.67923208,0.6682948347076212,dataset_2,p10
906,test,0.6931471805599453,0.70376676,0.62898606,0.66637641,0.645623872103926,dataset_2,p10
377,test,0.6931471805599453,0.70376676,0.63978505,0.6717759050000001,0.6551458767309768,dataset_2,p10
549,test,0.6931471805599453,0.70376676,0.6151319,0.65944933,0.633407972688897,dataset_2,p10
1417,test,0.6931471805599453,0.70376676,0.649077,0.67642188,0.6633390495086464,dataset_2,p10
771,test,0.6931471805599453,0.70376676,0.6741233,0.68894503,0.6854236133882781,dataset_2,p10
691,test,1.0986122886681098,1.2231727,1.212877,1.21802485,1.2263977489113147,dataset_2,p10
706,test,0.6931471805599453,0.70376676,0.6813101,0.69253843,0.6917605710902196,dataset_2,p10
297,test,0.6931471805599453,0.70376676,0.6774491,0.6906079300000001,0.6883561360583283,dataset_2,p10
1247,test,0.6931471805599453,0.70376676,0.6618091,0.68278793,0.6745655730179815,dataset_2,p10
893,test,0.6931471805599453,0.70376676,0.6099606,0.6568636800000001,0.628848181215077,dataset_2,p10
947,test,0.6931471805599453,0.70376676,0.6526337,0.6782002300000001,0.6664751681509483,dataset_2,p10
413,test,0.6931471805599453,0.70504797,0.73252726,0.718787615,0.7348029991336891,dataset_2,p15
316,test,0.6931471805599453,0.70504797,0.6548499,0.679948935,0.6614759399504915,dataset_2,p15
1034,test,0.6931471805599453,0.70504797,0.71631277,0.71068037,0.7194965975276695,dataset_2,p15
65,test,0.6931471805599453,0.8592452,0.6842741,0.77175965,0.6907583982650128,dataset_2,p15
1024,test,0.6931471805599453,0.70504797,0.6502163,0.677632135,0.6571018435415602,dataset_2,p15
661,test,0.6931471805599453,0.70504797,0.780162,0.742604985,0.7797699676191812,dataset_2,p15
175,test,0.6931471805599453,0.70504797,0.66747177,0.68625987,0.6733909253270881,dataset_2,p15
824,test,0.6931471805599453,0.70504797,0.6645545,0.684801235,0.6706370362924535,dataset_2,p15
649,test,0.6931471805599453,0.7610447,0.71708554,0.73906512,0.7207730483186866,dataset_2,p15
231,test,0.6931471805599453,0.70504797,0.7325469,0.7187974349999999,0.7348215392004777,dataset_2,p15
198,test,0.6931471805599453,0.70504797,0.65081096,0.6779294650000001,0.6576631997593035,dataset_2,p15
845,test,0.6931471805599453,0.70504797,0.68665504,0.695851505,0.6914998411632758,dataset_2,p15
1108,test,0.6931471805599453,0.70504797,0.6264504,0.6657491849999999,0.6346669467345375,dataset_2,p15
1394,test,0.6931471805599453,0.70504797,0.7294401,0.717244035,0.7318887347453525,dataset_2,p15
358,test,0.6931471805599453,0.70504797,0.70871216,0.706880065,0.7123216577601696,dataset_2,p15
1088,test,2.302585092994046,0.94644254,1.0589113,1.00267692,1.0452658549912144,dataset_2,p15
394,test,3.5263605246161616,2.8052707,2.3995008,2.60238575,2.3289324669590594,dataset_2,p15
275,test,0.6931471805599453,0.70504797,0.6232927,0.664170335,0.6316860929209839,dataset_2,p15
782,test,0.6931471805599453,0.70504797,0.7038869,0.704467435,0.7077666352208567,dataset_2,p15
715,test,2.1972245773362196,2.6464934,2.1747084,2.4106009000000004,2.1151786182863184,dataset_2,p15
239,test,0.6931471805599453,0.7610447,1.0594089,0.9102268,1.0439246754917915,dataset_2,p15
240,test,2.0794415416798357,1.9780471,2.0227468,2.00039695,1.9651984023641247,dataset_2,p15
420,test,0.6931471805599453,0.70504797,0.7244911,0.7147695350000001,0.7272169022333098,dataset_2,p15
1259,test,0.6931471805599453,0.70504797,0.70507216,0.705060065,0.7088855150356119,dataset_2,p15
986,test,0.6931471805599453,0.70504797,0.6719573,0.688502635,0.6776252443587597,dataset_2,p15
752,test,0.6931471805599453,0.70504797,0.71772623,0.7113871,0.7208308970593873,dataset_2,p15
590,test,0.6931471805599453,0.7610447,0.7105166,0.73578065,0.7145720001348803,dataset_2,p15
1398,test,0.6931471805599453,0.70504797,0.6607091,0.682878535,0.6670069969427245,dataset_2,p15
51,test,0.6931471805599453,0.70504797,0.65460247,0.67982522,0.6612423672047946,dataset_2,p15
680,test,0.6931471805599453,0.70504797,0.694287,0.699667485,0.6987043751819886,dataset_2,p15
374,test,0.6931471805599453,0.70504797,0.65365255,0.67935026,0.6603456472331154,dataset_2,p15
168,test,0.6931471805599453,0.70504797,0.704715,0.704881485,0.7085483576906936,dataset_2,p15
244,test,0.6931471805599453,0.70504797,0.7120832,0.708565585,0.7155039035212115,dataset_2,p15
585,test,0.6931471805599453,0.70504797,0.73193324,0.718490605,0.7342422470729084,dataset_2,p15
1412,test,0.6931471805599453,0.70504797,0.7233295,0.714188735,0.7261203573462641,dataset_2,p15
598,test,0.6931471805599453,0.8701411,0.67100483,0.7705729649999999,0.6783386983054713,dataset_2,p15
49,test,0.6931471805599453,0.70504797,0.6772375,0.691142735,0.6826097280989271,dataset_2,p15
462,test,0.6931471805599453,0.70504797,0.6866058,0.695826885,0.6914533588369689,dataset_2,p15
1223,test,0.6931471805599453,0.70504797,0.6521888,0.678618385,0.658963874180074,dataset_2,p15
29,test,0.6931471805599453,0.7610447,1.0021465,0.8815956,0.98986924165918,dataset_2,p15
192,test,0.6931471805599453,0.70504797,0.6744149,0.689731435,0.6799452070949885,dataset_2,p15
922,test,0.6931471805599453,0.70504797,0.72455394,0.714800955,0.7272762228950711,dataset_2,p15
1434,test,0.6931471805599453,0.70504797,0.6475261,0.676287035,0.6545623075092513,dataset_2,p15
621,test,0.6931471805599453,0.70504797,0.6922066,0.6986272849999999,0.6967404874555684,dataset_2,p15
1027,test,0.6931471805599453,0.70504797,0.6934755,0.699261735,0.6979383230333681,dataset_2,p15
730,test,0.6931471805599453,0.70504797,0.93295914,0.819003555,0.9240097426038526,dataset_2,p15
67,test,0.6931471805599453,0.70504797,0.6692026,0.687125285,0.6750248206325677,dataset_2,p15
1313,test,0.6931471805599453,0.70504797,0.6710053,0.6880266349999999,0.6767265608769524,dataset_2,p15
527,test,0.6931471805599453,0.70504797,0.7030416,0.704044785,0.7069686760326511,dataset_2,p15
812,test,0.6931471805599453,0.70504797,0.718237,0.711642485,0.7213130615152726,dataset_2,p15
1261,test,0.6931471805599453,0.70504797,0.70520514,0.705126555,0.7090110475244888,dataset_2,p15
741,test,1.3862943611198906,0.7610447,0.8750459,0.8180453000000001,0.8698868784787125,dataset_2,p15
1227,test,0.6931471805599453,0.70504797,0.61529946,0.660173715,0.6241405122969063,dataset_2,p15
261,test,0.6931471805599453,0.70504797,0.7042576,0.704652785,0.7081165742615143,dataset_2,p15
836,test,0.6931471805599453,0.70504797,0.7680547,0.7365513349999999,0.768340733880435,dataset_2,p15
123,test,0.6931471805599453,0.70504797,0.7598239,0.732435935,0.7605708977438174,dataset_2,p15
1384,test,0.6931471805599453,0.7610447,0.8784449,0.8197448,0.8730955183470562,dataset_2,p15
605,test,0.6931471805599453,0.70504797,0.7185528,0.711800385,0.7216111752164855,dataset_2,p15
973,test,0.6931471805599453,0.70504797,0.62404686,0.6645474149999999,0.63239801638174,dataset_2,p15
594,test,0.6931471805599453,0.70504797,0.64718467,0.67611632,0.6542399992096782,dataset_2,p15
184,test,0.6931471805599453,0.70504797,0.65134674,0.678197355,0.6581689735364913,dataset_2,p15
946,test,0.6931471805599453,0.70504797,0.7185689,0.711808435,0.7216263735400749,dataset_2,p15
888,test,0.6931471805599453,0.70504797,0.67391723,0.6894826000000001,0.6794754089769306,dataset_2,p15
141,test,0.6931471805599453,0.70504797,0.7050896,0.7050687849999999,0.7089019783128417,dataset_2,p15
964,test,0.6931471805599453,0.70504797,0.70694125,0.70599461,0.7106499271249096,dataset_2,p15
816,test,0.6931471805599453,0.70504797,0.6890586,0.697053285,0.6937687903959784,dataset_2,p15
1239,test,0.6931471805599453,0.70504797,0.6236654,0.664356685,0.6320379199521494,dataset_2,p15
44,test,0.6931471805599453,0.70504797,0.70434296,0.7046954649999999,0.7081971536963957,dataset_2,p15
799,test,0.6931471805599453,0.70504797,0.6678919,0.686469935,0.6737875260531508,dataset_2,p15
566,test,0.6931471805599453,0.70504797,0.6895463,0.6972971349999999,0.6942291768813539,dataset_2,p15
1144,test,0.6931471805599453,0.70504797,0.6716798,0.688363885,0.677363285675775,dataset_2,p15
802,test,0.6931471805599453,0.70504797,0.6396822,0.672365085,0.6471577031364059,dataset_2,p15
1030,test,0.6931471805599453,0.70504797,0.7050648,0.705056385,0.7088785672305427,dataset_2,p15
76,test,1.3862943611198906,1.202756,1.1620811,1.18241855,1.1451612509905043,dataset_2,p15
361,test,0.6931471805599453,0.70504797,0.6632633,0.684155635,0.6694181496204895,dataset_2,p15
1333,test,0.6931471805599453,0.70504797,0.66309583,0.6840719,0.6692600587353023,dataset_2,p15
270,test,0.6931471805599453,0.70504797,0.7132311,0.709139535,0.7165875156732773,dataset_2,p15
1098,test,0.6931471805599453,0.70504797,0.7236943,0.7143711349999999,0.7264647268149231,dataset_2,p15
1197,test,0.6931471805599453,0.70504797,0.70398784,0.704517905,0.7078619221017954,dataset_2,p15
1036,test,0.6931471805599453,0.70504797,0.7310841,0.718066035,0.7334406629429274,dataset_2,p15
1039,test,0.6931471805599453,0.70504797,0.71895117,0.7119995699999999,0.7219872346058213,dataset_2,p15
78,test,0.6931471805599453,0.7610447,0.7392853,0.750165,0.7417295163986108,dataset_2,p15
745,test,0.6931471805599453,0.7610447,0.7306627,0.7458537000000001,0.7335898229214762,dataset_2,p15
271,test,0.6931471805599453,0.70504797,0.65455484,0.679801405,0.6611974047108464,dataset_2,p15
575,test,0.6931471805599453,0.70504797,0.7026169,0.703832435,0.7065677612482776,dataset_2,p15
1285,test,0.6931471805599453,0.70504797,0.73610055,0.72057426,0.7381761679348523,dataset_2,p15
1023,test,0.6931471805599453,0.70504797,0.7161263,0.7105871349999999,0.7193205707326562,dataset_2,p15
651,test,0.6931471805599453,0.7610447,0.86325514,0.81214992,0.8587564569976673,dataset_2,p15
70,test,0.6931471805599453,0.70504797,0.6529508,0.678999385,0.6596831985636215,dataset_2,p15
15,test,0.6931471805599453,0.70504797,0.72805244,0.716550205,0.7305787902911878,dataset_2,p15
1438,test,0.6931471805599453,0.70504797,0.681399,0.693223485,0.6865381643484452,dataset_2,p15
351,test,0.6931471805599453,0.70504797,0.652268,0.678657985,0.6590386386041907,dataset_2,p15
115,test,0.6931471805599453,0.70504797,0.76713574,0.736091855,0.7674732400018198,dataset_2,p15
303,test,0.6931471805599453,0.70504797,0.6953222,0.700185085,0.6996815990689287,dataset_2,p15
1075,test,0.6931471805599453,0.70504797,0.664721,0.684884485,0.6707942115022444,dataset_2,p15
796,test,0.6931471805599453,0.70504797,0.65172434,0.678386155,0.6585254261444013,dataset_2,p15
528,test,0.6931471805599453,0.70504797,0.69346154,0.699254755,0.6979251448596223,dataset_2,p15
901,test,0.6931471805599453,0.70504797,0.69604844,0.700548205,0.7003671661821932,dataset_2,p15
479,test,0.6931471805599453,0.70504797,0.7561825,0.7306152349999999,0.7571334334259042,dataset_2,p15
905,test,0.6931471805599453,0.70504797,0.6726556,0.688851785,0.6782844362446274,dataset_2,p15
415,test,0.6931471805599453,0.7610447,0.88442284,0.82273377,0.8787386653357491,dataset_2,p15
711,test,0.6931471805599453,0.70504797,0.644311,0.674679485,0.6515272683681179,dataset_2,p15
309,test,0.6931471805599453,0.70504797,0.77436525,0.73970661,0.7742978631305606,dataset_2,p15
1053,test,0.6931471805599453,0.70504797,0.7308309,0.7179394349999999,0.7332016433446147,dataset_2,p15
788,test,0.6931471805599453,0.70504797,0.676728,0.690887985,0.6821287625170143,dataset_2,p15
1236,test,0.6931471805599453,0.70504797,0.70535237,0.7052001699999999,0.7091500319457351,dataset_2,p15
887,test,0.6931471805599453,0.70504797,0.70777893,0.70641345,0.7114406930692798,dataset_2,p15
1399,test,0.6931471805599453,0.70504797,0.7068309,0.705939435,0.7105457572486308,dataset_2,p15
1068,test,0.6931471805599453,0.70504797,0.66192627,0.68348712,0.6681559996460348,dataset_2,p15
478,test,0.6931471805599453,0.70504797,0.71451175,0.70977986,0.7177964431953116,dataset_2,p15
999,test,0.6931471805599453,0.70504797,0.61122066,0.658134315,0.6202901444548937,dataset_2,p15
873,test,0.6931471805599453,0.70504797,0.69327176,0.6991598649999999,0.6977459934403183,dataset_2,p15
818,test,0.6931471805599453,0.70504797,0.75619346,0.7306207149999999,0.757143779613888,dataset_2,p15
1090,test,1.791759469228055,0.8959486,1.340273,1.1181108,1.3103767545030416,dataset_2,p15
757,test,0.6931471805599453,0.70504797,0.71712625,0.71108711,0.7202645187868928,dataset_2,p15
1031,test,0.6931471805599453,0.70504797,0.7043741,0.704711035,0.7082265497086052,dataset_2,p15
322,test,0.6931471805599453,0.70504797,0.7055686,0.705308285,0.7093541520395075,dataset_2,p15
332,test,0.6931471805599453,0.70504797,0.6689548,0.687001385,0.6747908986086266,dataset_2,p15
567,test,0.6931471805599453,0.70504797,0.6508208,0.6779343849999999,0.6576724886726028,dataset_2,p15
892,test,0.6931471805599453,0.70504797,0.7061421,0.705595035,0.7098955333176761,dataset_2,p15
610,test,0.6931471805599453,0.70504797,0.6775358,0.691291885,0.682891321883195,dataset_2,p15
529,test,0.6931471805599453,0.7610447,0.94111896,0.85108183,0.9322595335359255,dataset_2,p15
570,test,0.6931471805599453,0.70504797,0.7064035,0.7057257349999999,0.7101422936770715,dataset_2,p15
429,test,0.6931471805599453,0.70504797,0.6473788,0.6762133850000001,0.6544232570083371,dataset_2,p15
985,test,0.6931471805599453,0.70504797,0.7725854,0.738816685,0.7726176931777298,dataset_2,p15
43,test,0.6931471805599453,0.70504797,0.6516111,0.678329535,0.6584185281218385,dataset_2,p15
497,test,0.6931471805599453,0.70504797,0.67542803,0.6902379999999999,0.6809015970066727,dataset_2,p15
451,test,0.6931471805599453,0.70504797,0.6723614,0.688704685,0.6780067128409009,dataset_2,p15
1085,test,0.6931471805599453,0.70504797,0.70401657,0.70453227,0.7078890430854428,dataset_2,p15
1423,test,0.6931471805599453,0.70504797,0.71266294,0.7088554549999999,0.716051175329765,dataset_2,p15
101,test,0.6931471805599453,0.70504797,0.6182119,0.661629935,0.6268898418344641,dataset_2,p15
889,test,0.6931471805599453,0.70504797,0.6480559,0.676551935,0.6550624361948201,dataset_2,p15
289,test,0.6931471805599453,0.70504797,0.74220026,0.723624115,0.7439342652256246,dataset_2,p15
1006,test,0.6931471805599453,0.70504797,0.6678601,0.6864540349999999,0.6737575070040736,dataset_2,p15
1443,test,0.6931471805599453,0.70504797,0.7290118,0.717029885,0.7314844215780646,dataset_2,p15
1308,test,0.6931471805599453,0.70504797,0.7142797,0.709663835,0.7175773890966209,dataset_2,p15
1330,test,0.6931471805599453,0.70504797,0.7890119,0.747029935,0.7881242312175498,dataset_2,p15
381,test,0.6931471805599453,0.70504797,0.70430744,0.7046777049999999,0.7081636229849736,dataset_2,p15
847,test,0.6931471805599453,0.70504797,0.7443589,0.724703435,0.7459720111407178,dataset_2,p15
1057,test,0.6931471805599453,0.70504797,0.7533629,0.7292054349999999,0.7544717444077277,dataset_2,p15
602,test,0.6931471805599453,0.70504797,0.68970966,0.697378815,0.6943833879460473,dataset_2,p15
898,test,0.6931471805599453,0.70504797,0.617293,0.661170485,0.626022404595564,dataset_2,p15
636,test,1.9459101490553132,2.6464934,2.3329327,2.48971305,2.264541606553685,dataset_2,p15
665,test,1.0986122886681098,0.7610447,1.0648788,0.91296175,1.0490882351316424,dataset_2,p15
588,test,1.0986122886681098,0.70504797,0.8235389,0.7642934349999999,0.8207175553523848,dataset_2,p15
163,test,0.6931471805599453,0.70504797,0.6485518,0.676799885,0.6555305634412784,dataset_2,p15
32,test,0.6931471805599453,0.7610447,0.9524331,0.8567389000000001,0.9429400279990096,dataset_2,p15
619,test,0.6931471805599453,0.70504797,0.6473298,0.676188885,0.6543770012408912,dataset_2,p15
672,test,0.6931471805599453,0.70504797,0.65333664,0.6791923049999999,0.6600474296924245,dataset_2,p15
324,test,0.6931471805599453,0.70504797,0.69653904,0.700793505,0.7008302902538053,dataset_2,p15
382,test,0.6931471805599453,0.70504797,0.6716083,0.688328135,0.677295790015114,dataset_2,p15
306,test,0.6931471805599453,0.70504797,0.6838344,0.694441185,0.6888371703900351,dataset_2,p15
1163,test,0.6931471805599453,0.70504797,0.7046557,0.7048518349999999,0.7084923787721314,dataset_2,p15
855,test,0.6931471805599453,0.70504797,0.696314,0.700680985,0.7006178535618452,dataset_2,p15
722,test,1.0986122886681098,1.0243386,0.9772159,1.00077725,0.9689066509066033,dataset_2,p15
365,test,0.6931471805599453,0.70504797,0.6717574,0.688402685,0.6774365397074852,dataset_2,p15
423,test,0.6931471805599453,0.70504797,0.69536686,0.7002074149999999,0.6997237578969723,dataset_2,p15
933,test,0.6931471805599453,0.70504797,0.7040262,0.704537085,0.7078981337597389,dataset_2,p15
247,test,0.6931471805599453,0.70504797,0.7792544,0.742151185,0.7789131975266514,dataset_2,p15
427,test,0.6931471805599453,0.7610447,0.7186194,0.73983205,0.722221004878986,dataset_2,p15
1380,test,1.0986122886681098,0.9152419,1.2512195,1.0832307,1.2264991244273187,dataset_2,p15
543,test,0.6931471805599453,0.70504797,0.7495511,0.727299535,0.750873423298533,dataset_2,p15
218,test,0.6931471805599453,0.70504797,0.7383629,0.7217054350000001,0.7403118155977377,dataset_2,p15
864,test,0.6931471805599453,0.70504797,0.6499537,0.677500835,0.65685395038786,dataset_2,p15
274,test,0.6931471805599453,0.70504797,0.66919285,0.6871204099999999,0.6750156166788412,dataset_2,p15
628,test,3.9889840465642745,2.8052707,2.6479084,2.72658955,2.5634280624164236,dataset_2,p15
1237,test,0.6931471805599453,0.70504797,0.7521919,0.728619935,0.7533663259652945,dataset_2,p15
1431,test,0.6931471805599453,0.70504797,0.67140687,0.68822742,0.6771056410511008,dataset_2,p15
63,test,0.6931471805599453,0.70504797,0.69817185,0.70160991,0.702371655144488,dataset_2,p15
1178,test,0.6931471805599453,0.70504797,0.64890015,0.67697406,0.655859404188009,dataset_2,p15
380,test,0.6931471805599453,0.70504797,0.7231667,0.714107335,0.7259666749189131,dataset_2,p15
1203,test,0.6931471805599453,0.70504797,0.7114192,0.708233585,0.714877090672556,dataset_2,p15
1235,test,0.6931471805599453,0.70504797,0.76419675,0.7346223599999999,0.7646988473902684,dataset_2,p15
485,test,0.6931471805599453,0.70504797,0.7138225,0.7094352349999999,0.7171457944664925,dataset_2,p15
674,test,1.0986122886681098,0.70504797,0.72049844,0.712773205,0.7234478501424768,dataset_2,p15
1201,test,0.6931471805599453,0.70504797,0.6255491,0.665298535,0.6338161238121078,dataset_2,p15
931,test,0.6931471805599453,0.70504797,0.6997296,0.7023887849999999,0.7038421637514053,dataset_2,p15
203,test,0.6931471805599453,0.70504797,0.72296655,0.71400726,0.7257777342688251,dataset_2,p15
522,test,0.6931471805599453,0.70504797,0.6490511,0.677049535,0.6560019002716002,dataset_2,p15
894,test,0.6931471805599453,0.70504797,0.65041345,0.67773071,0.6572879522058861,dataset_2,p15
30,test,1.9459101490553132,0.7610447,1.0437925,0.9024186,1.029182868007236,dataset_2,p15
56,test,0.6931471805599453,0.70504797,0.6521262,0.678587085,0.6589047800771736,dataset_2,p15
1166,test,2.6390573296152584,2.8052707,3.466542,3.13590635,3.336214295580811,dataset_2,p15
1092,test,0.6931471805599453,0.70504797,0.6717135,0.688380735,0.6773950983158347,dataset_2,p15
371,test,0.6931471805599453,0.70504797,0.6733384,0.6891931849999999,0.6789289962040582,dataset_2,p15
945,test,0.6931471805599453,0.70504797,0.6994282,0.7022380850000001,0.70355764358185,dataset_2,p15
1378,test,0.6931471805599453,0.70504797,0.665254,0.6851509849999999,0.6712973609726259,dataset_2,p15
1192,test,0.6931471805599453,0.70504797,0.8346423,0.769845135,0.8311991122556409,dataset_2,p15
858,test,0.6931471805599453,0.70504797,0.6953316,0.7001897850000001,0.6996904726243163,dataset_2,p15
464,test,0.6931471805599453,0.70504797,0.7057767,0.705412335,0.7095505974518648,dataset_2,p15
363,test,0.6931471805599453,0.70504797,0.65887105,0.68195951,0.6652718864661109,dataset_2,p15
1187,test,0.6931471805599453,0.70504797,0.72176737,0.71340767,0.7246457140401342,dataset_2,p15
578,test,0.6931471805599453,0.70504797,0.67000055,0.68752426,0.6757780816454966,dataset_2,p15
237,test,1.3862943611198906,1.0243386,1.2010695,1.11270405,1.1802233868972682,dataset_2,p15
1390,test,0.6931471805599453,0.70504797,0.67332625,0.68918711,0.6789175266617221,dataset_2,p15
99,test,0.6931471805599453,0.70504797,0.6755154,0.690281685,0.6809840738720148,dataset_2,p15
461,test,0.6931471805599453,0.70504797,0.7506253,0.7278366350000001,0.7518874630003791,dataset_2,p15
259,test,0.6931471805599453,0.70504797,0.6701635,0.687605735,0.6759319056721357,dataset_2,p15
481,test,0.6931471805599453,0.70504797,0.7364259,0.7207369349999999,0.738483296790741,dataset_2,p15
583,test,0.6931471805599453,0.70504797,0.69254947,0.69879872,0.6970641551083071,dataset_2,p15
861,test,0.6931471805599453,0.70504797,0.73478854,0.7199182550000001,0.7369376367216527,dataset_2,p15
1043,test,0.6931471805599453,0.70504797,0.6227294,0.663888685,0.631154340394406,dataset_2,p15
277,test,0.6931471805599453,0.70504797,0.6714133,0.688230635,0.6771117109405841,dataset_2,p15
744,test,0.6931471805599453,0.7610447,0.74729526,0.75416998,0.7492908806233353,dataset_2,p15
584,test,0.6931471805599453,0.70504797,0.66942745,0.68723771,0.6752370779654295,dataset_2,p15
1037,test,0.6931471805599453,0.70504797,0.65992147,0.6824847199999999,0.666263477960817,dataset_2,p15
906,test,0.6931471805599453,0.70504797,0.6271988,0.6661233849999999,0.6353734327826306,dataset_2,p15
377,test,0.6931471805599453,0.70504797,0.6528797,0.678963835,0.659616080501062,dataset_2,p15
549,test,0.6931471805599453,0.70504797,0.6229787,0.6640133349999999,0.6313896784112281,dataset_2,p15
1417,test,0.6931471805599453,0.70504797,0.64906377,0.67705587,0.6560138606914684,dataset_2,p15
771,test,0.6931471805599453,0.70504797,0.67048526,0.6877666149999999,0.6762356455850624,dataset_2,p15
691,test,1.0986122886681098,1.1264546,1.2407943,1.18362445,1.218720848598204,dataset_2,p15
706,test,0.6931471805599453,0.70504797,0.6870115,0.696029735,0.6918363377115164,dataset_2,p15
297,test,0.6931471805599453,0.70504797,0.684968,0.6950079849999999,0.6899072834099689,dataset_2,p15
1247,test,0.6931471805599453,0.70504797,0.6661129,0.685580435,0.672108158496286,dataset_2,p15
893,test,0.6931471805599453,0.70504797,0.62091035,0.66297916,0.6294371658276185,dataset_2,p15
947,test,0.6931471805599453,0.70504797,0.6592921,0.682170035,0.6656693556678074,dataset_2,p15
413,test,0.6931471805599453,0.71038735,0.73349106,0.721939205,0.714288653438612,dataset_2,p20
316,test,0.6931471805599453,0.71038735,0.6669245,0.688655925,0.6622433386613099,dataset_2,p20
1034,test,0.6931471805599453,0.71038735,0.71521133,0.71279934,0.6999965779296163,dataset_2,p20
65,test,0.6931471805599453,0.83184737,0.6890063,0.760426835,0.7386037403477294,dataset_2,p20
1024,test,0.6931471805599453,0.71038735,0.66152525,0.6859563,0.6580219147840456,dataset_2,p20
661,test,0.6931471805599453,0.71038735,0.8435108,0.776949075,0.8003080000897974,dataset_2,p20
175,test,0.6931471805599453,0.71038735,0.66813016,0.689258755,0.6631859884574599,dataset_2,p20
824,test,0.6931471805599453,0.71038735,0.659694,0.685040675,0.6565901450983966,dataset_2,p20
649,test,0.6931471805599453,0.77499074,0.71715987,0.746075305,0.732952453401675,dataset_2,p20
231,test,0.6931471805599453,0.71038735,0.7440791,0.727233225,0.7225669522522306,dataset_2,p20
198,test,0.6931471805599453,0.71038735,0.6661484,0.688267875,0.6616365419634084,dataset_2,p20
845,test,0.6931471805599453,0.71038735,0.689204,0.6997956750000001,0.6796626493569641,dataset_2,p20
1108,test,0.6931471805599453,0.71038735,0.6608832,0.685635275,0.657519925581768,dataset_2,p20
1394,test,0.6931471805599453,0.71038735,0.74755293,0.7289701399999999,0.7252829792759018,dataset_2,p20
358,test,0.6931471805599453,0.71038735,0.70935,0.7098686750000001,0.6954138750700477,dataset_2,p20
1088,test,2.302585092994046,1.0028477,1.1408671,1.0718573999999998,1.1750920147994965,dataset_2,p20
394,test,3.610917912644224,2.7493582,3.3390589,3.04420855,3.7435110092124764,dataset_2,p20
275,test,0.6931471805599453,0.71038735,0.65784514,0.684116245,0.6551446069681528,dataset_2,p20
782,test,0.6931471805599453,0.71038735,0.7080274,0.709207375,0.6943797952959921,dataset_2,p20
715,test,2.1972245773362196,2.4835947,2.2522035,2.3678991,2.7644433564500086,dataset_2,p20
239,test,0.6931471805599453,0.77499074,1.1044602,0.93972547,1.0357646700492373,dataset_2,p20
240,test,2.0794415416798357,2.2324433,2.1394625,2.1859529,2.5541001353568467,dataset_2,p20
420,test,0.6931471805599453,0.71038735,0.73103774,0.720712545,0.7123705159886754,dataset_2,p20
1259,test,0.6931471805599453,0.71038735,0.7067503,0.708568825,0.6933812898677096,dataset_2,p20
986,test,0.6931471805599453,0.71038735,0.6773766,0.693881975,0.6704153522757109,dataset_2,p20
752,test,0.6931471805599453,0.71038735,0.71617323,0.7132802899999999,0.7007486430548727,dataset_2,p20
590,test,0.6931471805599453,0.77499074,0.70860183,0.7417962849999999,0.726261317707165,dataset_2,p20
1398,test,0.6931471805599453,0.71038735,0.69902134,0.704704345,0.6873383734829487,dataset_2,p20
51,test,0.6931471805599453,0.71038735,0.7043966,0.707391975,0.6915410406886724,dataset_2,p20
680,test,0.6931471805599453,0.71038735,0.6981838,0.704285575,0.686683539690447,dataset_2,p20
374,test,0.6931471805599453,0.71038735,0.6809685,0.695677925,0.673223692772029,dataset_2,p20
168,test,0.6931471805599453,0.71038735,0.70649767,0.70844251,0.6931837701540247,dataset_2,p20
244,test,0.6931471805599453,0.71038735,0.7332969,0.721842125,0.71413684871388,dataset_2,p20
585,test,0.6931471805599453,0.71038735,0.77232516,0.7413562549999999,0.7446512402779083,dataset_2,p20
1412,test,0.6931471805599453,0.71038735,0.7403157,0.725351525,0.7196245238372291,dataset_2,p20
598,test,0.6931471805599453,1.0028477,0.72146493,0.862156315,0.8471808540615294,dataset_2,p20
49,test,0.6931471805599453,0.71038735,0.67889965,0.6946435,0.6716061546346065,dataset_2,p20
462,test,0.6931471805599453,0.71038735,0.6801856,0.695286475,0.6726115794686053,dataset_2,p20
1223,test,0.6931471805599453,0.71038735,0.6733382,0.6918627749999999,0.6672579140785642,dataset_2,p20
29,test,1.0986122886681098,1.0028477,1.0380303,1.020439,1.0946886767467197,dataset_2,p20
192,test,0.6931471805599453,0.71038735,0.6722444,0.6913158749999999,0.6664027224432534,dataset_2,p20
922,test,0.6931471805599453,0.71038735,0.78170043,0.7460438899999999,0.7519813303151912,dataset_2,p20
1434,test,0.6931471805599453,0.71038735,0.66143644,0.685911895,0.657952478352219,dataset_2,p20
621,test,0.6931471805599453,0.71038735,0.7232985,0.7168429249999999,0.7063195621473309,dataset_2,p20
1027,test,0.6931471805599453,0.71038735,0.6754191,0.692903225,0.6688848735537134,dataset_2,p20
730,test,0.6931471805599453,0.71038735,1.0067388,0.858563075,0.9279284245261729,dataset_2,p20
67,test,0.6931471805599453,0.71038735,0.6475329,0.6789601249999999,0.6470819434196821,dataset_2,p20
1313,test,0.6931471805599453,0.71038735,0.7056036,0.7079954749999999,0.6924847381688516,dataset_2,p20
527,test,0.6931471805599453,0.71038735,0.7169294,0.7136583750000001,0.7013398574074718,dataset_2,p20
812,test,0.6931471805599453,0.71038735,0.71660525,0.7134963,0.701086419513354,dataset_2,p20
1261,test,0.6931471805599453,0.71038735,0.7068565,0.708621925,0.6934643227363053,dataset_2,p20
741,test,1.3862943611198906,0.77499074,0.898477,0.83673387,0.8747159320216759,dataset_2,p20
1227,test,0.6931471805599453,0.71038735,0.654557,0.682472175,0.6525737623679235,dataset_2,p20
261,test,0.6931471805599453,0.71038735,0.7162012,0.713294275,0.7007705115043512,dataset_2,p20
836,test,0.6931471805599453,0.71038735,0.724457,0.717422175,0.7072253397204774,dataset_2,p20
123,test,0.6931471805599453,0.71038735,0.7456897,0.728038525,0.7238262059072237,dataset_2,p20
1384,test,0.6931471805599453,0.77499074,0.92720467,0.8510977049999999,0.8971767686334587,dataset_2,p20
605,test,0.6931471805599453,0.71038735,0.7140143,0.712200825,0.699060675531357,dataset_2,p20
973,test,0.6931471805599453,0.71038735,0.65868473,0.68453604,0.6558010435608486,dataset_2,p20
594,test,0.6931471805599453,0.71038735,0.67873865,0.694563,0.6714802761803325,dataset_2,p20
184,test,0.6931471805599453,0.71038735,0.6784556,0.694421475,0.6712589724754735,dataset_2,p20
946,test,0.6931471805599453,0.71038735,0.74644506,0.728416205,0.7244167869582827,dataset_2,p20
888,test,0.6931471805599453,0.71038735,0.709146,0.709766675,0.6952543769043836,dataset_2,p20
141,test,0.6931471805599453,0.71038735,0.7067584,0.708572875,0.693387622883111,dataset_2,p20
964,test,0.6931471805599453,0.71038735,0.7081373,0.709262325,0.6944657210234748,dataset_2,p20
816,test,0.6931471805599453,0.71038735,0.68421984,0.6973035949999999,0.6757657651541386,dataset_2,p20
1239,test,0.6931471805599453,0.71038735,0.6582129,0.684300125,0.6554321415044501,dataset_2,p20
44,test,0.6931471805599453,0.71038735,0.7062087,0.7082980249999999,0.6929578378749465,dataset_2,p20
799,test,0.6931471805599453,0.71038735,0.6739193,0.692153325,0.667712249294581,dataset_2,p20
566,test,0.6931471805599453,0.71038735,0.68316776,0.6967775549999999,0.6749431924574135,dataset_2,p20
1144,test,0.6931471805599453,0.71038735,0.65052575,0.6804565499999999,0.6494219144251127,dataset_2,p20
802,test,0.6931471805599453,0.71038735,0.6377113,0.6740493249999999,0.6394028885967087,dataset_2,p20
1030,test,0.6931471805599453,0.71038735,0.70675683,0.70857209,0.6933863953727184,dataset_2,p20
76,test,1.3862943611198906,1.2708759,1.0759162,1.17339605,1.2547174654442457,dataset_2,p20
361,test,0.6931471805599453,0.71038735,0.70095086,0.7056691049999999,0.68884697593693,dataset_2,p20
1333,test,0.6931471805599453,0.71038735,0.664008,0.687197675,0.6599630621899405,dataset_2,p20
270,test,0.6931471805599453,0.71038735,0.71293294,0.711660145,0.6982152101567367,dataset_2,p20
1098,test,0.6931471805599453,0.71038735,0.7200737,0.715230525,0.7037982401638329,dataset_2,p20
1197,test,0.6931471805599453,0.71038735,0.70322025,0.7068038,0.6906213070260303,dataset_2,p20
1036,test,0.6931471805599453,0.71038735,0.7716728,0.7410300750000001,0.7441411901634346,dataset_2,p20
1039,test,0.6931471805599453,0.71038735,0.73660195,0.7234946499999999,0.7167209144610767,dataset_2,p20
78,test,0.6931471805599453,0.77499074,0.7393142,0.7571524700000001,0.7502738994630341,dataset_2,p20
745,test,0.6931471805599453,0.77499074,0.7384715,0.75673112,0.7496150313051657,dataset_2,p20
271,test,0.6931471805599453,0.71038735,0.692632,0.701509675,0.6823428440231236,dataset_2,p20
575,test,0.6931471805599453,0.71038735,0.701464,0.705925675,0.6892481763718755,dataset_2,p20
1285,test,0.6931471805599453,0.71038735,0.7636287,0.737008025,0.7378518803868727,dataset_2,p20
1023,test,0.6931471805599453,0.71038735,0.72793305,0.7191601999999999,0.7099431024594808,dataset_2,p20
651,test,0.6931471805599453,0.77499074,0.86768687,0.821338805,0.8506425533179535,dataset_2,p20
70,test,0.6931471805599453,0.71038735,0.61122113,0.66080424,0.6186914497578346,dataset_2,p20
15,test,0.6931471805599453,0.71038735,0.76476884,0.7375780949999999,0.7387433031251093,dataset_2,p20
1438,test,0.6931471805599453,0.71038735,0.67131984,0.690853595,0.6656798517371436,dataset_2,p20
351,test,0.6931471805599453,0.71038735,0.6649128,0.687650075,0.660670483465886,dataset_2,p20
115,test,0.6931471805599453,0.71038735,0.72297835,0.71668285,0.7060692516682262,dataset_2,p20
303,test,0.6931471805599453,0.71038735,0.73606896,0.7232281549999999,0.7163041942291292,dataset_2,p20
1075,test,0.6931471805599453,0.71038735,0.65771186,0.684049605,0.6550404014999189,dataset_2,p20
796,test,0.6931471805599453,0.71038735,0.66733766,0.688862505,0.662566369358005,dataset_2,p20
528,test,0.6931471805599453,0.71038735,0.71768713,0.7140372399999999,0.701932291451926,dataset_2,p20
901,test,0.6931471805599453,0.71038735,0.6906166,0.700501975,0.6807670959688127,dataset_2,p20
479,test,0.6931471805599453,0.71038735,0.8123784,0.761382875,0.7759670163019483,dataset_2,p20
905,test,0.6931471805599453,0.71038735,0.6744133,0.6924003249999999,0.6680984850486891,dataset_2,p20
415,test,0.6931471805599453,0.77499074,0.90342337,0.8392070549999999,0.8785832699711656,dataset_2,p20
711,test,0.6931471805599453,0.71038735,0.6661283,0.688257825,0.661620826702968,dataset_2,p20
309,test,0.6931471805599453,0.71038735,0.75734746,0.733867405,0.7329408693177746,dataset_2,p20
1053,test,0.6931471805599453,0.71038735,0.7960089,0.7531981249999999,0.7631684612880338,dataset_2,p20
788,test,0.6931471805599453,0.71038735,0.7129334,0.711660375,0.6982155698094632,dataset_2,p20
1236,test,0.6931471805599453,0.71038735,0.68010926,0.695248305,0.6725518927530819,dataset_2,p20
887,test,0.6931471805599453,0.71038735,0.70873535,0.70956135,0.6949333086606093,dataset_2,p20
1399,test,0.6931471805599453,0.71038735,0.70492613,0.70765674,0.6919550557066337,dataset_2,p20
1068,test,0.6931471805599453,0.71038735,0.66296065,0.686674,0.6591441876614684,dataset_2,p20
478,test,0.6931471805599453,0.71038735,0.7261885,0.718287925,0.7085791194942391,dataset_2,p20
999,test,0.6931471805599453,0.71038735,0.65055287,0.6804701099999999,0.6494431182989009,dataset_2,p20
873,test,0.6931471805599453,0.71038735,0.7034749,0.706931125,0.6908204060842968,dataset_2,p20
818,test,0.6931471805599453,0.71038735,0.7163508,0.7133690749999999,0.7008874768258382,dataset_2,p20
1090,test,2.302585092994046,0.9798208,1.301748,1.1407844,1.289673746559806,dataset_2,p20
757,test,0.6931471805599453,0.71038735,0.6988119,0.704599625,0.6871746220328668,dataset_2,p20
1031,test,0.6931471805599453,0.71038735,0.7062465,0.708316925,0.6929873919468196,dataset_2,p20
322,test,0.6931471805599453,0.71038735,0.7071048,0.708746075,0.6936584570232387,dataset_2,p20
332,test,0.6931471805599453,0.71038735,0.6688349,0.689611125,0.6637369920715291,dataset_2,p20
567,test,0.6931471805599453,0.71038735,0.66357017,0.6869787599999999,0.6596207431611526,dataset_2,p20
892,test,0.6931471805599453,0.71038735,0.7075293,0.708958325,0.6939903539414956,dataset_2,p20
610,test,0.6931471805599453,0.71038735,0.6800693,0.695228325,0.6725206498771018,dataset_2,p20
529,test,0.6931471805599453,0.77499074,0.94497836,0.8599845500000001,0.9110731948691572,dataset_2,p20
570,test,0.6931471805599453,0.71038735,0.70769584,0.709041595,0.6941205638655628,dataset_2,p20
429,test,0.6931471805599453,0.71038735,0.6796285,0.695007925,0.6721760087426667,dataset_2,p20
985,test,0.6931471805599453,0.71038735,0.7709156,0.740651475,0.7435491705014696,dataset_2,p20
43,test,0.6931471805599453,0.71038735,0.6476733,0.679030325,0.6471917156866392,dataset_2,p20
497,test,0.6931471805599453,0.71038735,0.68125206,0.695819705,0.6734453952223022,dataset_2,p20
451,test,0.6931471805599453,0.71038735,0.675679,0.6930331750000001,0.6690880773441845,dataset_2,p20
1085,test,0.6931471805599453,0.71038735,0.70598465,0.708186,0.6927826635415296,dataset_2,p20
1423,test,0.6931471805599453,0.71038735,0.7219585,0.716172925,0.7052718781179687,dataset_2,p20
101,test,0.6931471805599453,0.71038735,0.65737295,0.68388015,0.6547754234444031,dataset_2,p20
889,test,0.6931471805599453,0.71038735,0.67959434,0.694990845,0.6721493006184556,dataset_2,p20
289,test,0.6931471805599453,0.71038735,0.7515145,0.7309509249999999,0.7283803476491858,dataset_2,p20
1006,test,0.6931471805599453,0.71038735,0.6460377,0.678212525,0.6459129156878147,dataset_2,p20
1443,test,0.6931471805599453,0.71038735,0.7206644,0.715525875,0.7042600811758808,dataset_2,p20
1308,test,0.6931471805599453,0.71038735,0.72615826,0.718272805,0.7085554762367408,dataset_2,p20
1330,test,0.6931471805599453,0.71038735,0.8417603,0.776073825,0.7989393650947237,dataset_2,p20
381,test,0.6931471805599453,0.71038735,0.7061963,0.708291825,0.6929481428884061,dataset_2,p20
847,test,0.6931471805599453,0.71038735,0.7378848,0.724136075,0.7177239155484405,dataset_2,p20
1057,test,0.6931471805599453,0.71038735,0.75958836,0.734987855,0.7346929253934447,dataset_2,p20
602,test,0.6931471805599453,0.71038735,0.6838545,0.697120925,0.6754801227039242,dataset_2,p20
898,test,0.6931471805599453,0.71038735,0.61652386,0.663455605,0.6228374091108347,dataset_2,p20
636,test,1.9459101490553132,2.4835947,2.3687403,2.4261675,2.855558090922385,dataset_2,p20
665,test,1.0986122886681098,0.77499074,1.0899138,0.93245227,1.0243915126128829,dataset_2,p20
588,test,1.0986122886681098,0.71038735,0.8042181,0.757302725,0.7695868551192582,dataset_2,p20
163,test,0.6931471805599453,0.71038735,0.6632645,0.686825925,0.6593817539243951,dataset_2,p20
32,test,0.6931471805599453,0.77499074,0.9990915,0.88704112,0.9533817564785932,dataset_2,p20
619,test,0.6931471805599453,0.71038735,0.6611973,0.685792325,0.6577655058456655,dataset_2,p20
672,test,0.6931471805599453,0.71038735,0.65248746,0.681437405,0.6509556847514113,dataset_2,p20
324,test,0.6931471805599453,0.71038735,0.6779032,0.694145275,0.6708270764621752,dataset_2,p20
382,test,0.6931471805599453,0.71038735,0.6735338,0.691960575,0.667410844672701,dataset_2,p20
306,test,0.6931471805599453,0.71038735,0.6787108,0.694549075,0.6714585015533042,dataset_2,p20
1163,test,0.6931471805599453,0.71038735,0.70645154,0.708419445,0.693147703240387,dataset_2,p20
855,test,0.6931471805599453,0.71038735,0.736385,0.7233861749999999,0.716551291289308,dataset_2,p20
722,test,1.0986122886681098,1.1243075,1.043231,1.08376925,1.157850419999344,dataset_2,p20
365,test,0.6931471805599453,0.71038735,0.67298985,0.6916886,0.6669855553236177,dataset_2,p20
423,test,0.6931471805599453,0.71038735,0.6993576,0.7048724749999999,0.6876012796260182,dataset_2,p20
933,test,0.6931471805599453,0.71038735,0.73398197,0.7221846599999999,0.7146724732646226,dataset_2,p20
247,test,0.6931471805599453,0.71038735,0.7781992,0.744293275,0.7492438804986807,dataset_2,p20
427,test,0.6931471805599453,0.77499074,0.7130729,0.74403182,0.7297570405677327,dataset_2,p20
1380,test,1.3862943611198906,1.1243075,1.2629459,1.1936267,1.329635339210483,dataset_2,p20
543,test,0.6931471805599453,0.71038735,0.7705014,0.740444375,0.7432253266768711,dataset_2,p20
218,test,0.6931471805599453,0.71038735,0.728283,0.719335175,0.7102167121804326,dataset_2,p20
864,test,0.6931471805599453,0.71038735,0.6650566,0.687721975,0.6607829140356041,dataset_2,p20
274,test,0.6931471805599453,0.71038735,0.62204444,0.666215895,0.6271536953039816,dataset_2,p20
628,test,4.060443010546419,2.7493582,2.7813344,2.7653463,3.3074520156049743,dataset_2,p20
1237,test,0.6931471805599453,0.71038735,0.64549106,0.6779392049999999,0.6454855231521351,dataset_2,p20
1431,test,0.6931471805599453,0.71038735,0.6732613,0.691824325,0.6671977895249388,dataset_2,p20
63,test,0.6931471805599453,0.71038735,0.714854,0.7126206749999999,0.6997171981279655,dataset_2,p20
1178,test,0.6931471805599453,0.71038735,0.6637025,0.6870449249999999,0.6597242058683209,dataset_2,p20
380,test,0.6931471805599453,0.71038735,0.71281254,0.711599945,0.6981210749648448,dataset_2,p20
1203,test,0.6931471805599453,0.71038735,0.7115739,0.7109806249999999,0.6971526396319124,dataset_2,p20
1235,test,0.6931471805599453,0.71038735,0.77470315,0.74254525,0.7465104806846121,dataset_2,p20
485,test,0.6931471805599453,0.71038735,0.7230269,0.716707125,0.7061072106679468,dataset_2,p20
674,test,1.0986122886681098,0.71038735,0.8486911,0.779539225,0.8043582370877865,dataset_2,p20
1201,test,0.6931471805599453,0.71038735,0.65987754,0.685132445,0.6567336465362691,dataset_2,p20
931,test,0.6931471805599453,0.71038735,0.71686256,0.713624955,0.7012875983026043,dataset_2,p20
203,test,0.6931471805599453,0.71038735,0.71248174,0.7114345449999999,0.6978624377432678,dataset_2,p20
522,test,0.6931471805599453,0.71038735,0.6638967,0.687142025,0.6598760418672032,dataset_2,p20
894,test,0.6931471805599453,0.71038735,0.66379344,0.687090395,0.659795307648642,dataset_2,p20
30,test,1.9459101490553132,0.77499074,1.0670806,0.92103567,1.006539289494051,dataset_2,p20
56,test,0.6931471805599453,0.71038735,0.665867,0.688127175,0.6614165283172423,dataset_2,p20
1166,test,2.833213344056216,2.7493582,3.351046,3.0502021,3.7528831683381245,dataset_2,p20
1092,test,0.6931471805599453,0.71038735,0.67338526,0.6918863049999999,0.6672947081161924,dataset_2,p20
371,test,0.6931471805599453,0.71038735,0.67682415,0.6936057499999999,0.6699834171697249,dataset_2,p20
945,test,0.6931471805599453,0.71038735,0.7032877,0.706837525,0.6906740430616873,dataset_2,p20
1378,test,0.6931471805599453,0.71038735,0.6582978,0.6843425750000001,0.6554985208881015,dataset_2,p20
1192,test,0.6931471805599453,0.71038735,0.7644434,0.737415375,0.7384888566396498,dataset_2,p20
858,test,0.6931471805599453,0.71038735,0.72610873,0.71824804,0.708516751020342,dataset_2,p20
464,test,0.6931471805599453,0.71038735,0.70722216,0.7088047550000001,0.6937502153797207,dataset_2,p20
363,test,0.6931471805599453,0.71038735,0.6737548,0.692071075,0.6675836343521704,dataset_2,p20
1187,test,0.6931471805599453,0.71038735,0.71923554,0.714811445,0.7031429216220043,dataset_2,p20
578,test,0.6931471805599453,0.71038735,0.6227342,0.666560775,0.627692986748827,dataset_2,p20
237,test,1.3862943611198906,1.1243075,1.2443006,1.1843040500000002,1.3150574414249099,dataset_2,p20
1390,test,0.6931471805599453,0.71038735,0.6832212,0.696804275,0.6749849747219875,dataset_2,p20
99,test,0.6931471805599453,0.71038735,0.6654407,0.687914025,0.6610832240622295,dataset_2,p20
461,test,0.6931471805599453,0.71038735,0.643948,0.677167675,0.6442790758996367,dataset_2,p20
259,test,0.6931471805599453,0.71038735,0.6590206,0.6847039749999999,0.6560636447809544,dataset_2,p20
481,test,0.6931471805599453,0.71038735,0.7768153,0.743601325,0.7481618730895505,dataset_2,p20
583,test,0.6931471805599453,0.71038735,0.72356886,0.7169781049999999,0.7065309441280611,dataset_2,p20
861,test,0.6931471805599453,0.71038735,0.76266503,0.73652619,0.7370984313804729,dataset_2,p20
1043,test,0.6931471805599453,0.71038735,0.65739626,0.683891805,0.6547936484553915,dataset_2,p20
277,test,0.6931471805599453,0.71038735,0.6731516,0.691769475,0.6671120201682067,dataset_2,p20
744,test,0.6931471805599453,0.77499074,0.79749894,0.78624484,0.7957658568142248,dataset_2,p20
584,test,0.6931471805599453,0.71038735,0.65815675,0.6842720499999999,0.6553882404162047,dataset_2,p20
1037,test,0.6931471805599453,0.71038735,0.6439231,0.6771552249999999,0.6442596077411807,dataset_2,p20
906,test,0.6931471805599453,0.71038735,0.6232762,0.6668317749999999,0.6281167514830913,dataset_2,p20
377,test,0.6931471805599453,0.71038735,0.6111569,0.660772125,0.618641231291263,dataset_2,p20
549,test,0.6931471805599453,0.71038735,0.6575686,0.6839779749999999,0.6549283931312275,dataset_2,p20
1417,test,0.6931471805599453,0.71038735,0.6625007,0.686444025,0.6587845740276587,dataset_2,p20
771,test,0.6931471805599453,0.71038735,0.6868336,0.698610475,0.6778093432202474,dataset_2,p20
691,test,1.0986122886681098,1.2708759,1.2725776,1.27172675,1.408477919154711,dataset_2,p20
706,test,0.6931471805599453,0.71038735,0.6805179,0.6954526249999999,0.6728713894708122,dataset_2,p20
297,test,0.6931471805599453,0.71038735,0.7254653,0.717926325,0.7080136828598848,dataset_2,p20
1247,test,0.6931471805599453,0.71038735,0.6593646,0.684875975,0.6563326024720743,dataset_2,p20
893,test,0.6931471805599453,0.71038735,0.6596812,0.685034275,0.6565801373703549,dataset_2,p20
947,test,0.6931471805599453,0.71038735,0.6549039,0.6826456249999999,0.6528449874349278,dataset_2,p20
1154,test,0.6931471805599453,0.7071583,1.066086,0.88662215,0.8723556707158078,dataset_2,p25
699,test,0.6931471805599453,0.7071583,0.67434186,0.6907500799999999,0.6833385998304551,dataset_2,p25
225,test,0.6931471805599453,0.7071583,0.78382367,0.745490985,0.7361637194134224,dataset_2,p25
336,test,0.6931471805599453,0.7071583,0.672958,0.69005815,0.682670885531741,dataset_2,p25
1260,test,0.6931471805599453,0.7071583,0.6922906,0.6997244499999999,0.6919988908583763,dataset_2,p25
1345,test,0.6931471805599453,0.7071583,0.7685875,0.7378728999999999,0.7288122470342535,dataset_2,p25
597,test,0.6931471805599453,0.7709311,0.8611428,0.81603695,0.7871608582252827,dataset_2,p25
164,test,0.6931471805599453,0.7071583,0.70997596,0.70856713,0.7005321006844454,dataset_2,p25
921,test,0.6931471805599453,0.7071583,0.6612173,0.6841878,0.6770059820972094,dataset_2,p25
288,test,0.6931471805599453,0.7071583,0.75660014,0.7318792199999999,0.7230283298202059,dataset_2,p25
652,test,1.0986122886681098,0.8529506,0.84912026,0.85103543,0.7989676692719381,dataset_2,p25
437,test,0.6931471805599453,0.7071583,0.66148704,0.68432267,0.6771361320075581,dataset_2,p25
860,test,0.6931471805599453,0.7071583,0.70525753,0.706207915,0.6982554519060424,dataset_2,p25
844,test,0.6931471805599453,0.7071583,0.6781139,0.6926361000000001,0.6851586141695652,dataset_2,p25
497,test,0.6931471805599453,0.7071583,0.71509606,0.7111271800000001,0.7030025557744439,dataset_2,p25
1123,test,0.6931471805599453,0.7071583,0.6093464,0.6582523499999999,0.6519782035522972,dataset_2,p25
1333,test,0.6931471805599453,0.7071583,0.64855486,0.67785658,0.670896337881315,dataset_2,p25
1361,test,0.6931471805599453,0.7071583,0.68780607,0.697482185,0.6898350991424429,dataset_2,p25
1410,test,0.6931471805599453,0.7071583,0.7761583,0.7416583,0.7324651681481693,dataset_2,p25
334,test,0.6931471805599453,0.7071583,0.7056497,0.706404,0.6984446744549466,dataset_2,p25
1292,test,0.6931471805599453,0.7071583,0.6542032,0.6806807500000001,0.6736216694769952,dataset_2,p25
1431,test,0.6931471805599453,0.7071583,0.6898491,0.6985037000000001,0.6908208638467493,dataset_2,p25
228,test,0.6931471805599453,0.7071583,0.79433537,0.750746835,0.7412356287061193,dataset_2,p25
137,test,0.6931471805599453,0.7071583,0.66748923,0.687323765,0.6800321967009504,dataset_2,p25
1326,test,0.6931471805599453,0.8529506,0.7358929,0.7944217499999999,0.7443353168102488,dataset_2,p25
1144,test,0.6931471805599453,0.7071583,0.67241406,0.68978618,0.6824084337550855,dataset_2,p25
1374,test,0.6931471805599453,0.7071583,0.7264147,0.7167865,0.708463814695141,dataset_2,p25
189,test,0.6931471805599453,0.7071583,0.6770559,0.6921071000000001,0.6846481277561713,dataset_2,p25
307,test,0.6931471805599453,0.7071583,0.7368163,0.7219873,0.7134826005907541,dataset_2,p25
994,test,0.6931471805599453,0.7071583,0.61616266,0.66166048,0.6552670581082147,dataset_2,p25
20,test,0.6931471805599453,0.7071583,0.7545573,0.7308578,0.7220426567911533,dataset_2,p25
41,test,0.6931471805599453,0.7071583,0.67511755,0.691137925,0.6837128712917079,dataset_2,p25
702,test,0.6931471805599453,0.7071583,0.7308171,0.7189877,0.7105879785763561,dataset_2,p25
133,test,0.6931471805599453,0.7071583,0.6315854,0.66937185,0.6627085507616246,dataset_2,p25
422,test,0.6931471805599453,0.7071583,0.741265,0.72421165,0.7156291042838219,dataset_2,p25
1046,test,0.6931471805599453,0.7071583,0.61488765,0.6610229750000001,0.6546518640799148,dataset_2,p25
956,test,0.6931471805599453,0.7071583,0.6715175,0.6893379,0.6819758423573611,dataset_2,p25
1019,test,0.6931471805599453,0.7071583,0.702291,0.70472465,0.696824097218022,dataset_2,p25
554,test,3.295836866004329,2.2112188,3.016792,2.6140054,2.1364611626855528,dataset_2,p25
859,test,0.6931471805599453,0.7071583,0.69492865,0.7010434750000001,0.6932717535075767,dataset_2,p25
115,test,0.6931471805599453,0.7071583,0.76463646,0.7358973799999999,0.7269058649560152,dataset_2,p25
490,test,0.6931471805599453,0.7071583,0.7146587,0.7109084999999999,0.7027915289901698,dataset_2,p25
65,test,0.6931471805599453,0.91176045,0.7171369,0.814448675,0.7479106456835014,dataset_2,p25
1040,test,0.6931471805599453,0.7071583,0.6395836,0.67337095,0.666567692946509,dataset_2,p25
362,test,0.6931471805599453,0.7071583,0.6718273,0.6894928,0.6821253212712264,dataset_2,p25
767,test,1.0986122886681098,0.7891778,0.8534009,0.82128935,0.7873425284951179,dataset_2,p25
925,test,0.6931471805599453,0.7071583,0.69243604,0.6997971700000001,0.6920690658526714,dataset_2,p25
494,test,0.6931471805599453,0.7071583,0.6997578,0.7034580500000001,0.6956018248338919,dataset_2,p25
722,test,1.0986122886681098,1.2444283,1.1443393,1.1943838,1.025452520384639,dataset_2,p25
1082,test,0.6931471805599453,0.7071583,1.0076259,0.8573921,0.8441485943683101,dataset_2,p25
200,test,0.6931471805599453,0.7071583,0.6547522,0.68095525,0.6738865627104105,dataset_2,p25
1060,test,0.6931471805599453,0.7071583,0.6680757,0.687617,0.6803151692594223,dataset_2,p25
1037,test,0.6931471805599453,0.7071583,0.6577475,0.6824529,0.675331798961865,dataset_2,p25
813,test,0.6931471805599453,0.7071583,0.6937176,0.70043795,0.6926874202647215,dataset_2,p25
1314,test,0.6931471805599453,0.7071583,0.846882,0.77702015,0.7665894478787466,dataset_2,p25
869,test,0.6931471805599453,0.7071583,0.6758997,0.6915290000000001,0.6840902597115908,dataset_2,p25
1165,test,2.4849066497880004,3.4095106,3.8289785,3.61924455,2.7855879585778234,dataset_2,p25
1306,test,0.6931471805599453,0.7071583,0.7461662,0.72666225,0.7179939398313895,dataset_2,p25
637,test,1.791759469228055,1.3171878,1.5169187,1.41705325,1.220842371977998,dataset_2,p25
685,test,0.6931471805599453,0.7071583,0.6732437,0.6902010000000001,0.6828087361634109,dataset_2,p25
1304,test,0.6931471805599453,0.7071583,0.75566727,0.7314127850000001,0.7225782187989745,dataset_2,p25
856,test,0.6931471805599453,0.7071583,0.68977374,0.69846602,0.6907845025460752,dataset_2,p25
751,test,1.0986122886681098,0.7891778,0.82773995,0.808458875,0.7749610858393695,dataset_2,p25
433,test,0.6931471805599453,0.7071583,0.7203373,0.7137477999999999,0.7055314610762747,dataset_2,p25
582,test,0.6931471805599453,0.7071583,0.7787202,0.74293925,0.7337012883206401,dataset_2,p25
125,test,0.6931471805599453,0.7071583,0.7193844,0.7132713500000001,0.705071685553285,dataset_2,p25
794,test,0.6931471805599453,0.7071583,0.679807,0.69348265,0.6859755371813964,dataset_2,p25
235,test,2.1972245773362196,2.2008102,2.1158397,2.15832495,1.6995159870094554,dataset_2,p25
213,test,1.0986122886681098,1.103599,1.0614994,1.0825491999999999,0.9552493421144452,dataset_2,p25
1353,test,0.6931471805599453,0.96335936,0.7854117,0.8743855300000001,0.7919304286398448,dataset_2,p25
1257,test,0.6931471805599453,0.7071583,0.6908822,0.69902025,0.6913193359768792,dataset_2,p25
1200,test,0.6931471805599453,0.7071583,0.71828985,0.712724075,0.7045435637160635,dataset_2,p25
900,test,0.6931471805599453,0.7071583,0.70860314,0.70788072,0.69986971320048,dataset_2,p25
1207,test,0.6931471805599453,0.7071583,0.71483105,0.710994675,0.7028746880954142,dataset_2,p25
660,test,0.6931471805599453,0.7071583,0.70960116,0.70837973,0.700351259183746,dataset_2,p25
1336,test,0.6931471805599453,0.7071583,0.65841556,0.68278693,0.6756541388043338,dataset_2,p25
205,test,0.6931471805599453,0.7071583,0.6323758,0.66976705,0.6630899198175289,dataset_2,p25
948,test,0.6931471805599453,0.7071583,0.6745319,0.6908451,0.6834302943843316,dataset_2,p25
1206,test,0.6931471805599453,0.7071583,0.6800062,0.69358225,0.6860716514475098,dataset_2,p25
94,test,0.6931471805599453,0.7071583,0.88266146,0.7949098800000001,0.7838530851269251,dataset_2,p25
414,test,0.6931471805599453,0.7709311,0.7609506,0.76594085,0.7388179878774086,dataset_2,p25
244,test,0.6931471805599453,0.7071583,0.7148054,0.71098185,0.7028623119361481,dataset_2,p25
701,test,1.0986122886681098,0.7709311,1.0214717,0.8962014,0.864519766660443,dataset_2,p25
556,test,0.6931471805599453,0.7071583,0.6745188,0.69083855,0.683423973616831,dataset_2,p25
1376,test,0.6931471805599453,0.7071583,0.63695246,0.67205538,0.6652981643815399,dataset_2,p25
1356,test,0.6931471805599453,0.7071583,0.59505475,0.651106525,0.6450824633349231,dataset_2,p25
746,test,0.6931471805599453,0.7071583,0.6910239,0.6990911,0.6913877064161777,dataset_2,p25
21,test,0.6931471805599453,0.7071583,0.6720976,0.68962795,0.6822557413823231,dataset_2,p25
763,test,0.6931471805599453,0.7071583,0.70029694,0.70372762,0.695861960604135,dataset_2,p25
1016,test,0.6931471805599453,0.7071583,0.6859614,0.6965598500000001,0.6889450434031277,dataset_2,p25
790,test,0.6931471805599453,0.7071583,0.68405837,0.695608335,0.6880268288858488,dataset_2,p25
1105,test,0.6931471805599453,0.7071583,0.6894018,0.6982800499999999,0.6906050409991963,dataset_2,p25
1229,test,0.6931471805599453,0.7071583,0.78005296,0.74360563,0.734344346801089,dataset_2,p25
1355,test,2.0794415416798357,2.8238022,2.3180587,2.5709304499999996,1.9308289968965213,dataset_2,p25
717,test,2.9444389791664403,2.8238022,2.985232,2.9045170999999996,2.2527410054307513,dataset_2,p25
146,test,0.6931471805599453,0.7071583,0.6731202,0.69013925,0.6827491472484258,dataset_2,p25
407,test,0.6931471805599453,0.7891778,0.96351385,0.876345825,0.8404721739712322,dataset_2,p25
1271,test,0.6931471805599453,0.7071583,0.67588574,0.6915220200000001,0.6840835239929415,dataset_2,p25
35,test,0.6931471805599453,0.7071583,0.6678712,0.6875147500000001,0.6802164977362284,dataset_2,p25
312,test,0.6931471805599453,0.7071583,0.7059556,0.70655695,0.6985922716136018,dataset_2,p25
1363,test,0.6931471805599453,0.7071583,0.70583373,0.706496015,0.6985334691757943,dataset_2,p25
1315,test,0.6931471805599453,0.7071583,0.70032233,0.703740315,0.6958742113130538,dataset_2,p25
880,test,0.6931471805599453,0.7071583,0.6764448,0.69180155,0.6843532711897959,dataset_2,p25
399,test,2.3978952727983707,2.6056285,2.3067238,2.45617615,1.8785230105756545,dataset_2,p25
572,test,0.6931471805599453,0.7071583,0.65227777,0.679718035,0.6726926469297918,dataset_2,p25
246,test,1.3862943611198906,1.2444283,1.2095773,1.2270028000000002,1.0569299425368088,dataset_2,p25
192,test,0.6931471805599453,0.7071583,0.69366366,0.70041098,0.6926613941426625,dataset_2,p25
1111,test,0.6931471805599453,0.7071583,0.6732839,0.6902211,0.6828281327171145,dataset_2,p25
1168,test,1.6094379124341005,1.4790428,1.80668,1.6428614000000001,1.395399137005338,dataset_2,p25
816,test,0.6931471805599453,0.7071583,0.702522,0.70484015,0.6969355550266174,dataset_2,p25
594,test,0.6931471805599453,0.7071583,0.70148736,0.70432283,0.6964363398444303,dataset_2,p25
943,test,0.6931471805599453,0.7071583,0.6762753,0.6917168,0.6842714872133591,dataset_2,p25
1416,test,0.6931471805599453,0.7071583,0.6748603,0.6910092999999999,0.6835887478230448,dataset_2,p25
295,test,0.6931471805599453,0.7071583,0.6943557,0.7007570000000001,0.6929953043671664,dataset_2,p25
472,test,0.6931471805599453,0.7071583,0.6655081,0.6863332,0.6790762988293368,dataset_2,p25
599,test,0.6931471805599453,0.7071583,0.6597659,0.6834621000000001,0.676305679658268,dataset_2,p25
262,test,0.6931471805599453,0.7071583,0.6693701,0.6882642,0.6809397189886255,dataset_2,p25
203,test,0.6931471805599453,0.7071583,0.7641121,0.7356351999999999,0.7266528605555168,dataset_2,p25
212,test,0.6931471805599453,0.7071583,0.7195291,0.7133437,0.7051415034965914,dataset_2,p25
1186,test,0.6931471805599453,0.7071583,0.6980226,0.70259045,0.6947645885158189,dataset_2,p25
870,test,0.6931471805599453,0.7071583,0.6702069,0.6886826,0.681343476106516,dataset_2,p25
240,test,2.0794415416798357,1.9930446,2.432579,2.2128118,1.8077406204619475,dataset_2,p25
919,test,0.6931471805599453,0.7071583,0.6902319,0.6986951,0.6910055653581362,dataset_2,p25
408,test,0.6931471805599453,0.7071583,0.67984277,0.6935005350000001,0.6859927962541819,dataset_2,p25
1409,test,0.6931471805599453,0.7071583,0.906926,0.80704215,0.7955607580921938,dataset_2,p25
1085,test,0.6931471805599453,0.7071583,0.67277426,0.6899662799999999,0.6825822307362808,dataset_2,p25
828,test,0.6931471805599453,0.7071583,0.67511195,0.691135125,0.6837101692842269,dataset_2,p25
169,test,0.6931471805599453,0.7071583,0.7114529,0.7093056,0.7012447262075061,dataset_2,p25
539,test,0.6931471805599453,2.0157337,0.9410278,1.4783807500000001,1.0929360024822738,dataset_2,p25
1131,test,0.6931471805599453,0.7071583,0.72360533,0.715381815,0.7071082899170724,dataset_2,p25
905,test,0.6931471805599453,0.7071583,0.6913685,0.6992634,0.6915539763765328,dataset_2,p25
696,test,0.6931471805599453,0.7071583,0.7786693,0.7429138,0.7336767290026422,dataset_2,p25
748,test,1.0986122886681098,0.7071583,1.0111356,0.85914695,0.8458420293069573,dataset_2,p25
14,test,0.6931471805599453,0.7071583,0.7429934,0.7250758500000001,0.7164630595928106,dataset_2,p25
1164,test,1.0986122886681098,0.7891778,0.7914683,0.79032305,0.757459966258669,dataset_2,p25
1025,test,0.6931471805599453,0.7071583,0.75752836,0.73234333,0.7234761972102254,dataset_2,p25
486,test,0.6931471805599453,0.7071583,0.7731974,0.74017785,0.7310365299426702,dataset_2,p25
1203,test,0.6931471805599453,0.7071583,0.679733,0.69344565,0.685939832082539,dataset_2,p25
841,test,0.6931471805599453,0.7071583,0.7110401,0.7090992,0.7010455496560419,dataset_2,p25
962,test,0.6931471805599453,0.7071583,0.6510679,0.6791131,0.6721088830385131,dataset_2,p25
588,test,1.0986122886681098,0.7071583,0.83511776,0.77113803,0.7609131863627676,dataset_2,p25
812,test,0.6931471805599453,0.7071583,0.68601614,0.6965872200000001,0.6889714555262555,dataset_2,p25
1086,test,0.6931471805599453,0.7709311,0.9169614,0.84394625,0.8140934072939711,dataset_2,p25
314,test,0.6931471805599453,0.7071583,0.7717286,0.73944345,0.7303278319804839,dataset_2,p25
1231,test,0.6931471805599453,0.7071583,1.030328,0.86874315,0.8551023879462978,dataset_2,p25
400,test,1.791759469228055,1.730424,2.358259,2.0443415,1.7155025107662545,dataset_2,p25
1092,test,0.6931471805599453,0.7071583,0.6900428,0.69860055,0.6909143243555154,dataset_2,p25
784,test,0.6931471805599453,0.7071583,0.7316024,0.71938035,0.7109668868754471,dataset_2,p25
1381,test,0.6931471805599453,0.7071583,0.7528724,0.73001535,0.7212296902902766,dataset_2,p25
149,test,0.6931471805599453,0.7071583,0.65040207,0.678780185,0.6717876191740234,dataset_2,p25
298,test,0.6931471805599453,0.7071583,0.6871347,0.6971465,0.6895111622205522,dataset_2,p25
13,test,0.6931471805599453,0.7071583,0.6729272,0.6900427499999999,0.682656024490595,dataset_2,p25
831,test,0.6931471805599453,0.7071583,0.6771126,0.69213545,0.6846754855819174,dataset_2,p25
505,test,0.6931471805599453,0.7071583,0.6678529,0.6875055999999999,0.6802076679617812,dataset_2,p25
1357,test,1.9459101490553132,1.3171878,1.6388524,1.4780201,1.2796755451205835,dataset_2,p25
727,test,0.6931471805599453,0.8529506,1.0547805,0.95386555,0.8981990098157395,dataset_2,p25
807,test,0.6931471805599453,0.7071583,0.6751521,0.6911552000000001,0.6837295417128637,dataset_2,p25
1213,test,0.6931471805599453,0.7071583,0.66452354,0.68584092,0.6786012473140521,dataset_2,p25
1020,test,0.6931471805599453,0.7071583,0.6666636,0.68691095,0.6796338291229822,dataset_2,p25
1174,test,1.3862943611198906,0.9937799,1.2231822,1.10848105,1.0096858708888936,dataset_2,p25
1180,test,1.0986122886681098,1.103599,1.0681491,1.0858740500000001,0.9584578312478534,dataset_2,p25
935,test,0.6931471805599453,0.7071583,0.69970995,0.703434125,0.6955787371449685,dataset_2,p25
431,test,1.0986122886681098,0.7071583,0.83034784,0.76875307,0.7586116935905785,dataset_2,p25
190,test,0.6931471805599453,0.7071583,0.6303965,0.6687774,0.66213490492336,dataset_2,p25
1224,test,0.6931471805599453,0.7071583,0.7055959,0.7063771000000001,0.6984187158830746,dataset_2,p25
834,test,0.6931471805599453,0.7071583,0.71939534,0.71327682,0.7050769641179,dataset_2,p25
204,test,0.6931471805599453,0.7071583,0.6572307,0.6821945,0.6750824422714661,dataset_2,p25
664,test,0.6931471805599453,0.7071583,0.6371597,0.672159,0.6653981579583941,dataset_2,p25
764,test,0.6931471805599453,0.7071583,0.81190735,0.759532825,0.7497141325307228,dataset_2,p25
449,test,0.6931471805599453,0.7071583,0.70391357,0.705535935,0.6976069894106312,dataset_2,p25
268,test,1.0986122886681098,1.1832846,2.0912383,1.63726145,1.4692064049416,dataset_2,p25
1150,test,0.6931471805599453,0.7071583,0.74107665,0.724117475,0.715538225157203,dataset_2,p25
417,test,0.6931471805599453,0.7071583,0.7024953,0.7048268,0.6969226722409486,dataset_2,p25
1,test,0.6931471805599453,0.7071583,0.929758,0.81845815,0.8065772285937166,dataset_2,p25
598,test,0.6931471805599453,1.103599,0.6761045,0.88985175,0.7692957880111129,dataset_2,p25
1095,test,0.6931471805599453,0.7071583,0.68968374,0.6984210200000001,0.6907410774258431,dataset_2,p25
1230,test,0.6931471805599453,0.7071583,0.68886566,0.69801198,0.690346352732961,dataset_2,p25
415,test,0.6931471805599453,0.8529506,0.88060385,0.866777225,0.8141585435062161,dataset_2,p25
642,test,1.0986122886681098,1.2444283,1.3073108,1.27586955,1.1040864868500782,dataset_2,p25
611,test,0.6931471805599453,0.7071583,0.72006077,0.713609535,0.7053980349818553,dataset_2,p25
541,test,0.6931471805599453,0.7891778,1.1351044,0.9621411,0.923264843575956,dataset_2,p25
1261,test,0.6931471805599453,0.7071583,0.6738559,0.6905071,0.6831041234812556,dataset_2,p25
1276,test,0.6931471805599453,0.7071583,0.68572056,0.6964394300000001,0.6888288377813869,dataset_2,p25
90,test,0.6931471805599453,0.7071583,0.6779091,0.6925337,0.6850597978959706,dataset_2,p25
349,test,0.6931471805599453,0.7071583,0.6790746,0.69311645,0.6856221532029749,dataset_2,p25
1077,test,0.6931471805599453,0.7071583,0.6493421,0.6782502,0.6712761822329977,dataset_2,p25
430,test,0.6931471805599453,0.7071583,0.7889366,0.7480474500000001,0.7386307149688425,dataset_2,p25
1081,test,0.6931471805599453,0.7071583,0.6572755,0.6822169,0.6751040583313149,dataset_2,p25
700,test,0.6931471805599453,0.7071583,0.6861806,0.69666945,0.6890508076959594,dataset_2,p25
1383,test,0.6931471805599453,0.7071583,0.8041966,0.7556774500000001,0.7459936853548461,dataset_2,p25
356,test,0.6931471805599453,0.7071583,0.8437802,0.77546925,0.7650928252350175,dataset_2,p25
993,test,0.6931471805599453,0.7071583,0.698624,0.70289115,0.6950547648192359,dataset_2,p25
101,test,0.6931471805599453,0.7071583,0.6575498,0.68235405,0.6752364084477553,dataset_2,p25
98,test,0.6931471805599453,0.7071583,0.63336205,0.670260175,0.6635657867600712,dataset_2,p25
1118,test,0.6931471805599453,0.7071583,0.7001253,0.7036418,0.6957791440748392,dataset_2,p25
519,test,0.6931471805599453,0.7071583,0.67292947,0.690043885,0.6826571197686275,dataset_2,p25
936,test,0.6931471805599453,0.7071583,0.69406587,0.7006120849999999,0.6928554610049793,dataset_2,p25
928,test,0.6931471805599453,0.7071583,0.6668293,0.6869938,0.6797137795943425,dataset_2,p25
1423,test,0.6931471805599453,0.7071583,0.71028924,0.70872377,0.7006832587029597,dataset_2,p25
774,test,0.6931471805599453,0.7071583,0.6668449,0.6870016,0.6797213066151828,dataset_2,p25
896,test,0.6931471805599453,0.7071583,0.6750308,0.6910945500000001,0.6836710143008177,dataset_2,p25
1126,test,0.6931471805599453,0.7709311,0.89912903,0.835030065,0.8054892649465097,dataset_2,p25
533,test,0.6931471805599453,0.7071583,0.7755673,0.7413628,0.7321800098586458,dataset_2,p25
515,test,0.6931471805599453,0.7071583,0.66809726,0.68762778,0.6803255719882244,dataset_2,p25
256,test,0.6931471805599453,0.7071583,0.6743466,0.69075245,0.6833408868867872,dataset_2,p25
1321,test,1.0986122886681098,1.5617764,1.2096522,1.3857143,1.1250934294540462,dataset_2,p25
695,test,0.6931471805599453,0.7071583,0.67298436,0.69007133,0.6826836042669557,dataset_2,p25
1022,test,0.6931471805599453,0.7071583,0.7789544,0.74305635,0.7338142901335105,dataset_2,p25
840,test,0.6931471805599453,0.7071583,0.6748226,0.69099045,0.6835705575226809,dataset_2,p25
680,test,0.6931471805599453,0.7071583,0.69404227,0.7006002849999999,0.6928440739734518,dataset_2,p25
1239,test,0.6931471805599453,0.7071583,0.65037066,0.67876448,0.6717724638070623,dataset_2,p25
427,test,0.6931471805599453,0.8529506,0.75861436,0.80578248,0.7552984516140999,dataset_2,p25
124,test,0.6931471805599453,0.7071583,0.6958286,0.7014934500000001,0.6937059805848299,dataset_2,p25
523,test,0.6931471805599453,0.7071583,0.66534424,0.6862512700000001,0.6789972361604344,dataset_2,p25
1138,test,0.6931471805599453,0.7071583,0.67387724,0.69051777,0.6831144200597641,dataset_2,p25
551,test,1.0986122886681098,1.8789004,2.054166,1.9665332,1.6006517045941888,dataset_2,p25
421,test,0.6931471805599453,0.7071583,0.6566861,0.6819222,0.674819672043929,dataset_2,p25
947,test,0.6931471805599453,0.7088853,0.6665474,0.6877163500000001,0.6853486229393105,dataset_2,p30
778,test,0.6931471805599453,0.7088853,0.74556035,0.727222825,0.7360207806773309,dataset_2,p30
1360,test,0.6931471805599453,0.7088853,0.680466,0.69467565,0.6942748242100188,dataset_2,p30
192,test,0.6931471805599453,0.7088853,0.70043415,0.704659725,0.7070806901666303,dataset_2,p30
1,test,0.6931471805599453,0.7088853,0.7957677,0.7523265,0.768219486823703,dataset_2,p30
506,test,0.6931471805599453,0.7088853,0.7088348,0.70886005,0.7124681495881796,dataset_2,p30
1235,test,0.6931471805599453,0.7088853,0.7446903,0.7267878000000001,0.7354628049171553,dataset_2,p30
409,test,0.6931471805599453,0.7088853,0.91175103,0.810318165,0.8426012887022668,dataset_2,p30
1122,test,0.6931471805599453,0.7088853,0.92931414,0.8190997200000001,0.8538647674141767,dataset_2,p30
541,test,0.6931471805599453,1.0370998,0.99406123,1.015580515,1.0320132646644584,dataset_2,p30
558,test,0.6931471805599453,0.7088853,0.84568465,0.777284975,0.8002319552127567,dataset_2,p30
1109,test,0.6931471805599453,0.7088853,0.7797599,0.7443226000000001,0.7579534511088147,dataset_2,p30
697,test,0.6931471805599453,0.7088853,0.68394744,0.69641637,0.6965075224808144,dataset_2,p30
1229,test,0.6931471805599453,0.7088853,0.73410386,0.7214945800000001,0.7286735664750508,dataset_2,p30
133,test,0.6931471805599453,0.7088853,0.6795479,0.6942166000000001,0.6936860332837305,dataset_2,p30
1175,test,0.6931471805599453,0.7088853,0.709433,0.7091591500000001,0.7128517839767056,dataset_2,p30
65,test,0.6931471805599453,1.020984,0.7199918,0.8704878999999999,0.8495400458720692,dataset_2,p30
863,test,0.6931471805599453,0.7088853,0.6842,0.69654265,0.6966694928939975,dataset_2,p30
1026,test,0.6931471805599453,0.7088853,0.6790256,0.69395545,0.6933510746726854,dataset_2,p30
1127,test,0.6931471805599453,0.84405035,0.7512743,0.7976623249999999,0.7959501258939177,dataset_2,p30
1142,test,0.6931471805599453,0.7088853,0.8234241,0.7661547,0.7859559396870094,dataset_2,p30
1099,test,0.6931471805599453,1.478308,1.0169799,1.24764395,1.230372264631511,dataset_2,p30
864,test,0.6931471805599453,0.7088853,0.68051064,0.69469797,0.6943034524933752,dataset_2,p30
1380,test,1.3862943611198906,1.3313245,1.2171922,1.27425835,1.2975867839228807,dataset_2,p30
534,test,0.6931471805599453,0.7088853,0.68393457,0.696409935,0.6964992687620242,dataset_2,p30
289,test,0.6931471805599453,0.7088853,0.80567706,0.75728118,0.7745745039823185,dataset_2,p30
35,test,0.6931471805599453,0.7088853,0.70768106,0.70828318,0.7117282392915932,dataset_2,p30
423,test,0.6931471805599453,0.7088853,0.75072515,0.729805225,0.7393330422785662,dataset_2,p30
408,test,0.6931471805599453,0.7088853,0.75086045,0.7298728750000001,0.7394198121427714,dataset_2,p30
1335,test,0.6931471805599453,0.7088853,0.6798363,0.6943608,0.6938709884118663,dataset_2,p30
1362,test,0.6931471805599453,0.7088853,0.7792939,0.7440896,0.7576545985092609,dataset_2,p30
702,test,0.6931471805599453,0.7088853,0.76960236,0.73924383,0.7514392724949261,dataset_2,p30
491,test,0.6931471805599453,0.7088853,0.6886249,0.6987551000000001,0.6995072458291172,dataset_2,p30
498,test,0.6931471805599453,0.7088853,0.6945863,0.7017358,0.7033303786337958,dataset_2,p30
1332,test,0.6931471805599453,0.7088853,0.6698834,0.6893843500000001,0.6874880484159449,dataset_2,p30
1158,test,1.0986122886681098,1.020984,1.026325,1.0236545,1.0459959968369748,dataset_2,p30
1357,test,1.9459101490553132,1.4303334,1.262517,1.3464252,1.3678684914404933,dataset_2,p30
438,test,0.6931471805599453,0.7088853,0.81050575,0.759695525,0.7776712133362662,dataset_2,p30
14,test,0.6931471805599453,0.7088853,0.7792023,0.7440438,0.7575958540926963,dataset_2,p30
1297,test,0.6931471805599453,0.7088853,0.77303314,0.74095922,0.7536394817685255,dataset_2,p30
335,test,0.6931471805599453,0.7088853,0.79861057,0.753747935,0.7700426608359211,dataset_2,p30
416,test,1.0986122886681098,1.3313245,0.8841254,1.10772495,1.0839861851995365,dataset_2,p30
433,test,0.6931471805599453,0.7088853,0.7537036,0.73129445,0.7412431657230751,dataset_2,p30
200,test,0.6931471805599453,0.7088853,0.7317107,0.7202980000000001,0.727138798047694,dataset_2,p30
204,test,0.6931471805599453,0.7088853,0.692011,0.70044815,0.7016788011667765,dataset_2,p30
337,test,0.6931471805599453,0.7088853,0.67972505,0.694305175,0.6937996421635824,dataset_2,p30
1135,test,0.6931471805599453,0.7088853,0.8487003,0.7787928,0.8021659355600624,dataset_2,p30
705,test,0.6931471805599453,0.7088853,0.7058799,0.7073826000000001,0.7105731291022963,dataset_2,p30
1353,test,0.6931471805599453,0.8392389,0.749159,0.79419895,0.7925906997343705,dataset_2,p30
1234,test,0.6931471805599453,0.7088853,0.6939508,0.70141805,0.7029228232110136,dataset_2,p30
399,test,2.3978952727983707,2.256125,1.9972894,2.1267072000000002,2.182839496915195,dataset_2,p30
767,test,1.0986122886681098,1.0370998,0.9328118,0.9849558,0.9927331114955938,dataset_2,p30
363,test,0.6931471805599453,0.7088853,0.63463044,0.67175787,0.6648798107808216,dataset_2,p30
601,test,0.6931471805599453,0.7088853,0.7040235,0.7064544,0.709382592694975,dataset_2,p30
1409,test,0.6931471805599453,0.7088853,0.91982114,0.8143532200000001,0.8477767679988021,dataset_2,p30
1385,test,0.6931471805599453,0.7088853,0.7722261,0.7405557,0.7531219152407489,dataset_2,p30
1023,test,0.6931471805599453,0.7088853,0.73765767,0.723271485,0.7309526766828199,dataset_2,p30
203,test,0.6931471805599453,0.7088853,0.71811116,0.71349823,0.7184172146104914,dataset_2,p30
189,test,0.6931471805599453,0.7088853,0.7295854,0.71923535,0.7257758121467675,dataset_2,p30
1081,test,0.6931471805599453,0.7088853,0.69206774,0.70047652,0.7017151893566879,dataset_2,p30
495,test,0.6931471805599453,0.7088853,0.76783466,0.73835998,0.7503056206918546,dataset_2,p30
543,test,0.6931471805599453,0.7088853,0.7993641,0.7541247,0.7705259106199164,dataset_2,p30
418,test,1.0986122886681098,0.7577426,0.8134476,0.7855951000000001,0.7998956026960866,dataset_2,p30
952,test,0.6931471805599453,0.7088853,0.6795851,0.6942352,0.6937098901865275,dataset_2,p30
929,test,0.6931471805599453,0.7088853,0.73306024,0.72097277,0.7280042777412602,dataset_2,p30
682,test,0.6931471805599453,0.7088853,0.7141398,0.71151255,0.7158703234951176,dataset_2,p30
431,test,1.0986122886681098,0.7088853,0.88629675,0.797591025,0.8262770875267919,dataset_2,p30
1410,test,0.6931471805599453,0.7088853,0.77145374,0.74016952,0.752626589502999,dataset_2,p30
450,test,0.6931471805599453,0.7088853,0.68290424,0.69589477,0.6958385030991522,dataset_2,p30
149,test,0.6931471805599453,0.7088853,0.70989543,0.709390365,0.7131483470831684,dataset_2,p30
473,test,0.6931471805599453,0.7088853,0.746856,0.7278706500000001,0.736851699927571,dataset_2,p30
1044,test,0.6931471805599453,0.7088853,0.66903067,0.688957985,0.686941180224491,dataset_2,p30
811,test,0.6931471805599453,0.7088853,0.7067573,0.7078213,0.7111358185247181,dataset_2,p30
997,test,0.6931471805599453,0.7088853,0.6978283,0.7033568,0.7054095205388463,dataset_2,p30
205,test,0.6931471805599453,0.7088853,0.68037766,0.69463148,0.6942181704790219,dataset_2,p30
225,test,0.6931471805599453,0.7088853,0.7798542,0.74436975,0.758013927074776,dataset_2,p30
998,test,0.6931471805599453,0.7088853,0.6238812,0.66638325,0.6579861663232505,dataset_2,p30
244,test,0.6931471805599453,0.7088853,0.74866974,0.72877752,0.7380148778544268,dataset_2,p30
487,test,0.6931471805599453,0.7088853,0.69015545,0.6995203750000001,0.7004888098768578,dataset_2,p30
966,test,1.0986122886681098,0.7088853,0.77154815,0.740216725,0.7526871360135653,dataset_2,p30
1086,test,0.6931471805599453,0.7577426,0.8318365,0.79478955,0.8116886725843603,dataset_2,p30
262,test,0.6931471805599453,0.7088853,0.70483685,0.706861075,0.7099042059178228,dataset_2,p30
269,test,0.6931471805599453,0.7088853,0.7048219,0.7068536000000001,0.7098946182646827,dataset_2,p30
939,test,0.6931471805599453,0.7088853,0.71108544,0.7099853700000001,0.7139115178599819,dataset_2,p30
146,test,0.6931471805599453,0.7088853,0.69384944,0.70136737,0.7028578195640378,dataset_2,p30
308,test,0.6931471805599453,0.7088853,0.6979355,0.7034104000000001,0.7054782694630356,dataset_2,p30
516,test,0.6931471805599453,0.7088853,0.7170408,0.71296305,0.717730777124529,dataset_2,p30
904,test,0.6931471805599453,0.7088853,0.7357414,0.7223133500000001,0.7297237447709164,dataset_2,p30
299,test,0.6931471805599453,0.7088853,0.7718663,0.7403758,0.7528911702507929,dataset_2,p30
654,test,0.6931471805599453,0.7577426,0.7421866,0.7499646,0.754194883604228,dataset_2,p30
703,test,0.6931471805599453,0.7088853,0.709226,0.70905565,0.7127190318563029,dataset_2,p30
923,test,0.6931471805599453,0.7088853,0.71401274,0.7114490200000001,0.7157888380631449,dataset_2,p30
848,test,0.6931471805599453,0.7088853,0.69612885,0.702507075,0.7043196384566323,dataset_2,p30
357,test,0.6931471805599453,0.7088853,0.70794606,0.7084156800000001,0.7118981876582924,dataset_2,p30
1130,test,0.6931471805599453,1.020984,0.7624551,0.8917195499999999,0.8767723797575511,dataset_2,p30
1180,test,1.3862943611198906,0.9744039,1.0585419,1.0164729000000001,1.0472673527025385,dataset_2,p30
726,test,1.0986122886681098,0.7577426,1.0180938,0.8879182,0.9311381968137147,dataset_2,p30
613,test,0.6931471805599453,0.7088853,0.8122066,0.76054595,0.7787619932589082,dataset_2,p30
350,test,0.6931471805599453,0.7088853,0.7478034,0.72834435,0.7374592813713851,dataset_2,p30
1383,test,0.6931471805599453,0.7088853,0.8006488,0.7547670500000001,0.7713498074753816,dataset_2,p30
1274,test,0.6931471805599453,0.7088853,0.7076796,0.70828245,0.7117273029722899,dataset_2,p30
752,test,0.6931471805599453,0.7088853,0.7046604,0.70677285,0.7097910459581849,dataset_2,p30
213,test,1.0986122886681098,0.9744039,0.9885282,0.98146605,1.0023665453004296,dataset_2,p30
635,test,3.828641396489095,2.1573443,2.2914379,2.2243911,2.330361962442705,dataset_2,p30
925,test,0.6931471805599453,0.7088853,0.7002582,0.70457175,0.7069678508642881,dataset_2,p30
687,test,0.6931471805599453,0.7088853,0.70809174,0.70848852,0.7119916143679554,dataset_2,p30
820,test,0.6931471805599453,0.7088853,0.70966685,0.709276075,0.7130017553938851,dataset_2,p30
190,test,0.6931471805599453,0.7088853,0.6786159,0.6937506,0.6930883280846228,dataset_2,p30
1211,test,0.6931471805599453,0.7088853,0.7244237,0.7166545,0.7224655386207651,dataset_2,p30
817,test,0.6931471805599453,0.7088853,0.6831502,0.69601775,0.6959962408360326,dataset_2,p30
600,test,0.6931471805599453,0.7088853,0.7186849,0.7137851,0.7187851624441136,dataset_2,p30
553,test,0.6931471805599453,0.7088853,0.8850597,0.7969725000000001,0.825483749311603,dataset_2,p30
1312,test,0.6931471805599453,0.7088853,0.6773473,0.6931163,0.6922747563940778,dataset_2,p30
584,test,0.6931471805599453,0.7088853,0.70775557,0.7083204350000001,0.7117760236417924,dataset_2,p30
240,test,2.0794415416798357,2.081875,2.0886407,2.08525785,2.1688896928886385,dataset_2,p30
1092,test,0.6931471805599453,0.7088853,0.6980255,0.7034554,0.705535987776254,dataset_2,p30
1174,test,1.3862943611198906,1.020984,1.0942354,1.0576097,1.0895479272591655,dataset_2,p30
1276,test,0.6931471805599453,0.7088853,0.70752686,0.7082060800000001,0.7116293485816121,dataset_2,p30
1148,test,0.6931471805599453,0.7088853,0.6978634,0.70337435,0.7054320306810016,dataset_2,p30
860,test,0.6931471805599453,0.7088853,0.7588954,0.73389035,0.744572742818276,dataset_2,p30
704,test,0.6931471805599453,0.7088853,0.71690536,0.71289533,0.717643917476281,dataset_2,p30
21,test,0.6931471805599453,0.7088853,0.7128317,0.7108585000000001,0.7150314198782155,dataset_2,p30
844,test,0.6931471805599453,0.7088853,0.69738674,0.7031360200000001,0.7051263416679043,dataset_2,p30
1050,test,0.6931471805599453,0.7088853,0.70721185,0.7080485750000001,0.7114273280722013,dataset_2,p30
1320,test,1.0986122886681098,1.3932451,1.0869288,1.2400869499999998,1.2398225385801318,dataset_2,p30
798,test,0.6931471805599453,0.7088853,0.71311927,0.711002285,0.7152158427152406,dataset_2,p30
432,test,1.6094379124341005,1.4303334,1.4493647,1.43984905,1.4876966478045617,dataset_2,p30
124,test,0.6931471805599453,0.7088853,0.7516186,0.73025195,0.7399060248001786,dataset_2,p30
1218,test,0.6931471805599453,0.7088853,0.7214917,0.7151885,0.720585204239023,dataset_2,p30
1373,test,0.6931471805599453,0.7088853,0.6922082,0.70054675,0.7018052684041843,dataset_2,p30
137,test,0.6931471805599453,0.7088853,0.698241,0.70356315,0.705674191070683,dataset_2,p30
1064,test,0.6931471805599453,0.7088853,0.8648813,0.7868833,0.8125430469621668,dataset_2,p30
1265,test,0.6931471805599453,0.7088853,0.6929693,0.7009273,0.7022933729396358,dataset_2,p30
835,test,0.6931471805599453,0.7088853,0.77987766,0.74438148,0.7580289723150883,dataset_2,p30
228,test,0.6931471805599453,0.7088853,0.7716284,0.74025685,0.7527386015095185,dataset_2,p30
1266,test,0.6931471805599453,0.7088853,0.7306161,0.7197507000000001,0.7264368150960381,dataset_2,p30
599,test,0.6931471805599453,0.7088853,0.72071326,0.71479928,0.720085979308558,dataset_2,p30
909,test,0.6931471805599453,0.7088853,0.6956629,0.7022741,0.7040208179228079,dataset_2,p30
524,test,1.0986122886681098,0.7088853,1.0571419,0.8830136,0.9358425750775762,dataset_2,p30
256,test,0.6931471805599453,0.7088853,0.69530386,0.70209458,0.7037905603319414,dataset_2,p30
666,test,0.6931471805599453,0.7088853,0.74006444,0.7244748700000001,0.7324961734017645,dataset_2,p30
101,test,0.6931471805599453,0.7088853,0.70356095,0.706223125,0.7090859526307611,dataset_2,p30
1262,test,0.6931471805599453,0.7088853,0.7100518,0.70946855,0.7132486294458127,dataset_2,p30
1088,test,2.4849066497880004,1.1513376,1.0978734,1.1246055,1.1461430820453735,dataset_2,p30
794,test,0.6931471805599453,0.7088853,0.6996295,0.7042574,0.706564656380727,dataset_2,p30
884,test,0.6931471805599453,0.7088853,0.66439795,0.686641625,0.6839701492910037,dataset_2,p30
98,test,0.6931471805599453,0.7088853,0.6840893,0.6964873,0.6965984993687386,dataset_2,p30
598,test,0.6931471805599453,0.9744039,0.69336647,0.833885185,0.8130750210529871,dataset_2,p30
900,test,0.6931471805599453,0.7088853,0.69878745,0.7038363750000001,0.7060246374291083,dataset_2,p30
749,test,0.6931471805599453,0.7088853,0.70592463,0.707404965,0.7106018151039659,dataset_2,p30
940,test,0.6931471805599453,0.7088853,0.72446895,0.716677125,0.7224945581060223,dataset_2,p30
1096,test,0.6931471805599453,0.7088853,0.68244916,0.69566723,0.6955466536549355,dataset_2,p30
1085,test,0.6931471805599453,0.7088853,0.6934753,0.7011803000000001,0.7026178781228424,dataset_2,p30
816,test,0.6931471805599453,0.7088853,0.724395,0.71664015,0.7224471328919944,dataset_2,p30
13,test,0.6931471805599453,0.7088853,0.69365543,0.7012703650000001,0.7027333981201763,dataset_2,p30
1143,test,1.6094379124341005,1.3313245,1.6911505,1.5112375,1.6015431573887993,dataset_2,p30
169,test,0.6931471805599453,0.7088853,0.75738585,0.733135575,0.743604646376953,dataset_2,p30
1429,test,0.6931471805599453,0.7088853,0.6937622,0.70132375,0.7028018712790912,dataset_2,p30
1186,test,0.6931471805599453,0.7088853,0.71374184,0.71131357,0.715615105940357,dataset_2,p30
315,test,0.6931471805599453,0.7088853,0.7121562,0.71052075,0.7145982118717807,dataset_2,p30
768,test,0.6931471805599453,0.7088853,0.6822212,0.69555325,0.6954004595806988,dataset_2,p30
434,test,0.6931471805599453,0.7088853,0.7571858,0.7330355500000001,0.74347635139296,dataset_2,p30
20,test,0.6931471805599453,0.7088853,0.77204955,0.7404674250000001,0.7530086911496517,dataset_2,p30
313,test,0.6931471805599453,0.7088853,0.71448994,0.71168762,0.7160948733861214,dataset_2,p30
755,test,0.6931471805599453,0.7088853,0.71420115,0.711543225,0.7159096681452949,dataset_2,p30
1325,test,0.6931471805599453,0.7088853,0.95191413,0.830399715,0.8683584707648007,dataset_2,p30
1423,test,0.6931471805599453,0.7088853,0.74613047,0.7275078850000001,0.7363864069521326,dataset_2,p30
644,test,0.6931471805599453,0.84405035,0.9299388,0.8869945749999999,0.9105302766943185,dataset_2,p30
1319,test,0.6931471805599453,0.7088853,0.74017376,0.7245295300000001,0.7325662819128873,dataset_2,p30
932,test,0.6931471805599453,0.7088853,0.6953799,0.7021326000000001,0.7038393258934652,dataset_2,p30
730,test,0.6931471805599453,0.7577426,0.9947221,0.87623235,0.9161495845798254,dataset_2,p30
1115,test,0.6931471805599453,0.7088853,0.7122225,0.7105539000000001,0.7146407310291851,dataset_2,p30
1024,test,0.6931471805599453,0.7088853,0.6905208,0.6997030500000001,0.7007231141627955,dataset_2,p30
212,test,0.6931471805599453,0.7088853,0.74457496,0.72673013,0.7353888356921928,dataset_2,p30
428,test,0.6931471805599453,0.7088853,0.7193308,0.7141080500000001,0.7191993875386455,dataset_2,p30
771,test,0.6931471805599453,0.7088853,0.6585492,0.6837172499999999,0.6802192605750369,dataset_2,p30
832,test,0.6931471805599453,0.7088853,0.69808435,0.7034848250000001,0.7055737291399531,dataset_2,p30
662,test,0.6931471805599453,0.7577426,0.93355656,0.84564958,0.8769232312920264,dataset_2,p30
1208,test,0.6931471805599453,0.7088853,0.69803387,0.703459585,0.7055413555793834,dataset_2,p30
164,test,0.6931471805599453,0.7088853,0.6407356,0.6748104500000001,0.668795138971148,dataset_2,p30
1029,test,0.6931471805599453,0.7088853,0.7183361,0.7136107,0.7185614719146622,dataset_2,p30
874,test,0.6931471805599453,0.7088853,0.74793184,0.72840857,0.7375416518174939,dataset_2,p30
422,test,0.6931471805599453,0.7088853,0.77643216,0.74265873,0.7558193228907046,dataset_2,p30
90,test,0.6931471805599453,0.7088853,0.6961739,0.7025296000000001,0.7043485296789711,dataset_2,p30
1182,test,1.3862943611198906,0.7577426,0.96268255,0.860212575,0.8956021536655868,dataset_2,p30
1388,test,0.6931471805599453,0.7088853,0.67804694,0.6934661200000001,0.6927234457347469,dataset_2,p30
115,test,0.6931471805599453,0.7088853,0.75745964,0.73317247,0.7436519689806463,dataset_2,p30
845,test,0.6931471805599453,0.7088853,0.71778464,0.71333497,0.7182078125701344,dataset_2,p30
698,test,0.6931471805599453,0.7088853,0.679335,0.69411015,0.693549497407239,dataset_2,p30
415,test,0.6931471805599453,0.7577426,0.93266606,0.8452043300000001,0.8763521406484585,dataset_2,p30
1212,test,0.6931471805599453,0.7088853,0.7918683,0.7503768,0.7657187447063205,dataset_2,p30
838,test,1.0986122886681098,0.7088853,0.6935494,0.7012173500000001,0.7026653995340589,dataset_2,p30
1244,test,0.6931471805599453,0.7088853,0.83430374,0.7715945200000001,0.7929332115672881,dataset_2,p30
1191,test,0.6931471805599453,0.7088853,0.7179651,0.7134252000000001,0.7183235442012835,dataset_2,p30
1154,test,0.6931471805599453,0.7088853,0.97789884,0.84339207,0.8850228444389479,dataset_2,p30
296,test,0.6931471805599453,0.7088853,0.7269308,0.71790805,0.7240733784326566,dataset_2,p30
1302,test,0.6931471805599453,0.7088853,0.6955194,0.7022023500000001,0.703928789278954,dataset_2,p30
714,test,3.737669618283368,3.205393,3.3983397,3.30186635,3.4765035344936086,dataset_2,p30
246,test,1.3862943611198906,1.3313245,1.1476203,1.2394724,1.252969309307216,dataset_2,p30
590,test,0.6931471805599453,0.7088853,0.7001811,0.7045332,0.7069184055092975,dataset_2,p30
125,test,0.6931471805599453,0.7088853,0.6840011,0.6964432,0.6965419354217844,dataset_2,p30
1363,test,0.6931471805599453,0.7088853,0.72526276,0.71707403,0.7230036400417558,dataset_2,p30
1236,test,0.6931471805599453,0.7088853,0.66305995,0.685972625,0.6831120703678212,dataset_2,p30
1020,test,0.6931471805599453,0.7088853,0.6975138,0.70319955,0.7052078270998771,dataset_2,p30
788,test,0.6931471805599453,0.7088853,0.7341878,0.7215365499999999,0.7287273984218459,dataset_2,p30
520,test,0.6931471805599453,0.7088853,0.7074419,0.7081636,0.7115748624939338,dataset_2,p30
873,test,0.6931471805599453,0.7088853,0.7338791,0.7213822000000001,0.7285294246075062,dataset_2,p30
1091,test,0.6931471805599453,0.7088853,0.88127095,0.7950781250000001,0.8230539686537497,dataset_2,p30
41,test,0.6931471805599453,0.7088853,0.69527507,0.702080185,0.7037720968848574,dataset_2,p30
1304,test,0.6931471805599453,0.7088853,0.7913568,0.75012105,0.7653907122928617,dataset_2,p30
1205,test,0.6931471805599453,0.7088853,0.74903977,0.728962535,0.738252183492652,dataset_2,p30
960,test,0.6931471805599453,0.7088853,0.67852134,0.69370332,0.6930276853768678,dataset_2,p30
94,test,0.6931471805599453,0.7088853,0.8814483,0.7951668000000001,0.8231677057965198,dataset_2,p30
1041,test,0.6931471805599453,0.7088853,0.70403165,0.706458475,0.7093878194088942,dataset_2,p30
398,test,3.49650756146648,2.691307,2.995815,2.8435610000000002,3.0043609413381396,dataset_2,p30
1351,test,0.6931471805599453,0.7088853,0.67900765,0.693946475,0.6933395630757713,dataset_2,p30
574,test,0.6931471805599453,0.7088853,0.6931479,0.7010166,0.7024079117256451,dataset_2,p30
1,test,0.6931471805599453,0.71188897,0.80366325,0.75777611,0.764767948763273,dataset_2,p35
845,test,0.6931471805599453,0.71188897,0.67877215,0.6953305599999999,0.7036856957963237,dataset_2,p35
698,test,0.6931471805599453,0.71188897,0.6848282,0.698358585,0.7066476136437964,dataset_2,p35
865,test,0.6931471805599453,0.71188897,0.6833389,0.6976139349999999,0.7059192206730908,dataset_2,p35
124,test,0.6931471805599453,0.71188897,0.7178991,0.7148940349999999,0.722822065463379,dataset_2,p35
14,test,0.6931471805599453,0.71188897,0.71600235,0.71394566,0.7218943951704994,dataset_2,p35
544,test,0.6931471805599453,0.71188897,0.70725375,0.70957136,0.7176155938923726,dataset_2,p35
237,test,1.6094379124341005,1.079922,1.2788031,1.17936255,1.0976231192422263,dataset_2,p35
1213,test,0.6931471805599453,0.71188897,0.6785216,0.6952052849999999,0.7035631557716071,dataset_2,p35
655,test,1.0986122886681098,0.88742155,0.9057219,0.896571725,0.8626030355461347,dataset_2,p35
65,test,0.6931471805599453,0.92876875,0.65174496,0.790256855,0.7496745997922895,dataset_2,p35
169,test,0.6931471805599453,0.71188897,0.71593076,0.713909865,0.7218593816387913,dataset_2,p35
1210,test,0.6931471805599453,0.71188897,0.66051286,0.6862009149999999,0.6947553671277725,dataset_2,p35
967,test,0.6931471805599453,0.71188897,0.6801728,0.696030885,0.7043707314603395,dataset_2,p35
849,test,0.6931471805599453,0.71188897,0.6841212,0.6980050849999999,0.7063018311753287,dataset_2,p35
1159,test,0.6931471805599453,0.71188897,0.64885813,0.68037355,0.689055223833963,dataset_2,p35
864,test,0.6931471805599453,0.71188897,0.65811145,0.68500021,0.6935808756460147,dataset_2,p35
1065,test,0.6931471805599453,0.71188897,0.6467928,0.679340885,0.6880451037411763,dataset_2,p35
245,test,0.6931471805599453,0.71188897,0.91506594,0.8134774549999999,0.8192532346785915,dataset_2,p35
559,test,0.6931471805599453,0.88742155,0.6687209,0.7780712249999999,0.7466896114877354,dataset_2,p35
1334,test,0.6931471805599453,0.71188897,0.614254,0.6630714849999999,0.6721308935785548,dataset_2,p35
874,test,0.6931471805599453,0.71188897,0.71907127,0.71548012,0.7233953551890702,dataset_2,p35
926,test,0.6931471805599453,0.71188897,0.7383466,0.7251177849999999,0.7328226128806224,dataset_2,p35
451,test,0.6931471805599453,0.71188897,0.6719413,0.6919151349999999,0.7003448355774666,dataset_2,p35
1360,test,0.6931471805599453,0.71188897,0.6815897,0.696739335,0.7050637147412047,dataset_2,p35
1231,test,0.6931471805599453,0.71188897,0.90844,0.810164485,0.8160125926854965,dataset_2,p35
336,test,0.6931471805599453,0.71188897,0.6395347,0.675711835,0.6844952823346917,dataset_2,p35
1331,test,0.6931471805599453,0.71188897,0.6725148,0.692201885,0.7006253253167399,dataset_2,p35
789,test,0.6931471805599453,0.71188897,0.72048306,0.7161860149999999,0.7240858392501138,dataset_2,p35
999,test,0.6931471805599453,0.71188897,0.69085073,0.70136985,0.7095931373917739,dataset_2,p35
364,test,0.6931471805599453,0.71188897,0.7042816,0.7080852849999999,0.7161619625434957,dataset_2,p35
1082,test,0.6931471805599453,0.71188897,0.8992139,0.8055514349999999,0.8115002537430228,dataset_2,p35
190,test,0.6931471805599453,0.71188897,0.656014,0.6839514849999999,0.6925550461714922,dataset_2,p35
799,test,0.6931471805599453,0.71188897,0.68940383,0.7006464,0.7088854815874942,dataset_2,p35
756,test,0.6931471805599453,0.71188897,0.70334935,0.7076191599999999,0.7157060138783912,dataset_2,p35
1366,test,0.6931471805599453,0.71188897,0.725589,0.718738985,0.7265830733902092,dataset_2,p35
1237,test,0.6931471805599453,0.71188897,0.6561742,0.684031585,0.6926333974465255,dataset_2,p35
521,test,0.6931471805599453,0.71188897,0.6282054,0.670047185,0.6789543016840411,dataset_2,p35
1110,test,0.6931471805599453,0.71188897,0.6991516,0.705520285,0.713652961039622,dataset_2,p35
1268,test,0.6931471805599453,0.71188897,0.6563032,0.684096085,0.6926964892972077,dataset_2,p35
768,test,0.6931471805599453,0.71188897,0.65632844,0.684108705,0.6927088337802404,dataset_2,p35
192,test,0.6931471805599453,0.71188897,0.6551534,0.683521185,0.6921341403831426,dataset_2,p35
1362,test,0.6931471805599453,0.71188897,0.7319844,0.721936685,0.7297109619317051,dataset_2,p35
439,test,0.6931471805599453,0.71188897,0.65007585,0.6809824099999999,0.6896507913410385,dataset_2,p35
419,test,1.0986122886681098,0.71188897,0.72190297,0.7168959699999999,0.7247802946741617,dataset_2,p35
1136,test,0.6931471805599453,0.71188897,0.65495074,0.6834198549999999,0.6920350225966367,dataset_2,p35
1207,test,0.6931471805599453,0.71188897,0.72083014,0.7163595549999999,0.724255590564337,dataset_2,p35
424,test,0.6931471805599453,0.71188897,0.93813133,0.82501015,0.8305341505065515,dataset_2,p35
1128,test,0.6931471805599453,0.7829593,0.86022675,0.8215930250000001,0.8118342265518473,dataset_2,p35
90,test,0.6931471805599453,0.71188897,0.68090075,0.6963948600000001,0.7047267602409915,dataset_2,p35
875,test,0.6931471805599453,0.71188897,0.69528127,0.70358512,0.7117600441213983,dataset_2,p35
203,test,0.6931471805599453,0.71188897,0.72233033,0.71710965,0.7249893096610419,dataset_2,p35
358,test,0.6931471805599453,0.71188897,0.6421571,0.6770230349999999,0.6857778565147616,dataset_2,p35
133,test,0.6931471805599453,0.71188897,0.6570859,0.684487435,0.6930792954330912,dataset_2,p35
290,test,0.6931471805599453,0.71188897,0.68492967,0.69840932,0.7066972410088252,dataset_2,p35
948,test,0.6931471805599453,0.71188897,0.6786258,0.6952573849999999,0.7036141183362667,dataset_2,p35
704,test,0.6931471805599453,0.71188897,0.7639686,0.737928785,0.7453539260448045,dataset_2,p35
309,test,0.6931471805599453,0.71188897,0.81136984,0.761629405,0.7685371195039628,dataset_2,p35
1100,test,0.6931471805599453,0.71188897,0.7053507,0.7086198349999999,0.716684842369576,dataset_2,p35
200,test,0.6931471805599453,0.71188897,0.6810131,0.6964510349999999,0.7047817088411786,dataset_2,p35
1144,test,0.6931471805599453,0.71188897,0.66986364,0.690876305,0.6993286850775566,dataset_2,p35
338,test,0.6931471805599453,0.71188897,0.67754257,0.69471577,0.7030843277516583,dataset_2,p35
779,test,0.6931471805599453,0.71188897,0.6973885,0.704638735,0.7127906568385538,dataset_2,p35
41,test,0.6931471805599453,0.71188897,0.6423236,0.677106285,0.6858592890197118,dataset_2,p35
706,test,0.6931471805599453,0.71188897,0.6820383,0.6969636349999999,0.7052831178746622,dataset_2,p35
1353,test,0.6931471805599453,0.7829593,0.7327229,0.7578411,0.7494741190665264,dataset_2,p35
703,test,0.6931471805599453,0.71188897,0.6932204,0.702554685,0.7107521053437592,dataset_2,p35
398,test,3.58351893845611,3.0715992,2.9532506,3.0124249,2.4602901768947456,dataset_2,p35
1174,test,1.3862943611198906,0.88742155,1.155085,1.0212532749999998,0.9845625663279332,dataset_2,p35
125,test,0.6931471805599453,0.71188897,0.6524707,0.6821798349999999,0.6908220744310096,dataset_2,p35
1024,test,0.6931471805599453,0.71188897,0.6775743,0.6947316349999999,0.7030998463905896,dataset_2,p35
189,test,0.6931471805599453,0.71188897,0.6926751,0.702282035,0.7104854077764956,dataset_2,p35
496,test,0.6931471805599453,0.71188897,0.79583997,0.7538644699999999,0.7609417067973421,dataset_2,p35
1149,test,0.6931471805599453,0.71188897,0.75140595,0.73164746,0.7392097335023796,dataset_2,p35
21,test,0.6931471805599453,0.71188897,0.68172586,0.696807415,0.7051303084341418,dataset_2,p35
953,test,0.6931471805599453,0.71188897,0.6571361,0.684512535,0.6931038474556047,dataset_2,p35
1093,test,0.6931471805599453,0.71188897,0.6782166,0.6950527849999999,0.7034139851168933,dataset_2,p35
683,test,0.6931471805599453,0.71188897,0.70392954,0.7079092549999999,0.7159897755903858,dataset_2,p35
433,test,0.6931471805599453,0.71188897,0.7252929,0.7185909349999999,0.7264382555841085,dataset_2,p35
1410,test,0.6931471805599453,0.71188897,0.75710666,0.734497815,0.741997860200849,dataset_2,p35
861,test,0.6931471805599453,0.71188897,0.77982587,0.74585742,0.7531094648902884,dataset_2,p35
149,test,0.6931471805599453,0.71188897,0.69400626,0.702947615,0.7111364569854423,dataset_2,p35
474,test,0.6931471805599453,0.71188897,0.9294613,0.820675135,0.8262937765672473,dataset_2,p35
397,test,3.258096538021482,3.3435357,2.6650047,3.0042701999999997,2.3935514647633096,dataset_2,p35
812,test,0.6931471805599453,0.71188897,0.65593886,0.683913915,0.6925182963911802,dataset_2,p35
998,test,0.6931471805599453,0.71188897,0.6359066,0.673897785,0.6827208362613575,dataset_2,p35
205,test,0.6931471805599453,0.71188897,0.6786025,0.695245735,0.7036027226764149,dataset_2,p35
258,test,0.6931471805599453,0.71188897,0.7504747,0.731181835,0.7387542739213889,dataset_2,p35
705,test,0.6931471805599453,0.71188897,0.6431023,0.677495635,0.68624013881914,dataset_2,p35
409,test,0.6931471805599453,0.71188897,0.99266565,0.85227731,0.8572060200762852,dataset_2,p35
599,test,0.6931471805599453,0.71188897,0.7039565,0.7079227349999999,0.7160029612980943,dataset_2,p35
901,test,0.6931471805599453,0.71188897,0.6689847,0.690436835,0.6988988094865596,dataset_2,p35
601,test,0.6931471805599453,0.71188897,0.6707846,0.691336785,0.6997791119830162,dataset_2,p35
263,test,0.6931471805599453,0.71188897,0.6404245,0.676156735,0.6849304693791647,dataset_2,p35
499,test,0.6931471805599453,0.71188897,0.6818849,0.696886935,0.705208092371603,dataset_2,p35
535,test,0.6931471805599453,0.71188897,0.67668855,0.6942887600000001,0.7026666401367776,dataset_2,p35
1087,test,0.6931471805599453,0.88742155,1.2226585,1.055040025,1.0176116916928484,dataset_2,p35
940,test,0.6931471805599453,0.71188897,0.77790856,0.744898765,0.7521717390280287,dataset_2,p35
204,test,0.6931471805599453,0.71188897,0.69810665,0.7049978100000001,0.7131418925948905,dataset_2,p35
146,test,0.6931471805599453,0.71188897,0.63975656,0.6758227649999999,0.6846037905361828,dataset_2,p35
226,test,0.6931471805599453,0.71188897,0.6977872,0.704838085,0.7129856546747321,dataset_2,p35
517,test,0.6931471805599453,0.71188897,0.6984513,0.7051701349999999,0.7133104554347169,dataset_2,p35
905,test,0.6931471805599453,0.71188897,0.65789175,0.68489036,0.6934734238662095,dataset_2,p35
300,test,0.6931471805599453,0.71188897,0.7247695,0.7183292349999999,0.7261822689589373,dataset_2,p35
1116,test,0.6931471805599453,0.71188897,0.65223163,0.6820603,0.6907051490919197,dataset_2,p35
817,test,0.6931471805599453,0.71188897,0.7080107,0.709949835,0.7179858061123253,dataset_2,p35
924,test,0.6931471805599453,0.71188897,0.7505252,0.731207085,0.7387789726691365,dataset_2,p35
411,test,0.6931471805599453,0.71188897,0.75472945,0.73330921,0.7408352045546456,dataset_2,p35
1388,test,0.6931471805599453,0.71188897,0.64944863,0.6806688,0.6893440280031711,dataset_2,p35
1131,test,0.6931471805599453,0.71188897,0.6894871,0.700688035,0.7089262076216516,dataset_2,p35
575,test,0.6931471805599453,0.71188897,0.6738749,0.692881935,0.7012905286199405,dataset_2,p35
1123,test,0.6931471805599453,0.71188897,0.61703104,0.664460005,0.6734890997259853,dataset_2,p35
727,test,0.6931471805599453,0.88742155,0.99141026,0.9394159049999999,0.9045118511610426,dataset_2,p35
614,test,0.6931471805599453,0.71188897,0.5837965,0.647842735,0.6572346141820178,dataset_2,p35
750,test,1.3862943611198906,0.7829593,1.11703,0.94999465,0.9374326165030507,dataset_2,p35
1383,test,0.6931471805599453,0.71188897,0.782539,0.7472139849999999,0.7544364136720049,dataset_2,p35
1273,test,0.6931471805599453,0.71188897,0.7490717,0.730480335,0.7380680889097057,dataset_2,p35
1236,test,0.6931471805599453,0.71188897,0.66911376,0.690501365,0.6989619306822886,dataset_2,p35
753,test,0.6931471805599453,0.71188897,0.70502716,0.708458065,0.716526604095392,dataset_2,p35
215,test,0.6931471805599453,0.71188897,0.7630755,0.737482235,0.7449171250227559,dataset_2,p35
634,test,3.8501476017100584,1.7550519,1.7903056,1.7726787499999999,1.5320991290480483,dataset_2,p35
1021,test,0.6931471805599453,0.71188897,0.6341562,0.673022585,0.6818647434285348,dataset_2,p35
688,test,0.6931471805599453,0.71188897,0.6296683,0.670778635,0.6796697828341419,dataset_2,p35
488,test,0.6931471805599453,0.71188897,0.6428026,0.677345785,0.6860935603102295,dataset_2,p35
821,test,0.6931471805599453,0.71188897,0.7099997,0.710944335,0.7189585944147044,dataset_2,p35
434,test,0.6931471805599453,0.71188897,0.7201374,0.716013185,0.7239167824353324,dataset_2,p35
1176,test,0.6931471805599453,0.71188897,0.80550826,0.7586986149999999,0.7656703138441038,dataset_2,p35
818,test,0.6931471805599453,0.71188897,0.7875201,0.749704535,0.7568725905513314,dataset_2,p35
1356,test,0.6931471805599453,0.71188897,0.58377117,0.6478300699999999,0.6572222256814149,dataset_2,p35
555,test,0.6931471805599453,0.7829593,0.7104355,0.7466974,0.7385737057882737,dataset_2,p35
1311,test,0.6931471805599453,0.71188897,0.6194309,0.665659935,0.6746628331273665,dataset_2,p35
585,test,0.6931471805599453,0.71188897,0.75413036,0.733009665,0.7405421991528998,dataset_2,p35
1303,test,0.6931471805599453,0.71188897,0.68831116,0.700100065,0.7083510740488513,dataset_2,p35
1027,test,0.6931471805599453,0.71188897,0.6560889,0.6839889349999999,0.6925916785716171,dataset_2,p35
961,test,0.6931471805599453,0.71188897,0.6416395,0.676764235,0.6855247065774507,dataset_2,p35
1278,test,0.6931471805599453,0.71188897,0.6399023,0.675895635,0.6846750696549303,dataset_2,p35
351,test,0.6931471805599453,0.71188897,0.6816082,0.6967485849999999,0.7050727627973102,dataset_2,p35
1045,test,0.6931471805599453,0.71188897,0.64052457,0.67620677,0.6849794120264342,dataset_2,p35
1051,test,0.6931471805599453,0.71188897,0.7012958,0.706592385,0.7147016551964653,dataset_2,p35
769,test,0.6931471805599453,0.71188897,0.7974892,0.754689085,0.7617483189903701,dataset_2,p35
1220,test,0.6931471805599453,0.71188897,0.67846286,0.695175915,0.7035344269707616,dataset_2,p35
1373,test,0.6931471805599453,0.71188897,0.6982925,0.705090735,0.713232788877443,dataset_2,p35
137,test,0.6931471805599453,0.71188897,0.6634722,0.687680585,0.6962027333091514,dataset_2,p35
35,test,0.6931471805599453,0.71188897,0.6783394,0.695114185,0.70347404464607,dataset_2,p35
1267,test,0.6931471805599453,0.71188897,0.7918858,0.751887385,0.759007785067016,dataset_2,p35
836,test,0.6931471805599453,0.71188897,0.71038425,0.7111366100000001,0.7191466717106723,dataset_2,p35
229,test,0.6931471805599453,0.71188897,0.6487789,0.680333935,0.6890164736996254,dataset_2,p35
1214,test,0.6931471805599453,0.71188897,0.71746874,0.7146788550000001,0.7226115832241574,dataset_2,p35
600,test,0.6931471805599453,0.71188897,0.68942064,0.700654805,0.7088937030914474,dataset_2,p35
507,test,0.6931471805599453,0.71188897,0.6622719,0.6870804349999999,0.6956156856473387,dataset_2,p35
525,test,1.0986122886681098,0.71188897,0.79748535,0.75468716,0.7617464360165319,dataset_2,p35
602,test,0.6931471805599453,0.71188897,0.6865729,0.699230935,0.7075009186971704,dataset_2,p35
1409,test,0.6931471805599453,0.71188897,0.9460393,0.828964135,0.8344018130060815,dataset_2,p35
667,test,0.6931471805599453,0.71188897,0.68803334,0.699961155,0.7082151967003512,dataset_2,p35
101,test,0.6931471805599453,0.71188897,0.69580805,0.70384851,0.7120176838508739,dataset_2,p35
1264,test,0.6931471805599453,0.71188897,0.7025058,0.707197385,0.7152934469741821,dataset_2,p35
542,test,0.6931471805599453,0.71188897,0.63975966,0.675824315,0.6846053066969356,dataset_2,p35
1042,test,0.6931471805599453,0.71188897,0.69055784,0.7012234049999999,0.7094498895456784,dataset_2,p35
795,test,0.6931471805599453,0.71188897,0.6876286,0.699758785,0.7080172447961254,dataset_2,p35
885,test,0.6931471805599453,0.71188897,0.9145309,0.8132099349999999,0.8189915551143356,dataset_2,p35
98,test,0.6931471805599453,0.71188897,0.6610896,0.686489285,0.6950374414995745,dataset_2,p35
941,test,0.6931471805599453,0.71188897,0.71790755,0.71489826,0.7228261982241407,dataset_2,p35
492,test,0.6931471805599453,0.71188897,0.74444854,0.728168755,0.7358069747980782,dataset_2,p35
751,test,1.0986122886681098,0.7829593,0.9597247,0.8713420000000001,0.8604970932540613,dataset_2,p35
1180,test,1.3862943611198906,1.1565071,1.0315571,1.0940321,0.9976065111954093,dataset_2,p35
1097,test,0.6931471805599453,0.71188897,0.7710323,0.7414606349999999,0.7488086694995634,dataset_2,p35
1086,test,0.6931471805599453,0.81635123,0.86613333,0.84124228,0.8238389290836589,dataset_2,p35
1324,test,0.6931471805599453,0.88742155,0.84752244,0.867471995,0.8341386042274911,dataset_2,p35
13,test,0.6931471805599453,0.71188897,0.6395497,0.6757193349999999,0.6845026185963989,dataset_2,p35
94,test,0.6931471805599453,0.71188897,0.8343073,0.7730981349999999,0.7797554668012424,dataset_2,p35
1173,test,1.6094379124341005,1.4904119,1.3959575,1.4431847,1.2669838803189961,dataset_2,p35
1423,test,0.6931471805599453,0.71188897,0.7169703,0.7144296349999999,0.7223678041384671,dataset_2,p35
910,test,0.6931471805599453,0.71188897,0.6906369,0.7012629349999999,0.7094885565357167,dataset_2,p35
1188,test,0.6931471805599453,0.71188897,0.8530241,0.7824565349999999,0.7889095563427053,dataset_2,p35
316,test,0.6931471805599453,0.71188897,0.6838526,0.697870785,0.7061704631823579,dataset_2,p35
1426,test,0.6931471805599453,0.71188897,0.62788516,0.669887065,0.6787976773874329,dataset_2,p35
435,test,0.6931471805599453,0.7829593,0.84844613,0.815702715,0.8060725124589496,dataset_2,p35
20,test,0.6931471805599453,0.71188897,0.79342353,0.75265625,0.7597598643813536,dataset_2,p35
270,test,0.6931471805599453,0.71188897,0.6513536,0.681621285,0.6902757185674663,dataset_2,p35
314,test,0.6931471805599453,0.71188897,0.74629027,0.72908962,0.7367077356830156,dataset_2,p35
417,test,0.6931471805599453,0.71188897,0.7046899,0.708289435,0.7163616555871666,dataset_2,p35
1435,test,0.6931471805599453,0.71188897,0.91056496,0.8112269649999999,0.81705187686399,dataset_2,p35
242,test,1.6094379124341005,1.2689247,1.5575646,1.41324465,1.285558061695423,dataset_2,p35
646,test,0.6931471805599453,0.99983954,1.1228704,1.06135497,0.9994966622059205,dataset_2,p35
1299,test,0.6931471805599453,0.71188897,0.7196286,0.715758785,0.723667936438223,dataset_2,p35
1318,test,0.6931471805599453,0.71188897,0.6900274,0.700958185,0.709190459768346,dataset_2,p35
933,test,0.6931471805599453,0.71188897,0.7272321,0.7195605350000001,0.7273866874976196,dataset_2,p35
731,test,0.6931471805599453,1.0579439,1.3018764,1.17991015,1.1029079540382467,dataset_2,p35
285,test,1.6094379124341005,1.4230996,1.7823688,1.6027342,1.4375954699760007,dataset_2,p35
930,test,0.6931471805599453,0.71188897,0.6953043,0.703596635,0.7117713077285394,dataset_2,p35
1352,test,1.3862943611198906,1.4230996,1.4558712,1.4394854000000001,1.2779106806170968,dataset_2,p35
213,test,1.0986122886681098,1.1565071,1.1297534,1.14313025,1.0456327615608754,dataset_2,p35
429,test,0.6931471805599453,0.71188897,0.7089124,0.710400685,0.7184268132577528,dataset_2,p35
772,test,0.6931471805599453,0.71188897,0.7219168,0.716902885,0.7247870587074557,dataset_2,p35
833,test,0.6931471805599453,0.71188897,0.6740453,0.692967135,0.7013738685529346,dataset_2,p35
663,test,0.6931471805599453,0.71188897,0.7141548,0.713021885,0.7209907878160194,dataset_2,p35
1025,test,0.6931471805599453,0.71188897,0.8314342,0.7716615849999999,0.7783502792338389,dataset_2,p35
1238,test,0.6931471805599453,0.71188897,0.75314736,0.732518165,0.7400614294690192,dataset_2,p35
164,test,0.6931471805599453,0.71188897,0.66433835,0.68811366,0.6966263535143328,dataset_2,p35
1030,test,0.6931471805599453,0.71188897,0.6408031,0.6763460349999999,0.6851156366246552,dataset_2,p35
1181,test,1.6094379124341005,0.71188897,0.913069,0.812478985,0.8182765630483486,dataset_2,p35
423,test,0.6931471805599453,0.71188897,0.71739244,0.714640705,0.7225742661062732,dataset_2,p35
1090,test,2.3978952727983707,1.2612182,1.5518979,1.4065580500000001,1.2806827193582713,dataset_2,p35
713,test,3.6375861597263857,3.0715992,3.4336324,3.2526158,2.6952372838408647,dataset_2,p35
1391,test,0.6931471805599453,0.7829593,1.0312424,0.90710085,0.8954752641806877,dataset_2,p35
115,test,0.6931471805599453,0.71188897,0.7083062,0.710097585,0.7181303304679578,dataset_2,p35
846,test,0.6931471805599453,0.71188897,0.706253,0.709070985,0.7171261429654717,dataset_2,p35
699,test,0.6931471805599453,0.71188897,0.6783315,0.695110235,0.7034701808815708,dataset_2,p35
416,test,1.0986122886681098,1.3183885,0.919613,1.11900075,0.9870495249809873,dataset_2,p35
591,test,0.6931471805599453,0.71188897,0.6782366,0.695062785,0.7034237667991697,dataset_2,p35
839,test,0.6931471805599453,0.71188897,0.676253,0.694070985,0.7024536195510052,dataset_2,p35
1246,test,0.6931471805599453,0.71188897,0.65783,0.684859485,0.6934432229221813,dataset_2,p35
1193,test,0.6931471805599453,0.71188897,0.7008652,0.706377085,0.7144910555770563,dataset_2,p35
1155,test,0.6931471805599453,0.71188897,0.68128395,0.69658646,0.7049141772734056,dataset_2,p35
297,test,0.6931471805599453,0.71188897,0.71993375,0.71591136,0.7238171804555539,dataset_2,p35
1301,test,0.6931471805599453,0.71188897,0.83425546,0.773072215,0.7797301126807822,dataset_2,p35
1092,test,0.6931471805599453,0.71188897,0.65644264,0.6841658049999999,0.6927646871860381,dataset_2,p35
702,test,0.6931471805599453,0.71603733,0.7103394,0.7131883649999999,0.7075570981316566,dataset_2,p40
849,test,0.6931471805599453,0.71603733,0.71615636,0.716096845,0.7126395795657882,dataset_2,p40
229,test,0.6931471805599453,0.71603733,0.7095822,0.712809765,0.7068955060041666,dataset_2,p40
1333,test,0.6931471805599453,0.71603733,0.67596924,0.696003285,0.6775266870426809,dataset_2,p40
1120,test,0.6931471805599453,0.71603733,0.8386885,0.777362915,0.8197001965606441,dataset_2,p40
65,test,0.6931471805599453,0.87649065,0.66303825,0.76976445,0.6819397005594091,dataset_2,p40
545,test,0.6931471805599453,0.71603733,0.7178626,0.716949965,0.714130381139492,dataset_2,p40
1169,test,3.970291913552122,1.7790989,1.5970564,1.6880776499999999,1.5864056459883344,dataset_2,p40
1217,test,0.6931471805599453,0.71603733,0.7065444,0.711290865,0.704241273879379,dataset_2,p40
657,test,0.6931471805599453,0.84900934,0.9292587,0.88913402,0.9118549048045627,dataset_2,p40
557,test,0.6931471805599453,0.71603733,0.72093785,0.7184875900000001,0.7168173346393119,dataset_2,p40
169,test,0.6931471805599453,0.71603733,0.746084,0.731060665,0.7387884055276943,dataset_2,p40
1174,test,1.3862943611198906,1.2603098,1.2674545,1.26388215,1.2476221333811113,dataset_2,p40
971,test,0.6931471805599453,0.71603733,0.7062416,0.711139465,0.7039767069271814,dataset_2,p40
1003,test,0.6931471805599453,0.71603733,0.62955034,0.672793835,0.6369688703406914,dataset_2,p40
1250,test,0.6931471805599453,0.71603733,0.69472826,0.705382795,0.6939170990229079,dataset_2,p40
425,test,0.6931471805599453,0.71603733,0.6935308,0.704784065,0.6928708363327544,dataset_2,p40
1069,test,0.6931471805599453,0.71603733,0.69880855,0.7074229400000001,0.6974821911278686,dataset_2,p40
1093,test,0.6931471805599453,0.71603733,0.69979787,0.7079176,0.6983465946191106,dataset_2,p40
1271,test,0.6931471805599453,0.71603733,0.6600505,0.688043915,0.6636179270538266,dataset_2,p40
822,test,0.6931471805599453,0.71603733,0.74073446,0.728385895,0.7341143252983058,dataset_2,p40
101,test,0.6931471805599453,0.71603733,0.72286856,0.719452945,0.7185042635041643,dataset_2,p40
930,test,0.6931471805599453,0.71603733,0.69504166,0.705539495,0.6941909275659023,dataset_2,p40
309,test,0.6931471805599453,0.71603733,0.7754388,0.7457380650000001,0.7644367211431777,dataset_2,p40
1374,test,0.6931471805599453,0.71603733,0.78370583,0.74987158,0.7716599144418094,dataset_2,p40
189,test,0.6931471805599453,0.71603733,0.6734264,0.6947318650000001,0.6753049187840086,dataset_2,p40
336,test,0.6931471805599453,0.71603733,0.70053506,0.708286195,0.698990703309634,dataset_2,p40
1411,test,0.6931471805599453,0.71603733,0.6809522,0.698494765,0.681880473502794,dataset_2,p40
358,test,0.6931471805599453,0.71603733,0.70502925,0.7105332900000001,0.7029174343231633,dataset_2,p40
1132,test,0.6931471805599453,0.71603733,0.76022005,0.73812869,0.7511395669035598,dataset_2,p40
364,test,0.6931471805599453,0.71603733,0.7023742,0.709205765,0.7005976242622911,dataset_2,p40
706,test,0.6931471805599453,0.71603733,0.686538,0.701287665,0.6867609823587552,dataset_2,p40
412,test,0.6931471805599453,0.71603733,0.7619679,0.739002615,0.7526667245898163,dataset_2,p40
803,test,0.6931471805599453,0.71603733,0.723549,0.719793165,0.7190987877345253,dataset_2,p40
760,test,0.6931471805599453,0.71603733,0.70956826,0.712802795,0.7068833261385337,dataset_2,p40
1092,test,0.6931471805599453,0.71603733,0.681028,0.698532665,0.6819467026143415,dataset_2,p40
1406,test,0.6931471805599453,0.71603733,0.6590159,0.687526615,0.6627139608426523,dataset_2,p40
1002,test,0.6931471805599453,0.71603733,0.69952583,0.70778158,0.6981089037549236,dataset_2,p40
965,test,0.6931471805599453,0.71603733,0.7027488,0.709393065,0.7009249253861127,dataset_2,p40
1272,test,0.6931471805599453,0.71603733,0.71726775,0.71665254,0.7136106398861408,dataset_2,p40
115,test,0.6931471805599453,0.71603733,0.7000041,0.708020715,0.6985267849842086,dataset_2,p40
192,test,0.6931471805599453,0.71603733,0.68108475,0.69856104,0.6819962870745041,dataset_2,p40
1431,test,0.6931471805599453,0.71603733,0.68060446,0.6983208949999999,0.6815766409005577,dataset_2,p40
878,test,1.0986122886681098,0.71603733,0.8284248,0.7722310649999999,0.8107324428378241,dataset_2,p40
420,test,0.6931471805599453,0.71603733,0.7477919,0.731914615,0.7402806575014663,dataset_2,p40
1268,test,0.6931471805599453,0.71603733,0.7175299,0.716783615,0.7138396895113674,dataset_2,p40
90,test,0.6931471805599453,0.71603733,0.70209956,0.709068445,0.700357661687154,dataset_2,p40
215,test,0.6931471805599453,0.71603733,0.8014556,0.758746465,0.7871685093926263,dataset_2,p40
1148,test,0.6931471805599453,0.71603733,0.67899895,0.69751814,0.6801738506514735,dataset_2,p40
351,test,0.6931471805599453,0.71603733,0.7018039,0.708920615,0.7000993332027197,dataset_2,p40
879,test,0.6931471805599453,0.71603733,0.6882508,0.702144065,0.6882575156339333,dataset_2,p40
853,test,0.6931471805599453,0.71603733,0.68547213,0.70075473,0.6858296944547301,dataset_2,p40
952,test,0.6931471805599453,0.71603733,0.692672,0.704354665,0.6921204727312112,dataset_2,p40
945,test,0.6931471805599453,0.71603733,0.7293043,0.7226708150000001,0.7241273946697383,dataset_2,p40
290,test,0.6931471805599453,0.71603733,0.72158337,0.71881035,0.717381348044142,dataset_2,p40
1153,test,0.6931471805599453,0.71603733,0.6707777,0.6934075150000001,0.6729906569402647,dataset_2,p40
707,test,0.6931471805599453,0.71603733,0.7149633,0.715500315,0.7115971613095503,dataset_2,p40
411,test,0.6931471805599453,0.71603733,0.7295072,0.722772265,0.7243046754973502,dataset_2,p40
1326,test,0.6931471805599453,0.84900934,0.7288749,0.78894212,0.736772569151453,dataset_2,p40
1055,test,0.6931471805599453,0.71603733,0.71206725,0.71405229,0.7090667811182964,dataset_2,p40
536,test,0.6931471805599453,0.71603733,0.81041706,0.763227195,0.7949984504740006,dataset_2,p40
1320,test,1.0986122886681098,1.2166035,1.3173013,1.2669524,1.2868953917520476,dataset_2,p40
709,test,0.6931471805599453,0.71603733,0.71992135,0.7179793400000001,0.7159291830312908,dataset_2,p40
1127,test,0.6931471805599453,0.78399783,0.77682126,0.7804095449999999,0.7722991825807864,dataset_2,p40
338,test,0.6931471805599453,0.71603733,0.6989974,0.707517365,0.6976471959789997,dataset_2,p40
1028,test,0.6931471805599453,0.71603733,0.7147658,0.7154015650000001,0.711424598650835,dataset_2,p40
869,test,0.6931471805599453,0.71603733,0.70431936,0.710178345,0.7022971785976166,dataset_2,p40
242,test,3.258096538021482,1.2857903,1.552676,1.41923315,1.4993251353932728,dataset_2,p40
285,test,1.6094379124341005,1.6061119,1.9173306,1.76172125,1.8493018730097344,dataset_2,p40
434,test,0.6931471805599453,0.71603733,0.7307445,0.723390915,0.7253857477891402,dataset_2,p40
436,test,0.6931471805599453,0.71603733,0.70641184,0.7112245850000001,0.7041254515703191,dataset_2,p40
497,test,0.6931471805599453,0.71603733,0.7573112,0.736674265,0.7485980029045511,dataset_2,p40
731,test,0.6931471805599453,0.94150215,1.1659796,1.053740875,1.1277429488912616,dataset_2,p40
865,test,0.6931471805599453,0.71603733,0.6879717,0.702004515,0.6880136562007816,dataset_2,p40
21,test,0.6931471805599453,0.71603733,0.68618715,0.70111224,0.6864544324407283,dataset_2,p40
200,test,0.6931471805599453,0.71603733,0.6935098,0.704773565,0.6928524878981568,dataset_2,p40
1097,test,0.6931471805599453,0.71603733,0.78500414,0.750520735,0.7727942933047802,dataset_2,p40
1046,test,0.6931471805599453,0.71603733,0.6437782,0.679907765,0.6494002493251474,dataset_2,p40
1313,test,0.6931471805599453,0.71603733,0.7180848,0.717061065,0.714324525052234,dataset_2,p40
691,test,1.0986122886681098,1.2857903,1.521662,1.40372615,1.472227118697584,dataset_2,p40
226,test,0.6931471805599453,0.71603733,0.70972955,0.71288344,0.707024250853593,dataset_2,p40
1305,test,0.6931471805599453,0.71603733,0.68570006,0.700868695,0.6860288448689122,dataset_2,p40
1425,test,0.6931471805599453,0.71603733,0.6901313,0.703084315,0.689900574265398,dataset_2,p40
724,test,1.3862943611198906,0.94150215,1.8345656,1.388033875,1.7119099247893632,dataset_2,p40
602,test,0.6931471805599453,0.71603733,0.6921103,0.704073815,0.6916296957924749,dataset_2,p40
587,test,0.6931471805599453,0.71603733,0.6910876,0.7035624650000001,0.6907361270275727,dataset_2,p40
125,test,0.6931471805599453,0.71603733,0.6859102,0.7009737650000001,0.6862124515377855,dataset_2,p40
258,test,0.6931471805599453,0.71603733,0.7281054,0.722071365,0.7230798738012125,dataset_2,p40
1164,test,1.0986122886681098,0.78104895,0.78522265,0.7831357999999999,0.7793510224129113,dataset_2,p40
245,test,0.6931471805599453,0.71603733,0.92445207,0.8202446999999999,0.8946348277511343,dataset_2,p40
601,test,0.6931471805599453,0.71603733,0.67041266,0.693224995,0.6726717087228599,dataset_2,p40
905,test,0.6931471805599453,0.71603733,0.6824002,0.699218765,0.6831456417550466,dataset_2,p40
603,test,0.6931471805599453,0.71603733,0.6732975,0.6946674150000001,0.6751922943449786,dataset_2,p40
909,test,0.6931471805599453,0.71603733,0.7035699,0.709803615,0.7016423491788784,dataset_2,p40
124,test,0.6931471805599453,0.71603733,0.7263273,0.7211823150000001,0.7215262856317857,dataset_2,p40
440,test,0.6931471805599453,0.71603733,0.66510963,0.6905734800000001,0.6680382659074301,dataset_2,p40
41,test,0.6931471805599453,0.71603733,0.70287347,0.7094554,0.7010338539261738,dataset_2,p40
868,test,0.6931471805599453,0.71603733,0.6960869,0.7060621149999999,0.6951041903172727,dataset_2,p40
204,test,0.6931471805599453,0.71603733,0.685393,0.7007151650000001,0.6857605558056965,dataset_2,p40
666,test,0.6931471805599453,0.71603733,0.6724504,0.694243865,0.6744521534427114,dataset_2,p40
837,test,0.6931471805599453,0.71603733,0.686937,0.7014871650000001,0.6871096026161093,dataset_2,p40
1336,test,0.6931471805599453,0.71603733,0.6862266,0.7011319650000001,0.6864889012857225,dataset_2,p40
205,test,0.6931471805599453,0.71603733,0.69465077,0.70534405,0.6938493932992428,dataset_2,p40
957,test,0.6931471805599453,0.71603733,0.7188715,0.717454415,0.7150118923616587,dataset_2,p40
1183,test,0.6931471805599453,0.71603733,0.68706286,0.701550095,0.6872195709007974,dataset_2,p40
821,test,0.6931471805599453,0.71603733,0.715114,0.715575665,0.7117288331711625,dataset_2,p40
417,test,0.6931471805599453,0.71603733,0.7247566,0.720396965,0.7201539100973844,dataset_2,p40
526,test,0.6931471805599453,0.71603733,0.68865776,0.7023475450000001,0.6886130908217349,dataset_2,p40
934,test,0.6931471805599453,0.71603733,0.7272341,0.721635715,0.7223185885124089,dataset_2,p40
561,test,0.6931471805599453,0.71603733,0.72653913,0.7212882300000001,0.7217113689127764,dataset_2,p40
1135,test,0.6931471805599453,0.71603733,0.84426355,0.78015044,0.8245713127655612,dataset_2,p40
137,test,0.6931471805599453,0.71603733,0.6795609,0.697799115,0.6806648460239552,dataset_2,p40
1359,test,0.6931471805599453,0.71603733,0.7516769,0.733857115,0.7436751179020193,dataset_2,p40
755,test,0.6931471805599453,0.71603733,0.6821121,0.6990747150000001,0.6828939187070673,dataset_2,p40
1166,test,3.091042453358316,3.4294274,3.8168912,3.6231593,3.687549865815323,dataset_2,p40
772,test,0.6931471805599453,0.71603733,0.7177906,0.716913965,0.7140674722208716,dataset_2,p40
1025,test,0.6931471805599453,0.71603733,0.84964573,0.78284153,0.8292739117047242,dataset_2,p40
708,test,0.6931471805599453,0.71603733,0.6926408,0.704339065,0.6920932121998091,dataset_2,p40
799,test,0.6931471805599453,0.71603733,0.7117342,0.713885765,0.7087757836829285,dataset_2,p40
1114,test,0.6931471805599453,0.71603733,0.7201663,0.718101815,0.7161432044148469,dataset_2,p40
397,test,3.332204510175204,3.1606135,2.8283672,2.9944903500000004,2.7975201420783726,dataset_2,p40
1384,test,0.6931471805599453,0.78104895,0.96512103,0.87308499,0.9365345300148765,dataset_2,p40
686,test,0.6931471805599453,0.71603733,0.7010257,0.708531515,0.699419392640632,dataset_2,p40
489,test,0.6931471805599453,0.71603733,0.7020018,0.709019565,0.7002722453554273,dataset_2,p40
146,test,0.6931471805599453,0.71603733,0.7007189,0.708378115,0.6991513307485112,dataset_2,p40
435,test,0.6931471805599453,0.78104895,0.86442053,0.82273474,0.8485489805770677,dataset_2,p40
1218,test,0.6931471805599453,0.71603733,0.86257267,0.789305,0.8405686313779095,dataset_2,p40
1282,test,0.6931471805599453,0.71603733,0.705083,0.710560165,0.7029643975783834,dataset_2,p40
1362,test,0.6931471805599453,0.71603733,0.79137206,0.753704695,0.7783581677639538,dataset_2,p40
1240,test,0.6931471805599453,0.71603733,0.68392074,0.699979035,0.6844741907428089,dataset_2,p40
314,test,0.6931471805599453,0.71603733,0.73050463,0.72327098,0.7251761649792868,dataset_2,p40
1364,test,0.6931471805599453,0.71603733,0.7028482,0.709442765,0.7010117746432081,dataset_2,p40
522,test,0.6931471805599453,0.71603733,0.69237673,0.7042070300000001,0.6918624850034195,dataset_2,p40
1031,test,0.6931471805599453,0.71603733,0.70069885,0.70836809,0.6991338123621453,dataset_2,p40
937,test,0.6931471805599453,0.71603733,0.6373218,0.676679565,0.6437590667948694,dataset_2,p40
577,test,0.6931471805599453,0.71603733,0.7185631,0.7173002150000001,0.7147424324935685,dataset_2,p40
1328,test,0.6931471805599453,0.71603733,0.7000567,0.708047015,0.6985727434442006,dataset_2,p40
1049,test,0.6931471805599453,0.71603733,0.9028888,0.8094630650000001,0.8757942444508945,dataset_2,p40
825,test,0.6931471805599453,0.71603733,0.6970141,0.7065257149999999,0.695914317391505,dataset_2,p40
773,test,0.6931471805599453,0.71603733,0.86768234,0.791859835,0.8450331287974445,dataset_2,p40
475,test,0.6931471805599453,0.71603733,0.7304443,0.723240815,0.7251234525478929,dataset_2,p40
263,test,0.6931471805599453,0.71603733,0.7018813,0.708959315,0.7001669602902365,dataset_2,p40
203,test,0.6931471805599453,0.71603733,0.8572202,0.786628765,0.8358919911050271,dataset_2,p40
35,test,0.6931471805599453,0.71603733,0.69884276,0.707440045,0.697512081601563,dataset_2,p40
1197,test,0.6931471805599453,0.71603733,0.65917945,0.6876083900000001,0.6628568601987682,dataset_2,p40
430,test,0.6931471805599453,0.71603733,0.7970443,0.756540815,0.7833142022716586,dataset_2,p40
928,test,0.6931471805599453,0.71603733,0.6550772,0.685557265,0.6592725808736284,dataset_2,p40
1392,test,0.6931471805599453,0.71603733,0.70579076,0.710914045,0.7035827922484207,dataset_2,p40
1096,test,0.6931471805599453,0.71603733,0.69659626,0.706316795,0.6955492359671119,dataset_2,p40
508,test,0.6931471805599453,0.71603733,0.6538756,0.684956465,0.6582227009206543,dataset_2,p40
1140,test,0.6931471805599453,0.71603733,0.685127,0.700582165,0.6855281423007937,dataset_2,p40
604,test,0.6931471805599453,0.71603733,0.7084583,0.712247815,0.7059135152592035,dataset_2,p40
1410,test,0.6931471805599453,0.71603733,0.7428577,0.7294475149999999,0.7359694743590188,dataset_2,p40
703,test,0.6931471805599453,0.71603733,0.69297624,0.704506785,0.6923862978617813,dataset_2,p40
757,test,0.6931471805599453,0.71603733,0.7507678,0.733402565,0.7428808054309401,dataset_2,p40
14,test,0.6931471805599453,0.71603733,0.7195455,0.717791415,0.715600789738743,dataset_2,p40
543,test,0.6931471805599453,0.71603733,0.78962374,0.752830535,0.7768305994222563,dataset_2,p40
783,test,0.6931471805599453,0.71603733,0.6622933,0.689165315,0.6655775398688485,dataset_2,p40
1034,test,0.6931471805599453,0.71603733,0.7159232,0.715980265,0.712435859517656,dataset_2,p40
889,test,0.6931471805599453,0.71603733,0.69997823,0.70800778,0.6985041814602544,dataset_2,p40
518,test,0.6931471805599453,0.71603733,0.59278965,0.65441349,0.6048497695679745,dataset_2,p40
1211,test,0.6931471805599453,0.71603733,0.7185701,0.717303715,0.7147485486384343,dataset_2,p40
493,test,0.6931471805599453,0.71603733,0.6619917,0.689014515,0.6653140213986279,dataset_2,p40
593,test,0.6931471805599453,0.71603733,0.79008496,0.753061145,0.7772335834701181,dataset_2,p40
396,test,1.3862943611198906,1.6061119,2.5252318,2.0656718499999998,2.380446416342719,dataset_2,p40
1101,test,0.6931471805599453,0.71603733,0.6561471,0.686092215,0.6602073899296261,dataset_2,p40
316,test,0.6931471805599453,0.71603733,0.7040807,0.710059015,0.70208865300709,dataset_2,p40
500,test,0.6931471805599453,0.71603733,0.7853583,0.750697815,0.7731037352855935,dataset_2,p40
13,test,0.6931471805599453,0.71603733,0.7004343,0.708235815,0.6989026657729648,dataset_2,p40
94,test,0.6931471805599453,0.78104895,0.9090265,0.845037725,0.887522776920248,dataset_2,p40
1181,test,1.6094379124341005,0.71603733,0.95407474,0.835056035,0.9205171907559347,dataset_2,p40
1424,test,0.6931471805599453,0.71603733,0.70479786,0.710417595,0.7027152607859474,dataset_2,p40
914,test,0.6931471805599453,0.71603733,0.7152215,0.715629415,0.7118227596816025,dataset_2,p40
1192,test,0.6931471805599453,0.71603733,0.7833365,0.7496869150000001,0.7713372179013367,dataset_2,p40
793,test,0.6931471805599453,0.71603733,0.70482564,0.710431485,0.7027395331437151,dataset_2,p40
133,test,0.6931471805599453,0.71603733,0.69309056,0.7045639450000001,0.6924861832447906,dataset_2,p40
149,test,0.6931471805599453,0.71603733,0.6937027,0.704870015,0.6930210313759604,dataset_2,p40
20,test,0.6931471805599453,0.71603733,0.77913797,0.74758765,0.7676688153722417,dataset_2,p40
270,test,0.6931471805599453,0.71603733,0.7121762,0.714106765,0.7091619745444586,dataset_2,p40
300,test,0.6931471805599453,0.71603733,0.70813215,0.71208474,0.7056285465952034,dataset_2,p40
418,test,1.0986122886681098,0.78399783,0.77966845,0.78183314,0.7747868720808767,dataset_2,p40
840,test,0.6931471805599453,0.71603733,0.7026261,0.709331715,0.7008177181039641,dataset_2,p40
1321,test,1.6094379124341005,1.6061119,1.3110746,1.4585932499999998,1.319594798467223,dataset_2,p40
424,test,0.6931471805599453,0.71603733,1.0949119,0.905474615,1.0435715440497177,dataset_2,p40
1303,test,0.6931471805599453,0.71603733,0.71868277,0.71736005,0.7148469923587253,dataset_2,p40
735,test,0.6931471805599453,0.71603733,0.82920825,0.77262279,0.8114169705085611,dataset_2,p40
816,test,0.6931471805599453,0.71603733,0.70240855,0.7092229400000001,0.700627637058883,dataset_2,p40
1224,test,0.6931471805599453,0.71603733,0.70285296,0.709445145,0.7010159336217168,dataset_2,p40
1358,test,1.6094379124341005,1.6061119,1.5791872,1.59264955,1.5538541558904675,dataset_2,p40
1214,test,0.6931471805599453,0.71603733,0.7258543,0.720945815,0.7211130089858495,dataset_2,p40
1168,test,1.6094379124341005,1.4587773,2.0121505,1.7354639,1.9177226238242997,dataset_2,p40
213,test,1.0986122886681098,1.1932975,1.1919345,1.192616,1.1750759557213208,dataset_2,p40
944,test,0.6931471805599453,0.71603733,0.72059166,0.718314495,0.7165148563262959,dataset_2,p40
776,test,0.6931471805599453,0.71603733,0.69681513,0.7064262299999999,0.6957404703423677,dataset_2,p40
190,test,0.6931471805599453,0.71603733,0.69172513,0.70388123,0.6912931592899059,dataset_2,p40
1235,test,0.6931471805599453,0.71603733,0.76765215,0.74184474,0.7576332526546408,dataset_2,p40
1029,test,0.6931471805599453,0.71603733,0.85723484,0.786636085,0.8359047825851467,dataset_2,p40
1242,test,0.6931471805599453,0.71603733,0.7918445,0.753940915,0.7787709551183005,dataset_2,p40
164,test,0.6931471805599453,0.71603733,0.6755861,0.695811715,0.6771919242221228,dataset_2,p40
671,test,0.6931471805599453,0.71603733,0.85329413,0.78466573,0.8324616464088112,dataset_2,p40
668,test,1.3862943611198906,1.2166035,1.6958843,1.4562439,1.6176766020023834,dataset_2,p40
452,test,0.6931471805599453,0.71603733,0.65193415,0.68398574,0.6565263881421076,dataset_2,p40
721,test,2.772588722239781,2.817181,2.2307718,2.5239764,2.2417519054088024,dataset_2,p40
237,test,1.6094379124341005,1.2857903,1.4729812,1.37938575,1.4296930008424384,dataset_2,p40
1395,test,0.6931471805599453,0.71603733,0.70228386,0.709160595,0.7005186910441223,dataset_2,p40
1,test,0.6931471805599453,0.71603733,0.76603675,0.74103704,0.7562218211665962,dataset_2,p40
850,test,0.6931471805599453,0.71603733,0.7079371,0.711987215,0.705458124587191,dataset_2,p40
1104,test,0.6931471805599453,0.71603733,0.70659304,0.711315185,0.7042837723488469,dataset_2,p40
1241,test,0.6931471805599453,0.71603733,0.6860403,0.701038815,0.6863261244587925,dataset_2,p40
1086,test,0.6931471805599453,0.78399783,0.87775075,0.83087429,0.8604848085918572,dataset_2,p40
843,test,0.6931471805599453,0.71603733,0.703073,0.709555165,0.7012081902669003,dataset_2,p40
649,test,0.6931471805599453,0.84900934,0.69541883,0.772214085,0.7075408304711109,dataset_2,p40
616,test,0.6931471805599453,0.71603733,0.7006053,0.7083213150000001,0.699052074454688,dataset_2,p40
1159,test,0.6931471805599453,0.71603733,0.66560495,0.69082114,0.6684710443181384,dataset_2,p40
297,test,0.6931471805599453,0.71603733,0.71329975,0.71466854,0.7101436594821784,dataset_2,p40
1275,test,0.6931471805599453,0.71603733,0.7271632,0.721600265,0.7222566407022676,dataset_2,p40
98,test,0.6931471805599453,0.71603733,0.6963353,0.7061863150000001,0.6953212260865127,dataset_2,p40
