bank_id,systemic_risk_label,log_systemic_risk_label
1,6,1.9459101490553132
2,16,2.833213344056216
3,1,0.6931471805599453
4,1,0.6931471805599453
5,1,0.6931471805599453
6,2,1.0986122886681098
7,1,0.6931471805599453
8,2,1.0986122886681098
9,1,0.6931471805599453
10,5,1.791759469228055
11,1,0.6931471805599453
12,2,1.0986122886681098
13,3,1.3862943611198906
14,3,1.3862943611198906
15,1,0.6931471805599453
16,1,0.6931471805599453
17,1,0.6931471805599453
18,1,0.6931471805599453
19,3,1.3862943611198906
20,2,1.0986122886681098
21,15,2.772588722239781
22,1,0.6931471805599453
23,2,1.0986122886681098
24,4,1.6094379124341003
25,1,0.6931471805599453
26,15,2.772588722239781
27,4,1.6094379124341003
28,48,3.8918202981106265
29,2,1.0986122886681098
30,2,1.0986122886681098
31,3,1.3862943611198906
32,3,1.3862943611198906
33,3,1.3862943611198906
34,1,0.6931471805599453
35,11,2.4849066497880004
36,2,1.0986122886681098
37,1,0.6931471805599453
38,19,2.995732273553991
39,1,0.6931471805599453
40,2,1.0986122886681098
41,1,0.6931471805599453
42,5,1.791759469228055
43,124,4.8283137373023015
44,2,1.0986122886681098
45,2,1.0986122886681098
46,5,1.791759469228055
47,2,1.0986122886681098
48,2,1.0986122886681098
49,36,3.6109179126442243
50,77,4.356708826689592
51,28,3.367295829986474
52,2,1.0986122886681098
53,4,1.6094379124341003
54,9,2.302585092994046
55,1,0.6931471805599453
56,1,0.6931471805599453
57,2,1.0986122886681098
58,4,1.6094379124341003
59,1,0.6931471805599453
60,2,1.0986122886681098
61,1,0.6931471805599453
62,8,2.1972245773362196
63,6,1.9459101490553132
64,1,0.6931471805599453
65,3,1.3862943611198906
66,1,0.6931471805599453
67,7,2.0794415416798357
68,1,0.6931471805599453
69,12,2.5649493574615367
70,1,0.6931471805599453
71,153,5.0369526024136295
72,126,4.844187086458591
73,1,0.6931471805599453
74,1,0.6931471805599453
75,8,2.1972245773362196
76,2,1.0986122886681098
77,1,0.6931471805599453
78,2,1.0986122886681098
79,1,0.6931471805599453
80,2,1.0986122886681098
81,7,2.0794415416798357
82,9,2.302585092994046
83,1,0.6931471805599453
84,5,1.791759469228055
85,1,0.6931471805599453
86,1,0.6931471805599453
87,54,4.007333185232471
88,3,1.3862943611198906
89,3,1.3862943611198906
90,1,0.6931471805599453
91,8,2.1972245773362196
92,1,0.6931471805599453
93,9,2.302585092994046
94,2,1.0986122886681098
95,5,1.791759469228055
96,2,1.0986122886681098
97,8,2.1972245773362196
98,1,0.6931471805599453
99,3,1.3862943611198906
100,1,0.6931471805599453
101,1,0.6931471805599453
102,1,0.6931471805599453
103,2,1.0986122886681098
104,1,0.6931471805599453
105,42,3.7612001156935624
106,1,0.6931471805599453
107,163,5.099866427824199
108,4,1.6094379124341003
109,1,0.6931471805599453
110,2,1.0986122886681098
111,1,0.6931471805599453
112,1,0.6931471805599453
113,2,1.0986122886681098
114,5,1.791759469228055
115,8,2.1972245773362196
116,1,0.6931471805599453
117,3,1.3862943611198906
118,1,0.6931471805599453
119,2,1.0986122886681098
120,39,3.6888794541139363
121,7,2.0794415416798357
122,1,0.6931471805599453
123,2,1.0986122886681098
124,7,2.0794415416798357
125,1,0.6931471805599453
126,1,0.6931471805599453
127,1,0.6931471805599453
128,1,0.6931471805599453
129,2,1.0986122886681098
130,4,1.6094379124341003
131,6,1.9459101490553132
132,1,0.6931471805599453
133,1,0.6931471805599453
134,2,1.0986122886681098
135,1,0.6931471805599453
136,2,1.0986122886681098
137,1,0.6931471805599453
138,2,1.0986122886681098
139,3,1.3862943611198906
140,1,0.6931471805599453
141,1,0.6931471805599453
142,7,2.0794415416798357
143,1,0.6931471805599453
144,9,2.302585092994046
145,2,1.0986122886681098
146,6,1.9459101490553132
147,1,0.6931471805599453
148,4,1.6094379124341003
149,63,4.1588830833596715
150,1,0.6931471805599453
151,1,0.6931471805599453
152,45,3.828641396489095
153,4,1.6094379124341003
154,2,1.0986122886681098
155,3,1.3862943611198906
156,3,1.3862943611198906
157,2,1.0986122886681098
158,1,0.6931471805599453
159,2,1.0986122886681098
160,1,0.6931471805599453
161,1,0.6931471805599453
162,3,1.3862943611198906
163,14,2.70805020110221
164,1,0.6931471805599453
165,2,1.0986122886681098
166,1,0.6931471805599453
167,11,2.4849066497880004
168,1,0.6931471805599453
169,1,0.6931471805599453
170,1,0.6931471805599453
171,9,2.302585092994046
172,1,0.6931471805599453
173,3,1.3862943611198906
174,64,4.174387269895637
175,1,0.6931471805599453
176,2,1.0986122886681098
177,2,1.0986122886681098
178,1,0.6931471805599453
179,8,2.1972245773362196
180,7,2.0794415416798357
181,3,1.3862943611198906
182,3,1.3862943611198906
183,11,2.4849066497880004
184,3,1.3862943611198906
185,1,0.6931471805599453
186,5,1.791759469228055
187,52,3.970291913552122
188,7,2.0794415416798357
189,2,1.0986122886681098
190,4,1.6094379124341003
191,3,1.3862943611198906
192,1,0.6931471805599453
193,1,0.6931471805599453
194,1,0.6931471805599453
195,1,0.6931471805599453
196,1,0.6931471805599453
197,5,1.791759469228055
198,69,4.248495242049359
199,10,2.3978952727983707
200,1,0.6931471805599453
201,2,1.0986122886681098
202,1,0.6931471805599453
203,4,1.6094379124341003
204,4,1.6094379124341003
205,1,0.6931471805599453
206,1,0.6931471805599453
207,4,1.6094379124341003
208,1,0.6931471805599453
209,30,3.4339872044851463
210,7,2.0794415416798357
211,6,1.9459101490553132
212,1,0.6931471805599453
213,2,1.0986122886681098
214,3,1.3862943611198906
215,3,1.3862943611198906
216,30,3.4339872044851463
217,1,0.6931471805599453
218,2,1.0986122886681098
219,9,2.302585092994046
220,6,1.9459101490553132
221,9,2.302585092994046
222,2,1.0986122886681098
223,4,1.6094379124341003
224,2,1.0986122886681098
225,1,0.6931471805599453
226,6,1.9459101490553132
227,17,2.8903717578961645
228,1,0.6931471805599453
229,6,1.9459101490553132
230,2,1.0986122886681098
231,3,1.3862943611198906
232,49,3.912023005428146
233,1,0.6931471805599453
234,6,1.9459101490553132
235,1,0.6931471805599453
236,2,1.0986122886681098
237,2,1.0986122886681098
238,2,1.0986122886681098
239,4,1.6094379124341003
240,2,1.0986122886681098
241,3,1.3862943611198906
242,3,1.3862943611198906
243,2,1.0986122886681098
244,1,0.6931471805599453
245,2,1.0986122886681098
246,7,2.0794415416798357
247,5,1.791759469228055
248,14,2.70805020110221
249,2,1.0986122886681098
250,53,3.9889840465642745
251,2,1.0986122886681098
252,11,2.4849066497880004
253,2,1.0986122886681098
254,1,0.6931471805599453
255,2,1.0986122886681098
256,5,1.791759469228055
257,3,1.3862943611198906
258,1,0.6931471805599453
259,1,0.6931471805599453
260,2,1.0986122886681098
261,2,1.0986122886681098
262,80,4.394449154672439
263,1,0.6931471805599453
264,1,0.6931471805599453
265,5,1.791759469228055
266,9,2.302585092994046
267,1,0.6931471805599453
268,1,0.6931471805599453
269,1,0.6931471805599453
270,1,0.6931471805599453
271,35,3.58351893845611
272,2,1.0986122886681098
273,2,1.0986122886681098
274,2,1.0986122886681098
275,29,3.4011973816621555
276,2,1.0986122886681098
277,4,1.6094379124341003
278,150,5.017279836814924
279,2,1.0986122886681098
280,1,0.6931471805599453
281,1,0.6931471805599453
282,16,2.833213344056216
283,2,1.0986122886681098
284,2,1.0986122886681098
285,6,1.9459101490553132
286,58,4.07753744390572
287,2,1.0986122886681098
288,1,0.6931471805599453
289,1,0.6931471805599453
290,1,0.6931471805599453
291,1,0.6931471805599453
292,4,1.6094379124341003
293,1,0.6931471805599453
294,3,1.3862943611198906
295,2,1.0986122886681098
296,7,2.0794415416798357
297,7,2.0794415416798357
298,1,0.6931471805599453
299,3,1.3862943611198906
300,2,1.0986122886681098
301,34,3.5553480614894135
302,2,1.0986122886681098
303,12,2.5649493574615367
304,2,1.0986122886681098
305,11,2.4849066497880004
306,6,1.9459101490553132
307,1,0.6931471805599453
308,1,0.6931471805599453
309,1,0.6931471805599453
310,1,0.6931471805599453
311,2,1.0986122886681098
312,1,0.6931471805599453
313,1,0.6931471805599453
314,1,0.6931471805599453
315,21,3.091042453358316
316,3,1.3862943611198906
317,1,0.6931471805599453
318,2,1.0986122886681098
319,1,0.6931471805599453
320,1,0.6931471805599453
321,10,2.3978952727983707
322,125,4.836281906951478
323,5,1.791759469228055
324,1,0.6931471805599453
325,2,1.0986122886681098
326,1,0.6931471805599453
327,79,4.382026634673881
328,1,0.6931471805599453
329,1,0.6931471805599453
330,7,2.0794415416798357
331,14,2.70805020110221
332,1,0.6931471805599453
333,1,0.6931471805599453
334,7,2.0794415416798357
335,65,4.189654742026425
336,68,4.23410650459726
337,1,0.6931471805599453
338,15,2.772588722239781
339,3,1.3862943611198906
340,1,0.6931471805599453
341,9,2.302585092994046
342,2,1.0986122886681098
343,6,1.9459101490553132
344,1,0.6931471805599453
345,10,2.3978952727983707
346,1,0.6931471805599453
347,1,0.6931471805599453
348,2,1.0986122886681098
349,12,2.5649493574615367
350,2,1.0986122886681098
351,1,0.6931471805599453
352,1,0.6931471805599453
353,2,1.0986122886681098
354,6,1.9459101490553132
355,1,0.6931471805599453
356,2,1.0986122886681098
357,2,1.0986122886681098
358,1,0.6931471805599453
359,4,1.6094379124341003
360,1,0.6931471805599453
361,3,1.3862943611198906
362,3,1.3862943611198906
363,1,0.6931471805599453
364,2,1.0986122886681098
365,48,3.8918202981106265
366,43,3.784189633918261
367,2,1.0986122886681098
368,1,0.6931471805599453
369,1,0.6931471805599453
370,2,1.0986122886681098
371,1,0.6931471805599453
372,3,1.3862943611198906
373,1,0.6931471805599453
374,10,2.3978952727983707
375,2,1.0986122886681098
376,1,0.6931471805599453
377,11,2.4849066497880004
378,10,2.3978952727983707
379,15,2.772588722239781
380,18,2.9444389791664403
381,6,1.9459101490553132
382,1,0.6931471805599453
383,2,1.0986122886681098
384,1,0.6931471805599453
385,1,0.6931471805599453
386,1,0.6931471805599453
387,1,0.6931471805599453
388,1,0.6931471805599453
389,11,2.4849066497880004
390,1,0.6931471805599453
391,12,2.5649493574615367
392,2,1.0986122886681098
393,1,0.6931471805599453
394,7,2.0794415416798357
395,1,0.6931471805599453
396,2,1.0986122886681098
397,1,0.6931471805599453
398,2,1.0986122886681098
399,31,3.4657359027997265
400,4,1.6094379124341003
401,22,3.1354942159291497
402,1,0.6931471805599453
403,1,0.6931471805599453
404,1,0.6931471805599453
405,17,2.8903717578961645
406,15,2.772588722239781
407,2,1.0986122886681098
408,1,0.6931471805599453
409,11,2.4849066497880004
410,5,1.791759469228055
411,1,0.6931471805599453
412,74,4.31748811353631
413,1,0.6931471805599453
414,8,2.1972245773362196
415,6,1.9459101490553132
416,1,0.6931471805599453
417,2,1.0986122886681098
418,2,1.0986122886681098
419,3,1.3862943611198906
420,3,1.3862943611198906
421,32,3.4965075614664802
422,20,3.044522437723423
423,1,0.6931471805599453
424,1,0.6931471805599453
425,10,2.3978952727983707
426,2,1.0986122886681098
427,1,0.6931471805599453
428,1,0.6931471805599453
429,1,0.6931471805599453
430,3,1.3862943611198906
431,1,0.6931471805599453
432,8,2.1972245773362196
433,1,0.6931471805599453
434,1,0.6931471805599453
435,2,1.0986122886681098
436,12,2.5649493574615367
437,155,5.049856007249537
438,7,2.0794415416798357
439,2,1.0986122886681098
440,9,2.302585092994046
441,1,0.6931471805599453
442,1,0.6931471805599453
443,1,0.6931471805599453
444,26,3.295836866004329
445,14,2.70805020110221
446,1,0.6931471805599453
447,1,0.6931471805599453
448,2,1.0986122886681098
449,2,1.0986122886681098
450,1,0.6931471805599453
451,1,0.6931471805599453
452,2,1.0986122886681098
453,2,1.0986122886681098
454,12,2.5649493574615367
455,2,1.0986122886681098
456,3,1.3862943611198906
457,1,0.6931471805599453
458,4,1.6094379124341003
459,2,1.0986122886681098
460,1,0.6931471805599453
461,1,0.6931471805599453
462,2,1.0986122886681098
463,2,1.0986122886681098
464,21,3.091042453358316
465,1,0.6931471805599453
466,1,0.6931471805599453
467,16,2.833213344056216
468,1,0.6931471805599453
469,1,0.6931471805599453
470,28,3.367295829986474
471,7,2.0794415416798357
472,1,0.6931471805599453
473,1,0.6931471805599453
474,149,5.0106352940962555
475,55,4.02535169073515
476,1,0.6931471805599453
477,3,1.3862943611198906
478,2,1.0986122886681098
479,2,1.0986122886681098
480,42,3.7612001156935624
481,1,0.6931471805599453
482,23,3.1780538303479458
483,1,0.6931471805599453
484,3,1.3862943611198906
485,71,4.276666119016055
486,3,1.3862943611198906
487,4,1.6094379124341003
488,4,1.6094379124341003
489,2,1.0986122886681098
490,1,0.6931471805599453
491,2,1.0986122886681098
492,2,1.0986122886681098
493,8,2.1972245773362196
494,1,0.6931471805599453
495,1,0.6931471805599453
496,9,2.302585092994046
497,1,0.6931471805599453
498,1,0.6931471805599453
499,1,0.6931471805599453
500,2,1.0986122886681098
501,68,4.23410650459726
502,2,1.0986122886681098
503,30,3.4339872044851463
504,1,0.6931471805599453
505,5,1.791759469228055
506,21,3.091042453358316
507,2,1.0986122886681098
508,3,1.3862943611198906
509,1,0.6931471805599453
510,1,0.6931471805599453
511,3,1.3862943611198906
512,3,1.3862943611198906
513,92,4.532599493153256
514,1,0.6931471805599453
515,63,4.1588830833596715
516,1,0.6931471805599453
517,1,0.6931471805599453
518,1,0.6931471805599453
519,1,0.6931471805599453
520,7,2.0794415416798357
521,4,1.6094379124341003
522,3,1.3862943611198906
523,8,2.1972245773362196
524,1,0.6931471805599453
525,2,1.0986122886681098
526,10,2.3978952727983707
527,4,1.6094379124341003
528,1,0.6931471805599453
529,1,0.6931471805599453
530,126,4.844187086458591
531,1,0.6931471805599453
532,3,1.3862943611198906
533,1,0.6931471805599453
534,1,0.6931471805599453
535,2,1.0986122886681098
536,2,1.0986122886681098
537,151,5.0238805208462765
538,13,2.6390573296152584
539,1,0.6931471805599453
540,9,2.302585092994046
541,50,3.9318256327243257
542,33,3.5263605246161616
543,3,1.3862943611198906
544,20,3.044522437723423
545,16,2.833213344056216
546,1,0.6931471805599453
547,1,0.6931471805599453
548,1,0.6931471805599453
549,2,1.0986122886681098
550,1,0.6931471805599453
551,2,1.0986122886681098
552,4,1.6094379124341003
553,2,1.0986122886681098
554,6,1.9459101490553132
555,19,2.995732273553991
556,1,0.6931471805599453
557,3,1.3862943611198906
558,1,0.6931471805599453
559,2,1.0986122886681098
560,24,3.2188758248682006
561,2,1.0986122886681098
562,12,2.5649493574615367
563,1,0.6931471805599453
564,154,5.043425116919247
565,1,0.6931471805599453
566,22,3.1354942159291497
567,4,1.6094379124341003
568,1,0.6931471805599453
569,1,0.6931471805599453
570,2,1.0986122886681098
571,1,0.6931471805599453
572,32,3.4965075614664802
573,1,0.6931471805599453
574,1,0.6931471805599453
575,2,1.0986122886681098
576,1,0.6931471805599453
577,17,2.8903717578961645
578,1,0.6931471805599453
579,4,1.6094379124341003
580,2,1.0986122886681098
581,1,0.6931471805599453
582,1,0.6931471805599453
583,5,1.791759469228055
584,4,1.6094379124341003
585,2,1.0986122886681098
586,1,0.6931471805599453
587,10,2.3978952727983707
588,7,2.0794415416798357
589,3,1.3862943611198906
590,3,1.3862943611198906
591,1,0.6931471805599453
592,1,0.6931471805599453
593,39,3.6888794541139363
594,2,1.0986122886681098
595,2,1.0986122886681098
596,3,1.3862943611198906
597,22,3.1354942159291497
598,40,3.713572066704308
599,5,1.791759469228055
600,1,0.6931471805599453
601,1,0.6931471805599453
602,1,0.6931471805599453
603,6,1.9459101490553132
604,11,2.4849066497880004
605,1,0.6931471805599453
606,26,3.295836866004329
607,5,1.791759469228055
608,8,2.1972245773362196
609,1,0.6931471805599453
610,1,0.6931471805599453
611,5,1.791759469228055
612,1,0.6931471805599453
613,12,2.5649493574615367
614,4,1.6094379124341003
615,1,0.6931471805599453
616,1,0.6931471805599453
617,1,0.6931471805599453
618,3,1.3862943611198906
619,12,2.5649493574615367
620,24,3.2188758248682006
621,8,2.1972245773362196
622,1,0.6931471805599453
623,2,1.0986122886681098
624,1,0.6931471805599453
625,3,1.3862943611198906
626,1,0.6931471805599453
627,138,4.9344739331306915
628,3,1.3862943611198906
629,1,0.6931471805599453
630,3,1.3862943611198906
631,3,1.3862943611198906
632,1,0.6931471805599453
633,7,2.0794415416798357
634,4,1.6094379124341003
635,34,3.5553480614894135
636,6,1.9459101490553132
637,1,0.6931471805599453
638,14,2.70805020110221
639,1,0.6931471805599453
640,1,0.6931471805599453
641,3,1.3862943611198906
642,69,4.248495242049359
643,1,0.6931471805599453
644,4,1.6094379124341003
645,1,0.6931471805599453
646,1,0.6931471805599453
647,9,2.302585092994046
648,21,3.091042453358316
649,4,1.6094379124341003
650,4,1.6094379124341003
651,7,2.0794415416798357
652,6,1.9459101490553132
653,3,1.3862943611198906
654,2,1.0986122886681098
655,5,1.791759469228055
656,12,2.5649493574615367
657,5,1.791759469228055
658,30,3.4339872044851463
659,1,0.6931471805599453
660,5,1.791759469228055
661,1,0.6931471805599453
662,1,0.6931471805599453
663,314,5.752572638825633
664,1,0.6931471805599453
665,2,1.0986122886681098
666,1,0.6931471805599453
667,1,0.6931471805599453
668,2,1.0986122886681098
669,13,2.6390573296152584
670,1,0.6931471805599453
671,1,0.6931471805599453
672,33,3.5263605246161616
673,5,1.791759469228055
674,1,0.6931471805599453
675,3,1.3862943611198906
676,1,0.6931471805599453
677,1,0.6931471805599453
678,8,2.1972245773362196
679,6,1.9459101490553132
680,5,1.791759469228055
681,1,0.6931471805599453
682,3,1.3862943611198906
683,34,3.5553480614894135
684,1,0.6931471805599453
685,3,1.3862943611198906
686,1,0.6931471805599453
687,2,1.0986122886681098
688,1,0.6931471805599453
689,8,2.1972245773362196
690,7,2.0794415416798357
691,2,1.0986122886681098
692,1,0.6931471805599453
693,1,0.6931471805599453
694,1,0.6931471805599453
695,8,2.1972245773362196
696,2,1.0986122886681098
697,3,1.3862943611198906
698,3,1.3862943611198906
699,1,0.6931471805599453
700,3,1.3862943611198906
701,3,1.3862943611198906
702,5,1.791759469228055
703,2,1.0986122886681098
704,1,0.6931471805599453
705,6,1.9459101490553132
706,1,0.6931471805599453
707,1,0.6931471805599453
708,12,2.5649493574615367
709,1,0.6931471805599453
710,19,2.995732273553991
711,10,2.3978952727983707
712,1,0.6931471805599453
713,1,0.6931471805599453
714,19,2.995732273553991
715,1,0.6931471805599453
716,11,2.4849066497880004
717,1,0.6931471805599453
718,35,3.58351893845611
719,20,3.044522437723423
720,73,4.30406509320417
721,1,0.6931471805599453
722,5,1.791759469228055
723,2,1.0986122886681098
724,2,1.0986122886681098
725,4,1.6094379124341003
726,21,3.091042453358316
727,4,1.6094379124341003
728,1,0.6931471805599453
729,1,0.6931471805599453
730,2,1.0986122886681098
731,1,0.6931471805599453
732,25,3.258096538021482
733,5,1.791759469228055
734,5,1.791759469228055
735,37,3.6375861597263857
736,1,0.6931471805599453
737,1,0.6931471805599453
738,2,1.0986122886681098
739,4,1.6094379124341003
740,3,1.3862943611198906
741,2,1.0986122886681098
742,1,0.6931471805599453
743,5,1.791759469228055
744,2,1.0986122886681098
745,1,0.6931471805599453
746,2,1.0986122886681098
747,1,0.6931471805599453
748,1,0.6931471805599453
749,8,2.1972245773362196
750,1,0.6931471805599453
751,14,2.70805020110221
752,6,1.9459101490553132
753,1,0.6931471805599453
754,1,0.6931471805599453
755,132,4.890349128221754
756,1,0.6931471805599453
757,2,1.0986122886681098
758,3,1.3862943611198906
759,1,0.6931471805599453
760,1,0.6931471805599453
761,1,0.6931471805599453
762,1,0.6931471805599453
763,8,2.1972245773362196
764,4,1.6094379124341003
765,4,1.6094379124341003
766,80,4.394449154672439
767,1,0.6931471805599453
768,2,1.0986122886681098
769,1,0.6931471805599453
770,5,1.791759469228055
771,1,0.6931471805599453
772,1,0.6931471805599453
773,3,1.3862943611198906
774,62,4.143134726391533
775,5,1.791759469228055
776,1,0.6931471805599453
777,4,1.6094379124341003
778,5,1.791759469228055
779,9,2.302585092994046
780,2,1.0986122886681098
781,1,0.6931471805599453
782,18,2.9444389791664403
783,7,2.0794415416798357
784,1,0.6931471805599453
785,137,4.927253685157205
786,1,0.6931471805599453
787,1,0.6931471805599453
788,1,0.6931471805599453
789,3,1.3862943611198906
790,31,3.4657359027997265
791,2,1.0986122886681098
792,1,0.6931471805599453
793,1,0.6931471805599453
794,7,2.0794415416798357
795,9,2.302585092994046
796,4,1.6094379124341003
797,1,0.6931471805599453
798,6,1.9459101490553132
799,53,3.9889840465642745
800,1,0.6931471805599453
801,17,2.8903717578961645
802,2,1.0986122886681098
803,1,0.6931471805599453
804,20,3.044522437723423
805,12,2.5649493574615367
806,5,1.791759469228055
807,16,2.833213344056216
808,1,0.6931471805599453
809,1,0.6931471805599453
810,15,2.772588722239781
811,1,0.6931471805599453
812,1,0.6931471805599453
813,5,1.791759469228055
814,2,1.0986122886681098
815,1,0.6931471805599453
816,4,1.6094379124341003
817,3,1.3862943611198906
818,1,0.6931471805599453
819,2,1.0986122886681098
820,1,0.6931471805599453
821,1,0.6931471805599453
822,1,0.6931471805599453
823,1,0.6931471805599453
824,2,1.0986122886681098
825,1,0.6931471805599453
826,6,1.9459101490553132
827,6,1.9459101490553132
828,8,2.1972245773362196
829,1,0.6931471805599453
830,4,1.6094379124341003
831,2,1.0986122886681098
832,1,0.6931471805599453
833,1,0.6931471805599453
834,2,1.0986122886681098
835,2,1.0986122886681098
836,2,1.0986122886681098
837,1,0.6931471805599453
838,2,1.0986122886681098
839,45,3.828641396489095
840,4,1.6094379124341003
841,82,4.418840607796598
842,44,3.8066624897703196
843,4,1.6094379124341003
844,1,0.6931471805599453
845,3,1.3862943611198906
846,41,3.7376696182833684
847,103,4.6443908991413725
848,1,0.6931471805599453
849,2,1.0986122886681098
850,1,0.6931471805599453
851,1,0.6931471805599453
852,5,1.791759469228055
853,8,2.1972245773362196
854,4,1.6094379124341003
855,3,1.3862943611198906
856,1,0.6931471805599453
857,2,1.0986122886681098
858,2,1.0986122886681098
859,97,4.584967478670572
860,1,0.6931471805599453
861,2,1.0986122886681098
862,20,3.044522437723423
863,8,2.1972245773362196
864,1,0.6931471805599453
865,12,2.5649493574615367
866,2,1.0986122886681098
867,2,1.0986122886681098
868,6,1.9459101490553132
869,1,0.6931471805599453
870,1,0.6931471805599453
871,1,0.6931471805599453
872,45,3.828641396489095
873,1,0.6931471805599453
874,1,0.6931471805599453
875,52,3.970291913552122
876,4,1.6094379124341003
877,2,1.0986122886681098
878,1,0.6931471805599453
879,16,2.833213344056216
880,4,1.6094379124341003
881,2,1.0986122886681098
882,10,2.3978952727983707
883,1,0.6931471805599453
884,334,5.814130531825066
885,3,1.3862943611198906
886,4,1.6094379124341003
887,4,1.6094379124341003
888,1,0.6931471805599453
889,1,0.6931471805599453
890,1,0.6931471805599453
891,2,1.0986122886681098
892,18,2.9444389791664403
893,2,1.0986122886681098
894,1,0.6931471805599453
895,1,0.6931471805599453
896,1,0.6931471805599453
897,3,1.3862943611198906
898,12,2.5649493574615367
899,4,1.6094379124341003
900,4,1.6094379124341003
901,3,1.3862943611198906
902,7,2.0794415416798357
903,2,1.0986122886681098
904,11,2.4849066497880004
905,2,1.0986122886681098
906,2,1.0986122886681098
907,11,2.4849066497880004
908,7,2.0794415416798357
909,1,0.6931471805599453
910,1,0.6931471805599453
911,3,1.3862943611198906
912,2,1.0986122886681098
913,9,2.302585092994046
914,3,1.3862943611198906
915,3,1.3862943611198906
916,9,2.302585092994046
917,1,0.6931471805599453
918,1,0.6931471805599453
919,78,4.3694478524670215
920,1,0.6931471805599453
921,1,0.6931471805599453
922,2,1.0986122886681098
923,1,0.6931471805599453
924,52,3.970291913552122
925,1,0.6931471805599453
926,93,4.543294782270004
927,2,1.0986122886681098
928,1,0.6931471805599453
929,2,1.0986122886681098
930,1,0.6931471805599453
931,1,0.6931471805599453
932,2,1.0986122886681098
933,4,1.6094379124341003
934,2,1.0986122886681098
935,4,1.6094379124341003
936,1,0.6931471805599453
937,3,1.3862943611198906
938,1,0.6931471805599453
939,61,4.127134385045092
940,5,1.791759469228055
941,1,0.6931471805599453
942,6,1.9459101490553132
943,1,0.6931471805599453
944,1,0.6931471805599453
945,8,2.1972245773362196
946,3,1.3862943611198906
947,2,1.0986122886681098
948,3,1.3862943611198906
949,3,1.3862943611198906
950,1,0.6931471805599453
951,1,0.6931471805599453
952,2,1.0986122886681098
953,3,1.3862943611198906
954,7,2.0794415416798357
955,1,0.6931471805599453
956,1,0.6931471805599453
957,4,1.6094379124341003
958,1,0.6931471805599453
959,4,1.6094379124341003
960,2,1.0986122886681098
961,3,1.3862943611198906
962,1,0.6931471805599453
963,7,2.0794415416798357
964,1,0.6931471805599453
965,17,2.8903717578961645
966,73,4.30406509320417
967,1,0.6931471805599453
968,1,0.6931471805599453
969,2,1.0986122886681098
970,1,0.6931471805599453
971,1,0.6931471805599453
972,1,0.6931471805599453
973,1,0.6931471805599453
974,1,0.6931471805599453
975,1,0.6931471805599453
976,6,1.9459101490553132
977,2,1.0986122886681098
978,131,4.882801922586371
979,5,1.791759469228055
980,1,0.6931471805599453
981,36,3.6109179126442243
982,16,2.833213344056216
983,11,2.4849066497880004
984,4,1.6094379124341003
985,2,1.0986122886681098
986,3,1.3862943611198906
987,8,2.1972245773362196
988,1,0.6931471805599453
989,4,1.6094379124341003
990,8,2.1972245773362196
991,5,1.791759469228055
992,1,0.6931471805599453
993,7,2.0794415416798357
994,1,0.6931471805599453
995,2,1.0986122886681098
996,1,0.6931471805599453
997,37,3.6375861597263857
998,1,0.6931471805599453
999,1,0.6931471805599453
1000,39,3.6888794541139363
1001,2,1.0986122886681098
1002,1,0.6931471805599453
1003,1,0.6931471805599453
1004,35,3.58351893845611
1005,4,1.6094379124341003
1006,1,0.6931471805599453
1007,31,3.4657359027997265
1008,2,1.0986122886681098
1009,1,0.6931471805599453
1010,1,0.6931471805599453
1011,34,3.5553480614894135
1012,23,3.1780538303479458
1013,1,0.6931471805599453
1014,1,0.6931471805599453
1015,5,1.791759469228055
1016,1,0.6931471805599453
1017,1,0.6931471805599453
1018,1,0.6931471805599453
1019,2,1.0986122886681098
1020,1,0.6931471805599453
1021,1,0.6931471805599453
1022,1,0.6931471805599453
1023,1,0.6931471805599453
1024,1,0.6931471805599453
1025,7,2.0794415416798357
1026,4,1.6094379124341003
1027,1,0.6931471805599453
1028,3,1.3862943611198906
1029,4,1.6094379124341003
1030,1,0.6931471805599453
1031,1,0.6931471805599453
1032,1,0.6931471805599453
1033,11,2.4849066497880004
1034,2,1.0986122886681098
1035,64,4.174387269895637
1036,1,0.6931471805599453
1037,21,3.091042453358316
1038,1,0.6931471805599453
1039,11,2.4849066497880004
1040,1,0.6931471805599453
1041,1,0.6931471805599453
1042,1,0.6931471805599453
1043,1,0.6931471805599453
1044,1,0.6931471805599453
1045,1,0.6931471805599453
1046,1,0.6931471805599453
1047,10,2.3978952727983707
1048,1,0.6931471805599453
1049,4,1.6094379124341003
1050,1,0.6931471805599453
1051,4,1.6094379124341003
1052,4,1.6094379124341003
1053,1,0.6931471805599453
1054,6,1.9459101490553132
1055,21,3.091042453358316
1056,1,0.6931471805599453
1057,1,0.6931471805599453
1058,2,1.0986122886681098
1059,15,2.772588722239781
1060,1,0.6931471805599453
1061,4,1.6094379124341003
1062,3,1.3862943611198906
1063,4,1.6094379124341003
1064,1,0.6931471805599453
1065,4,1.6094379124341003
1066,1,0.6931471805599453
1067,2,1.0986122886681098
1068,1,0.6931471805599453
1069,14,2.70805020110221
1070,4,1.6094379124341003
1071,3,1.3862943611198906
1072,9,2.302585092994046
1073,18,2.9444389791664403
1074,111,4.718498871295094
1075,1,0.6931471805599453
1076,1,0.6931471805599453
1077,1,0.6931471805599453
1078,1,0.6931471805599453
1079,1,0.6931471805599453
1080,2,1.0986122886681098
1081,6,1.9459101490553132
1082,1,0.6931471805599453
1083,3,1.3862943611198906
1084,9,2.302585092994046
1085,120,4.795790545596741
1086,2,1.0986122886681098
1087,3,1.3862943611198906
1088,7,2.0794415416798357
1089,5,1.791759469228055
1090,3,1.3862943611198906
1091,1,0.6931471805599453
1092,4,1.6094379124341003
1093,1,0.6931471805599453
1094,2,1.0986122886681098
1095,1,0.6931471805599453
1096,41,3.7376696182833684
1097,2,1.0986122886681098
1098,26,3.295836866004329
1099,1,0.6931471805599453
1100,9,2.302585092994046
1101,110,4.709530201312334
1102,1,0.6931471805599453
1103,1,0.6931471805599453
1104,1,0.6931471805599453
1105,2,1.0986122886681098
1106,2,1.0986122886681098
1107,3,1.3862943611198906
1108,2,1.0986122886681098
1109,15,2.772588722239781
1110,1,0.6931471805599453
1111,4,1.6094379124341003
1112,1,0.6931471805599453
1113,1,0.6931471805599453
1114,1,0.6931471805599453
1115,2,1.0986122886681098
1116,4,1.6094379124341003
1117,34,3.5553480614894135
1118,59,4.0943445622221
1119,2,1.0986122886681098
1120,68,4.23410650459726
1121,2,1.0986122886681098
1122,2,1.0986122886681098
1123,2,1.0986122886681098
1124,1,0.6931471805599453
1125,4,1.6094379124341003
1126,1,0.6931471805599453
1127,2,1.0986122886681098
1128,2,1.0986122886681098
1129,1,0.6931471805599453
1130,2,1.0986122886681098
1131,1,0.6931471805599453
1132,1,0.6931471805599453
1133,1,0.6931471805599453
1134,5,1.791759469228055
1135,3,1.3862943611198906
1136,5,1.791759469228055
1137,7,2.0794415416798357
1138,124,4.8283137373023015
1139,1,0.6931471805599453
1140,2,1.0986122886681098
1141,1,0.6931471805599453
1142,1,0.6931471805599453
1143,4,1.6094379124341003
1144,1,0.6931471805599453
1145,1,0.6931471805599453
1146,1,0.6931471805599453
1147,4,1.6094379124341003
1148,1,0.6931471805599453
1149,2,1.0986122886681098
1150,21,3.091042453358316
1151,1,0.6931471805599453
1152,1,0.6931471805599453
1153,5,1.791759469228055
1154,3,1.3862943611198906
1155,12,2.5649493574615367
1156,1,0.6931471805599453
1157,10,2.3978952727983707
1158,1,0.6931471805599453
1159,1,0.6931471805599453
1160,36,3.6109179126442243
1161,2,1.0986122886681098
1162,30,3.4339872044851463
1163,1,0.6931471805599453
1164,3,1.3862943611198906
1165,1,0.6931471805599453
1166,3,1.3862943611198906
1167,7,2.0794415416798357
1168,5,1.791759469228055
1169,6,1.9459101490553132
1170,1,0.6931471805599453
1171,1,0.6931471805599453
1172,1,0.6931471805599453
1173,2,1.0986122886681098
1174,3,1.3862943611198906
1175,1,0.6931471805599453
1176,1,0.6931471805599453
1177,1,0.6931471805599453
1178,1,0.6931471805599453
1179,1,0.6931471805599453
1180,1,0.6931471805599453
1181,3,1.3862943611198906
1182,12,2.5649493574615367
1183,1,0.6931471805599453
1184,22,3.1354942159291497
1185,1,0.6931471805599453
1186,1,0.6931471805599453
1187,10,2.3978952727983707
1188,18,2.9444389791664403
1189,1,0.6931471805599453
1190,66,4.204692619390966
1191,1,0.6931471805599453
1192,1,0.6931471805599453
1193,1,0.6931471805599453
1194,3,1.3862943611198906
1195,14,2.70805020110221
1196,1,0.6931471805599453
1197,1,0.6931471805599453
1198,2,1.0986122886681098
1199,3,1.3862943611198906
1200,1,0.6931471805599453
1201,1,0.6931471805599453
1202,55,4.02535169073515
1203,16,2.833213344056216
1204,1,0.6931471805599453
1205,2,1.0986122886681098
1206,1,0.6931471805599453
1207,1,0.6931471805599453
1208,4,1.6094379124341003
1209,1,0.6931471805599453
1210,1,0.6931471805599453
1211,4,1.6094379124341003
1212,2,1.0986122886681098
1213,35,3.58351893845611
1214,6,1.9459101490553132
1215,1,0.6931471805599453
1216,1,0.6931471805599453
1217,5,1.791759469228055
1218,9,2.302585092994046
1219,1,0.6931471805599453
1220,1,0.6931471805599453
1221,1,0.6931471805599453
1222,27,3.332204510175204
1223,1,0.6931471805599453
1224,1,0.6931471805599453
1225,2,1.0986122886681098
1226,8,2.1972245773362196
1227,3,1.3862943611198906
1228,8,2.1972245773362196
1229,1,0.6931471805599453
1230,1,0.6931471805599453
1231,2,1.0986122886681098
1232,1,0.6931471805599453
1233,1,0.6931471805599453
1234,7,2.0794415416798357
1235,2,1.0986122886681098
1236,2,1.0986122886681098
1237,1,0.6931471805599453
1238,2,1.0986122886681098
1239,1,0.6931471805599453
1240,1,0.6931471805599453
1241,6,1.9459101490553132
1242,2,1.0986122886681098
1243,1,0.6931471805599453
1244,1,0.6931471805599453
1245,7,2.0794415416798357
1246,9,2.302585092994046
1247,2,1.0986122886681098
1248,2,1.0986122886681098
1249,4,1.6094379124341003
1250,19,2.995732273553991
1251,3,1.3862943611198906
1252,8,2.1972245773362196
1253,2,1.0986122886681098
1254,4,1.6094379124341003
1255,4,1.6094379124341003
1256,2,1.0986122886681098
1257,1,0.6931471805599453
1258,1,0.6931471805599453
1259,2,1.0986122886681098
1260,1,0.6931471805599453
1261,1,0.6931471805599453
1262,5,1.791759469228055
1263,1,0.6931471805599453
1264,3,1.3862943611198906
1265,2,1.0986122886681098
1266,1,0.6931471805599453
1267,16,2.833213344056216
1268,45,3.828641396489095
1269,4,1.6094379124341003
1270,1,0.6931471805599453
1271,1,0.6931471805599453
1272,6,1.9459101490553132
1273,1,0.6931471805599453
1274,4,1.6094379124341003
1275,7,2.0794415416798357
1276,8,2.1972245773362196
1277,1,0.6931471805599453
1278,45,3.828641396489095
1279,2,1.0986122886681098
1280,1,0.6931471805599453
1281,1,0.6931471805599453
1282,2,1.0986122886681098
1283,1,0.6931471805599453
1284,1,0.6931471805599453
1285,1,0.6931471805599453
1286,14,2.70805020110221
1287,3,1.3862943611198906
1288,3,1.3862943611198906
1289,6,1.9459101490553132
1290,1,0.6931471805599453
1291,1,0.6931471805599453
1292,7,2.0794415416798357
1293,1,0.6931471805599453
1294,1,0.6931471805599453
1295,6,1.9459101490553132
1296,1,0.6931471805599453
1297,6,1.9459101490553132
1298,64,4.174387269895637
1299,1,0.6931471805599453
1300,11,2.4849066497880004
1301,7,2.0794415416798357
1302,6,1.9459101490553132
1303,1,0.6931471805599453
1304,1,0.6931471805599453
1305,2,1.0986122886681098
1306,7,2.0794415416798357
1307,2,1.0986122886681098
1308,1,0.6931471805599453
1309,4,1.6094379124341003
1310,4,1.6094379124341003
1311,2,1.0986122886681098
1312,28,3.367295829986474
1313,1,0.6931471805599453
1314,58,4.07753744390572
1315,2,1.0986122886681098
1316,1,0.6931471805599453
1317,155,5.049856007249537
1318,1,0.6931471805599453
1319,8,2.1972245773362196
1320,5,1.791759469228055
1321,33,3.5263605246161616
1322,2,1.0986122886681098
1323,1,0.6931471805599453
1324,1,0.6931471805599453
1325,9,2.302585092994046
1326,1,0.6931471805599453
1327,1,0.6931471805599453
1328,2,1.0986122886681098
1329,1,0.6931471805599453
1330,1,0.6931471805599453
1331,12,2.5649493574615367
1332,1,0.6931471805599453
1333,31,3.4657359027997265
1334,1,0.6931471805599453
1335,1,0.6931471805599453
1336,2,1.0986122886681098
1337,2,1.0986122886681098
1338,6,1.9459101490553132
1339,2,1.0986122886681098
1340,47,3.871201010907891
1341,2,1.0986122886681098
1342,1,0.6931471805599453
1343,1,0.6931471805599453
1344,3,1.3862943611198906
1345,27,3.332204510175204
1346,2,1.0986122886681098
1347,32,3.4965075614664802
1348,1,0.6931471805599453
1349,4,1.6094379124341003
1350,6,1.9459101490553132
1351,3,1.3862943611198906
1352,1,0.6931471805599453
1353,1,0.6931471805599453
1354,3,1.3862943611198906
1355,23,3.1780538303479458
1356,1,0.6931471805599453
1357,1,0.6931471805599453
1358,3,1.3862943611198906
1359,71,4.276666119016055
1360,59,4.0943445622221
1361,1,0.6931471805599453
1362,1,0.6931471805599453
1363,18,2.9444389791664403
1364,2,1.0986122886681098
1365,1,0.6931471805599453
1366,3,1.3862943611198906
1367,1,0.6931471805599453
1368,1,0.6931471805599453
1369,2,1.0986122886681098
1370,138,4.9344739331306915
1371,1,0.6931471805599453
1372,2,1.0986122886681098
1373,61,4.127134385045092
1374,30,3.4339872044851463
1375,5,1.791759469228055
1376,8,2.1972245773362196
1377,1,0.6931471805599453
1378,2,1.0986122886681098
1379,4,1.6094379124341003
1380,3,1.3862943611198906
1381,1,0.6931471805599453
1382,5,1.791759469228055
1383,1,0.6931471805599453
1384,5,1.791759469228055
1385,2,1.0986122886681098
1386,1,0.6931471805599453
1387,2,1.0986122886681098
1388,1,0.6931471805599453
1389,3,1.3862943611198906
1390,1,0.6931471805599453
1391,1,0.6931471805599453
1392,4,1.6094379124341003
1393,58,4.07753744390572
1394,4,1.6094379124341003
1395,30,3.4339872044851463
1396,12,2.5649493574615367
1397,3,1.3862943611198906
1398,1,0.6931471805599453
1399,3,1.3862943611198906
1400,5,1.791759469228055
1401,7,2.0794415416798357
1402,9,2.302585092994046
1403,1,0.6931471805599453
1404,1,0.6931471805599453
1405,2,1.0986122886681098
1406,3,1.3862943611198906
1407,1,0.6931471805599453
1408,3,1.3862943611198906
1409,3,1.3862943611198906
1410,25,3.258096538021482
1411,26,3.295836866004329
1412,2,1.0986122886681098
1413,4,1.6094379124341003
1414,4,1.6094379124341003
1415,1,0.6931471805599453
1416,3,1.3862943611198906
1417,1,0.6931471805599453
1418,1,0.6931471805599453
1419,3,1.3862943611198906
1420,1,0.6931471805599453
1421,1,0.6931471805599453
1422,14,2.70805020110221
1423,1,0.6931471805599453
1424,2,1.0986122886681098
1425,1,0.6931471805599453
1426,1,0.6931471805599453
1427,1,0.6931471805599453
1428,61,4.127134385045092
1429,1,0.6931471805599453
1430,1,0.6931471805599453
1431,1,0.6931471805599453
1432,3,1.3862943611198906
1433,57,4.060443010546419
1434,3,1.3862943611198906
1435,2,1.0986122886681098
1436,33,3.5263605246161616
1437,8,2.1972245773362196
1438,16,2.833213344056216
1439,1,0.6931471805599453
1440,44,3.8066624897703196
1441,1,0.6931471805599453
1442,30,3.4339872044851463
1443,1,0.6931471805599453
1444,26,3.295836866004329
1445,1,0.6931471805599453
1446,2,1.0986122886681098
1447,2,1.0986122886681098
1448,4,1.6094379124341003
1449,19,2.995732273553991
1450,6,1.9459101490553132
1451,6,1.9459101490553132
1452,2,1.0986122886681098
1453,23,3.1780538303479458
1454,1,0.6931471805599453
1455,1,0.6931471805599453
1456,2,1.0986122886681098
1457,5,1.791759469228055
1458,3,1.3862943611198906
1459,3,1.3862943611198906
1460,1,0.6931471805599453
1461,1,0.6931471805599453
1462,1,0.6931471805599453
1463,1,0.6931471805599453
1464,3,1.3862943611198906
1465,17,2.8903717578961645
1466,2,1.0986122886681098
1467,13,2.6390573296152584
1468,2,1.0986122886681098
1469,1,0.6931471805599453
1470,1,0.6931471805599453
1471,11,2.4849066497880004
1472,1,0.6931471805599453
1473,72,4.290459441148391
1474,5,1.791759469228055
1475,3,1.3862943611198906
1476,11,2.4849066497880004
1477,3,1.3862943611198906
1478,1,0.6931471805599453
1479,3,1.3862943611198906
1480,33,3.5263605246161616
1481,18,2.9444389791664403
1482,1,0.6931471805599453
1483,1,0.6931471805599453
1484,1,0.6931471805599453
1485,2,1.0986122886681098
1486,1,0.6931471805599453
1487,3,1.3862943611198906
1488,3,1.3862943611198906
1489,1,0.6931471805599453
1490,3,1.3862943611198906
1491,2,1.0986122886681098
1492,1,0.6931471805599453
1493,2,1.0986122886681098
1494,3,1.3862943611198906
1495,10,2.3978952727983707
1496,1,0.6931471805599453
1497,5,1.791759469228055
1498,3,1.3862943611198906
1499,1,0.6931471805599453
1500,1,0.6931471805599453
1501,1,0.6931471805599453
1502,3,1.3862943611198906
1503,1,0.6931471805599453
1504,149,5.0106352940962555
1505,141,4.955827057601261
1506,1,0.6931471805599453
1507,1,0.6931471805599453
1508,61,4.127134385045092
1509,4,1.6094379124341003
1510,12,2.5649493574615367
1511,1,0.6931471805599453
1512,2,1.0986122886681098
1513,2,1.0986122886681098
1514,1,0.6931471805599453
1515,1,0.6931471805599453
1516,43,3.784189633918261
1517,11,2.4849066497880004
1518,1,0.6931471805599453
1519,5,1.791759469228055
1520,144,4.976733742420574
1521,1,0.6931471805599453
1522,3,1.3862943611198906
1523,1,0.6931471805599453
1524,1,0.6931471805599453
1525,13,2.6390573296152584
1526,5,1.791759469228055
1527,22,3.1354942159291497
1528,1,0.6931471805599453
1529,1,0.6931471805599453
1530,4,1.6094379124341003
1531,1,0.6931471805599453
1532,1,0.6931471805599453
1533,3,1.3862943611198906
1534,4,1.6094379124341003
1535,124,4.8283137373023015
1536,5,1.791759469228055
1537,22,3.1354942159291497
1538,2,1.0986122886681098
1539,3,1.3862943611198906
1540,1,0.6931471805599453
1541,14,2.70805020110221
1542,1,0.6931471805599453
1543,1,0.6931471805599453
1544,3,1.3862943611198906
1545,6,1.9459101490553132
1546,135,4.912654885736052
1547,4,1.6094379124341003
1548,6,1.9459101490553132
1549,1,0.6931471805599453
1550,8,2.1972245773362196
1551,1,0.6931471805599453
1552,1,0.6931471805599453
1553,29,3.4011973816621555
1554,8,2.1972245773362196
1555,3,1.3862943611198906
1556,7,2.0794415416798357
1557,1,0.6931471805599453
1558,2,1.0986122886681098
1559,9,2.302585092994046
1560,1,0.6931471805599453
1561,3,1.3862943611198906
1562,1,0.6931471805599453
1563,2,1.0986122886681098
1564,1,0.6931471805599453
1565,1,0.6931471805599453
1566,16,2.833213344056216
1567,1,0.6931471805599453
1568,5,1.791759469228055
1569,2,1.0986122886681098
1570,1,0.6931471805599453
1571,9,2.302585092994046
1572,9,2.302585092994046
1573,2,1.0986122886681098
1574,2,1.0986122886681098
1575,5,1.791759469228055
1576,1,0.6931471805599453
1577,55,4.02535169073515
1578,1,0.6931471805599453
1579,1,0.6931471805599453
1580,2,1.0986122886681098
1581,1,0.6931471805599453
1582,1,0.6931471805599453
1583,9,2.302585092994046
1584,1,0.6931471805599453
1585,3,1.3862943611198906
1586,6,1.9459101490553132
1587,11,2.4849066497880004
1588,2,1.0986122886681098
1589,2,1.0986122886681098
1590,1,0.6931471805599453
1591,6,1.9459101490553132
1592,15,2.772588722239781
1593,1,0.6931471805599453
1594,10,2.3978952727983707
1595,15,2.772588722239781
1596,1,0.6931471805599453
1597,1,0.6931471805599453
1598,2,1.0986122886681098
1599,2,1.0986122886681098
1600,2,1.0986122886681098
1601,1,0.6931471805599453
1602,1,0.6931471805599453
1603,1,0.6931471805599453
1604,3,1.3862943611198906
1605,1,0.6931471805599453
1606,13,2.6390573296152584
1607,1,0.6931471805599453
1608,1,0.6931471805599453
1609,1,0.6931471805599453
1610,2,1.0986122886681098
1611,12,2.5649493574615367
1612,1,0.6931471805599453
1613,1,0.6931471805599453
1614,2,1.0986122886681098
1615,2,1.0986122886681098
1616,1,0.6931471805599453
1617,3,1.3862943611198906
1618,1,0.6931471805599453
1619,10,2.3978952727983707
1620,16,2.833213344056216
1621,39,3.6888794541139363
1622,18,2.9444389791664403
1623,4,1.6094379124341003
1624,5,1.791759469228055
1625,2,1.0986122886681098
1626,13,2.6390573296152584
1627,4,1.6094379124341003
1628,1,0.6931471805599453
1629,15,2.772588722239781
1630,1,0.6931471805599453
1631,1,0.6931471805599453
1632,4,1.6094379124341003
1633,1,0.6931471805599453
1634,13,2.6390573296152584
1635,1,0.6931471805599453
1636,1,0.6931471805599453
1637,2,1.0986122886681098
1638,1,0.6931471805599453
1639,10,2.3978952727983707
1640,1,0.6931471805599453
1641,1,0.6931471805599453
1642,2,1.0986122886681098
1643,8,2.1972245773362196
1644,2,1.0986122886681098
1645,1,0.6931471805599453
1646,4,1.6094379124341003
1647,1,0.6931471805599453
1648,130,4.875197323201151
1649,8,2.1972245773362196
1650,3,1.3862943611198906
1651,1,0.6931471805599453
1652,12,2.5649493574615367
1653,3,1.3862943611198906
1654,121,4.804021044733257
1655,5,1.791759469228055
1656,9,2.302585092994046
1657,2,1.0986122886681098
1658,1,0.6931471805599453
1659,2,1.0986122886681098
1660,1,0.6931471805599453
1661,7,2.0794415416798357
1662,1,0.6931471805599453
1663,27,3.332204510175204
1664,7,2.0794415416798357
1665,2,1.0986122886681098
1666,1,0.6931471805599453
1667,1,0.6931471805599453
1668,31,3.4657359027997265
1669,72,4.290459441148391
1670,5,1.791759469228055
1671,1,0.6931471805599453
1672,1,0.6931471805599453
1673,61,4.127134385045092
1674,31,3.4657359027997265
1675,2,1.0986122886681098
1676,3,1.3862943611198906
1677,1,0.6931471805599453
1678,1,0.6931471805599453
1679,1,0.6931471805599453
1680,3,1.3862943611198906
1681,34,3.5553480614894135
1682,5,1.791759469228055
1683,5,1.791759469228055
1684,1,0.6931471805599453
1685,1,0.6931471805599453
1686,4,1.6094379124341003
1687,2,1.0986122886681098
1688,1,0.6931471805599453
1689,1,0.6931471805599453
1690,1,0.6931471805599453
1691,1,0.6931471805599453
1692,2,1.0986122886681098
1693,5,1.791759469228055
1694,1,0.6931471805599453
1695,4,1.6094379124341003
1696,1,0.6931471805599453
1697,3,1.3862943611198906
1698,7,2.0794415416798357
1699,4,1.6094379124341003
1700,1,0.6931471805599453
1701,3,1.3862943611198906
1702,1,0.6931471805599453
1703,5,1.791759469228055
1704,1,0.6931471805599453
1705,1,0.6931471805599453
1706,7,2.0794415416798357
1707,1,0.6931471805599453
1708,1,0.6931471805599453
1709,1,0.6931471805599453
1710,56,4.04305126783455
1711,15,2.772588722239781
1712,1,0.6931471805599453
1713,245,5.5053315359323625
1714,1,0.6931471805599453
1715,1,0.6931471805599453
1716,14,2.70805020110221
1717,2,1.0986122886681098
1718,1,0.6931471805599453
1719,7,2.0794415416798357
1720,3,1.3862943611198906
1721,1,0.6931471805599453
1722,45,3.828641396489095
1723,73,4.30406509320417
1724,5,1.791759469228055
1725,1,0.6931471805599453
1726,15,2.772588722239781
1727,24,3.2188758248682006
1728,3,1.3862943611198906
1729,1,0.6931471805599453
1730,1,0.6931471805599453
1731,30,3.4339872044851463
1732,1,0.6931471805599453
1733,1,0.6931471805599453
1734,42,3.7612001156935624
1735,52,3.970291913552122
1736,15,2.772588722239781
1737,2,1.0986122886681098
1738,1,0.6931471805599453
1739,1,0.6931471805599453
1740,1,0.6931471805599453
1741,1,0.6931471805599453
1742,1,0.6931471805599453
1743,19,2.995732273553991
1744,3,1.3862943611198906
1745,1,0.6931471805599453
1746,5,1.791759469228055
1747,2,1.0986122886681098
1748,1,0.6931471805599453
1749,9,2.302585092994046
1750,2,1.0986122886681098
1751,1,0.6931471805599453
1752,9,2.302585092994046
1753,1,0.6931471805599453
1754,4,1.6094379124341003
1755,117,4.770684624465665
1756,18,2.9444389791664403
1757,1,0.6931471805599453
1758,5,1.791759469228055
1759,1,0.6931471805599453
1760,2,1.0986122886681098
1761,5,1.791759469228055
1762,9,2.302585092994046
1763,3,1.3862943611198906
1764,8,2.1972245773362196
1765,1,0.6931471805599453
1766,2,1.0986122886681098
1767,5,1.791759469228055
1768,1,0.6931471805599453
1769,6,1.9459101490553132
1770,3,1.3862943611198906
1771,1,0.6931471805599453
1772,16,2.833213344056216
1773,1,0.6931471805599453
1774,43,3.784189633918261
1775,1,0.6931471805599453
1776,15,2.772588722239781
1777,4,1.6094379124341003
1778,1,0.6931471805599453
1779,6,1.9459101490553132
1780,1,0.6931471805599453
1781,1,0.6931471805599453
1782,2,1.0986122886681098
1783,74,4.31748811353631
1784,7,2.0794415416798357
1785,1,0.6931471805599453
1786,1,0.6931471805599453
1787,1,0.6931471805599453
1788,2,1.0986122886681098
1789,3,1.3862943611198906
1790,1,0.6931471805599453
1791,2,1.0986122886681098
1792,1,0.6931471805599453
1793,1,0.6931471805599453
1794,3,1.3862943611198906
1795,1,0.6931471805599453
1796,31,3.4657359027997265
1797,2,1.0986122886681098
1798,17,2.8903717578961645
1799,8,2.1972245773362196
1800,4,1.6094379124341003
1801,1,0.6931471805599453
1802,2,1.0986122886681098
1803,14,2.70805020110221
1804,3,1.3862943611198906
1805,2,1.0986122886681098
1806,2,1.0986122886681098
1807,28,3.367295829986474
1808,1,0.6931471805599453
1809,1,0.6931471805599453
1810,4,1.6094379124341003
1811,19,2.995732273553991
1812,7,2.0794415416798357
1813,7,2.0794415416798357
1814,2,1.0986122886681098
1815,1,0.6931471805599453
1816,1,0.6931471805599453
1817,27,3.332204510175204
1818,3,1.3862943611198906
1819,1,0.6931471805599453
1820,1,0.6931471805599453
1821,92,4.532599493153256
1822,2,1.0986122886681098
1823,25,3.258096538021482
1824,1,0.6931471805599453
1825,31,3.4657359027997265
1826,32,3.4965075614664802
1827,1,0.6931471805599453
1828,4,1.6094379124341003
1829,1,0.6931471805599453
1830,25,3.258096538021482
1831,18,2.9444389791664403
1832,1,0.6931471805599453
1833,4,1.6094379124341003
1834,1,0.6931471805599453
1835,1,0.6931471805599453
1836,1,0.6931471805599453
1837,2,1.0986122886681098
1838,3,1.3862943611198906
1839,1,0.6931471805599453
1840,14,2.70805020110221
1841,1,0.6931471805599453
1842,34,3.5553480614894135
1843,7,2.0794415416798357
1844,2,1.0986122886681098
1845,1,0.6931471805599453
1846,1,0.6931471805599453
1847,1,0.6931471805599453
1848,1,0.6931471805599453
1849,3,1.3862943611198906
1850,1,0.6931471805599453
1851,1,0.6931471805599453
1852,1,0.6931471805599453
1853,18,2.9444389791664403
1854,3,1.3862943611198906
1855,10,2.3978952727983707
1856,23,3.1780538303479458
1857,3,1.3862943611198906
1858,3,1.3862943611198906
1859,1,0.6931471805599453
1860,1,0.6931471805599453
1861,1,0.6931471805599453
1862,2,1.0986122886681098
1863,3,1.3862943611198906
1864,2,1.0986122886681098
1865,58,4.07753744390572
1866,9,2.302585092994046
1867,3,1.3862943611198906
1868,56,4.04305126783455
1869,2,1.0986122886681098
1870,1,0.6931471805599453
1871,1,0.6931471805599453
1872,1,0.6931471805599453
1873,2,1.0986122886681098
1874,10,2.3978952727983707
1875,1,0.6931471805599453
1876,24,3.2188758248682006
1877,5,1.791759469228055
1878,1,0.6931471805599453
1879,3,1.3862943611198906
1880,3,1.3862943611198906
1881,1,0.6931471805599453
1882,1,0.6931471805599453
1883,2,1.0986122886681098
1884,6,1.9459101490553132
1885,4,1.6094379124341003
1886,2,1.0986122886681098
1887,2,1.0986122886681098
1888,2,1.0986122886681098
1889,1,0.6931471805599453
1890,2,1.0986122886681098
1891,1,0.6931471805599453
1892,2,1.0986122886681098
1893,55,4.02535169073515
1894,1,0.6931471805599453
1895,1,0.6931471805599453
1896,1,0.6931471805599453
1897,1,0.6931471805599453
1898,1,0.6931471805599453
1899,2,1.0986122886681098
1900,1,0.6931471805599453
1901,3,1.3862943611198906
1902,1,0.6931471805599453
1903,1,0.6931471805599453
1904,6,1.9459101490553132
1905,12,2.5649493574615367
1906,1,0.6931471805599453
1907,1,0.6931471805599453
1908,2,1.0986122886681098
1909,4,1.6094379124341003
1910,1,0.6931471805599453
1911,3,1.3862943611198906
1912,1,0.6931471805599453
1913,1,0.6931471805599453
1914,4,1.6094379124341003
1915,3,1.3862943611198906
1916,7,2.0794415416798357
1917,3,1.3862943611198906
1918,29,3.4011973816621555
1919,4,1.6094379124341003
1920,2,1.0986122886681098
1921,5,1.791759469228055
1922,2,1.0986122886681098
1923,2,1.0986122886681098
1924,4,1.6094379124341003
1925,1,0.6931471805599453
1926,3,1.3862943611198906
1927,1,0.6931471805599453
1928,1,0.6931471805599453
1929,24,3.2188758248682006
1930,2,1.0986122886681098
1931,1,0.6931471805599453
1932,17,2.8903717578961645
1933,25,3.258096538021482
1934,1,0.6931471805599453
1935,15,2.772588722239781
1936,1,0.6931471805599453
1937,1,0.6931471805599453
1938,49,3.912023005428146
1939,3,1.3862943611198906
1940,21,3.091042453358316
1941,22,3.1354942159291497
1942,5,1.791759469228055
1943,1,0.6931471805599453
1944,2,1.0986122886681098
1945,2,1.0986122886681098
1946,1,0.6931471805599453
1947,14,2.70805020110221
1948,6,1.9459101490553132
1949,14,2.70805020110221
1950,1,0.6931471805599453
1951,4,1.6094379124341003
1952,1,0.6931471805599453
1953,1,0.6931471805599453
1954,6,1.9459101490553132
1955,56,4.04305126783455
1956,1,0.6931471805599453
1957,17,2.8903717578961645
1958,5,1.791759469228055
1959,159,5.075173815233827
1960,1,0.6931471805599453
1961,10,2.3978952727983707
1962,3,1.3862943611198906
1963,2,1.0986122886681098
1964,1,0.6931471805599453
1965,3,1.3862943611198906
1966,1,0.6931471805599453
1967,4,1.6094379124341003
1968,1,0.6931471805599453
1969,36,3.6109179126442243
1970,1,0.6931471805599453
1971,8,2.1972245773362196
1972,8,2.1972245773362196
1973,5,1.791759469228055
1974,9,2.302585092994046
1975,1,0.6931471805599453
1976,29,3.4011973816621555
1977,58,4.07753744390572
1978,4,1.6094379124341003
1979,2,1.0986122886681098
1980,4,1.6094379124341003
1981,1,0.6931471805599453
1982,1,0.6931471805599453
1983,7,2.0794415416798357
1984,1,0.6931471805599453
1985,1,0.6931471805599453
1986,24,3.2188758248682006
1987,2,1.0986122886681098
1988,1,0.6931471805599453
1989,4,1.6094379124341003
1990,4,1.6094379124341003
1991,3,1.3862943611198906
1992,19,2.995732273553991
1993,2,1.0986122886681098
1994,1,0.6931471805599453
1995,1,0.6931471805599453
1996,1,0.6931471805599453
1997,38,3.6635616461296463
1998,2,1.0986122886681098
1999,4,1.6094379124341003
2000,3,1.3862943611198906
2001,35,3.58351893845611
2002,5,1.791759469228055
2003,1,0.6931471805599453
2004,1,0.6931471805599453
2005,2,1.0986122886681098
2006,1,0.6931471805599453
2007,14,2.70805020110221
2008,33,3.5263605246161616
2009,1,0.6931471805599453
2010,2,1.0986122886681098
2011,3,1.3862943611198906
2012,1,0.6931471805599453
2013,3,1.3862943611198906
2014,4,1.6094379124341003
2015,1,0.6931471805599453
2016,4,1.6094379124341003
2017,2,1.0986122886681098
2018,45,3.828641396489095
2019,1,0.6931471805599453
2020,1,0.6931471805599453
2021,1,0.6931471805599453
2022,2,1.0986122886681098
2023,3,1.3862943611198906
2024,1,0.6931471805599453
2025,1,0.6931471805599453
2026,1,0.6931471805599453
2027,1,0.6931471805599453
2028,4,1.6094379124341003
2029,20,3.044522437723423
2030,1,0.6931471805599453
2031,2,1.0986122886681098
2032,14,2.70805020110221
2033,1,0.6931471805599453
2034,13,2.6390573296152584
2035,1,0.6931471805599453
2036,2,1.0986122886681098
2037,1,0.6931471805599453
2038,7,2.0794415416798357
2039,1,0.6931471805599453
2040,1,0.6931471805599453
2041,1,0.6931471805599453
2042,1,0.6931471805599453
2043,1,0.6931471805599453
2044,121,4.804021044733257
2045,11,2.4849066497880004
2046,1,0.6931471805599453
2047,1,0.6931471805599453
2048,1,0.6931471805599453
2049,1,0.6931471805599453
2050,2,1.0986122886681098
2051,1,0.6931471805599453
2052,119,4.787491742782046
2053,7,2.0794415416798357
2054,1,0.6931471805599453
2055,1,0.6931471805599453
2056,1,0.6931471805599453
2057,4,1.6094379124341003
2058,2,1.0986122886681098
2059,2,1.0986122886681098
2060,8,2.1972245773362196
2061,1,0.6931471805599453
2062,1,0.6931471805599453
2063,1,0.6931471805599453
2064,1,0.6931471805599453
2065,1,0.6931471805599453
2066,1,0.6931471805599453
2067,3,1.3862943611198906
2068,3,1.3862943611198906
2069,17,2.8903717578961645
2070,1,0.6931471805599453
2071,1,0.6931471805599453
2072,1,0.6931471805599453
2073,1,0.6931471805599453
2074,5,1.791759469228055
2075,6,1.9459101490553132
2076,1,0.6931471805599453
2077,2,1.0986122886681098
2078,1,0.6931471805599453
2079,1,0.6931471805599453
2080,1,0.6931471805599453
2081,1,0.6931471805599453
2082,6,1.9459101490553132
2083,3,1.3862943611198906
2084,1,0.6931471805599453
2085,1,0.6931471805599453
2086,4,1.6094379124341003
2087,1,0.6931471805599453
2088,35,3.58351893845611
2089,1,0.6931471805599453
2090,1,0.6931471805599453
2091,2,1.0986122886681098
2092,1,0.6931471805599453
2093,1,0.6931471805599453
2094,4,1.6094379124341003
2095,1,0.6931471805599453
2096,3,1.3862943611198906
2097,1,0.6931471805599453
2098,117,4.770684624465665
2099,16,2.833213344056216
2100,1,0.6931471805599453
2101,142,4.962844630259907
2102,1,0.6931471805599453
2103,2,1.0986122886681098
2104,1,0.6931471805599453
2105,1,0.6931471805599453
2106,1,0.6931471805599453
2107,2,1.0986122886681098
2108,4,1.6094379124341003
2109,2,1.0986122886681098
2110,3,1.3862943611198906
2111,1,0.6931471805599453
2112,1,0.6931471805599453
2113,2,1.0986122886681098
2114,1,0.6931471805599453
2115,23,3.1780538303479458
2116,1,0.6931471805599453
2117,2,1.0986122886681098
2118,3,1.3862943611198906
2119,3,1.3862943611198906
2120,4,1.6094379124341003
2121,15,2.772588722239781
2122,2,1.0986122886681098
2123,1,0.6931471805599453
2124,53,3.9889840465642745
2125,2,1.0986122886681098
2126,1,0.6931471805599453
2127,5,1.791759469228055
2128,1,0.6931471805599453
2129,8,2.1972245773362196
2130,3,1.3862943611198906
2131,2,1.0986122886681098
2132,2,1.0986122886681098
2133,1,0.6931471805599453
2134,3,1.3862943611198906
2135,11,2.4849066497880004
2136,1,0.6931471805599453
2137,64,4.174387269895637
2138,1,0.6931471805599453
2139,4,1.6094379124341003
2140,1,0.6931471805599453
2141,5,1.791759469228055
2142,5,1.791759469228055
2143,1,0.6931471805599453
2144,26,3.295836866004329
2145,16,2.833213344056216
2146,2,1.0986122886681098
2147,8,2.1972245773362196
2148,1,0.6931471805599453
2149,2,1.0986122886681098
2150,2,1.0986122886681098
2151,1,0.6931471805599453
2152,4,1.6094379124341003
2153,1,0.6931471805599453
2154,4,1.6094379124341003
2155,9,2.302585092994046
2156,1,0.6931471805599453
2157,2,1.0986122886681098
2158,1,0.6931471805599453
2159,1,0.6931471805599453
2160,1,0.6931471805599453
2161,26,3.295836866004329
2162,43,3.784189633918261
2163,7,2.0794415416798357
2164,38,3.6635616461296463
2165,19,2.995732273553991
2166,6,1.9459101490553132
2167,1,0.6931471805599453
2168,4,1.6094379124341003
2169,5,1.791759469228055
2170,5,1.791759469228055
2171,1,0.6931471805599453
2172,8,2.1972245773362196
2173,3,1.3862943611198906
2174,1,0.6931471805599453
2175,8,2.1972245773362196
2176,3,1.3862943611198906
2177,1,0.6931471805599453
2178,2,1.0986122886681098
2179,41,3.7376696182833684
2180,131,4.882801922586371
2181,2,1.0986122886681098
2182,1,0.6931471805599453
2183,7,2.0794415416798357
2184,1,0.6931471805599453
2185,1,0.6931471805599453
2186,4,1.6094379124341003
2187,2,1.0986122886681098
2188,1,0.6931471805599453
2189,1,0.6931471805599453
2190,13,2.6390573296152584
2191,1,0.6931471805599453
2192,41,3.7376696182833684
2193,1,0.6931471805599453
2194,1,0.6931471805599453
2195,1,0.6931471805599453
2196,5,1.791759469228055
2197,1,0.6931471805599453
2198,1,0.6931471805599453
2199,1,0.6931471805599453
2200,1,0.6931471805599453
2201,1,0.6931471805599453
2202,48,3.8918202981106265
2203,42,3.7612001156935624
2204,16,2.833213344056216
2205,16,2.833213344056216
2206,5,1.791759469228055
2207,3,1.3862943611198906
2208,1,0.6931471805599453
2209,10,2.3978952727983707
2210,32,3.4965075614664802
2211,1,0.6931471805599453
2212,2,1.0986122886681098
2213,1,0.6931471805599453
2214,1,0.6931471805599453
2215,1,0.6931471805599453
2216,3,1.3862943611198906
2217,8,2.1972245773362196
2218,4,1.6094379124341003
2219,26,3.295836866004329
2220,46,3.8501476017100584
2221,1,0.6931471805599453
2222,1,0.6931471805599453
2223,1,0.6931471805599453
2224,2,1.0986122886681098
2225,1,0.6931471805599453
2226,1,0.6931471805599453
2227,148,5.003946305945459
2228,33,3.5263605246161616
2229,3,1.3862943611198906
2230,13,2.6390573296152584
2231,1,0.6931471805599453
2232,10,2.3978952727983707
2233,1,0.6931471805599453
2234,4,1.6094379124341003
2235,4,1.6094379124341003
2236,1,0.6931471805599453
2237,1,0.6931471805599453
2238,2,1.0986122886681098
2239,3,1.3862943611198906
2240,2,1.0986122886681098
2241,1,0.6931471805599453
2242,1,0.6931471805599453
2243,1,0.6931471805599453
2244,1,0.6931471805599453
2245,4,1.6094379124341003
2246,1,0.6931471805599453
2247,18,2.9444389791664403
2248,2,1.0986122886681098
2249,29,3.4011973816621555
2250,1,0.6931471805599453
2251,1,0.6931471805599453
2252,2,1.0986122886681098
2253,125,4.836281906951478
2254,16,2.833213344056216
2255,1,0.6931471805599453
2256,7,2.0794415416798357
2257,2,1.0986122886681098
2258,2,1.0986122886681098
2259,1,0.6931471805599453
2260,7,2.0794415416798357
2261,1,0.6931471805599453
2262,4,1.6094379124341003
2263,3,1.3862943611198906
2264,1,0.6931471805599453
2265,1,0.6931471805599453
2266,39,3.6888794541139363
2267,13,2.6390573296152584
2268,1,0.6931471805599453
2269,4,1.6094379124341003
2270,1,0.6931471805599453
2271,5,1.791759469228055
2272,7,2.0794415416798357
2273,1,0.6931471805599453
2274,1,0.6931471805599453
2275,2,1.0986122886681098
2276,2,1.0986122886681098
2277,4,1.6094379124341003
2278,1,0.6931471805599453
2279,1,0.6931471805599453
2280,13,2.6390573296152584
2281,1,0.6931471805599453
2282,10,2.3978952727983707
2283,8,2.1972245773362196
2284,2,1.0986122886681098
2285,1,0.6931471805599453
2286,4,1.6094379124341003
2287,1,0.6931471805599453
2288,1,0.6931471805599453
2289,19,2.995732273553991
2290,1,0.6931471805599453
2291,1,0.6931471805599453
2292,8,2.1972245773362196
2293,11,2.4849066497880004
2294,1,0.6931471805599453
2295,16,2.833213344056216
2296,2,1.0986122886681098
2297,1,0.6931471805599453
2298,25,3.258096538021482
2299,6,1.9459101490553132
2300,8,2.1972245773362196
2301,12,2.5649493574615367
2302,1,0.6931471805599453
2303,17,2.8903717578961645
2304,1,0.6931471805599453
2305,10,2.3978952727983707
2306,114,4.74493212836325
2307,1,0.6931471805599453
2308,2,1.0986122886681098
2309,2,1.0986122886681098
2310,1,0.6931471805599453
2311,4,1.6094379124341003
2312,1,0.6931471805599453
2313,3,1.3862943611198906
2314,2,1.0986122886681098
2315,2,1.0986122886681098
2316,1,0.6931471805599453
2317,2,1.0986122886681098
2318,2,1.0986122886681098
2319,1,0.6931471805599453
2320,3,1.3862943611198906
2321,2,1.0986122886681098
2322,5,1.791759469228055
2323,35,3.58351893845611
2324,1,0.6931471805599453
2325,5,1.791759469228055
2326,1,0.6931471805599453
2327,23,3.1780538303479458
2328,1,0.6931471805599453
2329,3,1.3862943611198906
2330,1,0.6931471805599453
2331,3,1.3862943611198906
2332,4,1.6094379124341003
2333,1,0.6931471805599453
2334,5,1.791759469228055
2335,23,3.1780538303479458
2336,4,1.6094379124341003
2337,1,0.6931471805599453
2338,1,0.6931471805599453
2339,1,0.6931471805599453
2340,3,1.3862943611198906
2341,309,5.736572297479192
2342,2,1.0986122886681098
2343,5,1.791759469228055
2344,4,1.6094379124341003
2345,4,1.6094379124341003
2346,2,1.0986122886681098
2347,1,0.6931471805599453
2348,1,0.6931471805599453
2349,2,1.0986122886681098
2350,2,1.0986122886681098
2351,3,1.3862943611198906
2352,4,1.6094379124341003
2353,8,2.1972245773362196
2354,31,3.4657359027997265
2355,1,0.6931471805599453
2356,1,0.6931471805599453
2357,4,1.6094379124341003
2358,1,0.6931471805599453
2359,1,0.6931471805599453
2360,15,2.772588722239781
2361,3,1.3862943611198906
2362,4,1.6094379124341003
2363,1,0.6931471805599453
2364,1,0.6931471805599453
2365,1,0.6931471805599453
2366,1,0.6931471805599453
2367,1,0.6931471805599453
2368,1,0.6931471805599453
2369,1,0.6931471805599453
2370,2,1.0986122886681098
2371,9,2.302585092994046
2372,56,4.04305126783455
2373,1,0.6931471805599453
2374,4,1.6094379124341003
2375,8,2.1972245773362196
2376,1,0.6931471805599453
2377,3,1.3862943611198906
2378,2,1.0986122886681098
2379,1,0.6931471805599453
2380,2,1.0986122886681098
2381,1,0.6931471805599453
2382,43,3.784189633918261
2383,1,0.6931471805599453
2384,1,0.6931471805599453
2385,2,1.0986122886681098
2386,1,0.6931471805599453
2387,9,2.302585092994046
2388,1,0.6931471805599453
2389,2,1.0986122886681098
2390,1,0.6931471805599453
2391,5,1.791759469228055
2392,4,1.6094379124341003
2393,5,1.791759469228055
2394,2,1.0986122886681098
2395,22,3.1354942159291497
2396,3,1.3862943611198906
2397,1,0.6931471805599453
2398,1,0.6931471805599453
2399,1,0.6931471805599453
2400,1,0.6931471805599453
2401,1,0.6931471805599453
2402,152,5.030437921392435
2403,10,2.3978952727983707
2404,55,4.02535169073515
2405,118,4.77912349311153
2406,10,2.3978952727983707
2407,13,2.6390573296152584
2408,16,2.833213344056216
2409,1,0.6931471805599453
2410,1,0.6931471805599453
2411,1,0.6931471805599453
2412,9,2.302585092994046
2413,3,1.3862943611198906
2414,3,1.3862943611198906
2415,5,1.791759469228055
2416,4,1.6094379124341003
2417,1,0.6931471805599453
2418,2,1.0986122886681098
2419,1,0.6931471805599453
2420,92,4.532599493153256
2421,10,2.3978952727983707
2422,121,4.804021044733257
2423,1,0.6931471805599453
2424,3,1.3862943611198906
2425,2,1.0986122886681098
2426,7,2.0794415416798357
2427,1,0.6931471805599453
2428,12,2.5649493574615367
2429,3,1.3862943611198906
2430,54,4.007333185232471
2431,2,1.0986122886681098
2432,3,1.3862943611198906
2433,6,1.9459101490553132
2434,3,1.3862943611198906
2435,3,1.3862943611198906
2436,11,2.4849066497880004
2437,8,2.1972245773362196
2438,4,1.6094379124341003
2439,2,1.0986122886681098
2440,8,2.1972245773362196
2441,1,0.6931471805599453
2442,1,0.6931471805599453
2443,10,2.3978952727983707
2444,1,0.6931471805599453
2445,1,0.6931471805599453
2446,2,1.0986122886681098
2447,1,0.6931471805599453
2448,12,2.5649493574615367
2449,3,1.3862943611198906
2450,2,1.0986122886681098
2451,15,2.772588722239781
2452,3,1.3862943611198906
2453,2,1.0986122886681098
2454,115,4.7535901911063645
2455,1,0.6931471805599453
2456,1,0.6931471805599453
2457,1,0.6931471805599453
2458,1,0.6931471805599453
2459,2,1.0986122886681098
2460,2,1.0986122886681098
2461,1,0.6931471805599453
2462,7,2.0794415416798357
2463,5,1.791759469228055
2464,8,2.1972245773362196
2465,33,3.5263605246161616
2466,45,3.828641396489095
2467,1,0.6931471805599453
2468,3,1.3862943611198906
2469,3,1.3862943611198906
2470,1,0.6931471805599453
2471,3,1.3862943611198906
2472,4,1.6094379124341003
2473,1,0.6931471805599453
2474,3,1.3862943611198906
2475,5,1.791759469228055
2476,6,1.9459101490553132
2477,1,0.6931471805599453
2478,2,1.0986122886681098
2479,1,0.6931471805599453
2480,1,0.6931471805599453
2481,1,0.6931471805599453
2482,1,0.6931471805599453
2483,1,0.6931471805599453
2484,11,2.4849066497880004
2485,4,1.6094379124341003
2486,1,0.6931471805599453
2487,35,3.58351893845611
2488,1,0.6931471805599453
2489,2,1.0986122886681098
2490,14,2.70805020110221
2491,34,3.5553480614894135
2492,2,1.0986122886681098
2493,1,0.6931471805599453
2494,15,2.772588722239781
2495,6,1.9459101490553132
2496,5,1.791759469228055
2497,5,1.791759469228055
2498,7,2.0794415416798357
2499,1,0.6931471805599453
2500,26,3.295836866004329
2501,1,0.6931471805599453
2502,11,2.4849066497880004
2503,5,1.791759469228055
2504,3,1.3862943611198906
2505,3,1.3862943611198906
2506,1,0.6931471805599453
2507,12,2.5649493574615367
2508,1,0.6931471805599453
2509,5,1.791759469228055
2510,5,1.791759469228055
2511,4,1.6094379124341003
2512,1,0.6931471805599453
2513,3,1.3862943611198906
2514,1,0.6931471805599453
2515,2,1.0986122886681098
2516,1,0.6931471805599453
2517,2,1.0986122886681098
2518,4,1.6094379124341003
2519,2,1.0986122886681098
2520,2,1.0986122886681098
2521,14,2.70805020110221
2522,1,0.6931471805599453
2523,33,3.5263605246161616
2524,1,0.6931471805599453
2525,1,0.6931471805599453
2526,1,0.6931471805599453
2527,7,2.0794415416798357
2528,29,3.4011973816621555
2529,1,0.6931471805599453
2530,1,0.6931471805599453
2531,1,0.6931471805599453
2532,3,1.3862943611198906
2533,1,0.6931471805599453
2534,2,1.0986122886681098
2535,3,1.3862943611198906
2536,3,1.3862943611198906
2537,1,0.6931471805599453
2538,2,1.0986122886681098
2539,1,0.6931471805599453
2540,5,1.791759469228055
2541,25,3.258096538021482
2542,35,3.58351893845611
2543,10,2.3978952727983707
2544,37,3.6375861597263857
2545,3,1.3862943611198906
2546,2,1.0986122886681098
2547,1,0.6931471805599453
2548,4,1.6094379124341003
2549,4,1.6094379124341003
2550,10,2.3978952727983707
2551,1,0.6931471805599453
2552,5,1.791759469228055
2553,1,0.6931471805599453
2554,1,0.6931471805599453
2555,1,0.6931471805599453
2556,1,0.6931471805599453
2557,2,1.0986122886681098
2558,10,2.3978952727983707
2559,2,1.0986122886681098
2560,8,2.1972245773362196
2561,1,0.6931471805599453
2562,3,1.3862943611198906
2563,34,3.5553480614894135
2564,1,0.6931471805599453
2565,1,0.6931471805599453
2566,60,4.110873864173311
2567,1,0.6931471805599453
2568,3,1.3862943611198906
2569,65,4.189654742026425
2570,1,0.6931471805599453
2571,1,0.6931471805599453
2572,1,0.6931471805599453
2573,3,1.3862943611198906
2574,2,1.0986122886681098
2575,55,4.02535169073515
2576,8,2.1972245773362196
2577,2,1.0986122886681098
2578,23,3.1780538303479458
2579,9,2.302585092994046
2580,24,3.2188758248682006
2581,2,1.0986122886681098
2582,5,1.791759469228055
2583,4,1.6094379124341003
2584,2,1.0986122886681098
2585,113,4.736198448394496
2586,2,1.0986122886681098
2587,1,0.6931471805599453
2588,137,4.927253685157205
2589,2,1.0986122886681098
2590,19,2.995732273553991
2591,14,2.70805020110221
2592,1,0.6931471805599453
2593,107,4.68213122712422
2594,2,1.0986122886681098
2595,1,0.6931471805599453
2596,20,3.044522437723423
2597,13,2.6390573296152584
2598,2,1.0986122886681098
2599,2,1.0986122886681098
2600,3,1.3862943611198906
2601,4,1.6094379124341003
2602,4,1.6094379124341003
2603,13,2.6390573296152584
2604,3,1.3862943611198906
2605,2,1.0986122886681098
2606,1,0.6931471805599453
2607,1,0.6931471805599453
2608,9,2.302585092994046
2609,1,0.6931471805599453
2610,2,1.0986122886681098
2611,1,0.6931471805599453
2612,2,1.0986122886681098
2613,1,0.6931471805599453
2614,56,4.04305126783455
2615,2,1.0986122886681098
2616,1,0.6931471805599453
2617,1,0.6931471805599453
2618,1,0.6931471805599453
2619,1,0.6931471805599453
2620,7,2.0794415416798357
2621,1,0.6931471805599453
2622,4,1.6094379124341003
2623,34,3.5553480614894135
2624,2,1.0986122886681098
2625,143,4.969813299576001
2626,1,0.6931471805599453
2627,2,1.0986122886681098
2628,1,0.6931471805599453
2629,1,0.6931471805599453
2630,11,2.4849066497880004
2631,3,1.3862943611198906
2632,1,0.6931471805599453
2633,1,0.6931471805599453
2634,1,0.6931471805599453
2635,1,0.6931471805599453
2636,1,0.6931471805599453
2637,1,0.6931471805599453
2638,1,0.6931471805599453
2639,4,1.6094379124341003
2640,2,1.0986122886681098
2641,1,0.6931471805599453
2642,3,1.3862943611198906
2643,1,0.6931471805599453
2644,61,4.127134385045092
2645,1,0.6931471805599453
2646,35,3.58351893845611
2647,8,2.1972245773362196
2648,1,0.6931471805599453
2649,1,0.6931471805599453
2650,1,0.6931471805599453
2651,7,2.0794415416798357
2652,1,0.6931471805599453
2653,1,0.6931471805599453
2654,3,1.3862943611198906
2655,5,1.791759469228055
2656,9,2.302585092994046
2657,1,0.6931471805599453
2658,2,1.0986122886681098
2659,24,3.2188758248682006
2660,6,1.9459101490553132
2661,1,0.6931471805599453
2662,12,2.5649493574615367
2663,63,4.1588830833596715
2664,1,0.6931471805599453
2665,4,1.6094379124341003
2666,19,2.995732273553991
2667,19,2.995732273553991
2668,1,0.6931471805599453
2669,124,4.8283137373023015
2670,2,1.0986122886681098
2671,3,1.3862943611198906
2672,3,1.3862943611198906
2673,1,0.6931471805599453
2674,4,1.6094379124341003
2675,1,0.6931471805599453
2676,10,2.3978952727983707
2677,66,4.204692619390966
2678,18,2.9444389791664403
2679,71,4.276666119016055
2680,1,0.6931471805599453
2681,4,1.6094379124341003
2682,3,1.3862943611198906
2683,1,0.6931471805599453
2684,1,0.6931471805599453
2685,1,0.6931471805599453
2686,1,0.6931471805599453
2687,1,0.6931471805599453
2688,16,2.833213344056216
2689,3,1.3862943611198906
2690,33,3.5263605246161616
2691,1,0.6931471805599453
2692,9,2.302585092994046
2693,4,1.6094379124341003
2694,4,1.6094379124341003
2695,10,2.3978952727983707
2696,1,0.6931471805599453
2697,5,1.791759469228055
2698,1,0.6931471805599453
2699,73,4.30406509320417
2700,1,0.6931471805599453
2701,33,3.5263605246161616
2702,1,0.6931471805599453
2703,1,0.6931471805599453
2704,7,2.0794415416798357
2705,11,2.4849066497880004
2706,2,1.0986122886681098
2707,1,0.6931471805599453
2708,21,3.091042453358316
2709,10,2.3978952727983707
2710,5,1.791759469228055
2711,48,3.8918202981106265
2712,2,1.0986122886681098
2713,2,1.0986122886681098
2714,30,3.4339872044851463
2715,1,0.6931471805599453
2716,2,1.0986122886681098
2717,1,0.6931471805599453
2718,3,1.3862943611198906
2719,1,0.6931471805599453
2720,6,1.9459101490553132
2721,43,3.784189633918261
2722,1,0.6931471805599453
2723,3,1.3862943611198906
2724,2,1.0986122886681098
2725,2,1.0986122886681098
2726,2,1.0986122886681098
2727,1,0.6931471805599453
2728,3,1.3862943611198906
2729,1,0.6931471805599453
2730,1,0.6931471805599453
2731,1,0.6931471805599453
2732,1,0.6931471805599453
2733,4,1.6094379124341003
2734,3,1.3862943611198906
2735,2,1.0986122886681098
2736,2,1.0986122886681098
2737,122,4.812184355372417
2738,1,0.6931471805599453
2739,57,4.060443010546419
2740,101,4.624972813284271
2741,1,0.6931471805599453
2742,41,3.7376696182833684
2743,1,0.6931471805599453
2744,2,1.0986122886681098
2745,1,0.6931471805599453
2746,2,1.0986122886681098
2747,7,2.0794415416798357
2748,5,1.791759469228055
2749,3,1.3862943611198906
2750,4,1.6094379124341003
2751,3,1.3862943611198906
2752,4,1.6094379124341003
2753,1,0.6931471805599453
2754,1,0.6931471805599453
2755,4,1.6094379124341003
2756,1,0.6931471805599453
2757,1,0.6931471805599453
2758,1,0.6931471805599453
2759,2,1.0986122886681098
2760,1,0.6931471805599453
2761,1,0.6931471805599453
2762,2,1.0986122886681098
2763,1,0.6931471805599453
2764,9,2.302585092994046
2765,1,0.6931471805599453
2766,1,0.6931471805599453
2767,2,1.0986122886681098
2768,2,1.0986122886681098
2769,1,0.6931471805599453
2770,115,4.7535901911063645
2771,2,1.0986122886681098
2772,20,3.044522437723423
2773,2,1.0986122886681098
2774,2,1.0986122886681098
2775,19,2.995732273553991
2776,5,1.791759469228055
2777,92,4.532599493153256
2778,1,0.6931471805599453
2779,3,1.3862943611198906
2780,1,0.6931471805599453
2781,1,0.6931471805599453
2782,1,0.6931471805599453
2783,3,1.3862943611198906
2784,1,0.6931471805599453
2785,25,3.258096538021482
2786,13,2.6390573296152584
2787,1,0.6931471805599453
2788,11,2.4849066497880004
2789,27,3.332204510175204
2790,32,3.4965075614664802
2791,1,0.6931471805599453
2792,4,1.6094379124341003
2793,8,2.1972245773362196
2794,1,0.6931471805599453
2795,1,0.6931471805599453
2796,3,1.3862943611198906
2797,1,0.6931471805599453
2798,10,2.3978952727983707
2799,1,0.6931471805599453
2800,1,0.6931471805599453
2801,6,1.9459101490553132
2802,1,0.6931471805599453
2803,1,0.6931471805599453
2804,3,1.3862943611198906
2805,5,1.791759469228055
2806,2,1.0986122886681098
2807,7,2.0794415416798357
2808,7,2.0794415416798357
2809,3,1.3862943611198906
2810,1,0.6931471805599453
2811,6,1.9459101490553132
2812,1,0.6931471805599453
2813,3,1.3862943611198906
2814,2,1.0986122886681098
2815,6,1.9459101490553132
2816,2,1.0986122886681098
2817,3,1.3862943611198906
2818,1,0.6931471805599453
2819,24,3.2188758248682006
2820,1,0.6931471805599453
2821,1,0.6931471805599453
2822,1,0.6931471805599453
2823,1,0.6931471805599453
2824,1,0.6931471805599453
2825,10,2.3978952727983707
2826,1,0.6931471805599453
2827,1,0.6931471805599453
2828,2,1.0986122886681098
2829,9,2.302585092994046
2830,1,0.6931471805599453
2831,2,1.0986122886681098
2832,16,2.833213344056216
2833,105,4.663439094112067
2834,3,1.3862943611198906
2835,2,1.0986122886681098
2836,1,0.6931471805599453
2837,4,1.6094379124341003
2838,1,0.6931471805599453
2839,1,0.6931471805599453
2840,7,2.0794415416798357
2841,1,0.6931471805599453
2842,27,3.332204510175204
2843,1,0.6931471805599453
2844,2,1.0986122886681098
2845,1,0.6931471805599453
2846,7,2.0794415416798357
2847,3,1.3862943611198906
2848,1,0.6931471805599453
2849,1,0.6931471805599453
2850,2,1.0986122886681098
2851,1,0.6931471805599453
2852,6,1.9459101490553132
2853,1,0.6931471805599453
2854,1,0.6931471805599453
2855,3,1.3862943611198906
2856,1,0.6931471805599453
2857,9,2.302585092994046
2858,8,2.1972245773362196
2859,2,1.0986122886681098
2860,7,2.0794415416798357
2861,2,1.0986122886681098
2862,1,0.6931471805599453
2863,1,0.6931471805599453
2864,21,3.091042453358316
2865,17,2.8903717578961645
2866,1,0.6931471805599453
2867,2,1.0986122886681098
2868,1,0.6931471805599453
2869,1,0.6931471805599453
2870,3,1.3862943611198906
2871,1,0.6931471805599453
2872,2,1.0986122886681098
2873,5,1.791759469228055
2874,1,0.6931471805599453
2875,5,1.791759469228055
2876,6,1.9459101490553132
2877,2,1.0986122886681098
2878,1,0.6931471805599453
2879,3,1.3862943611198906
2880,6,1.9459101490553132
2881,2,1.0986122886681098
2882,78,4.3694478524670215
2883,2,1.0986122886681098
2884,1,0.6931471805599453
2885,1,0.6931471805599453
2886,16,2.833213344056216
2887,11,2.4849066497880004
2888,1,0.6931471805599453
2889,1,0.6931471805599453
2890,10,2.3978952727983707
2891,1,0.6931471805599453
2892,1,0.6931471805599453
2893,1,0.6931471805599453
2894,1,0.6931471805599453
2895,46,3.8501476017100584
2896,6,1.9459101490553132
2897,1,0.6931471805599453
2898,1,0.6931471805599453
2899,14,2.70805020110221
2900,3,1.3862943611198906
2901,1,0.6931471805599453
2902,4,1.6094379124341003
2903,4,1.6094379124341003
2904,1,0.6931471805599453
2905,3,1.3862943611198906
2906,6,1.9459101490553132
2907,5,1.791759469228055
2908,12,2.5649493574615367
2909,3,1.3862943611198906
2910,5,1.791759469228055
2911,1,0.6931471805599453
2912,1,0.6931471805599453
2913,3,1.3862943611198906
2914,23,3.1780538303479458
2915,2,1.0986122886681098
2916,1,0.6931471805599453
2917,38,3.6635616461296463
2918,63,4.1588830833596715
2919,2,1.0986122886681098
2920,6,1.9459101490553132
2921,4,1.6094379124341003
2922,1,0.6931471805599453
2923,8,2.1972245773362196
2924,2,1.0986122886681098
2925,4,1.6094379124341003
2926,28,3.367295829986474
2927,1,0.6931471805599453
2928,6,1.9459101490553132
2929,1,0.6931471805599453
2930,4,1.6094379124341003
2931,2,1.0986122886681098
2932,15,2.772588722239781
2933,2,1.0986122886681098
2934,1,0.6931471805599453
2935,2,1.0986122886681098
2936,5,1.791759469228055
2937,1,0.6931471805599453
2938,96,4.574710978503383
2939,3,1.3862943611198906
2940,3,1.3862943611198906
2941,1,0.6931471805599453
2942,4,1.6094379124341003
2943,1,0.6931471805599453
2944,12,2.5649493574615367
2945,1,0.6931471805599453
2946,4,1.6094379124341003
2947,2,1.0986122886681098
2948,7,2.0794415416798357
2949,3,1.3862943611198906
2950,1,0.6931471805599453
2951,104,4.653960350157523
2952,1,0.6931471805599453
2953,1,0.6931471805599453
2954,1,0.6931471805599453
2955,1,0.6931471805599453
2956,1,0.6931471805599453
2957,2,1.0986122886681098
2958,5,1.791759469228055
2959,1,0.6931471805599453
2960,3,1.3862943611198906
2961,13,2.6390573296152584
2962,27,3.332204510175204
2963,1,0.6931471805599453
2964,74,4.31748811353631
2965,8,2.1972245773362196
2966,1,0.6931471805599453
2967,3,1.3862943611198906
2968,3,1.3862943611198906
2969,5,1.791759469228055
2970,2,1.0986122886681098
2971,3,1.3862943611198906
2972,3,1.3862943611198906
2973,1,0.6931471805599453
2974,1,0.6931471805599453
2975,2,1.0986122886681098
2976,1,0.6931471805599453
2977,2,1.0986122886681098
2978,11,2.4849066497880004
2979,2,1.0986122886681098
2980,1,0.6931471805599453
2981,32,3.4965075614664802
2982,1,0.6931471805599453
2983,5,1.791759469228055
2984,2,1.0986122886681098
2985,82,4.418840607796598
2986,1,0.6931471805599453
2987,2,1.0986122886681098
2988,3,1.3862943611198906
2989,1,0.6931471805599453
2990,2,1.0986122886681098
2991,1,0.6931471805599453
2992,6,1.9459101490553132
2993,2,1.0986122886681098
2994,2,1.0986122886681098
2995,1,0.6931471805599453
2996,1,0.6931471805599453
2997,2,1.0986122886681098
2998,5,1.791759469228055
2999,1,0.6931471805599453
3000,1,0.6931471805599453
3001,1,0.6931471805599453
3002,3,1.3862943611198906
3003,3,1.3862943611198906
3004,4,1.6094379124341003
3005,8,2.1972245773362196
3006,2,1.0986122886681098
3007,61,4.127134385045092
3008,1,0.6931471805599453
3009,2,1.0986122886681098
3010,1,0.6931471805599453
3011,4,1.6094379124341003
3012,1,0.6931471805599453
3013,3,1.3862943611198906
3014,1,0.6931471805599453
3015,1,0.6931471805599453
3016,2,1.0986122886681098
3017,1,0.6931471805599453
3018,59,4.0943445622221
3019,1,0.6931471805599453
3020,48,3.8918202981106265
3021,1,0.6931471805599453
3022,1,0.6931471805599453
3023,1,0.6931471805599453
3024,33,3.5263605246161616
3025,3,1.3862943611198906
3026,16,2.833213344056216
3027,1,0.6931471805599453
3028,1,0.6931471805599453
3029,3,1.3862943611198906
3030,2,1.0986122886681098
3031,5,1.791759469228055
3032,3,1.3862943611198906
3033,2,1.0986122886681098
3034,13,2.6390573296152584
3035,1,0.6931471805599453
3036,1,0.6931471805599453
3037,4,1.6094379124341003
3038,52,3.970291913552122
3039,10,2.3978952727983707
3040,1,0.6931471805599453
3041,25,3.258096538021482
3042,1,0.6931471805599453
3043,15,2.772588722239781
3044,1,0.6931471805599453
3045,4,1.6094379124341003
3046,1,0.6931471805599453
3047,27,3.332204510175204
3048,7,2.0794415416798357
3049,12,2.5649493574615367
3050,1,0.6931471805599453
3051,1,0.6931471805599453
3052,3,1.3862943611198906
3053,2,1.0986122886681098
3054,3,1.3862943611198906
3055,1,0.6931471805599453
3056,24,3.2188758248682006
3057,1,0.6931471805599453
3058,3,1.3862943611198906
3059,1,0.6931471805599453
3060,79,4.382026634673881
3061,3,1.3862943611198906
3062,1,0.6931471805599453
3063,11,2.4849066497880004
3064,1,0.6931471805599453
3065,3,1.3862943611198906
3066,1,0.6931471805599453
3067,1,0.6931471805599453
3068,60,4.110873864173311
3069,1,0.6931471805599453
3070,2,1.0986122886681098
3071,11,2.4849066497880004
3072,1,0.6931471805599453
3073,1,0.6931471805599453
3074,2,1.0986122886681098
3075,2,1.0986122886681098
3076,30,3.4339872044851463
3077,13,2.6390573296152584
3078,2,1.0986122886681098
3079,2,1.0986122886681098
3080,1,0.6931471805599453
3081,1,0.6931471805599453
3082,4,1.6094379124341003
3083,1,0.6931471805599453
3084,1,0.6931471805599453
3085,47,3.871201010907891
3086,2,1.0986122886681098
3087,6,1.9459101490553132
3088,1,0.6931471805599453
3089,1,0.6931471805599453
3090,1,0.6931471805599453
3091,91,4.5217885770490405
3092,1,0.6931471805599453
3093,21,3.091042453358316
3094,4,1.6094379124341003
3095,18,2.9444389791664403
3096,16,2.833213344056216
3097,1,0.6931471805599453
3098,62,4.143134726391533
3099,1,0.6931471805599453
3100,2,1.0986122886681098
3101,1,0.6931471805599453
3102,1,0.6931471805599453
3103,1,0.6931471805599453
3104,9,2.302585092994046
3105,20,3.044522437723423
3106,7,2.0794415416798357
3107,3,1.3862943611198906
3108,1,0.6931471805599453
3109,17,2.8903717578961645
3110,1,0.6931471805599453
3111,3,1.3862943611198906
3112,1,0.6931471805599453
3113,7,2.0794415416798357
3114,2,1.0986122886681098
3115,4,1.6094379124341003
3116,1,0.6931471805599453
3117,2,1.0986122886681098
3118,10,2.3978952727983707
3119,2,1.0986122886681098
3120,12,2.5649493574615367
3121,5,1.791759469228055
3122,1,0.6931471805599453
3123,3,1.3862943611198906
3124,1,0.6931471805599453
3125,1,0.6931471805599453
3126,7,2.0794415416798357
3127,6,1.9459101490553132
3128,7,2.0794415416798357
3129,2,1.0986122886681098
3130,1,0.6931471805599453
3131,10,2.3978952727983707
3132,3,1.3862943611198906
3133,1,0.6931471805599453
3134,9,2.302585092994046
3135,10,2.3978952727983707
3136,1,0.6931471805599453
3137,4,1.6094379124341003
3138,26,3.295836866004329
3139,18,2.9444389791664403
3140,1,0.6931471805599453
3141,2,1.0986122886681098
3142,1,0.6931471805599453
3143,2,1.0986122886681098
3144,1,0.6931471805599453
3145,2,1.0986122886681098
3146,3,1.3862943611198906
3147,68,4.23410650459726
3148,1,0.6931471805599453
3149,3,1.3862943611198906
3150,2,1.0986122886681098
3151,5,1.791759469228055
3152,3,1.3862943611198906
3153,1,0.6931471805599453
3154,4,1.6094379124341003
3155,1,0.6931471805599453
3156,107,4.68213122712422
3157,6,1.9459101490553132
3158,2,1.0986122886681098
3159,10,2.3978952727983707
3160,8,2.1972245773362196
3161,1,0.6931471805599453
3162,4,1.6094379124341003
3163,32,3.4965075614664802
3164,1,0.6931471805599453
3165,3,1.3862943611198906
3166,2,1.0986122886681098
3167,5,1.791759469228055
3168,1,0.6931471805599453
3169,3,1.3862943611198906
3170,64,4.174387269895637
3171,22,3.1354942159291497
3172,1,0.6931471805599453
3173,1,0.6931471805599453
3174,62,4.143134726391533
3175,38,3.6635616461296463
3176,6,1.9459101490553132
3177,3,1.3862943611198906
3178,208,5.342334251964811
3179,25,3.258096538021482
3180,3,1.3862943611198906
3181,2,1.0986122886681098
3182,1,0.6931471805599453
3183,2,1.0986122886681098
3184,1,0.6931471805599453
3185,1,0.6931471805599453
3186,4,1.6094379124341003
3187,12,2.5649493574615367
3188,2,1.0986122886681098
3189,1,0.6931471805599453
3190,18,2.9444389791664403
3191,11,2.4849066497880004
3192,2,1.0986122886681098
3193,9,2.302585092994046
3194,1,0.6931471805599453
3195,4,1.6094379124341003
3196,1,0.6931471805599453
3197,1,0.6931471805599453
3198,3,1.3862943611198906
3199,6,1.9459101490553132
3200,5,1.791759469228055
3201,2,1.0986122886681098
3202,5,1.791759469228055
3203,113,4.736198448394496
3204,129,4.867534450455582
3205,4,1.6094379124341003
3206,2,1.0986122886681098
3207,1,0.6931471805599453
3208,30,3.4339872044851463
3209,16,2.833213344056216
3210,3,1.3862943611198906
3211,28,3.367295829986474
3212,2,1.0986122886681098
3213,5,1.791759469228055
3214,1,0.6931471805599453
3215,1,0.6931471805599453
3216,6,1.9459101490553132
3217,10,2.3978952727983707
3218,3,1.3862943611198906
3219,4,1.6094379124341003
3220,2,1.0986122886681098
3221,4,1.6094379124341003
3222,39,3.6888794541139363
3223,9,2.302585092994046
3224,21,3.091042453358316
3225,2,1.0986122886681098
3226,2,1.0986122886681098
3227,1,0.6931471805599453
3228,2,1.0986122886681098
3229,8,2.1972245773362196
3230,2,1.0986122886681098
3231,3,1.3862943611198906
3232,2,1.0986122886681098
3233,1,0.6931471805599453
3234,5,1.791759469228055
3235,3,1.3862943611198906
3236,1,0.6931471805599453
3237,2,1.0986122886681098
3238,3,1.3862943611198906
3239,1,0.6931471805599453
3240,36,3.6109179126442243
3241,3,1.3862943611198906
3242,1,0.6931471805599453
3243,10,2.3978952727983707
3244,28,3.367295829986474
3245,3,1.3862943611198906
3246,1,0.6931471805599453
3247,1,0.6931471805599453
3248,1,0.6931471805599453
3249,1,0.6931471805599453
3250,1,0.6931471805599453
3251,9,2.302585092994046
3252,2,1.0986122886681098
3253,29,3.4011973816621555
3254,1,0.6931471805599453
3255,1,0.6931471805599453
3256,40,3.713572066704308
3257,1,0.6931471805599453
3258,18,2.9444389791664403
3259,1,0.6931471805599453
3260,7,2.0794415416798357
3261,1,0.6931471805599453
3262,1,0.6931471805599453
3263,1,0.6931471805599453
3264,1,0.6931471805599453
3265,6,1.9459101490553132
3266,3,1.3862943611198906
3267,5,1.791759469228055
3268,1,0.6931471805599453
3269,2,1.0986122886681098
3270,1,0.6931471805599453
3271,7,2.0794415416798357
3272,3,1.3862943611198906
3273,1,0.6931471805599453
3274,1,0.6931471805599453
3275,1,0.6931471805599453
3276,36,3.6109179126442243
3277,3,1.3862943611198906
3278,14,2.70805020110221
3279,3,1.3862943611198906
3280,35,3.58351893845611
3281,3,1.3862943611198906
3282,8,2.1972245773362196
3283,1,0.6931471805599453
3284,1,0.6931471805599453
3285,9,2.302585092994046
3286,2,1.0986122886681098
3287,1,0.6931471805599453
3288,1,0.6931471805599453
3289,8,2.1972245773362196
3290,2,1.0986122886681098
3291,147,4.997212273764115
3292,1,0.6931471805599453
3293,1,0.6931471805599453
3294,1,0.6931471805599453
3295,10,2.3978952727983707
3296,34,3.5553480614894135
3297,1,0.6931471805599453
3298,21,3.091042453358316
3299,1,0.6931471805599453
3300,1,0.6931471805599453
3301,2,1.0986122886681098
3302,3,1.3862943611198906
3303,2,1.0986122886681098
3304,1,0.6931471805599453
3305,5,1.791759469228055
3306,3,1.3862943611198906
3307,4,1.6094379124341003
3308,31,3.4657359027997265
3309,27,3.332204510175204
3310,3,1.3862943611198906
3311,1,0.6931471805599453
3312,1,0.6931471805599453
3313,4,1.6094379124341003
3314,1,0.6931471805599453
3315,25,3.258096538021482
3316,1,0.6931471805599453
3317,1,0.6931471805599453
3318,2,1.0986122886681098
3319,37,3.6375861597263857
3320,1,0.6931471805599453
3321,2,1.0986122886681098
3322,3,1.3862943611198906
3323,1,0.6931471805599453
3324,7,2.0794415416798357
3325,1,0.6931471805599453
3326,52,3.970291913552122
3327,15,2.772588722239781
3328,1,0.6931471805599453
3329,53,3.9889840465642745
3330,2,1.0986122886681098
3331,3,1.3862943611198906
3332,1,0.6931471805599453
3333,1,0.6931471805599453
3334,1,0.6931471805599453
3335,2,1.0986122886681098
3336,1,0.6931471805599453
3337,1,0.6931471805599453
3338,2,1.0986122886681098
3339,2,1.0986122886681098
3340,3,1.3862943611198906
3341,5,1.791759469228055
3342,1,0.6931471805599453
3343,17,2.8903717578961645
3344,2,1.0986122886681098
3345,1,0.6931471805599453
3346,2,1.0986122886681098
3347,3,1.3862943611198906
3348,28,3.367295829986474
3349,111,4.718498871295094
3350,9,2.302585092994046
3351,1,0.6931471805599453
3352,1,0.6931471805599453
3353,2,1.0986122886681098
3354,1,0.6931471805599453
3355,8,2.1972245773362196
3356,7,2.0794415416798357
3357,1,0.6931471805599453
3358,1,0.6931471805599453
3359,1,0.6931471805599453
3360,1,0.6931471805599453
3361,1,0.6931471805599453
3362,1,0.6931471805599453
3363,1,0.6931471805599453
3364,21,3.091042453358316
3365,1,0.6931471805599453
3366,1,0.6931471805599453
3367,1,0.6931471805599453
3368,8,2.1972245773362196
3369,1,0.6931471805599453
3370,9,2.302585092994046
3371,1,0.6931471805599453
3372,1,0.6931471805599453
3373,1,0.6931471805599453
3374,2,1.0986122886681098
3375,4,1.6094379124341003
3376,1,0.6931471805599453
3377,8,2.1972245773362196
3378,1,0.6931471805599453
3379,3,1.3862943611198906
3380,1,0.6931471805599453
3381,1,0.6931471805599453
3382,43,3.784189633918261
3383,1,0.6931471805599453
3384,27,3.332204510175204
3385,1,0.6931471805599453
3386,1,0.6931471805599453
3387,1,0.6931471805599453
3388,2,1.0986122886681098
3389,2,1.0986122886681098
3390,1,0.6931471805599453
3391,1,0.6931471805599453
3392,1,0.6931471805599453
3393,1,0.6931471805599453
3394,12,2.5649493574615367
3395,31,3.4657359027997265
3396,1,0.6931471805599453
3397,1,0.6931471805599453
3398,6,1.9459101490553132
3399,1,0.6931471805599453
3400,5,1.791759469228055
3401,1,0.6931471805599453
3402,2,1.0986122886681098
3403,16,2.833213344056216
3404,11,2.4849066497880004
3405,11,2.4849066497880004
3406,3,1.3862943611198906
3407,1,0.6931471805599453
3408,3,1.3862943611198906
3409,1,0.6931471805599453
3410,3,1.3862943611198906
3411,54,4.007333185232471
3412,3,1.3862943611198906
3413,1,0.6931471805599453
3414,9,2.302585092994046
3415,2,1.0986122886681098
3416,7,2.0794415416798357
3417,41,3.7376696182833684
3418,1,0.6931471805599453
3419,68,4.23410650459726
3420,1,0.6931471805599453
3421,1,0.6931471805599453
3422,5,1.791759469228055
3423,1,0.6931471805599453
3424,9,2.302585092994046
3425,8,2.1972245773362196
3426,5,1.791759469228055
3427,80,4.394449154672439
3428,1,0.6931471805599453
3429,64,4.174387269895637
3430,3,1.3862943611198906
3431,8,2.1972245773362196
3432,1,0.6931471805599453
3433,20,3.044522437723423
3434,1,0.6931471805599453
3435,55,4.02535169073515
3436,1,0.6931471805599453
3437,3,1.3862943611198906
3438,1,0.6931471805599453
3439,9,2.302585092994046
3440,5,1.791759469228055
3441,148,5.003946305945459
3442,2,1.0986122886681098
3443,1,0.6931471805599453
3444,1,0.6931471805599453
3445,14,2.70805020110221
3446,4,1.6094379124341003
3447,1,0.6931471805599453
3448,1,0.6931471805599453
3449,2,1.0986122886681098
3450,4,1.6094379124341003
3451,1,0.6931471805599453
3452,160,5.081404364984463
3453,2,1.0986122886681098
3454,7,2.0794415416798357
3455,5,1.791759469228055
3456,1,0.6931471805599453
3457,1,0.6931471805599453
3458,1,0.6931471805599453
3459,3,1.3862943611198906
3460,2,1.0986122886681098
3461,13,2.6390573296152584
3462,13,2.6390573296152584
3463,13,2.6390573296152584
3464,2,1.0986122886681098
3465,2,1.0986122886681098
3466,3,1.3862943611198906
3467,5,1.791759469228055
3468,30,3.4339872044851463
3469,3,1.3862943611198906
3470,1,0.6931471805599453
3471,3,1.3862943611198906
3472,2,1.0986122886681098
3473,11,2.4849066497880004
3474,2,1.0986122886681098
3475,5,1.791759469228055
3476,3,1.3862943611198906
3477,1,0.6931471805599453
3478,5,1.791759469228055
3479,1,0.6931471805599453
3480,1,0.6931471805599453
3481,3,1.3862943611198906
3482,49,3.912023005428146
3483,1,0.6931471805599453
3484,1,0.6931471805599453
3485,1,0.6931471805599453
3486,1,0.6931471805599453
3487,2,1.0986122886681098
3488,1,0.6931471805599453
3489,5,1.791759469228055
3490,14,2.70805020110221
3491,1,0.6931471805599453
3492,1,0.6931471805599453
3493,33,3.5263605246161616
3494,2,1.0986122886681098
3495,1,0.6931471805599453
3496,5,1.791759469228055
3497,3,1.3862943611198906
3498,2,1.0986122886681098
3499,1,0.6931471805599453
3500,10,2.3978952727983707
3501,39,3.6888794541139363
3502,1,0.6931471805599453
3503,2,1.0986122886681098
3504,30,3.4339872044851463
3505,1,0.6931471805599453
3506,3,1.3862943611198906
3507,1,0.6931471805599453
3508,1,0.6931471805599453
3509,8,2.1972245773362196
3510,2,1.0986122886681098
3511,1,0.6931471805599453
3512,6,1.9459101490553132
3513,13,2.6390573296152584
3514,5,1.791759469228055
3515,1,0.6931471805599453
3516,30,3.4339872044851463
3517,100,4.61512051684126
3518,10,2.3978952727983707
3519,5,1.791759469228055
3520,1,0.6931471805599453
3521,2,1.0986122886681098
3522,1,0.6931471805599453
3523,34,3.5553480614894135
3524,4,1.6094379124341003
3525,1,0.6931471805599453
3526,3,1.3862943611198906
3527,6,1.9459101490553132
3528,3,1.3862943611198906
3529,1,0.6931471805599453
3530,3,1.3862943611198906
3531,2,1.0986122886681098
3532,5,1.791759469228055
3533,12,2.5649493574615367
3534,4,1.6094379124341003
3535,2,1.0986122886681098
3536,3,1.3862943611198906
3537,2,1.0986122886681098
3538,1,0.6931471805599453
3539,1,0.6931471805599453
3540,2,1.0986122886681098
3541,14,2.70805020110221
3542,3,1.3862943611198906
3543,11,2.4849066497880004
3544,58,4.07753744390572
3545,2,1.0986122886681098
3546,7,2.0794415416798357
3547,2,1.0986122886681098
3548,3,1.3862943611198906
3549,6,1.9459101490553132
3550,1,0.6931471805599453
3551,37,3.6375861597263857
3552,8,2.1972245773362196
3553,2,1.0986122886681098
3554,2,1.0986122886681098
3555,1,0.6931471805599453
3556,1,0.6931471805599453
3557,51,3.9512437185814275
3558,5,1.791759469228055
3559,2,1.0986122886681098
3560,1,0.6931471805599453
3561,1,0.6931471805599453
3562,55,4.02535169073515
3563,1,0.6931471805599453
3564,2,1.0986122886681098
3565,1,0.6931471805599453
3566,1,0.6931471805599453
3567,1,0.6931471805599453
3568,3,1.3862943611198906
3569,1,0.6931471805599453
3570,11,2.4849066497880004
3571,5,1.791759469228055
3572,4,1.6094379124341003
3573,38,3.6635616461296463
3574,18,2.9444389791664403
3575,3,1.3862943611198906
3576,1,0.6931471805599453
3577,3,1.3862943611198906
3578,1,0.6931471805599453
3579,2,1.0986122886681098
3580,1,0.6931471805599453
3581,1,0.6931471805599453
3582,1,0.6931471805599453
3583,17,2.8903717578961645
3584,1,0.6931471805599453
3585,14,2.70805020110221
3586,73,4.30406509320417
3587,1,0.6931471805599453
3588,10,2.3978952727983707
3589,16,2.833213344056216
3590,1,0.6931471805599453
3591,1,0.6931471805599453
3592,3,1.3862943611198906
3593,1,0.6931471805599453
3594,1,0.6931471805599453
3595,5,1.791759469228055
3596,1,0.6931471805599453
3597,1,0.6931471805599453
3598,2,1.0986122886681098
3599,8,2.1972245773362196
3600,1,0.6931471805599453
3601,1,0.6931471805599453
3602,1,0.6931471805599453
3603,1,0.6931471805599453
3604,2,1.0986122886681098
3605,1,0.6931471805599453
3606,1,0.6931471805599453
3607,1,0.6931471805599453
3608,2,1.0986122886681098
3609,4,1.6094379124341003
3610,2,1.0986122886681098
3611,1,0.6931471805599453
3612,4,1.6094379124341003
3613,1,0.6931471805599453
3614,12,2.5649493574615367
3615,2,1.0986122886681098
3616,13,2.6390573296152584
3617,1,0.6931471805599453
3618,1,0.6931471805599453
3619,1,0.6931471805599453
3620,2,1.0986122886681098
3621,5,1.791759469228055
3622,2,1.0986122886681098
3623,4,1.6094379124341003
3624,3,1.3862943611198906
3625,20,3.044522437723423
3626,1,0.6931471805599453
3627,2,1.0986122886681098
3628,2,1.0986122886681098
3629,3,1.3862943611198906
3630,12,2.5649493574615367
3631,2,1.0986122886681098
3632,2,1.0986122886681098
3633,3,1.3862943611198906
3634,3,1.3862943611198906
3635,1,0.6931471805599453
3636,6,1.9459101490553132
3637,1,0.6931471805599453
3638,18,2.9444389791664403
3639,1,0.6931471805599453
3640,7,2.0794415416798357
3641,8,2.1972245773362196
3642,16,2.833213344056216
3643,40,3.713572066704308
3644,1,0.6931471805599453
3645,1,0.6931471805599453
3646,1,0.6931471805599453
3647,2,1.0986122886681098
3648,242,5.493061443340548
3649,1,0.6931471805599453
3650,11,2.4849066497880004
3651,2,1.0986122886681098
3652,1,0.6931471805599453
3653,158,5.0689042022202315
3654,1,0.6931471805599453
3655,1,0.6931471805599453
3656,3,1.3862943611198906
3657,3,1.3862943611198906
3658,2,1.0986122886681098
3659,1,0.6931471805599453
3660,2,1.0986122886681098
3661,1,0.6931471805599453
3662,3,1.3862943611198906
3663,115,4.7535901911063645
3664,35,3.58351893845611
3665,1,0.6931471805599453
3666,3,1.3862943611198906
3667,3,1.3862943611198906
3668,3,1.3862943611198906
3669,1,0.6931471805599453
3670,1,0.6931471805599453
3671,1,0.6931471805599453
3672,1,0.6931471805599453
3673,3,1.3862943611198906
3674,1,0.6931471805599453
3675,3,1.3862943611198906
3676,3,1.3862943611198906
3677,2,1.0986122886681098
3678,1,0.6931471805599453
3679,4,1.6094379124341003
3680,15,2.772588722239781
3681,3,1.3862943611198906
3682,1,0.6931471805599453
3683,8,2.1972245773362196
3684,1,0.6931471805599453
3685,1,0.6931471805599453
3686,1,0.6931471805599453
3687,1,0.6931471805599453
3688,2,1.0986122886681098
3689,3,1.3862943611198906
3690,1,0.6931471805599453
3691,1,0.6931471805599453
3692,2,1.0986122886681098
3693,5,1.791759469228055
3694,89,4.499809670330265
3695,1,0.6931471805599453
3696,1,0.6931471805599453
3697,1,0.6931471805599453
3698,1,0.6931471805599453
3699,11,2.4849066497880004
3700,7,2.0794415416798357
3701,1,0.6931471805599453
3702,1,0.6931471805599453
3703,1,0.6931471805599453
3704,1,0.6931471805599453
3705,1,0.6931471805599453
3706,1,0.6931471805599453
3707,4,1.6094379124341003
3708,5,1.791759469228055
3709,2,1.0986122886681098
3710,53,3.9889840465642745
3711,1,0.6931471805599453
3712,1,0.6931471805599453
3713,1,0.6931471805599453
3714,1,0.6931471805599453
3715,51,3.9512437185814275
3716,1,0.6931471805599453
3717,9,2.302585092994046
3718,1,0.6931471805599453
3719,2,1.0986122886681098
3720,3,1.3862943611198906
3721,10,2.3978952727983707
3722,1,0.6931471805599453
3723,1,0.6931471805599453
3724,1,0.6931471805599453
3725,1,0.6931471805599453
3726,1,0.6931471805599453
3727,17,2.8903717578961645
3728,5,1.791759469228055
3729,2,1.0986122886681098
3730,1,0.6931471805599453
3731,1,0.6931471805599453
3732,1,0.6931471805599453
3733,12,2.5649493574615367
3734,1,0.6931471805599453
3735,1,0.6931471805599453
3736,1,0.6931471805599453
3737,3,1.3862943611198906
3738,4,1.6094379124341003
3739,1,0.6931471805599453
3740,39,3.6888794541139363
3741,2,1.0986122886681098
3742,1,0.6931471805599453
3743,1,0.6931471805599453
3744,3,1.3862943611198906
3745,5,1.791759469228055
3746,2,1.0986122886681098
3747,2,1.0986122886681098
3748,2,1.0986122886681098
3749,3,1.3862943611198906
3750,15,2.772588722239781
3751,42,3.7612001156935624
3752,1,0.6931471805599453
3753,1,0.6931471805599453
3754,3,1.3862943611198906
3755,1,0.6931471805599453
3756,34,3.5553480614894135
3757,1,0.6931471805599453
3758,5,1.791759469228055
3759,21,3.091042453358316
3760,2,1.0986122886681098
3761,1,0.6931471805599453
3762,1,0.6931471805599453
3763,1,0.6931471805599453
3764,2,1.0986122886681098
3765,1,0.6931471805599453
3766,2,1.0986122886681098
3767,5,1.791759469228055
3768,1,0.6931471805599453
3769,1,0.6931471805599453
3770,32,3.4965075614664802
3771,8,2.1972245773362196
3772,1,0.6931471805599453
3773,7,2.0794415416798357
3774,3,1.3862943611198906
3775,1,0.6931471805599453
3776,2,1.0986122886681098
3777,1,0.6931471805599453
3778,1,0.6931471805599453
3779,61,4.127134385045092
3780,1,0.6931471805599453
3781,1,0.6931471805599453
3782,7,2.0794415416798357
3783,4,1.6094379124341003
3784,3,1.3862943611198906
3785,3,1.3862943611198906
3786,1,0.6931471805599453
3787,1,0.6931471805599453
3788,8,2.1972245773362196
3789,2,1.0986122886681098
3790,1,0.6931471805599453
3791,2,1.0986122886681098
3792,1,0.6931471805599453
3793,1,0.6931471805599453
3794,5,1.791759469228055
3795,2,1.0986122886681098
3796,42,3.7612001156935624
3797,2,1.0986122886681098
3798,1,0.6931471805599453
3799,5,1.791759469228055
3800,24,3.2188758248682006
3801,14,2.70805020110221
3802,2,1.0986122886681098
3803,2,1.0986122886681098
3804,1,0.6931471805599453
3805,5,1.791759469228055
3806,2,1.0986122886681098
3807,1,0.6931471805599453
3808,3,1.3862943611198906
3809,2,1.0986122886681098
3810,1,0.6931471805599453
3811,12,2.5649493574615367
3812,1,0.6931471805599453
3813,51,3.9512437185814275
3814,134,4.90527477843843
3815,29,3.4011973816621555
3816,7,2.0794415416798357
3817,1,0.6931471805599453
3818,28,3.367295829986474
3819,2,1.0986122886681098
3820,1,0.6931471805599453
3821,2,1.0986122886681098
3822,3,1.3862943611198906
3823,7,2.0794415416798357
3824,39,3.6888794541139363
3825,2,1.0986122886681098
3826,3,1.3862943611198906
3827,1,0.6931471805599453
3828,1,0.6931471805599453
3829,8,2.1972245773362196
3830,1,0.6931471805599453
3831,1,0.6931471805599453
3832,1,0.6931471805599453
3833,3,1.3862943611198906
3834,1,0.6931471805599453
3835,1,0.6931471805599453
3836,1,0.6931471805599453
3837,1,0.6931471805599453
3838,2,1.0986122886681098
3839,2,1.0986122886681098
3840,38,3.6635616461296463
3841,1,0.6931471805599453
3842,28,3.367295829986474
3843,1,0.6931471805599453
3844,2,1.0986122886681098
3845,2,1.0986122886681098
3846,1,0.6931471805599453
3847,1,0.6931471805599453
3848,3,1.3862943611198906
3849,34,3.5553480614894135
3850,22,3.1354942159291497
3851,5,1.791759469228055
3852,11,2.4849066497880004
3853,1,0.6931471805599453
3854,2,1.0986122886681098
3855,31,3.4657359027997265
3856,1,0.6931471805599453
3857,5,1.791759469228055
3858,1,0.6931471805599453
3859,3,1.3862943611198906
3860,10,2.3978952727983707
3861,1,0.6931471805599453
3862,2,1.0986122886681098
3863,147,4.997212273764115
3864,3,1.3862943611198906
3865,2,1.0986122886681098
3866,1,0.6931471805599453
3867,1,0.6931471805599453
3868,1,0.6931471805599453
3869,1,0.6931471805599453
3870,24,3.2188758248682006
3871,1,0.6931471805599453
3872,23,3.1780538303479458
3873,5,1.791759469228055
3874,1,0.6931471805599453
3875,2,1.0986122886681098
3876,1,0.6931471805599453
3877,1,0.6931471805599453
3878,7,2.0794415416798357
3879,3,1.3862943611198906
3880,2,1.0986122886681098
3881,1,0.6931471805599453
3882,1,0.6931471805599453
3883,1,0.6931471805599453
3884,1,0.6931471805599453
3885,7,2.0794415416798357
3886,1,0.6931471805599453
3887,6,1.9459101490553132
3888,36,3.6109179126442243
3889,3,1.3862943611198906
3890,13,2.6390573296152584
3891,1,0.6931471805599453
3892,2,1.0986122886681098
3893,1,0.6931471805599453
3894,6,1.9459101490553132
3895,1,0.6931471805599453
3896,1,0.6931471805599453
3897,7,2.0794415416798357
3898,1,0.6931471805599453
3899,1,0.6931471805599453
3900,1,0.6931471805599453
3901,4,1.6094379124341003
3902,3,1.3862943611198906
3903,1,0.6931471805599453
3904,4,1.6094379124341003
3905,1,0.6931471805599453
3906,1,0.6931471805599453
3907,1,0.6931471805599453
3908,1,0.6931471805599453
3909,2,1.0986122886681098
3910,44,3.8066624897703196
3911,1,0.6931471805599453
3912,23,3.1780538303479458
3913,3,1.3862943611198906
3914,34,3.5553480614894135
3915,11,2.4849066497880004
3916,1,0.6931471805599453
3917,1,0.6931471805599453
3918,1,0.6931471805599453
3919,1,0.6931471805599453
3920,2,1.0986122886681098
3921,1,0.6931471805599453
3922,3,1.3862943611198906
3923,1,0.6931471805599453
3924,1,0.6931471805599453
3925,33,3.5263605246161616
3926,47,3.871201010907891
3927,3,1.3862943611198906
3928,1,0.6931471805599453
3929,9,2.302585092994046
3930,34,3.5553480614894135
3931,5,1.791759469228055
3932,3,1.3862943611198906
3933,1,0.6931471805599453
3934,2,1.0986122886681098
3935,1,0.6931471805599453
3936,1,0.6931471805599453
3937,10,2.3978952727983707
3938,1,0.6931471805599453
3939,3,1.3862943611198906
3940,1,0.6931471805599453
3941,3,1.3862943611198906
3942,4,1.6094379124341003
3943,2,1.0986122886681098
3944,2,1.0986122886681098
3945,8,2.1972245773362196
3946,2,1.0986122886681098
3947,1,0.6931471805599453
3948,17,2.8903717578961645
3949,2,1.0986122886681098
3950,2,1.0986122886681098
3951,1,0.6931471805599453
3952,5,1.791759469228055
3953,2,1.0986122886681098
3954,2,1.0986122886681098
3955,1,0.6931471805599453
3956,1,0.6931471805599453
3957,1,0.6931471805599453
3958,1,0.6931471805599453
3959,1,0.6931471805599453
3960,1,0.6931471805599453
3961,36,3.6109179126442243
3962,2,1.0986122886681098
3963,41,3.7376696182833684
3964,1,0.6931471805599453
3965,1,0.6931471805599453
3966,1,0.6931471805599453
3967,7,2.0794415416798357
3968,3,1.3862943611198906
3969,1,0.6931471805599453
3970,5,1.791759469228055
3971,6,1.9459101490553132
3972,1,0.6931471805599453
3973,11,2.4849066497880004
3974,2,1.0986122886681098
3975,1,0.6931471805599453
3976,2,1.0986122886681098
3977,1,0.6931471805599453
3978,2,1.0986122886681098
3979,3,1.3862943611198906
3980,31,3.4657359027997265
3981,2,1.0986122886681098
3982,1,0.6931471805599453
3983,5,1.791759469228055
3984,2,1.0986122886681098
3985,17,2.8903717578961645
3986,46,3.8501476017100584
3987,3,1.3862943611198906
3988,1,0.6931471805599453
3989,1,0.6931471805599453
3990,1,0.6931471805599453
3991,33,3.5263605246161616
3992,2,1.0986122886681098
3993,1,0.6931471805599453
3994,24,3.2188758248682006
3995,1,0.6931471805599453
3996,1,0.6931471805599453
3997,1,0.6931471805599453
3998,38,3.6635616461296463
3999,5,1.791759469228055
4000,5,1.791759469228055
4001,34,3.5553480614894135
4002,30,3.4339872044851463
4003,2,1.0986122886681098
4004,12,2.5649493574615367
4005,9,2.302585092994046
4006,11,2.4849066497880004
4007,10,2.3978952727983707
4008,3,1.3862943611198906
4009,20,3.044522437723423
4010,1,0.6931471805599453
4011,2,1.0986122886681098
4012,1,0.6931471805599453
4013,74,4.31748811353631
4014,1,0.6931471805599453
4015,1,0.6931471805599453
4016,2,1.0986122886681098
4017,1,0.6931471805599453
4018,2,1.0986122886681098
4019,1,0.6931471805599453
4020,1,0.6931471805599453
4021,3,1.3862943611198906
4022,1,0.6931471805599453
4023,16,2.833213344056216
4024,5,1.791759469228055
4025,2,1.0986122886681098
4026,5,1.791759469228055
4027,1,0.6931471805599453
4028,4,1.6094379124341003
4029,2,1.0986122886681098
4030,2,1.0986122886681098
4031,1,0.6931471805599453
4032,2,1.0986122886681098
4033,2,1.0986122886681098
4034,2,1.0986122886681098
4035,15,2.772588722239781
4036,1,0.6931471805599453
4037,1,0.6931471805599453
4038,22,3.1354942159291497
4039,9,2.302585092994046
4040,1,0.6931471805599453
4041,2,1.0986122886681098
4042,2,1.0986122886681098
4043,6,1.9459101490553132
4044,5,1.791759469228055
4045,3,1.3862943611198906
4046,1,0.6931471805599453
4047,2,1.0986122886681098
4048,3,1.3862943611198906
4049,1,0.6931471805599453
4050,33,3.5263605246161616
4051,4,1.6094379124341003
4052,1,0.6931471805599453
4053,1,0.6931471805599453
4054,1,0.6931471805599453
4055,4,1.6094379124341003
4056,3,1.3862943611198906
4057,3,1.3862943611198906
4058,2,1.0986122886681098
4059,1,0.6931471805599453
4060,3,1.3862943611198906
4061,1,0.6931471805599453
4062,69,4.248495242049359
4063,1,0.6931471805599453
4064,1,0.6931471805599453
4065,33,3.5263605246161616
4066,2,1.0986122886681098
4067,1,0.6931471805599453
4068,46,3.8501476017100584
4069,1,0.6931471805599453
4070,5,1.791759469228055
4071,1,0.6931471805599453
4072,6,1.9459101490553132
4073,1,0.6931471805599453
4074,13,2.6390573296152584
4075,5,1.791759469228055
4076,1,0.6931471805599453
4077,3,1.3862943611198906
4078,2,1.0986122886681098
4079,1,0.6931471805599453
4080,2,1.0986122886681098
4081,1,0.6931471805599453
4082,1,0.6931471805599453
4083,1,0.6931471805599453
4084,3,1.3862943611198906
4085,1,0.6931471805599453
4086,3,1.3862943611198906
4087,30,3.4339872044851463
4088,3,1.3862943611198906
4089,1,0.6931471805599453
4090,2,1.0986122886681098
4091,1,0.6931471805599453
4092,1,0.6931471805599453
4093,5,1.791759469228055
4094,1,0.6931471805599453
4095,1,0.6931471805599453
4096,1,0.6931471805599453
4097,7,2.0794415416798357
4098,4,1.6094379124341003
4099,1,0.6931471805599453
4100,4,1.6094379124341003
4101,9,2.302585092994046
4102,6,1.9459101490553132
4103,22,3.1354942159291497
4104,6,1.9459101490553132
4105,1,0.6931471805599453
4106,4,1.6094379124341003
4107,3,1.3862943611198906
4108,27,3.332204510175204
4109,1,0.6931471805599453
4110,12,2.5649493574615367
4111,2,1.0986122886681098
4112,1,0.6931471805599453
4113,14,2.70805020110221
4114,2,1.0986122886681098
4115,3,1.3862943611198906
4116,69,4.248495242049359
4117,1,0.6931471805599453
4118,2,1.0986122886681098
4119,1,0.6931471805599453
4120,1,0.6931471805599453
4121,4,1.6094379124341003
4122,3,1.3862943611198906
4123,2,1.0986122886681098
4124,3,1.3862943611198906
4125,9,2.302585092994046
4126,1,0.6931471805599453
4127,1,0.6931471805599453
4128,1,0.6931471805599453
4129,2,1.0986122886681098
4130,1,0.6931471805599453
4131,1,0.6931471805599453
4132,1,0.6931471805599453
4133,11,2.4849066497880004
4134,1,0.6931471805599453
4135,16,2.833213344056216
4136,5,1.791759469228055
4137,7,2.0794415416798357
4138,4,1.6094379124341003
4139,12,2.5649493574615367
4140,28,3.367295829986474
4141,75,4.330733340286331
4142,12,2.5649493574615367
4143,4,1.6094379124341003
4144,1,0.6931471805599453
4145,8,2.1972245773362196
4146,1,0.6931471805599453
4147,1,0.6931471805599453
4148,5,1.791759469228055
4149,1,0.6931471805599453
4150,36,3.6109179126442243
4151,3,1.3862943611198906
4152,1,0.6931471805599453
4153,1,0.6931471805599453
4154,3,1.3862943611198906
4155,1,0.6931471805599453
4156,11,2.4849066497880004
4157,1,0.6931471805599453
4158,8,2.1972245773362196
4159,8,2.1972245773362196
4160,4,1.6094379124341003
4161,3,1.3862943611198906
4162,31,3.4657359027997265
4163,23,3.1780538303479458
4164,1,0.6931471805599453
4165,1,0.6931471805599453
4166,1,0.6931471805599453
4167,9,2.302585092994046
4168,1,0.6931471805599453
4169,1,0.6931471805599453
4170,16,2.833213344056216
4171,1,0.6931471805599453
4172,1,0.6931471805599453
4173,3,1.3862943611198906
4174,1,0.6931471805599453
4175,32,3.4965075614664802
4176,3,1.3862943611198906
4177,64,4.174387269895637
4178,1,0.6931471805599453
4179,1,0.6931471805599453
4180,1,0.6931471805599453
4181,1,0.6931471805599453
4182,2,1.0986122886681098
4183,2,1.0986122886681098
4184,1,0.6931471805599453
4185,14,2.70805020110221
4186,6,1.9459101490553132
4187,159,5.075173815233827
4188,2,1.0986122886681098
4189,1,0.6931471805599453
4190,9,2.302585092994046
4191,1,0.6931471805599453
4192,146,4.990432586778736
4193,2,1.0986122886681098
4194,5,1.791759469228055
4195,4,1.6094379124341003
4196,5,1.791759469228055
4197,2,1.0986122886681098
4198,4,1.6094379124341003
4199,1,0.6931471805599453
4200,1,0.6931471805599453
4201,3,1.3862943611198906
4202,2,1.0986122886681098
4203,3,1.3862943611198906
4204,10,2.3978952727983707
4205,1,0.6931471805599453
4206,1,0.6931471805599453
4207,1,0.6931471805599453
4208,1,0.6931471805599453
4209,20,3.044522437723423
4210,95,4.564348191467836
4211,6,1.9459101490553132
4212,3,1.3862943611198906
4213,1,0.6931471805599453
4214,3,1.3862943611198906
4215,2,1.0986122886681098
4216,9,2.302585092994046
4217,1,0.6931471805599453
4218,9,2.302585092994046
4219,1,0.6931471805599453
4220,117,4.770684624465665
4221,1,0.6931471805599453
4222,17,2.8903717578961645
4223,3,1.3862943611198906
4224,4,1.6094379124341003
4225,2,1.0986122886681098
4226,2,1.0986122886681098
4227,9,2.302585092994046
4228,3,1.3862943611198906
4229,30,3.4339872044851463
4230,3,1.3862943611198906
4231,2,1.0986122886681098
4232,3,1.3862943611198906
4233,1,0.6931471805599453
4234,11,2.4849066497880004
4235,1,0.6931471805599453
4236,21,3.091042453358316
4237,1,0.6931471805599453
4238,1,0.6931471805599453
4239,1,0.6931471805599453
4240,38,3.6635616461296463
4241,1,0.6931471805599453
4242,1,0.6931471805599453
4243,1,0.6931471805599453
4244,2,1.0986122886681098
4245,1,0.6931471805599453
4246,2,1.0986122886681098
4247,4,1.6094379124341003
4248,1,0.6931471805599453
4249,1,0.6931471805599453
4250,1,0.6931471805599453
4251,1,0.6931471805599453
4252,2,1.0986122886681098
4253,1,0.6931471805599453
4254,1,0.6931471805599453
4255,1,0.6931471805599453
4256,1,0.6931471805599453
4257,4,1.6094379124341003
4258,3,1.3862943611198906
4259,1,0.6931471805599453
4260,22,3.1354942159291497
4261,1,0.6931471805599453
4262,12,2.5649493574615367
4263,1,0.6931471805599453
4264,1,0.6931471805599453
4265,1,0.6931471805599453
4266,1,0.6931471805599453
4267,17,2.8903717578961645
4268,3,1.3862943611198906
4269,6,1.9459101490553132
4270,1,0.6931471805599453
4271,1,0.6931471805599453
4272,1,0.6931471805599453
4273,1,0.6931471805599453
4274,60,4.110873864173311
4275,2,1.0986122886681098
4276,2,1.0986122886681098
4277,5,1.791759469228055
4278,8,2.1972245773362196
4279,1,0.6931471805599453
4280,1,0.6931471805599453
4281,1,0.6931471805599453
4282,3,1.3862943611198906
4283,1,0.6931471805599453
4284,2,1.0986122886681098
4285,6,1.9459101490553132
4286,1,0.6931471805599453
4287,3,1.3862943611198906
4288,1,0.6931471805599453
4289,4,1.6094379124341003
4290,34,3.5553480614894135
4291,7,2.0794415416798357
4292,1,0.6931471805599453
4293,40,3.713572066704308
4294,32,3.4965075614664802
4295,1,0.6931471805599453
4296,10,2.3978952727983707
4297,7,2.0794415416798357
4298,1,0.6931471805599453
4299,1,0.6931471805599453
4300,1,0.6931471805599453
4301,5,1.791759469228055
4302,4,1.6094379124341003
4303,2,1.0986122886681098
4304,9,2.302585092994046
4305,1,0.6931471805599453
4306,2,1.0986122886681098
4307,2,1.0986122886681098
4308,2,1.0986122886681098
4309,1,0.6931471805599453
4310,1,0.6931471805599453
4311,1,0.6931471805599453
4312,72,4.290459441148391
4313,8,2.1972245773362196
4314,1,0.6931471805599453
4315,11,2.4849066497880004
4316,1,0.6931471805599453
4317,7,2.0794415416798357
4318,10,2.3978952727983707
4319,1,0.6931471805599453
4320,3,1.3862943611198906
4321,5,1.791759469228055
4322,40,3.713572066704308
4323,2,1.0986122886681098
4324,2,1.0986122886681098
4325,1,0.6931471805599453
4326,5,1.791759469228055
4327,1,0.6931471805599453
4328,21,3.091042453358316
4329,1,0.6931471805599453
4330,1,0.6931471805599453
4331,1,0.6931471805599453
4332,1,0.6931471805599453
4333,2,1.0986122886681098
4334,6,1.9459101490553132
4335,1,0.6931471805599453
4336,1,0.6931471805599453
4337,1,0.6931471805599453
4338,2,1.0986122886681098
4339,1,0.6931471805599453
4340,1,0.6931471805599453
4341,9,2.302585092994046
4342,1,0.6931471805599453
4343,2,1.0986122886681098
4344,6,1.9459101490553132
4345,1,0.6931471805599453
4346,8,2.1972245773362196
4347,2,1.0986122886681098
4348,5,1.791759469228055
4349,3,1.3862943611198906
4350,1,0.6931471805599453
4351,1,0.6931471805599453
4352,6,1.9459101490553132
4353,1,0.6931471805599453
4354,1,0.6931471805599453
4355,97,4.584967478670572
4356,2,1.0986122886681098
4357,13,2.6390573296152584
4358,1,0.6931471805599453
4359,8,2.1972245773362196
4360,2,1.0986122886681098
4361,16,2.833213344056216
4362,10,2.3978952727983707
4363,1,0.6931471805599453
4364,17,2.8903717578961645
4365,4,1.6094379124341003
4366,1,0.6931471805599453
4367,6,1.9459101490553132
4368,1,0.6931471805599453
4369,153,5.0369526024136295
4370,2,1.0986122886681098
4371,5,1.791759469228055
4372,3,1.3862943611198906
4373,34,3.5553480614894135
4374,1,0.6931471805599453
4375,3,1.3862943611198906
4376,6,1.9459101490553132
4377,19,2.995732273553991
4378,1,0.6931471805599453
4379,1,0.6931471805599453
4380,21,3.091042453358316
4381,1,0.6931471805599453
4382,2,1.0986122886681098
4383,4,1.6094379124341003
4384,12,2.5649493574615367
4385,1,0.6931471805599453
4386,17,2.8903717578961645
4387,1,0.6931471805599453
4388,1,0.6931471805599453
4389,5,1.791759469228055
4390,3,1.3862943611198906
4391,1,0.6931471805599453
4392,3,1.3862943611198906
4393,2,1.0986122886681098
4394,2,1.0986122886681098
4395,1,0.6931471805599453
4396,1,0.6931471805599453
4397,1,0.6931471805599453
4398,2,1.0986122886681098
4399,1,0.6931471805599453
4400,21,3.091042453358316
4401,1,0.6931471805599453
4402,1,0.6931471805599453
4403,1,0.6931471805599453
4404,1,0.6931471805599453
4405,1,0.6931471805599453
4406,1,0.6931471805599453
4407,90,4.51085950651685
4408,156,5.056245805348308
4409,2,1.0986122886681098
4410,73,4.30406509320417
4411,1,0.6931471805599453
4412,1,0.6931471805599453
4413,2,1.0986122886681098
4414,2,1.0986122886681098
4415,8,2.1972245773362196
4416,2,1.0986122886681098
4417,3,1.3862943611198906
4418,1,0.6931471805599453
4419,1,0.6931471805599453
4420,4,1.6094379124341003
4421,1,0.6931471805599453
4422,4,1.6094379124341003
4423,20,3.044522437723423
4424,1,0.6931471805599453
4425,1,0.6931471805599453
4426,1,0.6931471805599453
4427,8,2.1972245773362196
4428,1,0.6931471805599453
4429,56,4.04305126783455
4430,2,1.0986122886681098
4431,1,0.6931471805599453
4432,4,1.6094379124341003
4433,1,0.6931471805599453
4434,1,0.6931471805599453
4435,1,0.6931471805599453
4436,24,3.2188758248682006
4437,2,1.0986122886681098
4438,61,4.127134385045092
4439,19,2.995732273553991
4440,1,0.6931471805599453
4441,10,2.3978952727983707
4442,2,1.0986122886681098
4443,39,3.6888794541139363
4444,1,0.6931471805599453
4445,1,0.6931471805599453
4446,6,1.9459101490553132
4447,10,2.3978952727983707
4448,1,0.6931471805599453
4449,4,1.6094379124341003
4450,1,0.6931471805599453
4451,2,1.0986122886681098
4452,119,4.787491742782046
4453,16,2.833213344056216
4454,1,0.6931471805599453
4455,5,1.791759469228055
4456,11,2.4849066497880004
4457,3,1.3862943611198906
4458,61,4.127134385045092
4459,5,1.791759469228055
4460,2,1.0986122886681098
4461,1,0.6931471805599453
4462,1,0.6931471805599453
4463,1,0.6931471805599453
4464,7,2.0794415416798357
4465,2,1.0986122886681098
4466,78,4.3694478524670215
4467,2,1.0986122886681098
4468,3,1.3862943611198906
4469,5,1.791759469228055
4470,39,3.6888794541139363
4471,20,3.044522437723423
4472,8,2.1972245773362196
4473,4,1.6094379124341003
4474,120,4.795790545596741
4475,2,1.0986122886681098
4476,1,0.6931471805599453
4477,1,0.6931471805599453
4478,1,0.6931471805599453
4479,1,0.6931471805599453
4480,1,0.6931471805599453
4481,1,0.6931471805599453
4482,1,0.6931471805599453
4483,1,0.6931471805599453
4484,35,3.58351893845611
4485,42,3.7612001156935624
4486,2,1.0986122886681098
4487,1,0.6931471805599453
4488,1,0.6931471805599453
4489,1,0.6931471805599453
4490,4,1.6094379124341003
4491,1,0.6931471805599453
4492,2,1.0986122886681098
4493,1,0.6931471805599453
4494,1,0.6931471805599453
4495,15,2.772588722239781
4496,3,1.3862943611198906
4497,3,1.3862943611198906
4498,2,1.0986122886681098
4499,46,3.8501476017100584
4500,1,0.6931471805599453
4501,25,3.258096538021482
4502,5,1.791759469228055
4503,36,3.6109179126442243
4504,2,1.0986122886681098
4505,8,2.1972245773362196
4506,5,1.791759469228055
4507,1,0.6931471805599453
4508,1,0.6931471805599453
4509,1,0.6931471805599453
4510,2,1.0986122886681098
4511,1,0.6931471805599453
4512,2,1.0986122886681098
4513,26,3.295836866004329
4514,3,1.3862943611198906
4515,5,1.791759469228055
4516,7,2.0794415416798357
4517,2,1.0986122886681098
4518,11,2.4849066497880004
4519,10,2.3978952727983707
4520,1,0.6931471805599453
4521,1,0.6931471805599453
4522,1,0.6931471805599453
4523,3,1.3862943611198906
4524,57,4.060443010546419
4525,2,1.0986122886681098
4526,41,3.7376696182833684
4527,7,2.0794415416798357
4528,3,1.3862943611198906
4529,2,1.0986122886681098
4530,1,0.6931471805599453
4531,1,0.6931471805599453
4532,3,1.3862943611198906
4533,1,0.6931471805599453
4534,1,0.6931471805599453
4535,1,0.6931471805599453
4536,143,4.969813299576001
4537,9,2.302585092994046
4538,1,0.6931471805599453
4539,1,0.6931471805599453
4540,9,2.302585092994046
4541,2,1.0986122886681098
4542,11,2.4849066497880004
4543,2,1.0986122886681098
4544,1,0.6931471805599453
4545,1,0.6931471805599453
4546,2,1.0986122886681098
4547,10,2.3978952727983707
4548,4,1.6094379124341003
4549,4,1.6094379124341003
4550,1,0.6931471805599453
4551,1,0.6931471805599453
4552,2,1.0986122886681098
4553,3,1.3862943611198906
4554,2,1.0986122886681098
4555,2,1.0986122886681098
4556,1,0.6931471805599453
4557,3,1.3862943611198906
4558,1,0.6931471805599453
4559,1,0.6931471805599453
4560,9,2.302585092994046
4561,8,2.1972245773362196
4562,2,1.0986122886681098
4563,40,3.713572066704308
4564,31,3.4657359027997265
4565,1,0.6931471805599453
4566,9,2.302585092994046
4567,2,1.0986122886681098
4568,2,1.0986122886681098
4569,6,1.9459101490553132
4570,2,1.0986122886681098
4571,1,0.6931471805599453
4572,13,2.6390573296152584
4573,3,1.3862943611198906
4574,1,0.6931471805599453
4575,3,1.3862943611198906
4576,1,0.6931471805599453
4577,7,2.0794415416798357
4578,1,0.6931471805599453
4579,220,5.3981627015177525
4580,2,1.0986122886681098
4581,2,1.0986122886681098
4582,3,1.3862943611198906
4583,1,0.6931471805599453
4584,1,0.6931471805599453
4585,1,0.6931471805599453
4586,17,2.8903717578961645
4587,1,0.6931471805599453
4588,1,0.6931471805599453
4589,1,0.6931471805599453
4590,3,1.3862943611198906
4591,18,2.9444389791664403
4592,1,0.6931471805599453
4593,82,4.418840607796598
4594,3,1.3862943611198906
4595,20,3.044522437723423
4596,10,2.3978952727983707
4597,1,0.6931471805599453
4598,4,1.6094379124341003
4599,39,3.6888794541139363
4600,9,2.302585092994046
4601,2,1.0986122886681098
4602,13,2.6390573296152584
4603,1,0.6931471805599453
4604,7,2.0794415416798357
4605,11,2.4849066497880004
4606,1,0.6931471805599453
4607,14,2.70805020110221
4608,2,1.0986122886681098
4609,1,0.6931471805599453
4610,29,3.4011973816621555
4611,1,0.6931471805599453
4612,4,1.6094379124341003
4613,1,0.6931471805599453
4614,1,0.6931471805599453
4615,1,0.6931471805599453
4616,3,1.3862943611198906
4617,1,0.6931471805599453
4618,3,1.3862943611198906
4619,1,0.6931471805599453
4620,1,0.6931471805599453
4621,2,1.0986122886681098
4622,1,0.6931471805599453
4623,1,0.6931471805599453
4624,6,1.9459101490553132
4625,1,0.6931471805599453
4626,3,1.3862943611198906
4627,1,0.6931471805599453
4628,6,1.9459101490553132
4629,4,1.6094379124341003
4630,3,1.3862943611198906
4631,1,0.6931471805599453
4632,1,0.6931471805599453
4633,7,2.0794415416798357
4634,11,2.4849066497880004
4635,1,0.6931471805599453
4636,1,0.6931471805599453
4637,1,0.6931471805599453
4638,2,1.0986122886681098
4639,1,0.6931471805599453
4640,2,1.0986122886681098
4641,12,2.5649493574615367
4642,4,1.6094379124341003
4643,1,0.6931471805599453
4644,2,1.0986122886681098
4645,1,0.6931471805599453
4646,1,0.6931471805599453
4647,43,3.784189633918261
4648,1,0.6931471805599453
4649,1,0.6931471805599453
4650,10,2.3978952727983707
4651,1,0.6931471805599453
4652,1,0.6931471805599453
4653,1,0.6931471805599453
4654,28,3.367295829986474
4655,6,1.9459101490553132
4656,2,1.0986122886681098
4657,1,0.6931471805599453
4658,1,0.6931471805599453
4659,1,0.6931471805599453
4660,1,0.6931471805599453
4661,54,4.007333185232471
4662,1,0.6931471805599453
4663,7,2.0794415416798357
4664,2,1.0986122886681098
4665,41,3.7376696182833684
4666,1,0.6931471805599453
4667,1,0.6931471805599453
4668,11,2.4849066497880004
4669,1,0.6931471805599453
4670,1,0.6931471805599453
4671,15,2.772588722239781
4672,1,0.6931471805599453
4673,8,2.1972245773362196
4674,72,4.290459441148391
4675,6,1.9459101490553132
4676,2,1.0986122886681098
4677,5,1.791759469228055
4678,1,0.6931471805599453
4679,1,0.6931471805599453
4680,3,1.3862943611198906
4681,1,0.6931471805599453
4682,3,1.3862943611198906
4683,4,1.6094379124341003
4684,1,0.6931471805599453
4685,1,0.6931471805599453
4686,3,1.3862943611198906
4687,1,0.6931471805599453
4688,7,2.0794415416798357
4689,3,1.3862943611198906
4690,2,1.0986122886681098
4691,122,4.812184355372417
4692,1,0.6931471805599453
4693,9,2.302585092994046
4694,1,0.6931471805599453
4695,14,2.70805020110221
4696,1,0.6931471805599453
4697,1,0.6931471805599453
4698,11,2.4849066497880004
4699,44,3.8066624897703196
4700,23,3.1780538303479458
4701,3,1.3862943611198906
4702,5,1.791759469228055
4703,2,1.0986122886681098
4704,6,1.9459101490553132
4705,3,1.3862943611198906
4706,21,3.091042453358316
4707,5,1.791759469228055
4708,17,2.8903717578961645
4709,2,1.0986122886681098
4710,1,0.6931471805599453
4711,3,1.3862943611198906
4712,1,0.6931471805599453
4713,2,1.0986122886681098
4714,7,2.0794415416798357
4715,5,1.791759469228055
4716,1,0.6931471805599453
4717,4,1.6094379124341003
4718,18,2.9444389791664403
4719,2,1.0986122886681098
4720,1,0.6931471805599453
4721,7,2.0794415416798357
4722,1,0.6931471805599453
4723,2,1.0986122886681098
4724,2,1.0986122886681098
4725,15,2.772588722239781
4726,1,0.6931471805599453
4727,2,1.0986122886681098
4728,1,0.6931471805599453
4729,4,1.6094379124341003
4730,6,1.9459101490553132
4731,3,1.3862943611198906
4732,1,0.6931471805599453
4733,62,4.143134726391533
4734,94,4.553876891600541
4735,1,0.6931471805599453
4736,7,2.0794415416798357
4737,36,3.6109179126442243
4738,1,0.6931471805599453
4739,1,0.6931471805599453
4740,6,1.9459101490553132
4741,52,3.970291913552122
4742,2,1.0986122886681098
4743,1,0.6931471805599453
4744,1,0.6931471805599453
4745,5,1.791759469228055
4746,2,1.0986122886681098
4747,1,0.6931471805599453
4748,1,0.6931471805599453
4749,78,4.3694478524670215
4750,1,0.6931471805599453
4751,2,1.0986122886681098
4752,1,0.6931471805599453
4753,2,1.0986122886681098
4754,13,2.6390573296152584
4755,1,0.6931471805599453
4756,1,0.6931471805599453
4757,72,4.290459441148391
4758,3,1.3862943611198906
4759,1,0.6931471805599453
4760,2,1.0986122886681098
4761,1,0.6931471805599453
4762,5,1.791759469228055
4763,4,1.6094379124341003
4764,1,0.6931471805599453
4765,2,1.0986122886681098
4766,2,1.0986122886681098
4767,1,0.6931471805599453
4768,1,0.6931471805599453
4769,1,0.6931471805599453
4770,57,4.060443010546419
4771,10,2.3978952727983707
4772,19,2.995732273553991
4773,2,1.0986122886681098
4774,1,0.6931471805599453
4775,1,0.6931471805599453
4776,2,1.0986122886681098
4777,2,1.0986122886681098
4778,8,2.1972245773362196
4779,29,3.4011973816621555
4780,2,1.0986122886681098
4781,2,1.0986122886681098
4782,42,3.7612001156935624
4783,8,2.1972245773362196
4784,1,0.6931471805599453
4785,2,1.0986122886681098
4786,1,0.6931471805599453
4787,10,2.3978952727983707
4788,1,0.6931471805599453
4789,34,3.5553480614894135
4790,7,2.0794415416798357
4791,1,0.6931471805599453
4792,3,1.3862943611198906
4793,5,1.791759469228055
4794,4,1.6094379124341003
4795,5,1.791759469228055
4796,2,1.0986122886681098
4797,8,2.1972245773362196
4798,2,1.0986122886681098
4799,67,4.219507705176107
4800,7,2.0794415416798357
4801,1,0.6931471805599453
4802,1,0.6931471805599453
4803,1,0.6931471805599453
4804,19,2.995732273553991
4805,4,1.6094379124341003
4806,4,1.6094379124341003
4807,2,1.0986122886681098
4808,5,1.791759469228055
4809,8,2.1972245773362196
4810,1,0.6931471805599453
4811,4,1.6094379124341003
4812,6,1.9459101490553132
4813,2,1.0986122886681098
4814,1,0.6931471805599453
4815,93,4.543294782270004
4816,1,0.6931471805599453
4817,1,0.6931471805599453
4818,5,1.791759469228055
4819,2,1.0986122886681098
4820,1,0.6931471805599453
4821,1,0.6931471805599453
4822,4,1.6094379124341003
4823,1,0.6931471805599453
4824,4,1.6094379124341003
4825,15,2.772588722239781
4826,1,0.6931471805599453
4827,4,1.6094379124341003
4828,1,0.6931471805599453
4829,5,1.791759469228055
4830,8,2.1972245773362196
4831,5,1.791759469228055
4832,1,0.6931471805599453
4833,1,0.6931471805599453
4834,1,0.6931471805599453
4835,1,0.6931471805599453
4836,2,1.0986122886681098
4837,1,0.6931471805599453
4838,57,4.060443010546419
4839,1,0.6931471805599453
4840,59,4.0943445622221
4841,1,0.6931471805599453
4842,6,1.9459101490553132
4843,4,1.6094379124341003
4844,1,0.6931471805599453
4845,18,2.9444389791664403
4846,1,0.6931471805599453
4847,1,0.6931471805599453
4848,1,0.6931471805599453
4849,1,0.6931471805599453
4850,12,2.5649493574615367
4851,7,2.0794415416798357
4852,1,0.6931471805599453
4853,1,0.6931471805599453
4854,2,1.0986122886681098
4855,114,4.74493212836325
4856,2,1.0986122886681098
4857,4,1.6094379124341003
4858,5,1.791759469228055
4859,2,1.0986122886681098
4860,9,2.302585092994046
4861,1,0.6931471805599453
4862,1,0.6931471805599453
4863,7,2.0794415416798357
4864,8,2.1972245773362196
4865,1,0.6931471805599453
4866,1,0.6931471805599453
4867,143,4.969813299576001
4868,7,2.0794415416798357
4869,2,1.0986122886681098
4870,1,0.6931471805599453
4871,44,3.8066624897703196
4872,85,4.454347296253507
4873,1,0.6931471805599453
4874,4,1.6094379124341003
4875,1,0.6931471805599453
4876,6,1.9459101490553132
4877,8,2.1972245773362196
4878,5,1.791759469228055
4879,25,3.258096538021482
4880,4,1.6094379124341003
4881,1,0.6931471805599453
4882,1,0.6931471805599453
4883,1,0.6931471805599453
4884,3,1.3862943611198906
4885,1,0.6931471805599453
4886,19,2.995732273553991
4887,12,2.5649493574615367
4888,2,1.0986122886681098
4889,10,2.3978952727983707
4890,80,4.394449154672439
4891,20,3.044522437723423
4892,6,1.9459101490553132
4893,1,0.6931471805599453
4894,1,0.6931471805599453
4895,1,0.6931471805599453
4896,1,0.6931471805599453
4897,5,1.791759469228055
4898,5,1.791759469228055
4899,33,3.5263605246161616
4900,3,1.3862943611198906
4901,1,0.6931471805599453
4902,12,2.5649493574615367
4903,3,1.3862943611198906
4904,10,2.3978952727983707
4905,1,0.6931471805599453
4906,8,2.1972245773362196
4907,4,1.6094379124341003
4908,3,1.3862943611198906
4909,2,1.0986122886681098
4910,1,0.6931471805599453
4911,1,0.6931471805599453
4912,15,2.772588722239781
4913,1,0.6931471805599453
4914,33,3.5263605246161616
4915,4,1.6094379124341003
4916,1,0.6931471805599453
4917,3,1.3862943611198906
4918,1,0.6931471805599453
4919,3,1.3862943611198906
4920,8,2.1972245773362196
4921,1,0.6931471805599453
4922,7,2.0794415416798357
4923,74,4.31748811353631
4924,1,0.6931471805599453
4925,8,2.1972245773362196
4926,4,1.6094379124341003
4927,1,0.6931471805599453
4928,1,0.6931471805599453
4929,3,1.3862943611198906
4930,19,2.995732273553991
4931,1,0.6931471805599453
4932,4,1.6094379124341003
4933,1,0.6931471805599453
4934,13,2.6390573296152584
4935,1,0.6931471805599453
4936,1,0.6931471805599453
4937,1,0.6931471805599453
4938,1,0.6931471805599453
4939,9,2.302585092994046
4940,1,0.6931471805599453
4941,1,0.6931471805599453
4942,5,1.791759469228055
4943,2,1.0986122886681098
4944,1,0.6931471805599453
4945,1,0.6931471805599453
4946,118,4.77912349311153
4947,6,1.9459101490553132
4948,2,1.0986122886681098
4949,1,0.6931471805599453
4950,47,3.871201010907891
4951,3,1.3862943611198906
4952,7,2.0794415416798357
4953,1,0.6931471805599453
4954,1,0.6931471805599453
4955,32,3.4965075614664802
4956,12,2.5649493574615367
4957,1,0.6931471805599453
4958,3,1.3862943611198906
4959,17,2.8903717578961645
4960,2,1.0986122886681098
4961,2,1.0986122886681098
4962,1,0.6931471805599453
4963,2,1.0986122886681098
4964,1,0.6931471805599453
4965,1,0.6931471805599453
4966,1,0.6931471805599453
4967,3,1.3862943611198906
4968,1,0.6931471805599453
4969,1,0.6931471805599453
4970,6,1.9459101490553132
4971,2,1.0986122886681098
4972,2,1.0986122886681098
4973,1,0.6931471805599453
4974,1,0.6931471805599453
4975,2,1.0986122886681098
4976,1,0.6931471805599453
4977,7,2.0794415416798357
4978,11,2.4849066497880004
4979,4,1.6094379124341003
4980,40,3.713572066704308
4981,26,3.295836866004329
4982,14,2.70805020110221
4983,44,3.8066624897703196
4984,1,0.6931471805599453
4985,7,2.0794415416798357
4986,36,3.6109179126442243
4987,2,1.0986122886681098
4988,1,0.6931471805599453
4989,1,0.6931471805599453
4990,1,0.6931471805599453
4991,1,0.6931471805599453
4992,5,1.791759469228055
4993,1,0.6931471805599453
4994,2,1.0986122886681098
4995,7,2.0794415416798357
4996,1,0.6931471805599453
4997,10,2.3978952727983707
4998,34,3.5553480614894135
4999,1,0.6931471805599453
5000,9,2.302585092994046
5001,5,1.791759469228055
5002,3,1.3862943611198906
5003,3,1.3862943611198906
5004,1,0.6931471805599453
5005,1,0.6931471805599453
5006,10,2.3978952727983707
5007,2,1.0986122886681098
5008,4,1.6094379124341003
5009,5,1.791759469228055
5010,12,2.5649493574615367
5011,1,0.6931471805599453
5012,3,1.3862943611198906
5013,1,0.6931471805599453
5014,114,4.74493212836325
5015,90,4.51085950651685
5016,1,0.6931471805599453
5017,20,3.044522437723423
5018,1,0.6931471805599453
5019,1,0.6931471805599453
5020,34,3.5553480614894135
5021,8,2.1972245773362196
5022,1,0.6931471805599453
5023,1,0.6931471805599453
5024,4,1.6094379124341003
5025,7,2.0794415416798357
5026,23,3.1780538303479458
5027,4,1.6094379124341003
5028,1,0.6931471805599453
5029,1,0.6931471805599453
5030,1,0.6931471805599453
5031,2,1.0986122886681098
5032,1,0.6931471805599453
5033,1,0.6931471805599453
5034,30,3.4339872044851463
5035,4,1.6094379124341003
5036,6,1.9459101490553132
5037,1,0.6931471805599453
5038,1,0.6931471805599453
5039,3,1.3862943611198906
5040,1,0.6931471805599453
5041,149,5.0106352940962555
5042,90,4.51085950651685
5043,6,1.9459101490553132
5044,2,1.0986122886681098
5045,1,0.6931471805599453
5046,5,1.791759469228055
5047,1,0.6931471805599453
5048,2,1.0986122886681098
5049,1,0.6931471805599453
5050,1,0.6931471805599453
5051,2,1.0986122886681098
5052,2,1.0986122886681098
5053,4,1.6094379124341003
5054,7,2.0794415416798357
5055,1,0.6931471805599453
5056,1,0.6931471805599453
5057,2,1.0986122886681098
5058,1,0.6931471805599453
5059,2,1.0986122886681098
5060,4,1.6094379124341003
5061,12,2.5649493574615367
5062,121,4.804021044733257
5063,6,1.9459101490553132
5064,34,3.5553480614894135
5065,1,0.6931471805599453
5066,43,3.784189633918261
5067,36,3.6109179126442243
5068,1,0.6931471805599453
5069,23,3.1780538303479458
5070,1,0.6931471805599453
5071,1,0.6931471805599453
5072,1,0.6931471805599453
5073,8,2.1972245773362196
5074,1,0.6931471805599453
5075,1,0.6931471805599453
5076,1,0.6931471805599453
5077,1,0.6931471805599453
5078,3,1.3862943611198906
5079,1,0.6931471805599453
5080,1,0.6931471805599453
5081,1,0.6931471805599453
5082,18,2.9444389791664403
5083,1,0.6931471805599453
5084,1,0.6931471805599453
5085,3,1.3862943611198906
5086,7,2.0794415416798357
5087,2,1.0986122886681098
5088,2,1.0986122886681098
5089,2,1.0986122886681098
5090,19,2.995732273553991
5091,1,0.6931471805599453
5092,4,1.6094379124341003
5093,14,2.70805020110221
5094,3,1.3862943611198906
5095,1,0.6931471805599453
5096,2,1.0986122886681098
5097,3,1.3862943611198906
5098,1,0.6931471805599453
5099,6,1.9459101490553132
5100,154,5.043425116919247
5101,30,3.4339872044851463
5102,2,1.0986122886681098
5103,2,1.0986122886681098
5104,5,1.791759469228055
5105,13,2.6390573296152584
5106,1,0.6931471805599453
5107,1,0.6931471805599453
5108,2,1.0986122886681098
5109,101,4.624972813284271
5110,1,0.6931471805599453
5111,6,1.9459101490553132
5112,3,1.3862943611198906
5113,4,1.6094379124341003
5114,1,0.6931471805599453
5115,6,1.9459101490553132
5116,2,1.0986122886681098
5117,2,1.0986122886681098
5118,19,2.995732273553991
5119,1,0.6931471805599453
5120,6,1.9459101490553132
5121,36,3.6109179126442243
5122,14,2.70805020110221
5123,3,1.3862943611198906
5124,1,0.6931471805599453
5125,5,1.791759469228055
5126,1,0.6931471805599453
5127,1,0.6931471805599453
5128,2,1.0986122886681098
5129,1,0.6931471805599453
5130,1,0.6931471805599453
5131,4,1.6094379124341003
5132,2,1.0986122886681098
5133,1,0.6931471805599453
5134,11,2.4849066497880004
5135,2,1.0986122886681098
5136,17,2.8903717578961645
5137,2,1.0986122886681098
5138,2,1.0986122886681098
5139,10,2.3978952727983707
5140,1,0.6931471805599453
5141,9,2.302585092994046
5142,1,0.6931471805599453
5143,2,1.0986122886681098
5144,1,0.6931471805599453
5145,1,0.6931471805599453
5146,1,0.6931471805599453
5147,1,0.6931471805599453
5148,2,1.0986122886681098
5149,1,0.6931471805599453
5150,1,0.6931471805599453
5151,1,0.6931471805599453
5152,1,0.6931471805599453
5153,1,0.6931471805599453
5154,19,2.995732273553991
5155,3,1.3862943611198906
5156,1,0.6931471805599453
5157,1,0.6931471805599453
5158,1,0.6931471805599453
5159,2,1.0986122886681098
5160,1,0.6931471805599453
5161,1,0.6931471805599453
5162,1,0.6931471805599453
5163,1,0.6931471805599453
5164,2,1.0986122886681098
5165,68,4.23410650459726
5166,1,0.6931471805599453
5167,4,1.6094379124341003
5168,3,1.3862943611198906
5169,20,3.044522437723423
5170,4,1.6094379124341003
5171,2,1.0986122886681098
5172,12,2.5649493574615367
5173,1,0.6931471805599453
5174,4,1.6094379124341003
5175,1,0.6931471805599453
5176,1,0.6931471805599453
5177,4,1.6094379124341003
5178,1,0.6931471805599453
5179,1,0.6931471805599453
5180,29,3.4011973816621555
5181,6,1.9459101490553132
5182,16,2.833213344056216
5183,36,3.6109179126442243
5184,1,0.6931471805599453
5185,2,1.0986122886681098
5186,2,1.0986122886681098
5187,1,0.6931471805599453
5188,12,2.5649493574615367
5189,2,1.0986122886681098
5190,17,2.8903717578961645
5191,12,2.5649493574615367
5192,1,0.6931471805599453
5193,1,0.6931471805599453
5194,1,0.6931471805599453
5195,24,3.2188758248682006
5196,7,2.0794415416798357
5197,1,0.6931471805599453
5198,2,1.0986122886681098
5199,1,0.6931471805599453
5200,1,0.6931471805599453
5201,1,0.6931471805599453
5202,1,0.6931471805599453
5203,2,1.0986122886681098
5204,3,1.3862943611198906
5205,64,4.174387269895637
5206,14,2.70805020110221
5207,2,1.0986122886681098
5208,1,0.6931471805599453
5209,1,0.6931471805599453
5210,1,0.6931471805599453
5211,2,1.0986122886681098
5212,1,0.6931471805599453
5213,4,1.6094379124341003
5214,1,0.6931471805599453
5215,1,0.6931471805599453
5216,40,3.713572066704308
5217,1,0.6931471805599453
5218,11,2.4849066497880004
5219,1,0.6931471805599453
5220,34,3.5553480614894135
5221,1,0.6931471805599453
5222,2,1.0986122886681098
5223,2,1.0986122886681098
5224,145,4.983606621708336
5225,2,1.0986122886681098
5226,1,0.6931471805599453
5227,1,0.6931471805599453
5228,3,1.3862943611198906
5229,1,0.6931471805599453
5230,1,0.6931471805599453
5231,1,0.6931471805599453
5232,1,0.6931471805599453
5233,1,0.6931471805599453
5234,1,0.6931471805599453
5235,3,1.3862943611198906
5236,3,1.3862943611198906
5237,1,0.6931471805599453
5238,3,1.3862943611198906
5239,2,1.0986122886681098
5240,1,0.6931471805599453
5241,51,3.9512437185814275
5242,70,4.2626798770413155
5243,2,1.0986122886681098
5244,1,0.6931471805599453
5245,4,1.6094379124341003
5246,7,2.0794415416798357
5247,17,2.8903717578961645
5248,1,0.6931471805599453
5249,4,1.6094379124341003
5250,1,0.6931471805599453
5251,7,2.0794415416798357
5252,2,1.0986122886681098
5253,16,2.833213344056216
5254,9,2.302585092994046
5255,9,2.302585092994046
5256,2,1.0986122886681098
5257,35,3.58351893845611
5258,9,2.302585092994046
5259,1,0.6931471805599453
5260,1,0.6931471805599453
5261,4,1.6094379124341003
5262,2,1.0986122886681098
5263,12,2.5649493574615367
5264,1,0.6931471805599453
5265,12,2.5649493574615367
5266,1,0.6931471805599453
5267,3,1.3862943611198906
5268,22,3.1354942159291497
5269,59,4.0943445622221
5270,6,1.9459101490553132
5271,2,1.0986122886681098
5272,8,2.1972245773362196
5273,5,1.791759469228055
5274,1,0.6931471805599453
5275,4,1.6094379124341003
5276,37,3.6375861597263857
5277,16,2.833213344056216
5278,1,0.6931471805599453
5279,13,2.6390573296152584
5280,1,0.6931471805599453
5281,2,1.0986122886681098
5282,1,0.6931471805599453
5283,6,1.9459101490553132
5284,1,0.6931471805599453
5285,2,1.0986122886681098
5286,3,1.3862943611198906
5287,2,1.0986122886681098
5288,8,2.1972245773362196
5289,2,1.0986122886681098
5290,18,2.9444389791664403
5291,42,3.7612001156935624
5292,51,3.9512437185814275
5293,3,1.3862943611198906
5294,1,0.6931471805599453
5295,21,3.091042453358316
5296,2,1.0986122886681098
5297,2,1.0986122886681098
5298,1,0.6931471805599453
5299,1,0.6931471805599453
5300,1,0.6931471805599453
5301,1,0.6931471805599453
5302,3,1.3862943611198906
5303,1,0.6931471805599453
5304,2,1.0986122886681098
5305,124,4.8283137373023015
5306,2,1.0986122886681098
5307,2,1.0986122886681098
5308,6,1.9459101490553132
5309,1,0.6931471805599453
5310,10,2.3978952727983707
5311,1,0.6931471805599453
5312,1,0.6931471805599453
5313,6,1.9459101490553132
5314,12,2.5649493574615367
5315,3,1.3862943611198906
5316,2,1.0986122886681098
5317,31,3.4657359027997265
5318,3,1.3862943611198906
5319,1,0.6931471805599453
5320,1,0.6931471805599453
5321,1,0.6931471805599453
5322,3,1.3862943611198906
5323,1,0.6931471805599453
5324,1,0.6931471805599453
5325,2,1.0986122886681098
5326,1,0.6931471805599453
5327,3,1.3862943611198906
5328,28,3.367295829986474
5329,1,0.6931471805599453
5330,2,1.0986122886681098
5331,1,0.6931471805599453
5332,3,1.3862943611198906
5333,1,0.6931471805599453
5334,3,1.3862943611198906
5335,2,1.0986122886681098
5336,1,0.6931471805599453
5337,1,0.6931471805599453
5338,47,3.871201010907891
5339,29,3.4011973816621555
5340,1,0.6931471805599453
5341,4,1.6094379124341003
5342,1,0.6931471805599453
5343,1,0.6931471805599453
5344,2,1.0986122886681098
5345,1,0.6931471805599453
5346,2,1.0986122886681098
5347,4,1.6094379124341003
5348,3,1.3862943611198906
5349,1,0.6931471805599453
5350,2,1.0986122886681098
5351,1,0.6931471805599453
5352,2,1.0986122886681098
5353,29,3.4011973816621555
5354,1,0.6931471805599453
5355,2,1.0986122886681098
5356,7,2.0794415416798357
5357,1,0.6931471805599453
5358,1,0.6931471805599453
5359,28,3.367295829986474
5360,1,0.6931471805599453
5361,8,2.1972245773362196
5362,1,0.6931471805599453
5363,3,1.3862943611198906
5364,1,0.6931471805599453
5365,2,1.0986122886681098
5366,6,1.9459101490553132
5367,21,3.091042453358316
5368,71,4.276666119016055
5369,1,0.6931471805599453
5370,1,0.6931471805599453
5371,1,0.6931471805599453
5372,2,1.0986122886681098
5373,3,1.3862943611198906
5374,9,2.302585092994046
5375,1,0.6931471805599453
5376,11,2.4849066497880004
5377,3,1.3862943611198906
5378,4,1.6094379124341003
5379,27,3.332204510175204
5380,1,0.6931471805599453
5381,3,1.3862943611198906
5382,155,5.049856007249537
5383,1,0.6931471805599453
5384,2,1.0986122886681098
5385,18,2.9444389791664403
5386,1,0.6931471805599453
5387,2,1.0986122886681098
5388,1,0.6931471805599453
5389,1,0.6931471805599453
5390,8,2.1972245773362196
5391,1,0.6931471805599453
5392,3,1.3862943611198906
5393,1,0.6931471805599453
5394,3,1.3862943611198906
5395,4,1.6094379124341003
5396,3,1.3862943611198906
5397,1,0.6931471805599453
5398,1,0.6931471805599453
5399,1,0.6931471805599453
5400,1,0.6931471805599453
5401,36,3.6109179126442243
5402,2,1.0986122886681098
5403,1,0.6931471805599453
5404,1,0.6931471805599453
5405,1,0.6931471805599453
5406,6,1.9459101490553132
5407,2,1.0986122886681098
5408,3,1.3862943611198906
5409,1,0.6931471805599453
5410,1,0.6931471805599453
5411,1,0.6931471805599453
5412,13,2.6390573296152584
5413,18,2.9444389791664403
5414,1,0.6931471805599453
5415,1,0.6931471805599453
5416,1,0.6931471805599453
5417,4,1.6094379124341003
5418,1,0.6931471805599453
5419,4,1.6094379124341003
5420,55,4.02535169073515
5421,2,1.0986122886681098
5422,12,2.5649493574615367
5423,1,0.6931471805599453
5424,15,2.772588722239781
5425,1,0.6931471805599453
5426,26,3.295836866004329
5427,20,3.044522437723423
5428,4,1.6094379124341003
5429,2,1.0986122886681098
5430,1,0.6931471805599453
5431,11,2.4849066497880004
5432,3,1.3862943611198906
5433,5,1.791759469228055
5434,3,1.3862943611198906
5435,8,2.1972245773362196
5436,14,2.70805020110221
5437,5,1.791759469228055
5438,2,1.0986122886681098
5439,9,2.302585092994046
5440,2,1.0986122886681098
5441,2,1.0986122886681098
5442,2,1.0986122886681098
5443,1,0.6931471805599453
5444,3,1.3862943611198906
5445,11,2.4849066497880004
5446,2,1.0986122886681098
5447,5,1.791759469228055
5448,6,1.9459101490553132
5449,1,0.6931471805599453
5450,1,0.6931471805599453
5451,3,1.3862943611198906
5452,2,1.0986122886681098
5453,4,1.6094379124341003
5454,2,1.0986122886681098
5455,8,2.1972245773362196
5456,1,0.6931471805599453
5457,31,3.4657359027997265
5458,2,1.0986122886681098
5459,2,1.0986122886681098
5460,73,4.30406509320417
5461,1,0.6931471805599453
5462,2,1.0986122886681098
5463,2,1.0986122886681098
5464,3,1.3862943611198906
5465,5,1.791759469228055
5466,1,0.6931471805599453
5467,1,0.6931471805599453
5468,1,0.6931471805599453
5469,1,0.6931471805599453
5470,1,0.6931471805599453
5471,1,0.6931471805599453
5472,2,1.0986122886681098
5473,1,0.6931471805599453
5474,4,1.6094379124341003
5475,4,1.6094379124341003
5476,1,0.6931471805599453
5477,2,1.0986122886681098
5478,3,1.3862943611198906
5479,40,3.713572066704308
5480,1,0.6931471805599453
5481,1,0.6931471805599453
5482,4,1.6094379124341003
5483,152,5.030437921392435
5484,2,1.0986122886681098
5485,7,2.0794415416798357
5486,1,0.6931471805599453
5487,1,0.6931471805599453
5488,1,0.6931471805599453
5489,1,0.6931471805599453
5490,1,0.6931471805599453
5491,5,1.791759469228055
5492,3,1.3862943611198906
5493,2,1.0986122886681098
5494,4,1.6094379124341003
5495,1,0.6931471805599453
5496,1,0.6931471805599453
5497,3,1.3862943611198906
5498,1,0.6931471805599453
5499,2,1.0986122886681098
5500,10,2.3978952727983707
5501,8,2.1972245773362196
5502,10,2.3978952727983707
5503,20,3.044522437723423
5504,1,0.6931471805599453
5505,10,2.3978952727983707
5506,1,0.6931471805599453
5507,99,4.605170185988092
5508,1,0.6931471805599453
5509,5,1.791759469228055
5510,2,1.0986122886681098
5511,1,0.6931471805599453
5512,3,1.3862943611198906
5513,4,1.6094379124341003
5514,1,0.6931471805599453
5515,4,1.6094379124341003
5516,1,0.6931471805599453
5517,2,1.0986122886681098
5518,1,0.6931471805599453
5519,2,1.0986122886681098
5520,4,1.6094379124341003
5521,1,0.6931471805599453
5522,1,0.6931471805599453
5523,1,0.6931471805599453
5524,2,1.0986122886681098
5525,2,1.0986122886681098
5526,1,0.6931471805599453
5527,15,2.772588722239781
5528,1,0.6931471805599453
5529,1,0.6931471805599453
5530,1,0.6931471805599453
5531,1,0.6931471805599453
5532,1,0.6931471805599453
5533,7,2.0794415416798357
5534,1,0.6931471805599453
5535,7,2.0794415416798357
5536,1,0.6931471805599453
5537,1,0.6931471805599453
5538,1,0.6931471805599453
5539,9,2.302585092994046
5540,3,1.3862943611198906
5541,11,2.4849066497880004
5542,1,0.6931471805599453
5543,13,2.6390573296152584
5544,2,1.0986122886681098
5545,1,0.6931471805599453
5546,1,0.6931471805599453
5547,2,1.0986122886681098
5548,1,0.6931471805599453
5549,1,0.6931471805599453
5550,3,1.3862943611198906
5551,1,0.6931471805599453
5552,1,0.6931471805599453
5553,3,1.3862943611198906
5554,2,1.0986122886681098
5555,14,2.70805020110221
5556,7,2.0794415416798357
5557,1,0.6931471805599453
5558,36,3.6109179126442243
5559,2,1.0986122886681098
5560,3,1.3862943611198906
5561,5,1.791759469228055
5562,3,1.3862943611198906
5563,2,1.0986122886681098
5564,1,0.6931471805599453
5565,24,3.2188758248682006
5566,21,3.091042453358316
5567,1,0.6931471805599453
5568,4,1.6094379124341003
5569,68,4.23410650459726
5570,3,1.3862943611198906
5571,3,1.3862943611198906
5572,4,1.6094379124341003
5573,1,0.6931471805599453
5574,4,1.6094379124341003
5575,3,1.3862943611198906
5576,1,0.6931471805599453
5577,1,0.6931471805599453
5578,1,0.6931471805599453
5579,2,1.0986122886681098
5580,46,3.8501476017100584
5581,2,1.0986122886681098
5582,33,3.5263605246161616
5583,1,0.6931471805599453
5584,1,0.6931471805599453
5585,13,2.6390573296152584
5586,13,2.6390573296152584
5587,1,0.6931471805599453
5588,2,1.0986122886681098
5589,1,0.6931471805599453
5590,1,0.6931471805599453
5591,142,4.962844630259907
5592,1,0.6931471805599453
5593,2,1.0986122886681098
5594,15,2.772588722239781
5595,2,1.0986122886681098
5596,3,1.3862943611198906
5597,1,0.6931471805599453
5598,8,2.1972245773362196
5599,28,3.367295829986474
5600,8,2.1972245773362196
5601,16,2.833213344056216
5602,1,0.6931471805599453
5603,8,2.1972245773362196
5604,42,3.7612001156935624
5605,1,0.6931471805599453
5606,1,0.6931471805599453
5607,3,1.3862943611198906
5608,5,1.791759469228055
5609,3,1.3862943611198906
5610,5,1.791759469228055
5611,1,0.6931471805599453
5612,2,1.0986122886681098
5613,1,0.6931471805599453
5614,2,1.0986122886681098
5615,3,1.3862943611198906
5616,7,2.0794415416798357
5617,1,0.6931471805599453
5618,12,2.5649493574615367
5619,19,2.995732273553991
5620,102,4.634728988229636
5621,1,0.6931471805599453
5622,1,0.6931471805599453
5623,1,0.6931471805599453
5624,1,0.6931471805599453
5625,5,1.791759469228055
5626,1,0.6931471805599453
5627,28,3.367295829986474
5628,2,1.0986122886681098
5629,2,1.0986122886681098
5630,20,3.044522437723423
5631,3,1.3862943611198906
5632,2,1.0986122886681098
5633,4,1.6094379124341003
5634,1,0.6931471805599453
5635,7,2.0794415416798357
5636,4,1.6094379124341003
5637,3,1.3862943611198906
5638,1,0.6931471805599453
5639,1,0.6931471805599453
5640,1,0.6931471805599453
5641,6,1.9459101490553132
5642,1,0.6931471805599453
5643,1,0.6931471805599453
5644,1,0.6931471805599453
5645,2,1.0986122886681098
5646,7,2.0794415416798357
5647,1,0.6931471805599453
5648,2,1.0986122886681098
5649,1,0.6931471805599453
5650,4,1.6094379124341003
5651,1,0.6931471805599453
5652,2,1.0986122886681098
5653,1,0.6931471805599453
5654,2,1.0986122886681098
5655,1,0.6931471805599453
5656,3,1.3862943611198906
5657,1,0.6931471805599453
5658,1,0.6931471805599453
5659,2,1.0986122886681098
5660,3,1.3862943611198906
5661,1,0.6931471805599453
5662,1,0.6931471805599453
5663,3,1.3862943611198906
5664,3,1.3862943611198906
5665,5,1.791759469228055
5666,2,1.0986122886681098
5667,2,1.0986122886681098
5668,22,3.1354942159291497
5669,2,1.0986122886681098
5670,49,3.912023005428146
5671,1,0.6931471805599453
5672,161,5.087596335232384
5673,1,0.6931471805599453
5674,3,1.3862943611198906
5675,4,1.6094379124341003
5676,4,1.6094379124341003
5677,1,0.6931471805599453
5678,3,1.3862943611198906
5679,1,0.6931471805599453
5680,2,1.0986122886681098
5681,22,3.1354942159291497
5682,5,1.791759469228055
5683,7,2.0794415416798357
5684,1,0.6931471805599453
5685,3,1.3862943611198906
5686,23,3.1780538303479458
5687,12,2.5649493574615367
5688,6,1.9459101490553132
5689,3,1.3862943611198906
5690,3,1.3862943611198906
5691,4,1.6094379124341003
5692,1,0.6931471805599453
5693,3,1.3862943611198906
5694,1,0.6931471805599453
5695,2,1.0986122886681098
5696,1,0.6931471805599453
5697,1,0.6931471805599453
5698,2,1.0986122886681098
5699,3,1.3862943611198906
5700,1,0.6931471805599453
5701,2,1.0986122886681098
5702,2,1.0986122886681098
5703,1,0.6931471805599453
5704,72,4.290459441148391
5705,26,3.295836866004329
5706,1,0.6931471805599453
5707,1,0.6931471805599453
5708,1,0.6931471805599453
5709,1,0.6931471805599453
5710,2,1.0986122886681098
5711,1,0.6931471805599453
5712,14,2.70805020110221
5713,2,1.0986122886681098
5714,1,0.6931471805599453
5715,1,0.6931471805599453
5716,1,0.6931471805599453
5717,1,0.6931471805599453
5718,1,0.6931471805599453
5719,19,2.995732273553991
5720,2,1.0986122886681098
5721,1,0.6931471805599453
5722,103,4.6443908991413725
5723,1,0.6931471805599453
5724,1,0.6931471805599453
5725,2,1.0986122886681098
5726,10,2.3978952727983707
5727,1,0.6931471805599453
5728,4,1.6094379124341003
5729,1,0.6931471805599453
5730,1,0.6931471805599453
5731,3,1.3862943611198906
5732,1,0.6931471805599453
5733,11,2.4849066497880004
5734,4,1.6094379124341003
5735,2,1.0986122886681098
5736,2,1.0986122886681098
5737,7,2.0794415416798357
5738,7,2.0794415416798357
5739,1,0.6931471805599453
5740,16,2.833213344056216
5741,1,0.6931471805599453
5742,56,4.04305126783455
5743,1,0.6931471805599453
5744,7,2.0794415416798357
5745,4,1.6094379124341003
5746,1,0.6931471805599453
5747,4,1.6094379124341003
5748,2,1.0986122886681098
5749,4,1.6094379124341003
5750,69,4.248495242049359
5751,17,2.8903717578961645
5752,1,0.6931471805599453
5753,3,1.3862943611198906
5754,1,0.6931471805599453
5755,3,1.3862943611198906
5756,1,0.6931471805599453
5757,10,2.3978952727983707
5758,37,3.6375861597263857
5759,2,1.0986122886681098
5760,81,4.406719247264253
5761,2,1.0986122886681098
5762,4,1.6094379124341003
5763,1,0.6931471805599453
5764,1,0.6931471805599453
5765,3,1.3862943611198906
5766,1,0.6931471805599453
5767,3,1.3862943611198906
5768,1,0.6931471805599453
5769,31,3.4657359027997265
5770,1,0.6931471805599453
5771,9,2.302585092994046
5772,1,0.6931471805599453
5773,5,1.791759469228055
5774,5,1.791759469228055
5775,2,1.0986122886681098
5776,2,1.0986122886681098
5777,21,3.091042453358316
5778,5,1.791759469228055
5779,13,2.6390573296152584
5780,1,0.6931471805599453
5781,15,2.772588722239781
5782,1,0.6931471805599453
5783,1,0.6931471805599453
5784,16,2.833213344056216
5785,1,0.6931471805599453
5786,25,3.258096538021482
5787,2,1.0986122886681098
5788,1,0.6931471805599453
5789,1,0.6931471805599453
5790,2,1.0986122886681098
5791,2,1.0986122886681098
5792,1,0.6931471805599453
5793,1,0.6931471805599453
5794,1,0.6931471805599453
5795,1,0.6931471805599453
5796,2,1.0986122886681098
5797,2,1.0986122886681098
5798,2,1.0986122886681098
5799,7,2.0794415416798357
5800,2,1.0986122886681098
5801,20,3.044522437723423
5802,1,0.6931471805599453
5803,1,0.6931471805599453
5804,39,3.6888794541139363
5805,2,1.0986122886681098
5806,2,1.0986122886681098
5807,1,0.6931471805599453
5808,1,0.6931471805599453
5809,1,0.6931471805599453
5810,8,2.1972245773362196
5811,1,0.6931471805599453
5812,2,1.0986122886681098
5813,1,0.6931471805599453
5814,2,1.0986122886681098
5815,1,0.6931471805599453
5816,1,0.6931471805599453
5817,2,1.0986122886681098
5818,6,1.9459101490553132
5819,6,1.9459101490553132
5820,1,0.6931471805599453
5821,1,0.6931471805599453
5822,1,0.6931471805599453
5823,10,2.3978952727983707
5824,6,1.9459101490553132
5825,1,0.6931471805599453
5826,3,1.3862943611198906
5827,62,4.143134726391533
5828,27,3.332204510175204
5829,3,1.3862943611198906
5830,3,1.3862943611198906
5831,69,4.248495242049359
5832,1,0.6931471805599453
5833,4,1.6094379124341003
5834,54,4.007333185232471
5835,3,1.3862943611198906
5836,4,1.6094379124341003
5837,1,0.6931471805599453
5838,2,1.0986122886681098
5839,2,1.0986122886681098
5840,57,4.060443010546419
5841,11,2.4849066497880004
5842,1,0.6931471805599453
5843,1,0.6931471805599453
5844,17,2.8903717578961645
5845,2,1.0986122886681098
5846,6,1.9459101490553132
5847,1,0.6931471805599453
5848,1,0.6931471805599453
5849,12,2.5649493574615367
5850,1,0.6931471805599453
5851,1,0.6931471805599453
5852,1,0.6931471805599453
5853,33,3.5263605246161616
5854,2,1.0986122886681098
5855,1,0.6931471805599453
5856,1,0.6931471805599453
5857,1,0.6931471805599453
5858,4,1.6094379124341003
5859,1,0.6931471805599453
5860,2,1.0986122886681098
5861,1,0.6931471805599453
5862,4,1.6094379124341003
5863,19,2.995732273553991
5864,11,2.4849066497880004
5865,16,2.833213344056216
5866,1,0.6931471805599453
5867,1,0.6931471805599453
5868,3,1.3862943611198906
5869,1,0.6931471805599453
5870,3,1.3862943611198906
5871,4,1.6094379124341003
5872,1,0.6931471805599453
5873,1,0.6931471805599453
5874,90,4.51085950651685
5875,6,1.9459101490553132
5876,1,0.6931471805599453
5877,1,0.6931471805599453
5878,1,0.6931471805599453
5879,2,1.0986122886681098
5880,5,1.791759469228055
5881,5,1.791759469228055
5882,4,1.6094379124341003
5883,3,1.3862943611198906
5884,34,3.5553480614894135
5885,5,1.791759469228055
5886,2,1.0986122886681098
5887,2,1.0986122886681098
5888,6,1.9459101490553132
5889,4,1.6094379124341003
5890,2,1.0986122886681098
5891,9,2.302585092994046
5892,1,0.6931471805599453
5893,17,2.8903717578961645
5894,1,0.6931471805599453
5895,4,1.6094379124341003
5896,2,1.0986122886681098
5897,1,0.6931471805599453
5898,4,1.6094379124341003
5899,136,4.919980925828125
5900,1,0.6931471805599453
5901,1,0.6931471805599453
5902,1,0.6931471805599453
5903,42,3.7612001156935624
5904,1,0.6931471805599453
5905,3,1.3862943611198906
5906,1,0.6931471805599453
5907,142,4.962844630259907
5908,5,1.791759469228055
5909,8,2.1972245773362196
5910,4,1.6094379124341003
5911,77,4.356708826689592
5912,1,0.6931471805599453
5913,46,3.8501476017100584
5914,1,0.6931471805599453
5915,9,2.302585092994046
5916,12,2.5649493574615367
5917,2,1.0986122886681098
5918,1,0.6931471805599453
5919,1,0.6931471805599453
5920,17,2.8903717578961645
5921,10,2.3978952727983707
5922,5,1.791759469228055
5923,128,4.859812404361672
5924,2,1.0986122886681098
5925,1,0.6931471805599453
5926,1,0.6931471805599453
5927,1,0.6931471805599453
5928,1,0.6931471805599453
5929,1,0.6931471805599453
5930,2,1.0986122886681098
5931,5,1.791759469228055
5932,31,3.4657359027997265
5933,2,1.0986122886681098
5934,4,1.6094379124341003
5935,1,0.6931471805599453
5936,1,0.6931471805599453
5937,1,0.6931471805599453
5938,13,2.6390573296152584
5939,1,0.6931471805599453
5940,2,1.0986122886681098
5941,2,1.0986122886681098
5942,2,1.0986122886681098
5943,1,0.6931471805599453
5944,1,0.6931471805599453
5945,23,3.1780538303479458
5946,1,0.6931471805599453
5947,2,1.0986122886681098
5948,1,0.6931471805599453
5949,1,0.6931471805599453
5950,2,1.0986122886681098
5951,1,0.6931471805599453
5952,1,0.6931471805599453
5953,1,0.6931471805599453
5954,12,2.5649493574615367
5955,3,1.3862943611198906
5956,63,4.1588830833596715
5957,1,0.6931471805599453
5958,1,0.6931471805599453
5959,1,0.6931471805599453
5960,33,3.5263605246161616
5961,1,0.6931471805599453
5962,2,1.0986122886681098
5963,1,0.6931471805599453
5964,1,0.6931471805599453
5965,1,0.6931471805599453
5966,1,0.6931471805599453
5967,1,0.6931471805599453
5968,1,0.6931471805599453
5969,49,3.912023005428146
5970,1,0.6931471805599453
5971,5,1.791759469228055
5972,3,1.3862943611198906
5973,1,0.6931471805599453
5974,1,0.6931471805599453
5975,2,1.0986122886681098
5976,2,1.0986122886681098
5977,1,0.6931471805599453
5978,7,2.0794415416798357
5979,2,1.0986122886681098
5980,4,1.6094379124341003
5981,1,0.6931471805599453
5982,2,1.0986122886681098
5983,1,0.6931471805599453
5984,1,0.6931471805599453
5985,5,1.791759469228055
5986,1,0.6931471805599453
5987,3,1.3862943611198906
5988,53,3.9889840465642745
5989,1,0.6931471805599453
5990,2,1.0986122886681098
5991,4,1.6094379124341003
5992,1,0.6931471805599453
5993,1,0.6931471805599453
5994,1,0.6931471805599453
5995,4,1.6094379124341003
5996,5,1.791759469228055
5997,4,1.6094379124341003
5998,2,1.0986122886681098
5999,8,2.1972245773362196
6000,2,1.0986122886681098
6001,4,1.6094379124341003
6002,3,1.3862943611198906
6003,1,0.6931471805599453
6004,1,0.6931471805599453
6005,27,3.332204510175204
6006,27,3.332204510175204
6007,1,0.6931471805599453
6008,10,2.3978952727983707
6009,17,2.8903717578961645
6010,7,2.0794415416798357
6011,4,1.6094379124341003
6012,14,2.70805020110221
6013,6,1.9459101490553132
6014,3,1.3862943611198906
6015,2,1.0986122886681098
6016,9,2.302585092994046
6017,2,1.0986122886681098
6018,42,3.7612001156935624
6019,1,0.6931471805599453
6020,16,2.833213344056216
6021,1,0.6931471805599453
6022,1,0.6931471805599453
6023,1,0.6931471805599453
6024,22,3.1354942159291497
6025,6,1.9459101490553132
6026,10,2.3978952727983707
6027,1,0.6931471805599453
6028,3,1.3862943611198906
6029,21,3.091042453358316
6030,3,1.3862943611198906
6031,6,1.9459101490553132
6032,1,0.6931471805599453
6033,17,2.8903717578961645
6034,1,0.6931471805599453
6035,2,1.0986122886681098
6036,2,1.0986122886681098
6037,13,2.6390573296152584
6038,2,1.0986122886681098
6039,1,0.6931471805599453
6040,2,1.0986122886681098
6041,1,0.6931471805599453
6042,15,2.772588722239781
6043,1,0.6931471805599453
6044,2,1.0986122886681098
6045,9,2.302585092994046
6046,7,2.0794415416798357
6047,1,0.6931471805599453
6048,3,1.3862943611198906
6049,1,0.6931471805599453
6050,1,0.6931471805599453
6051,2,1.0986122886681098
6052,18,2.9444389791664403
6053,5,1.791759469228055
6054,1,0.6931471805599453
6055,18,2.9444389791664403
6056,19,2.995732273553991
6057,2,1.0986122886681098
6058,1,0.6931471805599453
6059,3,1.3862943611198906
6060,7,2.0794415416798357
6061,1,0.6931471805599453
6062,2,1.0986122886681098
6063,3,1.3862943611198906
6064,128,4.859812404361672
6065,8,2.1972245773362196
6066,4,1.6094379124341003
6067,12,2.5649493574615367
6068,4,1.6094379124341003
6069,41,3.7376696182833684
6070,10,2.3978952727983707
6071,2,1.0986122886681098
6072,1,0.6931471805599453
6073,1,0.6931471805599453
6074,1,0.6931471805599453
6075,4,1.6094379124341003
6076,2,1.0986122886681098
6077,2,1.0986122886681098
6078,6,1.9459101490553132
6079,38,3.6635616461296463
6080,1,0.6931471805599453
6081,1,0.6931471805599453
6082,40,3.713572066704308
6083,1,0.6931471805599453
6084,1,0.6931471805599453
6085,5,1.791759469228055
6086,1,0.6931471805599453
6087,61,4.127134385045092
6088,13,2.6390573296152584
6089,48,3.8918202981106265
6090,1,0.6931471805599453
6091,1,0.6931471805599453
6092,1,0.6931471805599453
6093,12,2.5649493574615367
6094,7,2.0794415416798357
6095,152,5.030437921392435
6096,23,3.1780538303479458
6097,2,1.0986122886681098
6098,2,1.0986122886681098
6099,1,0.6931471805599453
6100,4,1.6094379124341003
6101,17,2.8903717578961645
6102,1,0.6931471805599453
6103,1,0.6931471805599453
6104,1,0.6931471805599453
6105,1,0.6931471805599453
6106,7,2.0794415416798357
6107,1,0.6931471805599453
6108,1,0.6931471805599453
6109,3,1.3862943611198906
6110,42,3.7612001156935624
6111,3,1.3862943611198906
6112,1,0.6931471805599453
6113,6,1.9459101490553132
6114,3,1.3862943611198906
6115,1,0.6931471805599453
6116,1,0.6931471805599453
6117,49,3.912023005428146
6118,1,0.6931471805599453
6119,4,1.6094379124341003
6120,1,0.6931471805599453
6121,11,2.4849066497880004
6122,14,2.70805020110221
6123,4,1.6094379124341003
6124,1,0.6931471805599453
6125,1,0.6931471805599453
6126,1,0.6931471805599453
6127,2,1.0986122886681098
6128,2,1.0986122886681098
6129,64,4.174387269895637
6130,2,1.0986122886681098
6131,16,2.833213344056216
6132,1,0.6931471805599453
6133,3,1.3862943611198906
6134,1,0.6931471805599453
6135,11,2.4849066497880004
6136,19,2.995732273553991
6137,37,3.6375861597263857
6138,1,0.6931471805599453
6139,1,0.6931471805599453
6140,1,0.6931471805599453
6141,9,2.302585092994046
6142,2,1.0986122886681098
6143,1,0.6931471805599453
6144,1,0.6931471805599453
6145,3,1.3862943611198906
6146,8,2.1972245773362196
6147,4,1.6094379124341003
6148,1,0.6931471805599453
6149,2,1.0986122886681098
6150,1,0.6931471805599453
6151,4,1.6094379124341003
6152,1,0.6931471805599453
6153,1,0.6931471805599453
6154,1,0.6931471805599453
6155,79,4.382026634673881
6156,6,1.9459101490553132
6157,1,0.6931471805599453
6158,2,1.0986122886681098
6159,2,1.0986122886681098
6160,9,2.302585092994046
6161,12,2.5649493574615367
6162,1,0.6931471805599453
6163,15,2.772588722239781
6164,4,1.6094379124341003
6165,10,2.3978952727983707
6166,2,1.0986122886681098
6167,1,0.6931471805599453
6168,32,3.4965075614664802
6169,1,0.6931471805599453
6170,19,2.995732273553991
6171,1,0.6931471805599453
6172,1,0.6931471805599453
6173,7,2.0794415416798357
6174,1,0.6931471805599453
6175,1,0.6931471805599453
6176,7,2.0794415416798357
6177,1,0.6931471805599453
6178,1,0.6931471805599453
6179,1,0.6931471805599453
6180,2,1.0986122886681098
6181,6,1.9459101490553132
6182,1,0.6931471805599453
6183,1,0.6931471805599453
6184,10,2.3978952727983707
6185,3,1.3862943611198906
6186,10,2.3978952727983707
6187,1,0.6931471805599453
6188,12,2.5649493574615367
6189,112,4.727387818712341
6190,7,2.0794415416798357
6191,7,2.0794415416798357
6192,1,0.6931471805599453
6193,2,1.0986122886681098
6194,1,0.6931471805599453
6195,1,0.6931471805599453
6196,1,0.6931471805599453
6197,1,0.6931471805599453
6198,5,1.791759469228055
6199,1,0.6931471805599453
6200,1,0.6931471805599453
6201,1,0.6931471805599453
6202,1,0.6931471805599453
6203,12,2.5649493574615367
6204,2,1.0986122886681098
6205,12,2.5649493574615367
6206,1,0.6931471805599453
6207,161,5.087596335232384
6208,1,0.6931471805599453
6209,1,0.6931471805599453
6210,18,2.9444389791664403
6211,1,0.6931471805599453
6212,1,0.6931471805599453
6213,1,0.6931471805599453
6214,1,0.6931471805599453
6215,6,1.9459101490553132
6216,4,1.6094379124341003
6217,1,0.6931471805599453
6218,4,1.6094379124341003
6219,4,1.6094379124341003
6220,2,1.0986122886681098
6221,4,1.6094379124341003
6222,1,0.6931471805599453
6223,4,1.6094379124341003
6224,1,0.6931471805599453
6225,13,2.6390573296152584
6226,6,1.9459101490553132
6227,2,1.0986122886681098
6228,23,3.1780538303479458
6229,1,0.6931471805599453
6230,3,1.3862943611198906
6231,4,1.6094379124341003
6232,4,1.6094379124341003
6233,1,0.6931471805599453
6234,6,1.9459101490553132
6235,60,4.110873864173311
6236,9,2.302585092994046
6237,1,0.6931471805599453
6238,2,1.0986122886681098
6239,1,0.6931471805599453
6240,3,1.3862943611198906
6241,4,1.6094379124341003
6242,3,1.3862943611198906
6243,6,1.9459101490553132
6244,3,1.3862943611198906
6245,9,2.302585092994046
6246,1,0.6931471805599453
6247,1,0.6931471805599453
6248,2,1.0986122886681098
6249,1,0.6931471805599453
6250,2,1.0986122886681098
6251,4,1.6094379124341003
6252,8,2.1972245773362196
6253,2,1.0986122886681098
6254,3,1.3862943611198906
6255,1,0.6931471805599453
6256,28,3.367295829986474
6257,5,1.791759469228055
6258,7,2.0794415416798357
6259,8,2.1972245773362196
6260,80,4.394449154672439
6261,18,2.9444389791664403
6262,1,0.6931471805599453
6263,1,0.6931471805599453
6264,14,2.70805020110221
6265,4,1.6094379124341003
6266,3,1.3862943611198906
6267,1,0.6931471805599453
6268,1,0.6931471805599453
6269,37,3.6375861597263857
6270,99,4.605170185988092
6271,5,1.791759469228055
6272,33,3.5263605246161616
6273,2,1.0986122886681098
6274,1,0.6931471805599453
6275,17,2.8903717578961645
6276,9,2.302585092994046
6277,1,0.6931471805599453
6278,3,1.3862943611198906
6279,2,1.0986122886681098
6280,1,0.6931471805599453
6281,116,4.762173934797756
6282,14,2.70805020110221
6283,33,3.5263605246161616
6284,42,3.7612001156935624
6285,1,0.6931471805599453
6286,2,1.0986122886681098
6287,4,1.6094379124341003
6288,1,0.6931471805599453
6289,1,0.6931471805599453
6290,2,1.0986122886681098
6291,1,0.6931471805599453
6292,2,1.0986122886681098
6293,1,0.6931471805599453
6294,2,1.0986122886681098
6295,2,1.0986122886681098
6296,5,1.791759469228055
6297,4,1.6094379124341003
6298,1,0.6931471805599453
6299,120,4.795790545596741
6300,1,0.6931471805599453
6301,133,4.897839799950911
6302,1,0.6931471805599453
6303,3,1.3862943611198906
6304,3,1.3862943611198906
6305,4,1.6094379124341003
6306,3,1.3862943611198906
6307,27,3.332204510175204
6308,2,1.0986122886681098
6309,3,1.3862943611198906
6310,8,2.1972245773362196
6311,10,2.3978952727983707
6312,13,2.6390573296152584
6313,2,1.0986122886681098
6314,2,1.0986122886681098
6315,116,4.762173934797756
6316,9,2.302585092994046
6317,1,0.6931471805599453
6318,1,0.6931471805599453
6319,2,1.0986122886681098
6320,1,0.6931471805599453
6321,4,1.6094379124341003
6322,111,4.718498871295094
6323,1,0.6931471805599453
6324,2,1.0986122886681098
6325,19,2.995732273553991
6326,2,1.0986122886681098
6327,1,0.6931471805599453
6328,1,0.6931471805599453
6329,21,3.091042453358316
6330,1,0.6931471805599453
6331,1,0.6931471805599453
6332,1,0.6931471805599453
6333,3,1.3862943611198906
6334,1,0.6931471805599453
6335,1,0.6931471805599453
6336,1,0.6931471805599453
6337,1,0.6931471805599453
6338,1,0.6931471805599453
6339,2,1.0986122886681098
6340,2,1.0986122886681098
6341,3,1.3862943611198906
6342,7,2.0794415416798357
6343,22,3.1354942159291497
6344,1,0.6931471805599453
6345,1,0.6931471805599453
6346,7,2.0794415416798357
6347,1,0.6931471805599453
6348,1,0.6931471805599453
6349,2,1.0986122886681098
6350,3,1.3862943611198906
6351,9,2.302585092994046
6352,1,0.6931471805599453
6353,3,1.3862943611198906
6354,1,0.6931471805599453
6355,1,0.6931471805599453
6356,3,1.3862943611198906
6357,1,0.6931471805599453
6358,4,1.6094379124341003
6359,2,1.0986122886681098
6360,60,4.110873864173311
6361,1,0.6931471805599453
6362,1,0.6931471805599453
6363,5,1.791759469228055
6364,2,1.0986122886681098
6365,1,0.6931471805599453
6366,1,0.6931471805599453
6367,2,1.0986122886681098
6368,4,1.6094379124341003
6369,3,1.3862943611198906
6370,69,4.248495242049359
6371,3,1.3862943611198906
6372,7,2.0794415416798357
6373,1,0.6931471805599453
6374,1,0.6931471805599453
6375,1,0.6931471805599453
6376,15,2.772588722239781
6377,2,1.0986122886681098
6378,1,0.6931471805599453
6379,4,1.6094379124341003
6380,3,1.3862943611198906
6381,5,1.791759469228055
6382,2,1.0986122886681098
6383,1,0.6931471805599453
6384,1,0.6931471805599453
6385,7,2.0794415416798357
6386,1,0.6931471805599453
6387,5,1.791759469228055
6388,15,2.772588722239781
6389,1,0.6931471805599453
6390,3,1.3862943611198906
6391,1,0.6931471805599453
6392,7,2.0794415416798357
6393,88,4.48863636973214
6394,1,0.6931471805599453
6395,1,0.6931471805599453
6396,2,1.0986122886681098
6397,54,4.007333185232471
6398,1,0.6931471805599453
6399,1,0.6931471805599453
6400,1,0.6931471805599453
6401,3,1.3862943611198906
6402,120,4.795790545596741
6403,150,5.017279836814924
6404,1,0.6931471805599453
6405,1,0.6931471805599453
6406,3,1.3862943611198906
6407,20,3.044522437723423
6408,34,3.5553480614894135
6409,2,1.0986122886681098
6410,17,2.8903717578961645
6411,1,0.6931471805599453
6412,1,0.6931471805599453
6413,1,0.6931471805599453
6414,5,1.791759469228055
6415,1,0.6931471805599453
6416,6,1.9459101490553132
6417,83,4.430816798843313
6418,1,0.6931471805599453
6419,3,1.3862943611198906
6420,5,1.791759469228055
6421,1,0.6931471805599453
6422,1,0.6931471805599453
6423,12,2.5649493574615367
6424,5,1.791759469228055
6425,1,0.6931471805599453
6426,4,1.6094379124341003
6427,7,2.0794415416798357
6428,3,1.3862943611198906
6429,1,0.6931471805599453
6430,1,0.6931471805599453
6431,49,3.912023005428146
6432,4,1.6094379124341003
6433,1,0.6931471805599453
6434,6,1.9459101490553132
6435,15,2.772588722239781
6436,2,1.0986122886681098
6437,1,0.6931471805599453
6438,2,1.0986122886681098
6439,3,1.3862943611198906
6440,43,3.784189633918261
6441,4,1.6094379124341003
6442,2,1.0986122886681098
6443,11,2.4849066497880004
6444,10,2.3978952727983707
6445,1,0.6931471805599453
6446,44,3.8066624897703196
6447,5,1.791759469228055
6448,1,0.6931471805599453
6449,1,0.6931471805599453
6450,1,0.6931471805599453
6451,6,1.9459101490553132
6452,2,1.0986122886681098
6453,230,5.442417710521793
6454,1,0.6931471805599453
6455,1,0.6931471805599453
6456,1,0.6931471805599453
6457,1,0.6931471805599453
6458,1,0.6931471805599453
6459,18,2.9444389791664403
6460,3,1.3862943611198906
6461,1,0.6931471805599453
6462,2,1.0986122886681098
6463,4,1.6094379124341003
6464,1,0.6931471805599453
6465,1,0.6931471805599453
6466,3,1.3862943611198906
6467,4,1.6094379124341003
6468,1,0.6931471805599453
6469,16,2.833213344056216
6470,78,4.3694478524670215
6471,5,1.791759469228055
6472,6,1.9459101490553132
6473,1,0.6931471805599453
6474,1,0.6931471805599453
6475,1,0.6931471805599453
6476,2,1.0986122886681098
6477,3,1.3862943611198906
6478,7,2.0794415416798357
6479,1,0.6931471805599453
6480,7,2.0794415416798357
6481,3,1.3862943611198906
6482,6,1.9459101490553132
6483,1,0.6931471805599453
6484,14,2.70805020110221
6485,2,1.0986122886681098
6486,24,3.2188758248682006
6487,1,0.6931471805599453
6488,1,0.6931471805599453
6489,1,0.6931471805599453
6490,3,1.3862943611198906
6491,12,2.5649493574615367
6492,6,1.9459101490553132
6493,2,1.0986122886681098
6494,4,1.6094379124341003
6495,28,3.367295829986474
6496,1,0.6931471805599453
6497,26,3.295836866004329
6498,3,1.3862943611198906
6499,9,2.302585092994046
6500,3,1.3862943611198906
6501,4,1.6094379124341003
6502,1,0.6931471805599453
6503,1,0.6931471805599453
6504,2,1.0986122886681098
6505,5,1.791759469228055
6506,1,0.6931471805599453
6507,52,3.970291913552122
6508,1,0.6931471805599453
6509,2,1.0986122886681098
6510,1,0.6931471805599453
6511,1,0.6931471805599453
6512,1,0.6931471805599453
6513,1,0.6931471805599453
6514,3,1.3862943611198906
6515,1,0.6931471805599453
6516,2,1.0986122886681098
6517,2,1.0986122886681098
6518,1,0.6931471805599453
6519,3,1.3862943611198906
6520,11,2.4849066497880004
6521,1,0.6931471805599453
6522,34,3.5553480614894135
6523,5,1.791759469228055
6524,1,0.6931471805599453
6525,1,0.6931471805599453
6526,8,2.1972245773362196
6527,1,0.6931471805599453
6528,4,1.6094379124341003
6529,1,0.6931471805599453
6530,3,1.3862943611198906
6531,17,2.8903717578961645
6532,13,2.6390573296152584
6533,1,0.6931471805599453
6534,3,1.3862943611198906
6535,1,0.6931471805599453
6536,1,0.6931471805599453
6537,2,1.0986122886681098
6538,4,1.6094379124341003
6539,1,0.6931471805599453
6540,1,0.6931471805599453
6541,1,0.6931471805599453
6542,1,0.6931471805599453
6543,1,0.6931471805599453
6544,10,2.3978952727983707
6545,6,1.9459101490553132
6546,8,2.1972245773362196
6547,75,4.330733340286331
6548,1,0.6931471805599453
6549,32,3.4965075614664802
6550,5,1.791759469228055
6551,24,3.2188758248682006
6552,4,1.6094379124341003
6553,1,0.6931471805599453
6554,1,0.6931471805599453
6555,1,0.6931471805599453
6556,7,2.0794415416798357
6557,1,0.6931471805599453
6558,6,1.9459101490553132
6559,7,2.0794415416798357
6560,1,0.6931471805599453
6561,8,2.1972245773362196
6562,1,0.6931471805599453
6563,3,1.3862943611198906
6564,1,0.6931471805599453
6565,12,2.5649493574615367
6566,1,0.6931471805599453
6567,3,1.3862943611198906
6568,1,0.6931471805599453
6569,1,0.6931471805599453
6570,1,0.6931471805599453
6571,2,1.0986122886681098
6572,1,0.6931471805599453
6573,1,0.6931471805599453
6574,1,0.6931471805599453
6575,8,2.1972245773362196
6576,12,2.5649493574615367
6577,2,1.0986122886681098
6578,119,4.787491742782046
6579,1,0.6931471805599453
6580,1,0.6931471805599453
6581,2,1.0986122886681098
6582,6,1.9459101490553132
6583,1,0.6931471805599453
6584,1,0.6931471805599453
6585,1,0.6931471805599453
6586,1,0.6931471805599453
6587,3,1.3862943611198906
6588,1,0.6931471805599453
6589,4,1.6094379124341003
6590,1,0.6931471805599453
6591,2,1.0986122886681098
6592,14,2.70805020110221
6593,1,0.6931471805599453
6594,1,0.6931471805599453
6595,1,0.6931471805599453
6596,1,0.6931471805599453
6597,11,2.4849066497880004
6598,5,1.791759469228055
6599,3,1.3862943611198906
6600,1,0.6931471805599453
6601,8,2.1972245773362196
6602,2,1.0986122886681098
6603,6,1.9459101490553132
6604,3,1.3862943611198906
6605,2,1.0986122886681098
6606,11,2.4849066497880004
6607,1,0.6931471805599453
6608,1,0.6931471805599453
6609,1,0.6931471805599453
6610,3,1.3862943611198906
6611,1,0.6931471805599453
6612,1,0.6931471805599453
6613,1,0.6931471805599453
6614,2,1.0986122886681098
6615,2,1.0986122886681098
6616,1,0.6931471805599453
6617,2,1.0986122886681098
6618,2,1.0986122886681098
6619,2,1.0986122886681098
6620,2,1.0986122886681098
6621,1,0.6931471805599453
6622,7,2.0794415416798357
6623,2,1.0986122886681098
6624,4,1.6094379124341003
6625,1,0.6931471805599453
6626,3,1.3862943611198906
6627,1,0.6931471805599453
6628,1,0.6931471805599453
6629,1,0.6931471805599453
6630,1,0.6931471805599453
6631,1,0.6931471805599453
6632,1,0.6931471805599453
6633,3,1.3862943611198906
6634,18,2.9444389791664403
6635,16,2.833213344056216
6636,23,3.1780538303479458
6637,1,0.6931471805599453
6638,10,2.3978952727983707
6639,8,2.1972245773362196
6640,3,1.3862943611198906
6641,2,1.0986122886681098
6642,1,0.6931471805599453
6643,41,3.7376696182833684
6644,7,2.0794415416798357
6645,1,0.6931471805599453
6646,4,1.6094379124341003
6647,4,1.6094379124341003
6648,3,1.3862943611198906
6649,29,3.4011973816621555
6650,56,4.04305126783455
6651,4,1.6094379124341003
6652,1,0.6931471805599453
6653,41,3.7376696182833684
6654,7,2.0794415416798357
6655,1,0.6931471805599453
6656,2,1.0986122886681098
6657,32,3.4965075614664802
6658,3,1.3862943611198906
6659,7,2.0794415416798357
6660,1,0.6931471805599453
6661,15,2.772588722239781
6662,3,1.3862943611198906
6663,11,2.4849066497880004
6664,7,2.0794415416798357
6665,1,0.6931471805599453
6666,1,0.6931471805599453
6667,1,0.6931471805599453
6668,4,1.6094379124341003
6669,1,0.6931471805599453
6670,40,3.713572066704308
6671,6,1.9459101490553132
6672,4,1.6094379124341003
6673,1,0.6931471805599453
6674,20,3.044522437723423
6675,23,3.1780538303479458
6676,8,2.1972245773362196
6677,17,2.8903717578961645
6678,1,0.6931471805599453
6679,1,0.6931471805599453
6680,8,2.1972245773362196
6681,1,0.6931471805599453
6682,12,2.5649493574615367
6683,3,1.3862943611198906
6684,3,1.3862943611198906
6685,1,0.6931471805599453
6686,5,1.791759469228055
6687,8,2.1972245773362196
6688,2,1.0986122886681098
6689,1,0.6931471805599453
6690,1,0.6931471805599453
6691,2,1.0986122886681098
6692,1,0.6931471805599453
6693,1,0.6931471805599453
6694,1,0.6931471805599453
6695,2,1.0986122886681098
6696,1,0.6931471805599453
6697,5,1.791759469228055
6698,30,3.4339872044851463
6699,37,3.6375861597263857
6700,4,1.6094379124341003
6701,6,1.9459101490553132
6702,4,1.6094379124341003
6703,4,1.6094379124341003
6704,24,3.2188758248682006
6705,1,0.6931471805599453
6706,10,2.3978952727983707
6707,4,1.6094379124341003
6708,1,0.6931471805599453
6709,1,0.6931471805599453
6710,1,0.6931471805599453
6711,1,0.6931471805599453
6712,11,2.4849066497880004
6713,1,0.6931471805599453
6714,1,0.6931471805599453
6715,3,1.3862943611198906
6716,2,1.0986122886681098
6717,2,1.0986122886681098
6718,4,1.6094379124341003
6719,3,1.3862943611198906
6720,1,0.6931471805599453
6721,2,1.0986122886681098
6722,1,0.6931471805599453
6723,2,1.0986122886681098
6724,21,3.091042453358316
6725,22,3.1354942159291497
6726,2,1.0986122886681098
6727,1,0.6931471805599453
6728,15,2.772588722239781
6729,233,5.455321115357702
6730,5,1.791759469228055
6731,4,1.6094379124341003
6732,1,0.6931471805599453
6733,3,1.3862943611198906
6734,1,0.6931471805599453
6735,1,0.6931471805599453
6736,70,4.2626798770413155
6737,1,0.6931471805599453
6738,53,3.9889840465642745
6739,32,3.4965075614664802
6740,1,0.6931471805599453
6741,4,1.6094379124341003
6742,1,0.6931471805599453
6743,2,1.0986122886681098
6744,10,2.3978952727983707
6745,11,2.4849066497880004
6746,39,3.6888794541139363
6747,1,0.6931471805599453
6748,37,3.6375861597263857
6749,2,1.0986122886681098
6750,5,1.791759469228055
6751,1,0.6931471805599453
6752,1,0.6931471805599453
6753,4,1.6094379124341003
6754,13,2.6390573296152584
6755,24,3.2188758248682006
6756,2,1.0986122886681098
6757,1,0.6931471805599453
6758,1,0.6931471805599453
6759,20,3.044522437723423
6760,1,0.6931471805599453
6761,2,1.0986122886681098
6762,2,1.0986122886681098
6763,2,1.0986122886681098
6764,101,4.624972813284271
6765,1,0.6931471805599453
6766,3,1.3862943611198906
6767,2,1.0986122886681098
6768,1,0.6931471805599453
6769,44,3.8066624897703196
6770,1,0.6931471805599453
6771,1,0.6931471805599453
6772,2,1.0986122886681098
6773,2,1.0986122886681098
6774,1,0.6931471805599453
6775,20,3.044522437723423
6776,13,2.6390573296152584
6777,1,0.6931471805599453
6778,1,0.6931471805599453
6779,2,1.0986122886681098
6780,4,1.6094379124341003
6781,3,1.3862943611198906
6782,4,1.6094379124341003
6783,4,1.6094379124341003
6784,1,0.6931471805599453
6785,2,1.0986122886681098
6786,1,0.6931471805599453
6787,2,1.0986122886681098
6788,8,2.1972245773362196
6789,6,1.9459101490553132
6790,1,0.6931471805599453
6791,7,2.0794415416798357
6792,3,1.3862943611198906
6793,1,0.6931471805599453
6794,10,2.3978952727983707
6795,17,2.8903717578961645
6796,1,0.6931471805599453
6797,1,0.6931471805599453
6798,1,0.6931471805599453
6799,9,2.302585092994046
6800,2,1.0986122886681098
6801,3,1.3862943611198906
6802,4,1.6094379124341003
6803,45,3.828641396489095
6804,26,3.295836866004329
6805,4,1.6094379124341003
6806,2,1.0986122886681098
6807,1,0.6931471805599453
6808,2,1.0986122886681098
6809,25,3.258096538021482
6810,3,1.3862943611198906
6811,3,1.3862943611198906
6812,2,1.0986122886681098
6813,3,1.3862943611198906
6814,3,1.3862943611198906
6815,4,1.6094379124341003
6816,16,2.833213344056216
6817,3,1.3862943611198906
6818,2,1.0986122886681098
6819,4,1.6094379124341003
6820,1,0.6931471805599453
6821,5,1.791759469228055
6822,1,0.6931471805599453
6823,3,1.3862943611198906
6824,1,0.6931471805599453
6825,8,2.1972245773362196
6826,13,2.6390573296152584
6827,1,0.6931471805599453
6828,4,1.6094379124341003
6829,1,0.6931471805599453
6830,5,1.791759469228055
6831,19,2.995732273553991
6832,3,1.3862943611198906
6833,1,0.6931471805599453
6834,2,1.0986122886681098
6835,38,3.6635616461296463
6836,1,0.6931471805599453
6837,2,1.0986122886681098
6838,67,4.219507705176107
6839,2,1.0986122886681098
6840,1,0.6931471805599453
6841,1,0.6931471805599453
6842,1,0.6931471805599453
6843,3,1.3862943611198906
6844,1,0.6931471805599453
6845,8,2.1972245773362196
6846,32,3.4965075614664802
6847,2,1.0986122886681098
6848,1,0.6931471805599453
6849,2,1.0986122886681098
6850,7,2.0794415416798357
6851,1,0.6931471805599453
6852,3,1.3862943611198906
6853,5,1.791759469228055
6854,2,1.0986122886681098
6855,72,4.290459441148391
6856,2,1.0986122886681098
6857,1,0.6931471805599453
6858,4,1.6094379124341003
6859,1,0.6931471805599453
6860,1,0.6931471805599453
6861,14,2.70805020110221
6862,14,2.70805020110221
6863,1,0.6931471805599453
6864,1,0.6931471805599453
6865,17,2.8903717578961645
6866,2,1.0986122886681098
6867,3,1.3862943611198906
6868,14,2.70805020110221
6869,2,1.0986122886681098
6870,1,0.6931471805599453
6871,2,1.0986122886681098
6872,1,0.6931471805599453
6873,1,0.6931471805599453
6874,1,0.6931471805599453
6875,10,2.3978952727983707
6876,1,0.6931471805599453
6877,2,1.0986122886681098
6878,6,1.9459101490553132
6879,3,1.3862943611198906
6880,1,0.6931471805599453
6881,2,1.0986122886681098
6882,143,4.969813299576001
6883,31,3.4657359027997265
6884,1,0.6931471805599453
6885,1,0.6931471805599453
6886,4,1.6094379124341003
6887,1,0.6931471805599453
6888,2,1.0986122886681098
6889,39,3.6888794541139363
6890,4,1.6094379124341003
6891,2,1.0986122886681098
6892,9,2.302585092994046
6893,1,0.6931471805599453
6894,17,2.8903717578961645
6895,5,1.791759469228055
6896,1,0.6931471805599453
6897,3,1.3862943611198906
6898,2,1.0986122886681098
6899,6,1.9459101490553132
6900,24,3.2188758248682006
6901,2,1.0986122886681098
6902,6,1.9459101490553132
6903,1,0.6931471805599453
6904,118,4.77912349311153
6905,1,0.6931471805599453
6906,2,1.0986122886681098
6907,36,3.6109179126442243
6908,13,2.6390573296152584
6909,3,1.3862943611198906
6910,22,3.1354942159291497
6911,165,5.111987788356544
6912,2,1.0986122886681098
6913,2,1.0986122886681098
6914,1,0.6931471805599453
6915,1,0.6931471805599453
6916,1,0.6931471805599453
6917,1,0.6931471805599453
6918,9,2.302585092994046
6919,1,0.6931471805599453
6920,4,1.6094379124341003
6921,3,1.3862943611198906
6922,1,0.6931471805599453
6923,1,0.6931471805599453
6924,2,1.0986122886681098
6925,136,4.919980925828125
6926,1,0.6931471805599453
6927,27,3.332204510175204
6928,32,3.4965075614664802
6929,1,0.6931471805599453
6930,3,1.3862943611198906
6931,2,1.0986122886681098
6932,2,1.0986122886681098
6933,14,2.70805020110221
6934,22,3.1354942159291497
6935,2,1.0986122886681098
6936,4,1.6094379124341003
6937,3,1.3862943611198906
6938,1,0.6931471805599453
6939,13,2.6390573296152584
6940,3,1.3862943611198906
6941,28,3.367295829986474
6942,1,0.6931471805599453
6943,4,1.6094379124341003
6944,2,1.0986122886681098
6945,3,1.3862943611198906
6946,1,0.6931471805599453
6947,2,1.0986122886681098
6948,5,1.791759469228055
6949,1,0.6931471805599453
6950,3,1.3862943611198906
6951,2,1.0986122886681098
6952,3,1.3862943611198906
6953,5,1.791759469228055
6954,2,1.0986122886681098
6955,1,0.6931471805599453
6956,1,0.6931471805599453
6957,1,0.6931471805599453
6958,1,0.6931471805599453
6959,12,2.5649493574615367
6960,1,0.6931471805599453
6961,3,1.3862943611198906
6962,1,0.6931471805599453
6963,1,0.6931471805599453
6964,2,1.0986122886681098
6965,1,0.6931471805599453
6966,1,0.6931471805599453
6967,61,4.127134385045092
6968,1,0.6931471805599453
6969,3,1.3862943611198906
6970,1,0.6931471805599453
6971,1,0.6931471805599453
6972,2,1.0986122886681098
6973,1,0.6931471805599453
6974,3,1.3862943611198906
6975,1,0.6931471805599453
6976,1,0.6931471805599453
6977,14,2.70805020110221
6978,1,0.6931471805599453
6979,5,1.791759469228055
6980,6,1.9459101490553132
6981,5,1.791759469228055
6982,1,0.6931471805599453
6983,1,0.6931471805599453
6984,5,1.791759469228055
6985,3,1.3862943611198906
6986,1,0.6931471805599453
6987,2,1.0986122886681098
6988,2,1.0986122886681098
6989,2,1.0986122886681098
6990,1,0.6931471805599453
6991,1,0.6931471805599453
6992,1,0.6931471805599453
6993,1,0.6931471805599453
6994,5,1.791759469228055
6995,12,2.5649493574615367
6996,1,0.6931471805599453
6997,1,0.6931471805599453
6998,1,0.6931471805599453
6999,5,1.791759469228055
7000,34,3.5553480614894135
7001,6,1.9459101490553132
7002,10,2.3978952727983707
7003,1,0.6931471805599453
7004,1,0.6931471805599453
7005,2,1.0986122886681098
7006,1,0.6931471805599453
7007,1,0.6931471805599453
7008,2,1.0986122886681098
7009,7,2.0794415416798357
7010,3,1.3862943611198906
7011,1,0.6931471805599453
7012,11,2.4849066497880004
7013,1,0.6931471805599453
7014,2,1.0986122886681098
7015,1,0.6931471805599453
7016,4,1.6094379124341003
7017,3,1.3862943611198906
7018,23,3.1780538303479458
7019,3,1.3862943611198906
7020,1,0.6931471805599453
7021,3,1.3862943611198906
7022,9,2.302585092994046
7023,3,1.3862943611198906
7024,1,0.6931471805599453
7025,1,0.6931471805599453
7026,1,0.6931471805599453
7027,1,0.6931471805599453
7028,4,1.6094379124341003
7029,2,1.0986122886681098
7030,1,0.6931471805599453
7031,14,2.70805020110221
7032,1,0.6931471805599453
7033,2,1.0986122886681098
7034,1,0.6931471805599453
7035,1,0.6931471805599453
7036,25,3.258096538021482
7037,1,0.6931471805599453
7038,3,1.3862943611198906
7039,1,0.6931471805599453
7040,5,1.791759469228055
7041,1,0.6931471805599453
7042,2,1.0986122886681098
7043,1,0.6931471805599453
7044,5,1.791759469228055
7045,1,0.6931471805599453
7046,3,1.3862943611198906
7047,1,0.6931471805599453
7048,1,0.6931471805599453
7049,3,1.3862943611198906
7050,1,0.6931471805599453
7051,1,0.6931471805599453
7052,1,0.6931471805599453
7053,5,1.791759469228055
7054,1,0.6931471805599453
7055,4,1.6094379124341003
7056,1,0.6931471805599453
7057,3,1.3862943611198906
7058,15,2.772588722239781
7059,1,0.6931471805599453
7060,7,2.0794415416798357
7061,1,0.6931471805599453
7062,5,1.791759469228055
7063,25,3.258096538021482
7064,2,1.0986122886681098
7065,4,1.6094379124341003
7066,1,0.6931471805599453
7067,3,1.3862943611198906
7068,4,1.6094379124341003
7069,1,0.6931471805599453
7070,138,4.9344739331306915
7071,2,1.0986122886681098
7072,27,3.332204510175204
7073,2,1.0986122886681098
7074,1,0.6931471805599453
7075,3,1.3862943611198906
7076,28,3.367295829986474
7077,1,0.6931471805599453
7078,21,3.091042453358316
7079,4,1.6094379124341003
7080,1,0.6931471805599453
7081,1,0.6931471805599453
7082,2,1.0986122886681098
7083,1,0.6931471805599453
7084,7,2.0794415416798357
7085,2,1.0986122886681098
7086,1,0.6931471805599453
7087,1,0.6931471805599453
7088,1,0.6931471805599453
7089,1,0.6931471805599453
7090,18,2.9444389791664403
7091,1,0.6931471805599453
7092,29,3.4011973816621555
7093,19,2.995732273553991
7094,1,0.6931471805599453
7095,5,1.791759469228055
7096,4,1.6094379124341003
7097,15,2.772588722239781
7098,5,1.791759469228055
7099,2,1.0986122886681098
7100,1,0.6931471805599453
7101,3,1.3862943611198906
7102,21,3.091042453358316
7103,3,1.3862943611198906
7104,1,0.6931471805599453
7105,2,1.0986122886681098
7106,2,1.0986122886681098
7107,4,1.6094379124341003
7108,2,1.0986122886681098
7109,2,1.0986122886681098
7110,1,0.6931471805599453
7111,1,0.6931471805599453
7112,1,0.6931471805599453
7113,2,1.0986122886681098
7114,3,1.3862943611198906
7115,63,4.1588830833596715
7116,3,1.3862943611198906
7117,3,1.3862943611198906
7118,1,0.6931471805599453
7119,15,2.772588722239781
7120,2,1.0986122886681098
7121,1,0.6931471805599453
7122,1,0.6931471805599453
7123,6,1.9459101490553132
7124,6,1.9459101490553132
7125,1,0.6931471805599453
7126,1,0.6931471805599453
7127,1,0.6931471805599453
7128,2,1.0986122886681098
7129,1,0.6931471805599453
7130,4,1.6094379124341003
7131,1,0.6931471805599453
7132,3,1.3862943611198906
7133,4,1.6094379124341003
7134,10,2.3978952727983707
7135,1,0.6931471805599453
7136,5,1.791759469228055
7137,16,2.833213344056216
7138,9,2.302585092994046
7139,1,0.6931471805599453
7140,1,0.6931471805599453
7141,1,0.6931471805599453
7142,1,0.6931471805599453
7143,61,4.127134385045092
7144,44,3.8066624897703196
7145,2,1.0986122886681098
7146,1,0.6931471805599453
7147,1,0.6931471805599453
7148,2,1.0986122886681098
7149,1,0.6931471805599453
7150,2,1.0986122886681098
7151,3,1.3862943611198906
7152,1,0.6931471805599453
7153,1,0.6931471805599453
7154,5,1.791759469228055
7155,10,2.3978952727983707
7156,3,1.3862943611198906
7157,1,0.6931471805599453
7158,5,1.791759469228055
7159,2,1.0986122886681098
7160,1,0.6931471805599453
7161,3,1.3862943611198906
7162,50,3.9318256327243257
7163,1,0.6931471805599453
7164,1,0.6931471805599453
7165,1,0.6931471805599453
7166,23,3.1780538303479458
7167,1,0.6931471805599453
7168,1,0.6931471805599453
7169,1,0.6931471805599453
7170,1,0.6931471805599453
7171,1,0.6931471805599453
7172,5,1.791759469228055
7173,1,0.6931471805599453
7174,4,1.6094379124341003
7175,1,0.6931471805599453
7176,1,0.6931471805599453
7177,8,2.1972245773362196
7178,1,0.6931471805599453
7179,3,1.3862943611198906
7180,1,0.6931471805599453
7181,1,0.6931471805599453
7182,27,3.332204510175204
7183,1,0.6931471805599453
7184,9,2.302585092994046
7185,1,0.6931471805599453
7186,1,0.6931471805599453
7187,6,1.9459101490553132
7188,32,3.4965075614664802
7189,16,2.833213344056216
7190,1,0.6931471805599453
7191,40,3.713572066704308
7192,5,1.791759469228055
7193,151,5.0238805208462765
7194,5,1.791759469228055
7195,2,1.0986122886681098
7196,2,1.0986122886681098
7197,3,1.3862943611198906
7198,2,1.0986122886681098
7199,13,2.6390573296152584
7200,40,3.713572066704308
7201,6,1.9459101490553132
7202,2,1.0986122886681098
7203,1,0.6931471805599453
7204,31,3.4657359027997265
7205,2,1.0986122886681098
7206,1,0.6931471805599453
7207,1,0.6931471805599453
7208,9,2.302585092994046
7209,11,2.4849066497880004
7210,1,0.6931471805599453
7211,3,1.3862943611198906
7212,3,1.3862943611198906
7213,2,1.0986122886681098
7214,78,4.3694478524670215
7215,5,1.791759469228055
7216,1,0.6931471805599453
7217,4,1.6094379124341003
7218,4,1.6094379124341003
7219,11,2.4849066497880004
7220,1,0.6931471805599453
7221,19,2.995732273553991
7222,1,0.6931471805599453
7223,2,1.0986122886681098
7224,1,0.6931471805599453
7225,1,0.6931471805599453
7226,1,0.6931471805599453
7227,1,0.6931471805599453
7228,1,0.6931471805599453
7229,1,0.6931471805599453
7230,4,1.6094379124341003
7231,5,1.791759469228055
7232,5,1.791759469228055
7233,1,0.6931471805599453
7234,3,1.3862943611198906
7235,2,1.0986122886681098
7236,11,2.4849066497880004
7237,7,2.0794415416798357
7238,3,1.3862943611198906
7239,16,2.833213344056216
7240,2,1.0986122886681098
7241,2,1.0986122886681098
7242,2,1.0986122886681098
7243,1,0.6931471805599453
7244,2,1.0986122886681098
7245,2,1.0986122886681098
7246,1,0.6931471805599453
7247,6,1.9459101490553132
7248,10,2.3978952727983707
7249,7,2.0794415416798357
7250,3,1.3862943611198906
7251,1,0.6931471805599453
7252,6,1.9459101490553132
7253,1,0.6931471805599453
7254,1,0.6931471805599453
7255,1,0.6931471805599453
7256,3,1.3862943611198906
7257,2,1.0986122886681098
7258,5,1.791759469228055
7259,1,0.6931471805599453
7260,1,0.6931471805599453
7261,1,0.6931471805599453
7262,1,0.6931471805599453
7263,5,1.791759469228055
7264,13,2.6390573296152584
7265,1,0.6931471805599453
7266,7,2.0794415416798357
7267,3,1.3862943611198906
7268,1,0.6931471805599453
7269,7,2.0794415416798357
7270,2,1.0986122886681098
7271,4,1.6094379124341003
7272,7,2.0794415416798357
7273,1,0.6931471805599453
7274,11,2.4849066497880004
7275,2,1.0986122886681098
7276,1,0.6931471805599453
7277,3,1.3862943611198906
7278,2,1.0986122886681098
7279,2,1.0986122886681098
7280,1,0.6931471805599453
7281,22,3.1354942159291497
7282,1,0.6931471805599453
7283,1,0.6931471805599453
7284,1,0.6931471805599453
7285,1,0.6931471805599453
7286,57,4.060443010546419
7287,3,1.3862943611198906
7288,1,0.6931471805599453
7289,4,1.6094379124341003
7290,1,0.6931471805599453
7291,15,2.772588722239781
7292,1,0.6931471805599453
7293,1,0.6931471805599453
7294,1,0.6931471805599453
7295,1,0.6931471805599453
7296,1,0.6931471805599453
7297,1,0.6931471805599453
7298,1,0.6931471805599453
7299,1,0.6931471805599453
7300,5,1.791759469228055
7301,11,2.4849066497880004
7302,1,0.6931471805599453
7303,3,1.3862943611198906
7304,1,0.6931471805599453
7305,2,1.0986122886681098
7306,1,0.6931471805599453
7307,2,1.0986122886681098
7308,1,0.6931471805599453
7309,1,0.6931471805599453
7310,1,0.6931471805599453
7311,1,0.6931471805599453
7312,1,0.6931471805599453
7313,6,1.9459101490553132
7314,2,1.0986122886681098
7315,1,0.6931471805599453
7316,1,0.6931471805599453
7317,1,0.6931471805599453
7318,48,3.8918202981106265
7319,1,0.6931471805599453
7320,2,1.0986122886681098
7321,6,1.9459101490553132
7322,2,1.0986122886681098
7323,2,1.0986122886681098
7324,1,0.6931471805599453
7325,1,0.6931471805599453
7326,1,0.6931471805599453
7327,1,0.6931471805599453
7328,1,0.6931471805599453
7329,1,0.6931471805599453
7330,1,0.6931471805599453
7331,1,0.6931471805599453
7332,3,1.3862943611198906
7333,10,2.3978952727983707
7334,1,0.6931471805599453
7335,1,0.6931471805599453
7336,77,4.356708826689592
7337,17,2.8903717578961645
7338,4,1.6094379124341003
7339,1,0.6931471805599453
7340,1,0.6931471805599453
7341,1,0.6931471805599453
7342,61,4.127134385045092
7343,6,1.9459101490553132
7344,3,1.3862943611198906
7345,1,0.6931471805599453
7346,4,1.6094379124341003
7347,8,2.1972245773362196
7348,6,1.9459101490553132
7349,5,1.791759469228055
7350,2,1.0986122886681098
7351,6,1.9459101490553132
7352,1,0.6931471805599453
7353,2,1.0986122886681098
7354,1,0.6931471805599453
7355,1,0.6931471805599453
7356,1,0.6931471805599453
7357,8,2.1972245773362196
7358,18,2.9444389791664403
7359,2,1.0986122886681098
7360,1,0.6931471805599453
7361,137,4.927253685157205
7362,3,1.3862943611198906
7363,2,1.0986122886681098
7364,1,0.6931471805599453
7365,21,3.091042453358316
7366,1,0.6931471805599453
7367,1,0.6931471805599453
7368,41,3.7376696182833684
7369,12,2.5649493574615367
7370,1,0.6931471805599453
7371,1,0.6931471805599453
7372,42,3.7612001156935624
7373,1,0.6931471805599453
7374,4,1.6094379124341003
7375,1,0.6931471805599453
7376,17,2.8903717578961645
7377,1,0.6931471805599453
7378,3,1.3862943611198906
7379,3,1.3862943611198906
7380,1,0.6931471805599453
7381,62,4.143134726391533
7382,64,4.174387269895637
7383,25,3.258096538021482
7384,1,0.6931471805599453
7385,1,0.6931471805599453
7386,7,2.0794415416798357
7387,61,4.127134385045092
7388,1,0.6931471805599453
7389,122,4.812184355372417
7390,1,0.6931471805599453
7391,2,1.0986122886681098
7392,1,0.6931471805599453
7393,15,2.772588722239781
7394,1,0.6931471805599453
7395,1,0.6931471805599453
7396,3,1.3862943611198906
7397,1,0.6931471805599453
7398,4,1.6094379124341003
7399,36,3.6109179126442243
7400,1,0.6931471805599453
7401,1,0.6931471805599453
7402,47,3.871201010907891
7403,1,0.6931471805599453
7404,5,1.791759469228055
7405,1,0.6931471805599453
7406,1,0.6931471805599453
7407,1,0.6931471805599453
7408,1,0.6931471805599453
7409,5,1.791759469228055
7410,1,0.6931471805599453
7411,1,0.6931471805599453
7412,2,1.0986122886681098
7413,1,0.6931471805599453
7414,3,1.3862943611198906
7415,1,0.6931471805599453
7416,2,1.0986122886681098
7417,1,0.6931471805599453
7418,6,1.9459101490553132
7419,14,2.70805020110221
7420,1,0.6931471805599453
7421,1,0.6931471805599453
7422,2,1.0986122886681098
7423,38,3.6635616461296463
7424,17,2.8903717578961645
7425,121,4.804021044733257
7426,34,3.5553480614894135
7427,28,3.367295829986474
7428,8,2.1972245773362196
7429,14,2.70805020110221
7430,2,1.0986122886681098
7431,1,0.6931471805599453
7432,140,4.948759890378168
7433,6,1.9459101490553132
7434,1,0.6931471805599453
7435,1,0.6931471805599453
7436,6,1.9459101490553132
7437,1,0.6931471805599453
7438,1,0.6931471805599453
7439,1,0.6931471805599453
7440,1,0.6931471805599453
7441,2,1.0986122886681098
7442,1,0.6931471805599453
7443,36,3.6109179126442243
7444,1,0.6931471805599453
7445,15,2.772588722239781
7446,3,1.3862943611198906
7447,1,0.6931471805599453
7448,11,2.4849066497880004
7449,1,0.6931471805599453
7450,2,1.0986122886681098
7451,1,0.6931471805599453
7452,2,1.0986122886681098
7453,3,1.3862943611198906
7454,2,1.0986122886681098
7455,1,0.6931471805599453
7456,2,1.0986122886681098
7457,1,0.6931471805599453
7458,1,0.6931471805599453
7459,27,3.332204510175204
7460,25,3.258096538021482
7461,7,2.0794415416798357
7462,2,1.0986122886681098
7463,5,1.791759469228055
7464,1,0.6931471805599453
7465,1,0.6931471805599453
7466,1,0.6931471805599453
7467,3,1.3862943611198906
7468,6,1.9459101490553132
7469,1,0.6931471805599453
7470,1,0.6931471805599453
7471,10,2.3978952727983707
7472,1,0.6931471805599453
7473,2,1.0986122886681098
7474,5,1.791759469228055
7475,1,0.6931471805599453
7476,2,1.0986122886681098
7477,13,2.6390573296152584
7478,57,4.060443010546419
7479,5,1.791759469228055
7480,2,1.0986122886681098
7481,1,0.6931471805599453
7482,7,2.0794415416798357
7483,1,0.6931471805599453
7484,2,1.0986122886681098
7485,3,1.3862943611198906
7486,12,2.5649493574615367
7487,50,3.9318256327243257
7488,2,1.0986122886681098
7489,1,0.6931471805599453
7490,2,1.0986122886681098
7491,27,3.332204510175204
7492,10,2.3978952727983707
7493,14,2.70805020110221
7494,9,2.302585092994046
7495,1,0.6931471805599453
7496,2,1.0986122886681098
7497,2,1.0986122886681098
7498,1,0.6931471805599453
7499,1,0.6931471805599453
7500,2,1.0986122886681098
7501,1,0.6931471805599453
7502,2,1.0986122886681098
7503,1,0.6931471805599453
7504,14,2.70805020110221
7505,18,2.9444389791664403
7506,1,0.6931471805599453
7507,2,1.0986122886681098
7508,7,2.0794415416798357
7509,1,0.6931471805599453
7510,2,1.0986122886681098
7511,1,0.6931471805599453
7512,41,3.7376696182833684
7513,1,0.6931471805599453
7514,1,0.6931471805599453
7515,2,1.0986122886681098
7516,1,0.6931471805599453
7517,46,3.8501476017100584
7518,5,1.791759469228055
7519,1,0.6931471805599453
7520,1,0.6931471805599453
7521,1,0.6931471805599453
7522,9,2.302585092994046
7523,4,1.6094379124341003
7524,1,0.6931471805599453
7525,19,2.995732273553991
7526,8,2.1972245773362196
7527,2,1.0986122886681098
7528,2,1.0986122886681098
7529,2,1.0986122886681098
7530,1,0.6931471805599453
7531,2,1.0986122886681098
7532,3,1.3862943611198906
7533,1,0.6931471805599453
7534,28,3.367295829986474
7535,1,0.6931471805599453
7536,2,1.0986122886681098
7537,5,1.791759469228055
7538,1,0.6931471805599453
7539,36,3.6109179126442243
7540,1,0.6931471805599453
7541,1,0.6931471805599453
7542,26,3.295836866004329
7543,72,4.290459441148391
7544,1,0.6931471805599453
7545,4,1.6094379124341003
7546,85,4.454347296253507
7547,39,3.6888794541139363
7548,1,0.6931471805599453
7549,1,0.6931471805599453
7550,2,1.0986122886681098
7551,1,0.6931471805599453
7552,1,0.6931471805599453
7553,1,0.6931471805599453
7554,1,0.6931471805599453
7555,1,0.6931471805599453
7556,1,0.6931471805599453
7557,2,1.0986122886681098
7558,1,0.6931471805599453
7559,2,1.0986122886681098
7560,4,1.6094379124341003
7561,1,0.6931471805599453
7562,5,1.791759469228055
7563,4,1.6094379124341003
7564,1,0.6931471805599453
7565,1,0.6931471805599453
7566,2,1.0986122886681098
7567,2,1.0986122886681098
7568,3,1.3862943611198906
7569,155,5.049856007249537
7570,132,4.890349128221754
7571,2,1.0986122886681098
7572,1,0.6931471805599453
7573,2,1.0986122886681098
7574,1,0.6931471805599453
7575,157,5.062595033026967
7576,1,0.6931471805599453
7577,2,1.0986122886681098
7578,1,0.6931471805599453
7579,8,2.1972245773362196
7580,8,2.1972245773362196
7581,1,0.6931471805599453
7582,1,0.6931471805599453
7583,8,2.1972245773362196
7584,1,0.6931471805599453
7585,1,0.6931471805599453
7586,3,1.3862943611198906
7587,2,1.0986122886681098
7588,1,0.6931471805599453
7589,1,0.6931471805599453
7590,2,1.0986122886681098
7591,2,1.0986122886681098
7592,1,0.6931471805599453
7593,20,3.044522437723423
7594,4,1.6094379124341003
7595,2,1.0986122886681098
7596,1,0.6931471805599453
7597,1,0.6931471805599453
7598,5,1.791759469228055
7599,20,3.044522437723423
7600,1,0.6931471805599453
7601,4,1.6094379124341003
7602,4,1.6094379124341003
7603,2,1.0986122886681098
7604,62,4.143134726391533
7605,1,0.6931471805599453
7606,1,0.6931471805599453
7607,36,3.6109179126442243
7608,2,1.0986122886681098
7609,1,0.6931471805599453
7610,1,0.6931471805599453
7611,1,0.6931471805599453
7612,8,2.1972245773362196
7613,2,1.0986122886681098
7614,1,0.6931471805599453
7615,1,0.6931471805599453
7616,6,1.9459101490553132
7617,1,0.6931471805599453
7618,1,0.6931471805599453
7619,1,0.6931471805599453
7620,10,2.3978952727983707
7621,22,3.1354942159291497
7622,4,1.6094379124341003
7623,4,1.6094379124341003
7624,1,0.6931471805599453
7625,1,0.6931471805599453
7626,1,0.6931471805599453
7627,1,0.6931471805599453
7628,8,2.1972245773362196
7629,1,0.6931471805599453
7630,1,0.6931471805599453
7631,33,3.5263605246161616
7632,9,2.302585092994046
7633,72,4.290459441148391
7634,1,0.6931471805599453
7635,7,2.0794415416798357
7636,1,0.6931471805599453
7637,10,2.3978952727983707
7638,1,0.6931471805599453
7639,3,1.3862943611198906
7640,2,1.0986122886681098
7641,2,1.0986122886681098
7642,1,0.6931471805599453
7643,1,0.6931471805599453
7644,12,2.5649493574615367
7645,1,0.6931471805599453
7646,1,0.6931471805599453
7647,2,1.0986122886681098
7648,4,1.6094379124341003
7649,3,1.3862943611198906
7650,1,0.6931471805599453
7651,9,2.302585092994046
7652,11,2.4849066497880004
7653,1,0.6931471805599453
7654,2,1.0986122886681098
7655,1,0.6931471805599453
7656,12,2.5649493574615367
7657,2,1.0986122886681098
7658,3,1.3862943611198906
7659,1,0.6931471805599453
7660,1,0.6931471805599453
7661,2,1.0986122886681098
7662,66,4.204692619390966
7663,7,2.0794415416798357
7664,3,1.3862943611198906
7665,1,0.6931471805599453
7666,1,0.6931471805599453
7667,3,1.3862943611198906
7668,36,3.6109179126442243
7669,37,3.6375861597263857
7670,1,0.6931471805599453
7671,1,0.6931471805599453
7672,40,3.713572066704308
7673,1,0.6931471805599453
7674,1,0.6931471805599453
7675,32,3.4965075614664802
7676,1,0.6931471805599453
7677,8,2.1972245773362196
7678,1,0.6931471805599453
7679,1,0.6931471805599453
7680,8,2.1972245773362196
7681,2,1.0986122886681098
7682,1,0.6931471805599453
7683,1,0.6931471805599453
7684,29,3.4011973816621555
7685,2,1.0986122886681098
7686,1,0.6931471805599453
7687,22,3.1354942159291497
7688,8,2.1972245773362196
7689,3,1.3862943611198906
7690,2,1.0986122886681098
7691,2,1.0986122886681098
7692,1,0.6931471805599453
7693,7,2.0794415416798357
7694,10,2.3978952727983707
7695,5,1.791759469228055
7696,3,1.3862943611198906
7697,1,0.6931471805599453
7698,2,1.0986122886681098
7699,23,3.1780538303479458
7700,1,0.6931471805599453
7701,4,1.6094379124341003
7702,1,0.6931471805599453
7703,5,1.791759469228055
7704,64,4.174387269895637
7705,1,0.6931471805599453
7706,1,0.6931471805599453
7707,9,2.302585092994046
7708,5,1.791759469228055
7709,1,0.6931471805599453
7710,4,1.6094379124341003
7711,29,3.4011973816621555
7712,2,1.0986122886681098
7713,16,2.833213344056216
7714,1,0.6931471805599453
7715,2,1.0986122886681098
7716,5,1.791759469228055
7717,4,1.6094379124341003
7718,1,0.6931471805599453
7719,2,1.0986122886681098
7720,4,1.6094379124341003
7721,13,2.6390573296152584
7722,1,0.6931471805599453
7723,27,3.332204510175204
7724,3,1.3862943611198906
7725,1,0.6931471805599453
7726,9,2.302585092994046
7727,1,0.6931471805599453
7728,5,1.791759469228055
7729,2,1.0986122886681098
7730,4,1.6094379124341003
7731,4,1.6094379124341003
7732,43,3.784189633918261
7733,1,0.6931471805599453
7734,1,0.6931471805599453
7735,6,1.9459101490553132
7736,1,0.6931471805599453
7737,4,1.6094379124341003
7738,1,0.6931471805599453
7739,14,2.70805020110221
7740,1,0.6931471805599453
7741,2,1.0986122886681098
7742,84,4.442651256490317
7743,3,1.3862943611198906
7744,1,0.6931471805599453
7745,6,1.9459101490553132
7746,1,0.6931471805599453
7747,107,4.68213122712422
7748,1,0.6931471805599453
7749,4,1.6094379124341003
7750,2,1.0986122886681098
7751,1,0.6931471805599453
7752,10,2.3978952727983707
7753,2,1.0986122886681098
7754,1,0.6931471805599453
7755,8,2.1972245773362196
7756,1,0.6931471805599453
7757,1,0.6931471805599453
7758,35,3.58351893845611
7759,2,1.0986122886681098
7760,24,3.2188758248682006
7761,1,0.6931471805599453
7762,3,1.3862943611198906
7763,3,1.3862943611198906
7764,1,0.6931471805599453
7765,1,0.6931471805599453
7766,21,3.091042453358316
7767,12,2.5649493574615367
7768,4,1.6094379124341003
7769,19,2.995732273553991
7770,3,1.3862943611198906
7771,7,2.0794415416798357
7772,3,1.3862943611198906
7773,2,1.0986122886681098
7774,1,0.6931471805599453
7775,1,0.6931471805599453
7776,1,0.6931471805599453
7777,2,1.0986122886681098
7778,3,1.3862943611198906
7779,32,3.4965075614664802
7780,1,0.6931471805599453
7781,50,3.9318256327243257
7782,2,1.0986122886681098
7783,2,1.0986122886681098
7784,1,0.6931471805599453
7785,17,2.8903717578961645
7786,3,1.3862943611198906
7787,41,3.7376696182833684
7788,1,0.6931471805599453
7789,5,1.791759469228055
7790,4,1.6094379124341003
7791,47,3.871201010907891
7792,2,1.0986122886681098
7793,1,0.6931471805599453
7794,2,1.0986122886681098
7795,1,0.6931471805599453
7796,1,0.6931471805599453
7797,35,3.58351893845611
7798,1,0.6931471805599453
7799,8,2.1972245773362196
7800,3,1.3862943611198906
7801,6,1.9459101490553132
7802,1,0.6931471805599453
7803,2,1.0986122886681098
7804,1,0.6931471805599453
7805,1,0.6931471805599453
7806,8,2.1972245773362196
7807,2,1.0986122886681098
7808,10,2.3978952727983707
7809,1,0.6931471805599453
7810,11,2.4849066497880004
7811,1,0.6931471805599453
7812,1,0.6931471805599453
7813,1,0.6931471805599453
7814,1,0.6931471805599453
7815,2,1.0986122886681098
7816,1,0.6931471805599453
7817,2,1.0986122886681098
7818,2,1.0986122886681098
7819,24,3.2188758248682006
7820,5,1.791759469228055
7821,1,0.6931471805599453
7822,4,1.6094379124341003
7823,1,0.6931471805599453
7824,3,1.3862943611198906
7825,2,1.0986122886681098
7826,6,1.9459101490553132
7827,3,1.3862943611198906
7828,1,0.6931471805599453
7829,7,2.0794415416798357
7830,1,0.6931471805599453
7831,3,1.3862943611198906
7832,66,4.204692619390966
7833,4,1.6094379124341003
7834,1,0.6931471805599453
7835,24,3.2188758248682006
7836,2,1.0986122886681098
7837,3,1.3862943611198906
7838,34,3.5553480614894135
7839,1,0.6931471805599453
7840,1,0.6931471805599453
7841,2,1.0986122886681098
7842,1,0.6931471805599453
7843,1,0.6931471805599453
7844,1,0.6931471805599453
7845,77,4.356708826689592
7846,2,1.0986122886681098
7847,15,2.772588722239781
7848,3,1.3862943611198906
7849,1,0.6931471805599453
7850,50,3.9318256327243257
7851,1,0.6931471805599453
7852,22,3.1354942159291497
7853,2,1.0986122886681098
7854,43,3.784189633918261
7855,1,0.6931471805599453
7856,1,0.6931471805599453
7857,11,2.4849066497880004
7858,9,2.302585092994046
7859,3,1.3862943611198906
7860,1,0.6931471805599453
7861,3,1.3862943611198906
7862,1,0.6931471805599453
7863,2,1.0986122886681098
7864,2,1.0986122886681098
7865,10,2.3978952727983707
7866,1,0.6931471805599453
7867,1,0.6931471805599453
7868,6,1.9459101490553132
7869,1,0.6931471805599453
7870,2,1.0986122886681098
7871,1,0.6931471805599453
7872,2,1.0986122886681098
7873,2,1.0986122886681098
7874,9,2.302585092994046
7875,8,2.1972245773362196
7876,1,0.6931471805599453
7877,4,1.6094379124341003
7878,1,0.6931471805599453
7879,2,1.0986122886681098
7880,4,1.6094379124341003
7881,2,1.0986122886681098
7882,6,1.9459101490553132
7883,3,1.3862943611198906
7884,1,0.6931471805599453
7885,22,3.1354942159291497
7886,7,2.0794415416798357
7887,4,1.6094379124341003
7888,4,1.6094379124341003
7889,3,1.3862943611198906
7890,1,0.6931471805599453
7891,1,0.6931471805599453
7892,23,3.1780538303479458
7893,6,1.9459101490553132
7894,3,1.3862943611198906
7895,3,1.3862943611198906
7896,225,5.420534999272286
7897,14,2.70805020110221
7898,10,2.3978952727983707
7899,38,3.6635616461296463
7900,1,0.6931471805599453
7901,4,1.6094379124341003
7902,8,2.1972245773362196
7903,3,1.3862943611198906
7904,1,0.6931471805599453
7905,1,0.6931471805599453
7906,2,1.0986122886681098
7907,1,0.6931471805599453
7908,1,0.6931471805599453
7909,3,1.3862943611198906
7910,1,0.6931471805599453
7911,1,0.6931471805599453
7912,1,0.6931471805599453
7913,1,0.6931471805599453
7914,2,1.0986122886681098
7915,3,1.3862943611198906
7916,59,4.0943445622221
7917,4,1.6094379124341003
7918,2,1.0986122886681098
7919,18,2.9444389791664403
7920,1,0.6931471805599453
7921,7,2.0794415416798357
7922,1,0.6931471805599453
7923,2,1.0986122886681098
7924,58,4.07753744390572
7925,1,0.6931471805599453
7926,1,0.6931471805599453
7927,2,1.0986122886681098
7928,1,0.6931471805599453
7929,1,0.6931471805599453
7930,1,0.6931471805599453
7931,1,0.6931471805599453
7932,1,0.6931471805599453
7933,7,2.0794415416798357
7934,6,1.9459101490553132
7935,3,1.3862943611198906
7936,3,1.3862943611198906
7937,8,2.1972245773362196
7938,2,1.0986122886681098
7939,1,0.6931471805599453
7940,2,1.0986122886681098
7941,8,2.1972245773362196
7942,2,1.0986122886681098
7943,63,4.1588830833596715
7944,1,0.6931471805599453
7945,2,1.0986122886681098
7946,1,0.6931471805599453
7947,3,1.3862943611198906
7948,4,1.6094379124341003
7949,1,0.6931471805599453
7950,1,0.6931471805599453
7951,1,0.6931471805599453
7952,6,1.9459101490553132
7953,1,0.6931471805599453
7954,1,0.6931471805599453
7955,2,1.0986122886681098
7956,2,1.0986122886681098
7957,1,0.6931471805599453
7958,2,1.0986122886681098
7959,4,1.6094379124341003
7960,2,1.0986122886681098
7961,42,3.7612001156935624
7962,18,2.9444389791664403
7963,1,0.6931471805599453
7964,7,2.0794415416798357
7965,1,0.6931471805599453
7966,113,4.736198448394496
7967,14,2.70805020110221
7968,6,1.9459101490553132
7969,4,1.6094379124341003
7970,20,3.044522437723423
7971,7,2.0794415416798357
7972,2,1.0986122886681098
7973,1,0.6931471805599453
7974,1,0.6931471805599453
7975,4,1.6094379124341003
7976,11,2.4849066497880004
7977,1,0.6931471805599453
7978,2,1.0986122886681098
7979,41,3.7376696182833684
7980,5,1.791759469228055
7981,3,1.3862943611198906
7982,18,2.9444389791664403
7983,1,0.6931471805599453
7984,1,0.6931471805599453
7985,1,0.6931471805599453
7986,2,1.0986122886681098
7987,4,1.6094379124341003
7988,1,0.6931471805599453
7989,1,0.6931471805599453
7990,9,2.302585092994046
7991,5,1.791759469228055
7992,1,0.6931471805599453
7993,2,1.0986122886681098
7994,103,4.6443908991413725
7995,6,1.9459101490553132
7996,69,4.248495242049359
7997,3,1.3862943611198906
7998,2,1.0986122886681098
7999,7,2.0794415416798357
8000,1,0.6931471805599453
8001,1,0.6931471805599453
8002,6,1.9459101490553132
8003,4,1.6094379124341003
8004,11,2.4849066497880004
8005,3,1.3862943611198906
8006,4,1.6094379124341003
8007,1,0.6931471805599453
8008,2,1.0986122886681098
8009,40,3.713572066704308
8010,1,0.6931471805599453
8011,85,4.454347296253507
8012,2,1.0986122886681098
8013,4,1.6094379124341003
8014,1,0.6931471805599453
8015,1,0.6931471805599453
8016,6,1.9459101490553132
8017,10,2.3978952727983707
8018,1,0.6931471805599453
8019,60,4.110873864173311
8020,3,1.3862943611198906
8021,2,1.0986122886681098
8022,2,1.0986122886681098
8023,4,1.6094379124341003
8024,4,1.6094379124341003
8025,2,1.0986122886681098
8026,3,1.3862943611198906
8027,12,2.5649493574615367
8028,2,1.0986122886681098
8029,2,1.0986122886681098
8030,3,1.3862943611198906
8031,7,2.0794415416798357
8032,2,1.0986122886681098
8033,8,2.1972245773362196
8034,1,0.6931471805599453
8035,53,3.9889840465642745
8036,15,2.772588722239781
8037,1,0.6931471805599453
8038,9,2.302585092994046
8039,31,3.4657359027997265
8040,12,2.5649493574615367
8041,1,0.6931471805599453
8042,6,1.9459101490553132
8043,16,2.833213344056216
8044,3,1.3862943611198906
8045,1,0.6931471805599453
8046,16,2.833213344056216
8047,1,0.6931471805599453
8048,1,0.6931471805599453
8049,28,3.367295829986474
8050,4,1.6094379124341003
8051,1,0.6931471805599453
8052,1,0.6931471805599453
8053,34,3.5553480614894135
8054,8,2.1972245773362196
8055,1,0.6931471805599453
8056,2,1.0986122886681098
8057,1,0.6931471805599453
8058,10,2.3978952727983707
8059,1,0.6931471805599453
8060,3,1.3862943611198906
8061,2,1.0986122886681098
8062,7,2.0794415416798357
8063,7,2.0794415416798357
8064,21,3.091042453358316
8065,11,2.4849066497880004
8066,1,0.6931471805599453
8067,5,1.791759469228055
8068,83,4.430816798843313
8069,1,0.6931471805599453
8070,1,0.6931471805599453
8071,1,0.6931471805599453
8072,1,0.6931471805599453
8073,10,2.3978952727983707
8074,19,2.995732273553991
8075,11,2.4849066497880004
8076,8,2.1972245773362196
8077,1,0.6931471805599453
8078,3,1.3862943611198906
8079,1,0.6931471805599453
8080,1,0.6931471805599453
8081,3,1.3862943611198906
8082,1,0.6931471805599453
8083,43,3.784189633918261
8084,2,1.0986122886681098
8085,11,2.4849066497880004
8086,7,2.0794415416798357
8087,1,0.6931471805599453
8088,1,0.6931471805599453
8089,1,0.6931471805599453
8090,1,0.6931471805599453
8091,16,2.833213344056216
8092,1,0.6931471805599453
8093,56,4.04305126783455
8094,1,0.6931471805599453
8095,2,1.0986122886681098
8096,13,2.6390573296152584
8097,2,1.0986122886681098
8098,8,2.1972245773362196
8099,30,3.4339872044851463
8100,2,1.0986122886681098
8101,3,1.3862943611198906
8102,1,0.6931471805599453
8103,1,0.6931471805599453
8104,3,1.3862943611198906
8105,1,0.6931471805599453
8106,1,0.6931471805599453
8107,1,0.6931471805599453
8108,8,2.1972245773362196
8109,1,0.6931471805599453
8110,1,0.6931471805599453
8111,1,0.6931471805599453
8112,2,1.0986122886681098
8113,15,2.772588722239781
8114,1,0.6931471805599453
8115,1,0.6931471805599453
8116,1,0.6931471805599453
8117,1,0.6931471805599453
8118,1,0.6931471805599453
8119,116,4.762173934797756
8120,3,1.3862943611198906
8121,17,2.8903717578961645
8122,1,0.6931471805599453
8123,1,0.6931471805599453
8124,7,2.0794415416798357
8125,3,1.3862943611198906
8126,2,1.0986122886681098
8127,1,0.6931471805599453
8128,1,0.6931471805599453
8129,1,0.6931471805599453
8130,3,1.3862943611198906
8131,1,0.6931471805599453
8132,1,0.6931471805599453
8133,3,1.3862943611198906
8134,1,0.6931471805599453
8135,7,2.0794415416798357
8136,1,0.6931471805599453
8137,3,1.3862943611198906
8138,4,1.6094379124341003
8139,7,2.0794415416798357
8140,9,2.302585092994046
8141,2,1.0986122886681098
8142,1,0.6931471805599453
8143,1,0.6931471805599453
8144,1,0.6931471805599453
8145,1,0.6931471805599453
8146,2,1.0986122886681098
8147,3,1.3862943611198906
8148,5,1.791759469228055
8149,1,0.6931471805599453
8150,1,0.6931471805599453
8151,5,1.791759469228055
8152,14,2.70805020110221
8153,10,2.3978952727983707
8154,12,2.5649493574615367
8155,4,1.6094379124341003
8156,1,0.6931471805599453
8157,16,2.833213344056216
8158,2,1.0986122886681098
8159,1,0.6931471805599453
8160,4,1.6094379124341003
8161,19,2.995732273553991
8162,4,1.6094379124341003
8163,2,1.0986122886681098
8164,5,1.791759469228055
8165,1,0.6931471805599453
8166,1,0.6931471805599453
8167,2,1.0986122886681098
8168,3,1.3862943611198906
8169,2,1.0986122886681098
8170,1,0.6931471805599453
8171,1,0.6931471805599453
8172,1,0.6931471805599453
8173,41,3.7376696182833684
8174,2,1.0986122886681098
8175,8,2.1972245773362196
8176,1,0.6931471805599453
8177,2,1.0986122886681098
8178,11,2.4849066497880004
8179,10,2.3978952727983707
8180,1,0.6931471805599453
8181,38,3.6635616461296463
8182,46,3.8501476017100584
8183,6,1.9459101490553132
8184,47,3.871201010907891
8185,1,0.6931471805599453
8186,1,0.6931471805599453
8187,1,0.6931471805599453
8188,28,3.367295829986474
8189,1,0.6931471805599453
8190,13,2.6390573296152584
8191,1,0.6931471805599453
8192,1,0.6931471805599453
8193,1,0.6931471805599453
8194,11,2.4849066497880004
8195,1,0.6931471805599453
8196,2,1.0986122886681098
8197,1,0.6931471805599453
8198,39,3.6888794541139363
8199,3,1.3862943611198906
8200,3,1.3862943611198906
8201,1,0.6931471805599453
8202,72,4.290459441148391
8203,1,0.6931471805599453
8204,4,1.6094379124341003
8205,22,3.1354942159291497
8206,82,4.418840607796598
8207,1,0.6931471805599453
8208,37,3.6375861597263857
8209,4,1.6094379124341003
8210,7,2.0794415416798357
8211,1,0.6931471805599453
8212,2,1.0986122886681098
8213,1,0.6931471805599453
8214,29,3.4011973816621555
8215,4,1.6094379124341003
8216,1,0.6931471805599453
8217,20,3.044522437723423
8218,3,1.3862943611198906
8219,1,0.6931471805599453
8220,19,2.995732273553991
8221,1,0.6931471805599453
8222,1,0.6931471805599453
8223,19,2.995732273553991
8224,3,1.3862943611198906
8225,2,1.0986122886681098
8226,1,0.6931471805599453
8227,1,0.6931471805599453
8228,1,0.6931471805599453
8229,1,0.6931471805599453
8230,1,0.6931471805599453
8231,44,3.8066624897703196
8232,13,2.6390573296152584
8233,2,1.0986122886681098
8234,1,0.6931471805599453
8235,3,1.3862943611198906
8236,2,1.0986122886681098
8237,15,2.772588722239781
8238,1,0.6931471805599453
8239,1,0.6931471805599453
8240,1,0.6931471805599453
8241,1,0.6931471805599453
8242,9,2.302585092994046
8243,2,1.0986122886681098
8244,40,3.713572066704308
8245,1,0.6931471805599453
8246,12,2.5649493574615367
8247,1,0.6931471805599453
8248,1,0.6931471805599453
8249,1,0.6931471805599453
8250,1,0.6931471805599453
8251,5,1.791759469228055
8252,123,4.820281565605037
8253,10,2.3978952727983707
8254,2,1.0986122886681098
8255,1,0.6931471805599453
8256,2,1.0986122886681098
8257,6,1.9459101490553132
8258,1,0.6931471805599453
8259,1,0.6931471805599453
8260,7,2.0794415416798357
8261,1,0.6931471805599453
8262,1,0.6931471805599453
8263,2,1.0986122886681098
8264,57,4.060443010546419
8265,5,1.791759469228055
8266,8,2.1972245773362196
8267,3,1.3862943611198906
8268,2,1.0986122886681098
8269,7,2.0794415416798357
8270,1,0.6931471805599453
8271,1,0.6931471805599453
8272,2,1.0986122886681098
8273,2,1.0986122886681098
8274,1,0.6931471805599453
8275,5,1.791759469228055
8276,1,0.6931471805599453
8277,163,5.099866427824199
8278,1,0.6931471805599453
8279,2,1.0986122886681098
8280,60,4.110873864173311
8281,1,0.6931471805599453
8282,7,2.0794415416798357
8283,1,0.6931471805599453
8284,3,1.3862943611198906
8285,1,0.6931471805599453
8286,1,0.6931471805599453
8287,10,2.3978952727983707
8288,10,2.3978952727983707
8289,1,0.6931471805599453
8290,18,2.9444389791664403
8291,1,0.6931471805599453
8292,120,4.795790545596741
8293,8,2.1972245773362196
8294,1,0.6931471805599453
8295,35,3.58351893845611
8296,6,1.9459101490553132
8297,69,4.248495242049359
8298,5,1.791759469228055
8299,3,1.3862943611198906
8300,5,1.791759469228055
8301,28,3.367295829986474
8302,1,0.6931471805599453
8303,2,1.0986122886681098
8304,1,0.6931471805599453
8305,18,2.9444389791664403
8306,2,1.0986122886681098
8307,9,2.302585092994046
8308,1,0.6931471805599453
8309,18,2.9444389791664403
8310,10,2.3978952727983707
8311,4,1.6094379124341003
8312,1,0.6931471805599453
8313,1,0.6931471805599453
8314,3,1.3862943611198906
8315,2,1.0986122886681098
8316,1,0.6931471805599453
8317,1,0.6931471805599453
8318,1,0.6931471805599453
8319,5,1.791759469228055
8320,2,1.0986122886681098
8321,14,2.70805020110221
8322,3,1.3862943611198906
8323,1,0.6931471805599453
8324,13,2.6390573296152584
8325,1,0.6931471805599453
8326,1,0.6931471805599453
8327,2,1.0986122886681098
8328,1,0.6931471805599453
8329,3,1.3862943611198906
8330,16,2.833213344056216
8331,2,1.0986122886681098
8332,2,1.0986122886681098
8333,2,1.0986122886681098
8334,3,1.3862943611198906
8335,1,0.6931471805599453
8336,2,1.0986122886681098
8337,2,1.0986122886681098
8338,12,2.5649493574615367
8339,1,0.6931471805599453
8340,2,1.0986122886681098
8341,1,0.6931471805599453
8342,2,1.0986122886681098
8343,2,1.0986122886681098
8344,1,0.6931471805599453
8345,5,1.791759469228055
8346,14,2.70805020110221
8347,1,0.6931471805599453
8348,10,2.3978952727983707
8349,33,3.5263605246161616
8350,1,0.6931471805599453
8351,1,0.6931471805599453
8352,5,1.791759469228055
8353,1,0.6931471805599453
8354,1,0.6931471805599453
8355,2,1.0986122886681098
8356,1,0.6931471805599453
8357,1,0.6931471805599453
8358,14,2.70805020110221
8359,23,3.1780538303479458
8360,69,4.248495242049359
8361,4,1.6094379124341003
8362,1,0.6931471805599453
8363,4,1.6094379124341003
8364,2,1.0986122886681098
8365,33,3.5263605246161616
8366,1,0.6931471805599453
8367,1,0.6931471805599453
8368,1,0.6931471805599453
8369,14,2.70805020110221
8370,1,0.6931471805599453
8371,4,1.6094379124341003
8372,1,0.6931471805599453
8373,1,0.6931471805599453
8374,1,0.6931471805599453
8375,2,1.0986122886681098
8376,2,1.0986122886681098
8377,1,0.6931471805599453
8378,1,0.6931471805599453
8379,2,1.0986122886681098
8380,1,0.6931471805599453
8381,1,0.6931471805599453
8382,1,0.6931471805599453
8383,1,0.6931471805599453
8384,1,0.6931471805599453
8385,68,4.23410650459726
8386,2,1.0986122886681098
8387,12,2.5649493574615367
8388,7,2.0794415416798357
8389,1,0.6931471805599453
8390,1,0.6931471805599453
8391,2,1.0986122886681098
8392,1,0.6931471805599453
8393,1,0.6931471805599453
8394,3,1.3862943611198906
8395,4,1.6094379124341003
8396,1,0.6931471805599453
8397,3,1.3862943611198906
8398,1,0.6931471805599453
8399,1,0.6931471805599453
8400,3,1.3862943611198906
8401,1,0.6931471805599453
8402,1,0.6931471805599453
8403,1,0.6931471805599453
8404,4,1.6094379124341003
8405,8,2.1972245773362196
8406,7,2.0794415416798357
8407,1,0.6931471805599453
8408,1,0.6931471805599453
8409,1,0.6931471805599453
8410,3,1.3862943611198906
8411,4,1.6094379124341003
8412,1,0.6931471805599453
8413,1,0.6931471805599453
8414,2,1.0986122886681098
8415,20,3.044522437723423
8416,4,1.6094379124341003
8417,1,0.6931471805599453
8418,1,0.6931471805599453
8419,3,1.3862943611198906
8420,7,2.0794415416798357
8421,1,0.6931471805599453
8422,1,0.6931471805599453
8423,2,1.0986122886681098
8424,2,1.0986122886681098
8425,4,1.6094379124341003
8426,5,1.791759469228055
8427,14,2.70805020110221
8428,11,2.4849066497880004
8429,4,1.6094379124341003
8430,1,0.6931471805599453
8431,1,0.6931471805599453
8432,1,0.6931471805599453
8433,1,0.6931471805599453
8434,10,2.3978952727983707
8435,3,1.3862943611198906
8436,13,2.6390573296152584
8437,8,2.1972245773362196
8438,4,1.6094379124341003
8439,1,0.6931471805599453
8440,1,0.6931471805599453
8441,1,0.6931471805599453
8442,17,2.8903717578961645
8443,4,1.6094379124341003
8444,1,0.6931471805599453
8445,1,0.6931471805599453
8446,1,0.6931471805599453
8447,2,1.0986122886681098
8448,1,0.6931471805599453
8449,1,0.6931471805599453
8450,5,1.791759469228055
8451,1,0.6931471805599453
8452,3,1.3862943611198906
8453,1,0.6931471805599453
8454,1,0.6931471805599453
8455,2,1.0986122886681098
8456,6,1.9459101490553132
8457,2,1.0986122886681098
8458,2,1.0986122886681098
8459,1,0.6931471805599453
8460,31,3.4657359027997265
8461,3,1.3862943611198906
8462,3,1.3862943611198906
8463,1,0.6931471805599453
8464,1,0.6931471805599453
8465,4,1.6094379124341003
8466,15,2.772588722239781
8467,5,1.791759469228055
8468,3,1.3862943611198906
8469,1,0.6931471805599453
8470,1,0.6931471805599453
8471,2,1.0986122886681098
8472,1,0.6931471805599453
8473,2,1.0986122886681098
8474,146,4.990432586778736
8475,1,0.6931471805599453
8476,12,2.5649493574615367
8477,58,4.07753744390572
8478,1,0.6931471805599453
8479,1,0.6931471805599453
8480,1,0.6931471805599453
8481,43,3.784189633918261
8482,1,0.6931471805599453
8483,10,2.3978952727983707
8484,16,2.833213344056216
8485,1,0.6931471805599453
8486,7,2.0794415416798357
8487,1,0.6931471805599453
8488,6,1.9459101490553132
8489,3,1.3862943611198906
8490,131,4.882801922586371
8491,3,1.3862943611198906
8492,3,1.3862943611198906
8493,1,0.6931471805599453
8494,6,1.9459101490553132
8495,1,0.6931471805599453
8496,1,0.6931471805599453
8497,3,1.3862943611198906
8498,2,1.0986122886681098
8499,1,0.6931471805599453
8500,2,1.0986122886681098
8501,1,0.6931471805599453
8502,1,0.6931471805599453
8503,2,1.0986122886681098
8504,1,0.6931471805599453
8505,2,1.0986122886681098
8506,2,1.0986122886681098
8507,3,1.3862943611198906
8508,69,4.248495242049359
8509,1,0.6931471805599453
8510,2,1.0986122886681098
8511,35,3.58351893845611
8512,1,0.6931471805599453
8513,2,1.0986122886681098
8514,1,0.6931471805599453
8515,36,3.6109179126442243
8516,8,2.1972245773362196
8517,56,4.04305126783455
8518,1,0.6931471805599453
8519,26,3.295836866004329
8520,2,1.0986122886681098
8521,10,2.3978952727983707
8522,4,1.6094379124341003
8523,1,0.6931471805599453
8524,12,2.5649493574615367
8525,3,1.3862943611198906
8526,2,1.0986122886681098
8527,2,1.0986122886681098
8528,167,5.123963979403259
8529,10,2.3978952727983707
8530,1,0.6931471805599453
8531,3,1.3862943611198906
8532,3,1.3862943611198906
8533,54,4.007333185232471
8534,1,0.6931471805599453
8535,3,1.3862943611198906
8536,1,0.6931471805599453
8537,45,3.828641396489095
8538,2,1.0986122886681098
8539,3,1.3862943611198906
8540,5,1.791759469228055
8541,34,3.5553480614894135
8542,15,2.772588722239781
8543,3,1.3862943611198906
8544,2,1.0986122886681098
8545,2,1.0986122886681098
8546,11,2.4849066497880004
8547,1,0.6931471805599453
8548,6,1.9459101490553132
8549,25,3.258096538021482
8550,6,1.9459101490553132
8551,1,0.6931471805599453
8552,2,1.0986122886681098
8553,3,1.3862943611198906
8554,19,2.995732273553991
8555,2,1.0986122886681098
8556,3,1.3862943611198906
8557,2,1.0986122886681098
8558,1,0.6931471805599453
8559,31,3.4657359027997265
8560,2,1.0986122886681098
8561,2,1.0986122886681098
8562,4,1.6094379124341003
8563,1,0.6931471805599453
8564,4,1.6094379124341003
8565,3,1.3862943611198906
8566,1,0.6931471805599453
8567,4,1.6094379124341003
8568,1,0.6931471805599453
8569,2,1.0986122886681098
8570,32,3.4965075614664802
8571,4,1.6094379124341003
8572,1,0.6931471805599453
8573,5,1.791759469228055
8574,2,1.0986122886681098
8575,33,3.5263605246161616
8576,1,0.6931471805599453
8577,13,2.6390573296152584
8578,1,0.6931471805599453
8579,1,0.6931471805599453
8580,1,0.6931471805599453
8581,1,0.6931471805599453
8582,3,1.3862943611198906
8583,1,0.6931471805599453
8584,9,2.302585092994046
8585,1,0.6931471805599453
8586,1,0.6931471805599453
8587,9,2.302585092994046
8588,4,1.6094379124341003
8589,2,1.0986122886681098
8590,2,1.0986122886681098
8591,2,1.0986122886681098
8592,6,1.9459101490553132
8593,9,2.302585092994046
8594,2,1.0986122886681098
8595,1,0.6931471805599453
8596,2,1.0986122886681098
8597,13,2.6390573296152584
8598,23,3.1780538303479458
8599,2,1.0986122886681098
8600,1,0.6931471805599453
8601,2,1.0986122886681098
8602,3,1.3862943611198906
8603,1,0.6931471805599453
8604,1,0.6931471805599453
8605,3,1.3862943611198906
8606,1,0.6931471805599453
8607,1,0.6931471805599453
8608,2,1.0986122886681098
8609,1,0.6931471805599453
8610,2,1.0986122886681098
8611,6,1.9459101490553132
8612,1,0.6931471805599453
8613,1,0.6931471805599453
8614,22,3.1354942159291497
8615,20,3.044522437723423
8616,2,1.0986122886681098
8617,3,1.3862943611198906
8618,4,1.6094379124341003
8619,4,1.6094379124341003
8620,1,0.6931471805599453
8621,1,0.6931471805599453
8622,1,0.6931471805599453
8623,8,2.1972245773362196
8624,2,1.0986122886681098
8625,4,1.6094379124341003
8626,1,0.6931471805599453
8627,1,0.6931471805599453
8628,2,1.0986122886681098
8629,1,0.6931471805599453
8630,1,0.6931471805599453
8631,1,0.6931471805599453
8632,1,0.6931471805599453
8633,1,0.6931471805599453
8634,1,0.6931471805599453
8635,1,0.6931471805599453
8636,1,0.6931471805599453
8637,8,2.1972245773362196
8638,4,1.6094379124341003
8639,39,3.6888794541139363
8640,1,0.6931471805599453
8641,65,4.189654742026425
8642,1,0.6931471805599453
8643,4,1.6094379124341003
8644,1,0.6931471805599453
8645,2,1.0986122886681098
8646,9,2.302585092994046
8647,1,0.6931471805599453
8648,2,1.0986122886681098
8649,4,1.6094379124341003
8650,2,1.0986122886681098
8651,3,1.3862943611198906
8652,5,1.791759469228055
8653,60,4.110873864173311
8654,3,1.3862943611198906
8655,28,3.367295829986474
8656,6,1.9459101490553132
8657,1,0.6931471805599453
8658,12,2.5649493574615367
8659,18,2.9444389791664403
8660,1,0.6931471805599453
8661,5,1.791759469228055
8662,12,2.5649493574615367
8663,1,0.6931471805599453
8664,105,4.663439094112067
8665,15,2.772588722239781
8666,3,1.3862943611198906
8667,4,1.6094379124341003
8668,5,1.791759469228055
8669,1,0.6931471805599453
8670,6,1.9459101490553132
8671,5,1.791759469228055
8672,1,0.6931471805599453
8673,5,1.791759469228055
8674,17,2.8903717578961645
8675,91,4.5217885770490405
8676,4,1.6094379124341003
8677,2,1.0986122886681098
8678,1,0.6931471805599453
8679,12,2.5649493574615367
8680,5,1.791759469228055
8681,122,4.812184355372417
8682,3,1.3862943611198906
8683,1,0.6931471805599453
8684,4,1.6094379124341003
8685,1,0.6931471805599453
8686,14,2.70805020110221
8687,29,3.4011973816621555
8688,1,0.6931471805599453
8689,1,0.6931471805599453
8690,1,0.6931471805599453
8691,2,1.0986122886681098
8692,1,0.6931471805599453
8693,1,0.6931471805599453
8694,34,3.5553480614894135
8695,1,0.6931471805599453
8696,6,1.9459101490553132
8697,5,1.791759469228055
8698,5,1.791759469228055
8699,6,1.9459101490553132
8700,1,0.6931471805599453
8701,2,1.0986122886681098
8702,2,1.0986122886681098
8703,1,0.6931471805599453
8704,1,0.6931471805599453
8705,3,1.3862943611198906
8706,3,1.3862943611198906
8707,61,4.127134385045092
8708,1,0.6931471805599453
8709,9,2.302585092994046
8710,7,2.0794415416798357
8711,1,0.6931471805599453
8712,2,1.0986122886681098
8713,27,3.332204510175204
8714,1,0.6931471805599453
8715,3,1.3862943611198906
8716,1,0.6931471805599453
8717,1,0.6931471805599453
8718,21,3.091042453358316
8719,6,1.9459101490553132
8720,4,1.6094379124341003
8721,1,0.6931471805599453
8722,46,3.8501476017100584
8723,1,0.6931471805599453
8724,10,2.3978952727983707
8725,1,0.6931471805599453
8726,1,0.6931471805599453
8727,1,0.6931471805599453
8728,2,1.0986122886681098
8729,3,1.3862943611198906
8730,22,3.1354942159291497
8731,2,1.0986122886681098
8732,2,1.0986122886681098
8733,17,2.8903717578961645
8734,1,0.6931471805599453
8735,11,2.4849066497880004
8736,1,0.6931471805599453
8737,2,1.0986122886681098
8738,1,0.6931471805599453
8739,6,1.9459101490553132
8740,2,1.0986122886681098
8741,1,0.6931471805599453
8742,96,4.574710978503383
8743,40,3.713572066704308
8744,4,1.6094379124341003
8745,1,0.6931471805599453
8746,1,0.6931471805599453
8747,9,2.302585092994046
8748,4,1.6094379124341003
8749,7,2.0794415416798357
8750,3,1.3862943611198906
8751,1,0.6931471805599453
8752,1,0.6931471805599453
8753,5,1.791759469228055
8754,1,0.6931471805599453
8755,1,0.6931471805599453
8756,1,0.6931471805599453
8757,2,1.0986122886681098
8758,13,2.6390573296152584
8759,53,3.9889840465642745
8760,1,0.6931471805599453
8761,44,3.8066624897703196
8762,29,3.4011973816621555
8763,13,2.6390573296152584
8764,1,0.6931471805599453
8765,3,1.3862943611198906
8766,2,1.0986122886681098
8767,1,0.6931471805599453
8768,73,4.30406509320417
8769,1,0.6931471805599453
8770,7,2.0794415416798357
8771,1,0.6931471805599453
8772,5,1.791759469228055
8773,1,0.6931471805599453
8774,1,0.6931471805599453
8775,1,0.6931471805599453
8776,1,0.6931471805599453
8777,15,2.772588722239781
8778,106,4.672828834461906
8779,1,0.6931471805599453
8780,2,1.0986122886681098
8781,1,0.6931471805599453
8782,16,2.833213344056216
8783,3,1.3862943611198906
8784,7,2.0794415416798357
8785,5,1.791759469228055
8786,3,1.3862943611198906
8787,2,1.0986122886681098
8788,1,0.6931471805599453
8789,1,0.6931471805599453
8790,9,2.302585092994046
8791,1,0.6931471805599453
8792,116,4.762173934797756
8793,2,1.0986122886681098
8794,1,0.6931471805599453
8795,1,0.6931471805599453
8796,65,4.189654742026425
8797,1,0.6931471805599453
8798,6,1.9459101490553132
8799,1,0.6931471805599453
8800,78,4.3694478524670215
8801,40,3.713572066704308
8802,1,0.6931471805599453
8803,6,1.9459101490553132
8804,27,3.332204510175204
8805,1,0.6931471805599453
8806,1,0.6931471805599453
8807,36,3.6109179126442243
8808,34,3.5553480614894135
8809,27,3.332204510175204
8810,1,0.6931471805599453
8811,2,1.0986122886681098
8812,5,1.791759469228055
8813,2,1.0986122886681098
8814,1,0.6931471805599453
8815,24,3.2188758248682006
8816,10,2.3978952727983707
8817,29,3.4011973816621555
8818,1,0.6931471805599453
8819,6,1.9459101490553132
8820,21,3.091042453358316
8821,1,0.6931471805599453
8822,29,3.4011973816621555
8823,1,0.6931471805599453
8824,2,1.0986122886681098
8825,76,4.343805421853684
8826,2,1.0986122886681098
8827,6,1.9459101490553132
8828,1,0.6931471805599453
8829,30,3.4339872044851463
8830,14,2.70805020110221
8831,1,0.6931471805599453
8832,1,0.6931471805599453
8833,12,2.5649493574615367
8834,4,1.6094379124341003
8835,1,0.6931471805599453
8836,1,0.6931471805599453
8837,1,0.6931471805599453
8838,7,2.0794415416798357
8839,1,0.6931471805599453
8840,1,0.6931471805599453
8841,11,2.4849066497880004
8842,1,0.6931471805599453
8843,6,1.9459101490553132
8844,1,0.6931471805599453
8845,3,1.3862943611198906
8846,42,3.7612001156935624
8847,4,1.6094379124341003
8848,1,0.6931471805599453
8849,2,1.0986122886681098
8850,1,0.6931471805599453
8851,5,1.791759469228055
8852,8,2.1972245773362196
8853,1,0.6931471805599453
8854,2,1.0986122886681098
8855,4,1.6094379124341003
8856,5,1.791759469228055
8857,7,2.0794415416798357
8858,1,0.6931471805599453
8859,1,0.6931471805599453
8860,1,0.6931471805599453
8861,5,1.791759469228055
8862,1,0.6931471805599453
8863,122,4.812184355372417
8864,1,0.6931471805599453
8865,3,1.3862943611198906
8866,1,0.6931471805599453
8867,18,2.9444389791664403
8868,1,0.6931471805599453
8869,35,3.58351893845611
8870,20,3.044522437723423
8871,5,1.791759469228055
8872,1,0.6931471805599453
8873,22,3.1354942159291497
8874,1,0.6931471805599453
8875,4,1.6094379124341003
8876,58,4.07753744390572
8877,4,1.6094379124341003
8878,13,2.6390573296152584
8879,1,0.6931471805599453
8880,1,0.6931471805599453
8881,1,0.6931471805599453
8882,1,0.6931471805599453
8883,1,0.6931471805599453
8884,2,1.0986122886681098
8885,1,0.6931471805599453
8886,1,0.6931471805599453
8887,6,1.9459101490553132
8888,1,0.6931471805599453
8889,9,2.302585092994046
8890,4,1.6094379124341003
8891,3,1.3862943611198906
8892,121,4.804021044733257
8893,5,1.791759469228055
8894,1,0.6931471805599453
8895,2,1.0986122886681098
8896,7,2.0794415416798357
8897,4,1.6094379124341003
8898,1,0.6931471805599453
8899,22,3.1354942159291497
8900,1,0.6931471805599453
8901,1,0.6931471805599453
8902,1,0.6931471805599453
8903,7,2.0794415416798357
8904,1,0.6931471805599453
8905,1,0.6931471805599453
8906,125,4.836281906951478
8907,6,1.9459101490553132
8908,10,2.3978952727983707
8909,1,0.6931471805599453
8910,7,2.0794415416798357
8911,22,3.1354942159291497
8912,1,0.6931471805599453
8913,1,0.6931471805599453
8914,3,1.3862943611198906
8915,20,3.044522437723423
8916,1,0.6931471805599453
8917,2,1.0986122886681098
8918,5,1.791759469228055
8919,1,0.6931471805599453
8920,2,1.0986122886681098
8921,1,0.6931471805599453
8922,2,1.0986122886681098
8923,5,1.791759469228055
8924,7,2.0794415416798357
8925,6,1.9459101490553132
8926,1,0.6931471805599453
8927,7,2.0794415416798357
8928,1,0.6931471805599453
8929,1,0.6931471805599453
8930,1,0.6931471805599453
8931,2,1.0986122886681098
8932,3,1.3862943611198906
8933,1,0.6931471805599453
8934,2,1.0986122886681098
8935,1,0.6931471805599453
8936,2,1.0986122886681098
8937,3,1.3862943611198906
8938,14,2.70805020110221
8939,1,0.6931471805599453
8940,1,0.6931471805599453
8941,21,3.091042453358316
8942,2,1.0986122886681098
8943,3,1.3862943611198906
8944,1,0.6931471805599453
8945,4,1.6094379124341003
8946,9,2.302585092994046
8947,1,0.6931471805599453
8948,35,3.58351893845611
8949,1,0.6931471805599453
8950,1,0.6931471805599453
8951,2,1.0986122886681098
8952,1,0.6931471805599453
8953,2,1.0986122886681098
8954,4,1.6094379124341003
8955,11,2.4849066497880004
8956,4,1.6094379124341003
8957,15,2.772588722239781
8958,6,1.9459101490553132
8959,1,0.6931471805599453
8960,1,0.6931471805599453
8961,1,0.6931471805599453
8962,1,0.6931471805599453
8963,2,1.0986122886681098
8964,2,1.0986122886681098
8965,1,0.6931471805599453
8966,8,2.1972245773362196
8967,2,1.0986122886681098
8968,1,0.6931471805599453
8969,13,2.6390573296152584
8970,2,1.0986122886681098
8971,9,2.302585092994046
8972,7,2.0794415416798357
8973,8,2.1972245773362196
8974,4,1.6094379124341003
8975,13,2.6390573296152584
8976,2,1.0986122886681098
8977,2,1.0986122886681098
8978,6,1.9459101490553132
8979,1,0.6931471805599453
8980,27,3.332204510175204
8981,2,1.0986122886681098
8982,1,0.6931471805599453
8983,1,0.6931471805599453
8984,27,3.332204510175204
8985,1,0.6931471805599453
8986,1,0.6931471805599453
8987,1,0.6931471805599453
8988,22,3.1354942159291497
8989,1,0.6931471805599453
8990,1,0.6931471805599453
8991,33,3.5263605246161616
8992,6,1.9459101490553132
8993,9,2.302585092994046
8994,5,1.791759469228055
8995,5,1.791759469228055
8996,1,0.6931471805599453
8997,2,1.0986122886681098
8998,1,0.6931471805599453
8999,1,0.6931471805599453
9000,13,2.6390573296152584
9001,1,0.6931471805599453
9002,1,0.6931471805599453
9003,1,0.6931471805599453
9004,1,0.6931471805599453
9005,21,3.091042453358316
9006,1,0.6931471805599453
9007,1,0.6931471805599453
9008,3,1.3862943611198906
9009,3,1.3862943611198906
9010,1,0.6931471805599453
9011,16,2.833213344056216
9012,5,1.791759469228055
9013,8,2.1972245773362196
9014,2,1.0986122886681098
9015,1,0.6931471805599453
9016,15,2.772588722239781
9017,1,0.6931471805599453
9018,1,0.6931471805599453
9019,2,1.0986122886681098
9020,1,0.6931471805599453
9021,7,2.0794415416798357
9022,75,4.330733340286331
9023,1,0.6931471805599453
9024,1,0.6931471805599453
9025,1,0.6931471805599453
9026,19,2.995732273553991
9027,11,2.4849066497880004
9028,1,0.6931471805599453
9029,1,0.6931471805599453
9030,18,2.9444389791664403
9031,1,0.6931471805599453
9032,2,1.0986122886681098
9033,6,1.9459101490553132
9034,5,1.791759469228055
9035,5,1.791759469228055
9036,2,1.0986122886681098
9037,7,2.0794415416798357
9038,9,2.302585092994046
9039,2,1.0986122886681098
9040,1,0.6931471805599453
9041,8,2.1972245773362196
9042,1,0.6931471805599453
9043,2,1.0986122886681098
9044,1,0.6931471805599453
9045,3,1.3862943611198906
9046,12,2.5649493574615367
9047,8,2.1972245773362196
9048,2,1.0986122886681098
9049,1,0.6931471805599453
9050,1,0.6931471805599453
9051,1,0.6931471805599453
9052,16,2.833213344056216
9053,7,2.0794415416798357
9054,3,1.3862943611198906
9055,14,2.70805020110221
9056,1,0.6931471805599453
9057,2,1.0986122886681098
9058,1,0.6931471805599453
9059,2,1.0986122886681098
9060,3,1.3862943611198906
9061,1,0.6931471805599453
9062,1,0.6931471805599453
9063,1,0.6931471805599453
9064,1,0.6931471805599453
9065,31,3.4657359027997265
9066,1,0.6931471805599453
9067,6,1.9459101490553132
9068,2,1.0986122886681098
9069,66,4.204692619390966
9070,1,0.6931471805599453
9071,5,1.791759469228055
9072,1,0.6931471805599453
9073,1,0.6931471805599453
9074,7,2.0794415416798357
9075,17,2.8903717578961645
9076,1,0.6931471805599453
9077,10,2.3978952727983707
9078,4,1.6094379124341003
9079,1,0.6931471805599453
9080,3,1.3862943611198906
9081,2,1.0986122886681098
9082,1,0.6931471805599453
9083,2,1.0986122886681098
9084,1,0.6931471805599453
9085,4,1.6094379124341003
9086,1,0.6931471805599453
9087,4,1.6094379124341003
9088,6,1.9459101490553132
9089,3,1.3862943611198906
9090,1,0.6931471805599453
9091,1,0.6931471805599453
9092,1,0.6931471805599453
9093,1,0.6931471805599453
9094,13,2.6390573296152584
9095,1,0.6931471805599453
9096,7,2.0794415416798357
9097,2,1.0986122886681098
9098,1,0.6931471805599453
9099,2,1.0986122886681098
9100,1,0.6931471805599453
9101,27,3.332204510175204
9102,1,0.6931471805599453
9103,2,1.0986122886681098
9104,5,1.791759469228055
9105,9,2.302585092994046
9106,15,2.772588722239781
9107,3,1.3862943611198906
9108,1,0.6931471805599453
9109,6,1.9459101490553132
9110,1,0.6931471805599453
9111,1,0.6931471805599453
9112,1,0.6931471805599453
9113,20,3.044522437723423
9114,3,1.3862943611198906
9115,3,1.3862943611198906
9116,2,1.0986122886681098
9117,1,0.6931471805599453
9118,7,2.0794415416798357
9119,14,2.70805020110221
9120,1,0.6931471805599453
9121,4,1.6094379124341003
9122,4,1.6094379124341003
9123,12,2.5649493574615367
9124,1,0.6931471805599453
9125,3,1.3862943611198906
9126,156,5.056245805348308
9127,1,0.6931471805599453
9128,1,0.6931471805599453
9129,5,1.791759469228055
9130,5,1.791759469228055
9131,1,0.6931471805599453
9132,3,1.3862943611198906
9133,4,1.6094379124341003
9134,22,3.1354942159291497
9135,1,0.6931471805599453
9136,5,1.791759469228055
9137,1,0.6931471805599453
9138,1,0.6931471805599453
9139,19,2.995732273553991
9140,1,0.6931471805599453
9141,1,0.6931471805599453
9142,1,0.6931471805599453
9143,1,0.6931471805599453
9144,13,2.6390573296152584
9145,1,0.6931471805599453
9146,2,1.0986122886681098
9147,10,2.3978952727983707
9148,3,1.3862943611198906
9149,1,0.6931471805599453
9150,1,0.6931471805599453
9151,9,2.302585092994046
9152,3,1.3862943611198906
9153,1,0.6931471805599453
9154,1,0.6931471805599453
9155,1,0.6931471805599453
9156,2,1.0986122886681098
9157,1,0.6931471805599453
9158,9,2.302585092994046
9159,1,0.6931471805599453
9160,31,3.4657359027997265
9161,1,0.6931471805599453
9162,1,0.6931471805599453
9163,1,0.6931471805599453
9164,37,3.6375861597263857
9165,2,1.0986122886681098
9166,4,1.6094379124341003
9167,1,0.6931471805599453
9168,1,0.6931471805599453
9169,3,1.3862943611198906
9170,1,0.6931471805599453
9171,2,1.0986122886681098
9172,10,2.3978952727983707
9173,2,1.0986122886681098
9174,5,1.791759469228055
9175,3,1.3862943611198906
9176,6,1.9459101490553132
9177,1,0.6931471805599453
9178,9,2.302585092994046
9179,22,3.1354942159291497
9180,2,1.0986122886681098
9181,3,1.3862943611198906
9182,1,0.6931471805599453
9183,9,2.302585092994046
9184,2,1.0986122886681098
9185,2,1.0986122886681098
9186,4,1.6094379124341003
9187,3,1.3862943611198906
9188,1,0.6931471805599453
9189,3,1.3862943611198906
9190,19,2.995732273553991
9191,1,0.6931471805599453
9192,1,0.6931471805599453
9193,9,2.302585092994046
9194,1,0.6931471805599453
9195,7,2.0794415416798357
9196,1,0.6931471805599453
9197,4,1.6094379124341003
9198,12,2.5649493574615367
9199,32,3.4965075614664802
9200,7,2.0794415416798357
9201,1,0.6931471805599453
9202,9,2.302585092994046
9203,1,0.6931471805599453
9204,1,0.6931471805599453
9205,1,0.6931471805599453
9206,1,0.6931471805599453
9207,1,0.6931471805599453
9208,11,2.4849066497880004
9209,1,0.6931471805599453
9210,2,1.0986122886681098
9211,61,4.127134385045092
9212,1,0.6931471805599453
9213,11,2.4849066497880004
9214,1,0.6931471805599453
9215,1,0.6931471805599453
9216,1,0.6931471805599453
9217,1,0.6931471805599453
9218,24,3.2188758248682006
9219,7,2.0794415416798357
9220,2,1.0986122886681098
9221,8,2.1972245773362196
9222,1,0.6931471805599453
9223,1,0.6931471805599453
9224,1,0.6931471805599453
9225,4,1.6094379124341003
9226,2,1.0986122886681098
9227,1,0.6931471805599453
9228,26,3.295836866004329
9229,2,1.0986122886681098
9230,10,2.3978952727983707
9231,1,0.6931471805599453
9232,18,2.9444389791664403
9233,2,1.0986122886681098
9234,3,1.3862943611198906
9235,1,0.6931471805599453
9236,5,1.791759469228055
9237,19,2.995732273553991
9238,2,1.0986122886681098
9239,1,0.6931471805599453
9240,1,0.6931471805599453
9241,1,0.6931471805599453
9242,2,1.0986122886681098
9243,4,1.6094379124341003
9244,1,0.6931471805599453
9245,8,2.1972245773362196
9246,35,3.58351893845611
9247,1,0.6931471805599453
9248,3,1.3862943611198906
9249,2,1.0986122886681098
9250,1,0.6931471805599453
9251,2,1.0986122886681098
9252,1,0.6931471805599453
9253,1,0.6931471805599453
9254,114,4.74493212836325
9255,1,0.6931471805599453
9256,1,0.6931471805599453
9257,2,1.0986122886681098
9258,5,1.791759469228055
9259,9,2.302585092994046
9260,17,2.8903717578961645
9261,3,1.3862943611198906
9262,26,3.295836866004329
9263,2,1.0986122886681098
9264,1,0.6931471805599453
9265,1,0.6931471805599453
9266,8,2.1972245773362196
9267,10,2.3978952727983707
9268,2,1.0986122886681098
9269,1,0.6931471805599453
9270,5,1.791759469228055
9271,9,2.302585092994046
9272,2,1.0986122886681098
9273,4,1.6094379124341003
9274,1,0.6931471805599453
9275,1,0.6931471805599453
9276,103,4.6443908991413725
9277,5,1.791759469228055
9278,4,1.6094379124341003
9279,2,1.0986122886681098
9280,1,0.6931471805599453
9281,1,0.6931471805599453
9282,1,0.6931471805599453
9283,7,2.0794415416798357
9284,2,1.0986122886681098
9285,5,1.791759469228055
9286,3,1.3862943611198906
9287,1,0.6931471805599453
9288,4,1.6094379124341003
9289,1,0.6931471805599453
9290,67,4.219507705176107
9291,5,1.791759469228055
9292,2,1.0986122886681098
9293,6,1.9459101490553132
9294,1,0.6931471805599453
9295,2,1.0986122886681098
9296,2,1.0986122886681098
9297,23,3.1780538303479458
9298,4,1.6094379124341003
9299,1,0.6931471805599453
9300,1,0.6931471805599453
9301,1,0.6931471805599453
9302,1,0.6931471805599453
9303,1,0.6931471805599453
9304,3,1.3862943611198906
9305,1,0.6931471805599453
9306,6,1.9459101490553132
9307,12,2.5649493574615367
9308,3,1.3862943611198906
9309,3,1.3862943611198906
9310,9,2.302585092994046
9311,6,1.9459101490553132
9312,1,0.6931471805599453
9313,14,2.70805020110221
9314,1,0.6931471805599453
9315,4,1.6094379124341003
9316,12,2.5649493574615367
9317,9,2.302585092994046
9318,33,3.5263605246161616
9319,155,5.049856007249537
9320,2,1.0986122886681098
9321,1,0.6931471805599453
9322,26,3.295836866004329
9323,1,0.6931471805599453
9324,2,1.0986122886681098
9325,1,0.6931471805599453
9326,1,0.6931471805599453
9327,2,1.0986122886681098
9328,9,2.302585092994046
9329,63,4.1588830833596715
9330,3,1.3862943611198906
9331,1,0.6931471805599453
9332,3,1.3862943611198906
9333,2,1.0986122886681098
9334,42,3.7612001156935624
9335,1,0.6931471805599453
9336,2,1.0986122886681098
9337,1,0.6931471805599453
9338,1,0.6931471805599453
9339,9,2.302585092994046
9340,3,1.3862943611198906
9341,1,0.6931471805599453
9342,27,3.332204510175204
9343,15,2.772588722239781
9344,6,1.9459101490553132
9345,2,1.0986122886681098
9346,32,3.4965075614664802
9347,20,3.044522437723423
9348,1,0.6931471805599453
9349,1,0.6931471805599453
9350,2,1.0986122886681098
9351,75,4.330733340286331
9352,1,0.6931471805599453
9353,7,2.0794415416798357
9354,12,2.5649493574615367
9355,1,0.6931471805599453
9356,1,0.6931471805599453
9357,1,0.6931471805599453
9358,1,0.6931471805599453
9359,1,0.6931471805599453
9360,333,5.811140992976701
9361,3,1.3862943611198906
9362,1,0.6931471805599453
9363,1,0.6931471805599453
9364,3,1.3862943611198906
9365,2,1.0986122886681098
9366,2,1.0986122886681098
9367,2,1.0986122886681098
9368,1,0.6931471805599453
9369,11,2.4849066497880004
9370,12,2.5649493574615367
9371,1,0.6931471805599453
9372,9,2.302585092994046
9373,167,5.123963979403259
9374,2,1.0986122886681098
9375,1,0.6931471805599453
9376,1,0.6931471805599453
9377,4,1.6094379124341003
9378,3,1.3862943611198906
9379,1,0.6931471805599453
9380,3,1.3862943611198906
9381,7,2.0794415416798357
9382,1,0.6931471805599453
9383,4,1.6094379124341003
9384,1,0.6931471805599453
9385,18,2.9444389791664403
9386,4,1.6094379124341003
9387,2,1.0986122886681098
9388,1,0.6931471805599453
9389,4,1.6094379124341003
9390,85,4.454347296253507
9391,1,0.6931471805599453
9392,1,0.6931471805599453
9393,22,3.1354942159291497
9394,1,0.6931471805599453
9395,1,0.6931471805599453
9396,2,1.0986122886681098
9397,14,2.70805020110221
9398,1,0.6931471805599453
9399,2,1.0986122886681098
9400,1,0.6931471805599453
9401,4,1.6094379124341003
9402,6,1.9459101490553132
9403,1,0.6931471805599453
9404,1,0.6931471805599453
9405,30,3.4339872044851463
9406,8,2.1972245773362196
9407,1,0.6931471805599453
9408,2,1.0986122886681098
9409,1,0.6931471805599453
9410,16,2.833213344056216
9411,1,0.6931471805599453
9412,1,0.6931471805599453
9413,21,3.091042453358316
9414,1,0.6931471805599453
9415,1,0.6931471805599453
9416,1,0.6931471805599453
9417,1,0.6931471805599453
9418,1,0.6931471805599453
9419,5,1.791759469228055
9420,2,1.0986122886681098
9421,4,1.6094379124341003
9422,31,3.4657359027997265
9423,1,0.6931471805599453
9424,4,1.6094379124341003
9425,1,0.6931471805599453
9426,1,0.6931471805599453
9427,1,0.6931471805599453
9428,4,1.6094379124341003
9429,1,0.6931471805599453
9430,24,3.2188758248682006
9431,2,1.0986122886681098
9432,4,1.6094379124341003
9433,5,1.791759469228055
9434,1,0.6931471805599453
9435,9,2.302585092994046
9436,9,2.302585092994046
9437,2,1.0986122886681098
9438,11,2.4849066497880004
9439,38,3.6635616461296463
9440,1,0.6931471805599453
9441,3,1.3862943611198906
9442,1,0.6931471805599453
9443,11,2.4849066497880004
9444,2,1.0986122886681098
9445,1,0.6931471805599453
9446,2,1.0986122886681098
9447,8,2.1972245773362196
9448,1,0.6931471805599453
9449,10,2.3978952727983707
9450,2,1.0986122886681098
9451,4,1.6094379124341003
9452,1,0.6931471805599453
9453,21,3.091042453358316
9454,19,2.995732273553991
9455,1,0.6931471805599453
9456,1,0.6931471805599453
9457,15,2.772588722239781
9458,100,4.61512051684126
9459,1,0.6931471805599453
9460,1,0.6931471805599453
9461,2,1.0986122886681098
9462,10,2.3978952727983707
9463,57,4.060443010546419
9464,3,1.3862943611198906
9465,1,0.6931471805599453
9466,1,0.6931471805599453
9467,1,0.6931471805599453
9468,3,1.3862943611198906
9469,61,4.127134385045092
9470,2,1.0986122886681098
9471,5,1.791759469228055
9472,7,2.0794415416798357
9473,4,1.6094379124341003
9474,4,1.6094379124341003
9475,1,0.6931471805599453
9476,1,0.6931471805599453
9477,1,0.6931471805599453
9478,3,1.3862943611198906
9479,8,2.1972245773362196
9480,1,0.6931471805599453
9481,1,0.6931471805599453
9482,3,1.3862943611198906
9483,1,0.6931471805599453
9484,1,0.6931471805599453
9485,1,0.6931471805599453
9486,1,0.6931471805599453
9487,1,0.6931471805599453
9488,3,1.3862943611198906
9489,3,1.3862943611198906
9490,3,1.3862943611198906
9491,1,0.6931471805599453
9492,1,0.6931471805599453
9493,2,1.0986122886681098
9494,1,0.6931471805599453
9495,1,0.6931471805599453
9496,58,4.07753744390572
9497,4,1.6094379124341003
9498,12,2.5649493574615367
9499,4,1.6094379124341003
9500,2,1.0986122886681098
9501,2,1.0986122886681098
9502,1,0.6931471805599453
9503,2,1.0986122886681098
9504,1,0.6931471805599453
9505,2,1.0986122886681098
9506,1,0.6931471805599453
9507,1,0.6931471805599453
9508,6,1.9459101490553132
9509,1,0.6931471805599453
9510,2,1.0986122886681098
9511,1,0.6931471805599453
9512,2,1.0986122886681098
9513,1,0.6931471805599453
9514,1,0.6931471805599453
9515,1,0.6931471805599453
9516,65,4.189654742026425
9517,1,0.6931471805599453
9518,1,0.6931471805599453
9519,1,0.6931471805599453
9520,12,2.5649493574615367
9521,2,1.0986122886681098
9522,5,1.791759469228055
9523,1,0.6931471805599453
9524,1,0.6931471805599453
9525,1,0.6931471805599453
9526,4,1.6094379124341003
9527,2,1.0986122886681098
9528,1,0.6931471805599453
9529,140,4.948759890378168
9530,1,0.6931471805599453
9531,13,2.6390573296152584
9532,1,0.6931471805599453
9533,3,1.3862943611198906
9534,1,0.6931471805599453
9535,2,1.0986122886681098
9536,1,0.6931471805599453
9537,3,1.3862943611198906
9538,14,2.70805020110221
9539,1,0.6931471805599453
9540,2,1.0986122886681098
9541,2,1.0986122886681098
9542,2,1.0986122886681098
9543,1,0.6931471805599453
9544,4,1.6094379124341003
9545,60,4.110873864173311
9546,1,0.6931471805599453
9547,2,1.0986122886681098
9548,1,0.6931471805599453
9549,3,1.3862943611198906
9550,1,0.6931471805599453
9551,1,0.6931471805599453
9552,1,0.6931471805599453
9553,9,2.302585092994046
9554,4,1.6094379124341003
9555,1,0.6931471805599453
9556,12,2.5649493574615367
9557,3,1.3862943611198906
9558,1,0.6931471805599453
9559,1,0.6931471805599453
9560,2,1.0986122886681098
9561,3,1.3862943611198906
9562,1,0.6931471805599453
9563,3,1.3862943611198906
9564,1,0.6931471805599453
9565,2,1.0986122886681098
9566,1,0.6931471805599453
9567,1,0.6931471805599453
9568,2,1.0986122886681098
9569,1,0.6931471805599453
9570,1,0.6931471805599453
9571,1,0.6931471805599453
9572,1,0.6931471805599453
9573,3,1.3862943611198906
9574,1,0.6931471805599453
9575,2,1.0986122886681098
9576,1,0.6931471805599453
9577,117,4.770684624465665
9578,43,3.784189633918261
9579,1,0.6931471805599453
9580,1,0.6931471805599453
9581,1,0.6931471805599453
9582,1,0.6931471805599453
9583,1,0.6931471805599453
9584,2,1.0986122886681098
9585,13,2.6390573296152584
9586,2,1.0986122886681098
9587,2,1.0986122886681098
9588,60,4.110873864173311
9589,19,2.995732273553991
9590,2,1.0986122886681098
9591,1,0.6931471805599453
9592,1,0.6931471805599453
9593,3,1.3862943611198906
9594,3,1.3862943611198906
9595,1,0.6931471805599453
9596,8,2.1972245773362196
9597,2,1.0986122886681098
9598,7,2.0794415416798357
9599,1,0.6931471805599453
9600,2,1.0986122886681098
9601,1,0.6931471805599453
9602,3,1.3862943611198906
9603,4,1.6094379124341003
9604,4,1.6094379124341003
9605,1,0.6931471805599453
9606,2,1.0986122886681098
9607,1,0.6931471805599453
9608,1,0.6931471805599453
9609,2,1.0986122886681098
9610,1,0.6931471805599453
9611,2,1.0986122886681098
9612,14,2.70805020110221
9613,1,0.6931471805599453
9614,12,2.5649493574615367
9615,9,2.302585092994046
9616,1,0.6931471805599453
9617,19,2.995732273553991
9618,6,1.9459101490553132
9619,2,1.0986122886681098
9620,2,1.0986122886681098
9621,47,3.871201010907891
9622,10,2.3978952727983707
9623,7,2.0794415416798357
9624,2,1.0986122886681098
9625,2,1.0986122886681098
9626,2,1.0986122886681098
9627,4,1.6094379124341003
9628,1,0.6931471805599453
9629,1,0.6931471805599453
9630,3,1.3862943611198906
9631,1,0.6931471805599453
9632,2,1.0986122886681098
9633,1,0.6931471805599453
9634,2,1.0986122886681098
9635,26,3.295836866004329
9636,1,0.6931471805599453
9637,4,1.6094379124341003
9638,1,0.6931471805599453
9639,1,0.6931471805599453
9640,4,1.6094379124341003
9641,1,0.6931471805599453
9642,127,4.852030263919617
9643,4,1.6094379124341003
9644,6,1.9459101490553132
9645,12,2.5649493574615367
9646,1,0.6931471805599453
9647,58,4.07753744390572
9648,1,0.6931471805599453
9649,5,1.791759469228055
9650,36,3.6109179126442243
9651,1,0.6931471805599453
9652,1,0.6931471805599453
9653,4,1.6094379124341003
9654,1,0.6931471805599453
9655,31,3.4657359027997265
9656,1,0.6931471805599453
9657,1,0.6931471805599453
9658,1,0.6931471805599453
9659,7,2.0794415416798357
9660,6,1.9459101490553132
9661,1,0.6931471805599453
9662,3,1.3862943611198906
9663,1,0.6931471805599453
9664,4,1.6094379124341003
9665,17,2.8903717578961645
9666,58,4.07753744390572
9667,1,0.6931471805599453
9668,21,3.091042453358316
9669,3,1.3862943611198906
9670,1,0.6931471805599453
9671,2,1.0986122886681098
9672,2,1.0986122886681098
9673,5,1.791759469228055
9674,1,0.6931471805599453
9675,1,0.6931471805599453
9676,5,1.791759469228055
9677,2,1.0986122886681098
9678,92,4.532599493153256
9679,1,0.6931471805599453
9680,7,2.0794415416798357
9681,1,0.6931471805599453
9682,4,1.6094379124341003
9683,2,1.0986122886681098
9684,5,1.791759469228055
9685,1,0.6931471805599453
9686,9,2.302585092994046
9687,5,1.791759469228055
9688,2,1.0986122886681098
9689,6,1.9459101490553132
9690,6,1.9459101490553132
9691,116,4.762173934797756
9692,1,0.6931471805599453
9693,1,0.6931471805599453
9694,5,1.791759469228055
9695,3,1.3862943611198906
9696,10,2.3978952727983707
9697,1,0.6931471805599453
9698,2,1.0986122886681098
9699,24,3.2188758248682006
9700,32,3.4965075614664802
9701,1,0.6931471805599453
9702,1,0.6931471805599453
9703,1,0.6931471805599453
9704,1,0.6931471805599453
9705,110,4.709530201312334
9706,1,0.6931471805599453
9707,1,0.6931471805599453
9708,1,0.6931471805599453
9709,1,0.6931471805599453
9710,1,0.6931471805599453
9711,19,2.995732273553991
9712,9,2.302585092994046
9713,6,1.9459101490553132
9714,1,0.6931471805599453
9715,3,1.3862943611198906
9716,1,0.6931471805599453
9717,2,1.0986122886681098
9718,1,0.6931471805599453
9719,12,2.5649493574615367
9720,33,3.5263605246161616
9721,1,0.6931471805599453
9722,1,0.6931471805599453
9723,2,1.0986122886681098
9724,7,2.0794415416798357
9725,2,1.0986122886681098
9726,2,1.0986122886681098
9727,2,1.0986122886681098
9728,14,2.70805020110221
9729,5,1.791759469228055
9730,2,1.0986122886681098
9731,1,0.6931471805599453
9732,2,1.0986122886681098
9733,4,1.6094379124341003
9734,25,3.258096538021482
9735,1,0.6931471805599453
9736,1,0.6931471805599453
9737,5,1.791759469228055
9738,1,0.6931471805599453
9739,15,2.772588722239781
9740,4,1.6094379124341003
9741,3,1.3862943611198906
9742,79,4.382026634673881
9743,1,0.6931471805599453
9744,1,0.6931471805599453
9745,1,0.6931471805599453
9746,25,3.258096538021482
9747,1,0.6931471805599453
9748,4,1.6094379124341003
9749,52,3.970291913552122
9750,1,0.6931471805599453
9751,7,2.0794415416798357
9752,4,1.6094379124341003
9753,3,1.3862943611198906
9754,4,1.6094379124341003
9755,1,0.6931471805599453
9756,1,0.6931471805599453
9757,62,4.143134726391533
9758,1,0.6931471805599453
9759,9,2.302585092994046
9760,1,0.6931471805599453
9761,1,0.6931471805599453
9762,1,0.6931471805599453
9763,7,2.0794415416798357
9764,2,1.0986122886681098
9765,1,0.6931471805599453
9766,22,3.1354942159291497
9767,1,0.6931471805599453
9768,40,3.713572066704308
9769,6,1.9459101490553132
9770,29,3.4011973816621555
9771,2,1.0986122886681098
9772,5,1.791759469228055
9773,6,1.9459101490553132
9774,7,2.0794415416798357
9775,2,1.0986122886681098
9776,4,1.6094379124341003
9777,8,2.1972245773362196
9778,9,2.302585092994046
9779,8,2.1972245773362196
9780,17,2.8903717578961645
9781,1,0.6931471805599453
9782,1,0.6931471805599453
9783,1,0.6931471805599453
9784,34,3.5553480614894135
9785,1,0.6931471805599453
9786,11,2.4849066497880004
9787,1,0.6931471805599453
9788,1,0.6931471805599453
9789,1,0.6931471805599453
9790,3,1.3862943611198906
9791,5,1.791759469228055
9792,2,1.0986122886681098
9793,4,1.6094379124341003
9794,9,2.302585092994046
9795,2,1.0986122886681098
9796,1,0.6931471805599453
9797,2,1.0986122886681098
9798,14,2.70805020110221
9799,1,0.6931471805599453
9800,39,3.6888794541139363
9801,1,0.6931471805599453
9802,1,0.6931471805599453
9803,1,0.6931471805599453
9804,2,1.0986122886681098
9805,5,1.791759469228055
9806,1,0.6931471805599453
9807,3,1.3862943611198906
9808,1,0.6931471805599453
9809,3,1.3862943611198906
9810,90,4.51085950651685
9811,1,0.6931471805599453
9812,5,1.791759469228055
9813,3,1.3862943611198906
9814,3,1.3862943611198906
9815,1,0.6931471805599453
9816,8,2.1972245773362196
9817,4,1.6094379124341003
9818,16,2.833213344056216
9819,5,1.791759469228055
9820,1,0.6931471805599453
9821,1,0.6931471805599453
9822,8,2.1972245773362196
9823,1,0.6931471805599453
9824,1,0.6931471805599453
9825,1,0.6931471805599453
9826,2,1.0986122886681098
9827,7,2.0794415416798357
9828,5,1.791759469228055
9829,3,1.3862943611198906
9830,1,0.6931471805599453
9831,11,2.4849066497880004
9832,47,3.871201010907891
9833,3,1.3862943611198906
9834,7,2.0794415416798357
9835,1,0.6931471805599453
9836,10,2.3978952727983707
9837,1,0.6931471805599453
9838,1,0.6931471805599453
9839,1,0.6931471805599453
9840,2,1.0986122886681098
9841,1,0.6931471805599453
9842,2,1.0986122886681098
9843,2,1.0986122886681098
9844,28,3.367295829986474
9845,1,0.6931471805599453
9846,2,1.0986122886681098
9847,1,0.6931471805599453
9848,1,0.6931471805599453
9849,2,1.0986122886681098
9850,27,3.332204510175204
9851,3,1.3862943611198906
9852,4,1.6094379124341003
9853,3,1.3862943611198906
9854,12,2.5649493574615367
9855,1,0.6931471805599453
9856,2,1.0986122886681098
9857,5,1.791759469228055
9858,1,0.6931471805599453
9859,42,3.7612001156935624
9860,3,1.3862943611198906
9861,59,4.0943445622221
9862,7,2.0794415416798357
9863,5,1.791759469228055
9864,3,1.3862943611198906
9865,2,1.0986122886681098
9866,6,1.9459101490553132
9867,1,0.6931471805599453
9868,14,2.70805020110221
9869,10,2.3978952727983707
9870,46,3.8501476017100584
9871,4,1.6094379124341003
9872,1,0.6931471805599453
9873,14,2.70805020110221
9874,3,1.3862943611198906
9875,1,0.6931471805599453
9876,1,0.6931471805599453
9877,1,0.6931471805599453
9878,12,2.5649493574615367
9879,1,0.6931471805599453
9880,7,2.0794415416798357
9881,1,0.6931471805599453
9882,1,0.6931471805599453
9883,145,4.983606621708336
9884,4,1.6094379124341003
9885,1,0.6931471805599453
9886,9,2.302585092994046
9887,1,0.6931471805599453
9888,18,2.9444389791664403
9889,3,1.3862943611198906
9890,1,0.6931471805599453
9891,1,0.6931471805599453
9892,5,1.791759469228055
9893,1,0.6931471805599453
9894,1,0.6931471805599453
9895,20,3.044522437723423
9896,19,2.995732273553991
9897,1,0.6931471805599453
9898,2,1.0986122886681098
9899,1,0.6931471805599453
9900,1,0.6931471805599453
9901,1,0.6931471805599453
9902,12,2.5649493574615367
9903,18,2.9444389791664403
9904,37,3.6375861597263857
9905,20,3.044522437723423
9906,1,0.6931471805599453
9907,61,4.127134385045092
9908,1,0.6931471805599453
9909,1,0.6931471805599453
9910,1,0.6931471805599453
9911,1,0.6931471805599453
9912,1,0.6931471805599453
9913,1,0.6931471805599453
9914,3,1.3862943611198906
9915,1,0.6931471805599453
9916,1,0.6931471805599453
9917,1,0.6931471805599453
9918,1,0.6931471805599453
9919,6,1.9459101490553132
9920,3,1.3862943611198906
9921,1,0.6931471805599453
9922,5,1.791759469228055
9923,2,1.0986122886681098
9924,36,3.6109179126442243
9925,1,0.6931471805599453
9926,1,0.6931471805599453
9927,1,0.6931471805599453
9928,1,0.6931471805599453
9929,6,1.9459101490553132
9930,1,0.6931471805599453
9931,2,1.0986122886681098
9932,22,3.1354942159291497
9933,2,1.0986122886681098
9934,2,1.0986122886681098
9935,3,1.3862943611198906
9936,10,2.3978952727983707
9937,1,0.6931471805599453
9938,2,1.0986122886681098
9939,8,2.1972245773362196
9940,1,0.6931471805599453
9941,1,0.6931471805599453
9942,63,4.1588830833596715
9943,3,1.3862943611198906
9944,1,0.6931471805599453
9945,5,1.791759469228055
9946,6,1.9459101490553132
9947,2,1.0986122886681098
9948,75,4.330733340286331
9949,5,1.791759469228055
9950,6,1.9459101490553132
9951,1,0.6931471805599453
9952,5,1.791759469228055
9953,3,1.3862943611198906
9954,1,0.6931471805599453
9955,9,2.302585092994046
9956,11,2.4849066497880004
9957,1,0.6931471805599453
9958,2,1.0986122886681098
9959,1,0.6931471805599453
9960,1,0.6931471805599453
9961,1,0.6931471805599453
9962,3,1.3862943611198906
9963,11,2.4849066497880004
9964,1,0.6931471805599453
9965,1,0.6931471805599453
9966,1,0.6931471805599453
9967,2,1.0986122886681098
9968,1,0.6931471805599453
9969,2,1.0986122886681098
9970,1,0.6931471805599453
9971,3,1.3862943611198906
9972,3,1.3862943611198906
9973,5,1.791759469228055
9974,1,0.6931471805599453
9975,1,0.6931471805599453
9976,27,3.332204510175204
9977,3,1.3862943611198906
9978,1,0.6931471805599453
9979,1,0.6931471805599453
9980,7,2.0794415416798357
9981,1,0.6931471805599453
9982,1,0.6931471805599453
9983,9,2.302585092994046
9984,2,1.0986122886681098
9985,2,1.0986122886681098
9986,1,0.6931471805599453
9987,1,0.6931471805599453
9988,1,0.6931471805599453
9989,1,0.6931471805599453
9990,16,2.833213344056216
9991,1,0.6931471805599453
9992,3,1.3862943611198906
9993,1,0.6931471805599453
9994,16,2.833213344056216
9995,2,1.0986122886681098
9996,1,0.6931471805599453
9997,3,1.3862943611198906
9998,2,1.0986122886681098
9999,24,3.2188758248682006
10000,1,0.6931471805599453
