bank_id,systemic_risk_label,log_systemic_risk_label
0,77,4.356708826689592
1,23,3.1780538303479458
2,24,3.2188758248682006
3,29,3.4011973816621555
4,48,3.8918202981106265
5,76,4.343805421853684
6,40,3.713572066704308
7,32,3.4965075614664802
8,42,3.7612001156935624
9,11,2.4849066497880004
10,4,1.6094379124341003
11,4,1.6094379124341003
12,1,0.6931471805599453
13,21,3.091042453358316
14,3,1.3862943611198906
15,1,0.6931471805599453
16,2,1.0986122886681098
17,49,3.912023005428146
18,2,1.0986122886681098
19,2,1.0986122886681098
20,1,0.6931471805599453
21,2,1.0986122886681098
22,1,0.6931471805599453
23,11,2.4849066497880004
24,27,3.332204510175204
25,6,1.9459101490553132
26,11,2.4849066497880004
27,10,2.3978952727983707
28,12,2.5649493574615367
29,1,0.6931471805599453
30,10,2.3978952727983707
31,5,1.791759469228055
32,9,2.302585092994046
33,5,1.791759469228055
34,4,1.6094379124341003
35,26,3.295836866004329
36,5,1.791759469228055
37,1,0.6931471805599453
38,10,2.3978952727983707
39,6,1.9459101490553132
40,1,0.6931471805599453
41,1,0.6931471805599453
42,1,0.6931471805599453
43,1,0.6931471805599453
44,5,1.791759469228055
45,1,0.6931471805599453
46,13,2.6390573296152584
47,2,1.0986122886681098
48,1,0.6931471805599453
49,1,0.6931471805599453
50,1,0.6931471805599453
51,2,1.0986122886681098
52,1,0.6931471805599453
53,2,1.0986122886681098
54,2,1.0986122886681098
55,7,2.0794415416798357
56,3,1.3862943611198906
57,1,0.6931471805599453
58,1,0.6931471805599453
59,4,1.6094379124341003
60,2,1.0986122886681098
61,2,1.0986122886681098
62,1,0.6931471805599453
63,6,1.9459101490553132
64,3,1.3862943611198906
65,1,0.6931471805599453
66,2,1.0986122886681098
67,5,1.791759469228055
68,1,0.6931471805599453
69,8,2.1972245773362196
70,15,2.772588722239781
71,2,1.0986122886681098
72,3,1.3862943611198906
73,8,2.1972245773362196
74,1,0.6931471805599453
75,1,0.6931471805599453
76,1,0.6931471805599453
77,1,0.6931471805599453
78,1,0.6931471805599453
79,1,0.6931471805599453
80,3,1.3862943611198906
81,1,0.6931471805599453
82,1,0.6931471805599453
83,1,0.6931471805599453
84,1,0.6931471805599453
85,1,0.6931471805599453
86,2,1.0986122886681098
87,3,1.3862943611198906
88,3,1.3862943611198906
89,1,0.6931471805599453
90,1,0.6931471805599453
91,7,2.0794415416798357
92,1,0.6931471805599453
93,1,0.6931471805599453
94,1,0.6931471805599453
95,5,1.791759469228055
96,2,1.0986122886681098
97,3,1.3862943611198906
98,1,0.6931471805599453
99,13,2.6390573296152584
100,5,1.791759469228055
101,11,2.4849066497880004
102,5,1.791759469228055
103,1,0.6931471805599453
104,5,1.791759469228055
105,3,1.3862943611198906
106,1,0.6931471805599453
107,3,1.3862943611198906
108,2,1.0986122886681098
109,1,0.6931471805599453
110,3,1.3862943611198906
111,2,1.0986122886681098
112,6,1.9459101490553132
113,1,0.6931471805599453
114,10,2.3978952727983707
115,1,0.6931471805599453
116,1,0.6931471805599453
117,1,0.6931471805599453
118,1,0.6931471805599453
119,2,1.0986122886681098
120,2,1.0986122886681098
121,1,0.6931471805599453
122,1,0.6931471805599453
123,2,1.0986122886681098
124,1,0.6931471805599453
125,1,0.6931471805599453
126,2,1.0986122886681098
127,2,1.0986122886681098
128,2,1.0986122886681098
129,1,0.6931471805599453
130,1,0.6931471805599453
131,2,1.0986122886681098
132,1,0.6931471805599453
133,2,1.0986122886681098
134,1,0.6931471805599453
135,2,1.0986122886681098
136,2,1.0986122886681098
137,1,0.6931471805599453
138,1,0.6931471805599453
139,1,0.6931471805599453
140,1,0.6931471805599453
141,1,0.6931471805599453
142,1,0.6931471805599453
143,1,0.6931471805599453
144,4,1.6094379124341003
145,1,0.6931471805599453
146,1,0.6931471805599453
147,1,0.6931471805599453
148,1,0.6931471805599453
149,1,0.6931471805599453
150,1,0.6931471805599453
151,1,0.6931471805599453
152,1,0.6931471805599453
153,3,1.3862943611198906
154,2,1.0986122886681098
155,4,1.6094379124341003
156,2,1.0986122886681098
157,1,0.6931471805599453
158,1,0.6931471805599453
159,1,0.6931471805599453
160,3,1.3862943611198906
161,1,0.6931471805599453
162,1,0.6931471805599453
163,1,0.6931471805599453
164,3,1.3862943611198906
165,1,0.6931471805599453
166,1,0.6931471805599453
167,1,0.6931471805599453
168,4,1.6094379124341003
169,1,0.6931471805599453
170,1,0.6931471805599453
171,1,0.6931471805599453
172,1,0.6931471805599453
173,1,0.6931471805599453
174,2,1.0986122886681098
175,1,0.6931471805599453
176,2,1.0986122886681098
177,1,0.6931471805599453
178,1,0.6931471805599453
179,1,0.6931471805599453
180,1,0.6931471805599453
181,1,0.6931471805599453
182,1,0.6931471805599453
183,1,0.6931471805599453
184,1,0.6931471805599453
185,1,0.6931471805599453
186,1,0.6931471805599453
187,1,0.6931471805599453
188,4,1.6094379124341003
189,1,0.6931471805599453
190,4,1.6094379124341003
191,7,2.0794415416798357
192,1,0.6931471805599453
193,2,1.0986122886681098
194,2,1.0986122886681098
195,1,0.6931471805599453
196,1,0.6931471805599453
197,1,0.6931471805599453
198,1,0.6931471805599453
199,1,0.6931471805599453
200,1,0.6931471805599453
201,1,0.6931471805599453
202,1,0.6931471805599453
203,3,1.3862943611198906
204,1,0.6931471805599453
205,3,1.3862943611198906
206,1,0.6931471805599453
207,1,0.6931471805599453
208,1,0.6931471805599453
209,1,0.6931471805599453
210,1,0.6931471805599453
211,1,0.6931471805599453
212,2,1.0986122886681098
213,1,0.6931471805599453
214,1,0.6931471805599453
215,1,0.6931471805599453
216,1,0.6931471805599453
217,1,0.6931471805599453
218,1,0.6931471805599453
219,1,0.6931471805599453
220,1,0.6931471805599453
221,1,0.6931471805599453
222,1,0.6931471805599453
223,1,0.6931471805599453
224,1,0.6931471805599453
225,1,0.6931471805599453
226,1,0.6931471805599453
227,1,0.6931471805599453
228,2,1.0986122886681098
229,1,0.6931471805599453
230,2,1.0986122886681098
231,1,0.6931471805599453
232,1,0.6931471805599453
233,1,0.6931471805599453
234,3,1.3862943611198906
235,1,0.6931471805599453
236,1,0.6931471805599453
237,1,0.6931471805599453
238,1,0.6931471805599453
239,1,0.6931471805599453
240,1,0.6931471805599453
241,1,0.6931471805599453
242,2,1.0986122886681098
243,1,0.6931471805599453
244,1,0.6931471805599453
245,1,0.6931471805599453
246,1,0.6931471805599453
247,1,0.6931471805599453
248,1,0.6931471805599453
249,1,0.6931471805599453
250,1,0.6931471805599453
251,1,0.6931471805599453
252,1,0.6931471805599453
253,1,0.6931471805599453
254,4,1.6094379124341003
255,1,0.6931471805599453
256,2,1.0986122886681098
257,1,0.6931471805599453
258,1,0.6931471805599453
259,2,1.0986122886681098
260,2,1.0986122886681098
261,1,0.6931471805599453
262,1,0.6931471805599453
263,1,0.6931471805599453
264,1,0.6931471805599453
265,1,0.6931471805599453
266,1,0.6931471805599453
267,1,0.6931471805599453
268,1,0.6931471805599453
269,1,0.6931471805599453
270,1,0.6931471805599453
271,1,0.6931471805599453
272,1,0.6931471805599453
273,1,0.6931471805599453
274,1,0.6931471805599453
275,2,1.0986122886681098
276,1,0.6931471805599453
277,1,0.6931471805599453
278,1,0.6931471805599453
279,2,1.0986122886681098
280,1,0.6931471805599453
281,1,0.6931471805599453
282,1,0.6931471805599453
283,1,0.6931471805599453
284,2,1.0986122886681098
285,1,0.6931471805599453
286,1,0.6931471805599453
287,1,0.6931471805599453
288,1,0.6931471805599453
289,1,0.6931471805599453
290,1,0.6931471805599453
291,1,0.6931471805599453
292,1,0.6931471805599453
293,1,0.6931471805599453
294,1,0.6931471805599453
295,2,1.0986122886681098
296,2,1.0986122886681098
297,1,0.6931471805599453
298,1,0.6931471805599453
299,1,0.6931471805599453
300,1,0.6931471805599453
301,1,0.6931471805599453
302,1,0.6931471805599453
303,1,0.6931471805599453
304,1,0.6931471805599453
305,1,0.6931471805599453
306,1,0.6931471805599453
307,1,0.6931471805599453
308,1,0.6931471805599453
309,1,0.6931471805599453
310,1,0.6931471805599453
311,1,0.6931471805599453
312,1,0.6931471805599453
313,1,0.6931471805599453
314,1,0.6931471805599453
315,1,0.6931471805599453
316,1,0.6931471805599453
317,1,0.6931471805599453
318,1,0.6931471805599453
319,1,0.6931471805599453
320,1,0.6931471805599453
321,1,0.6931471805599453
322,1,0.6931471805599453
323,1,0.6931471805599453
324,1,0.6931471805599453
325,1,0.6931471805599453
326,1,0.6931471805599453
327,1,0.6931471805599453
328,1,0.6931471805599453
329,1,0.6931471805599453
330,1,0.6931471805599453
331,1,0.6931471805599453
332,1,0.6931471805599453
333,1,0.6931471805599453
334,1,0.6931471805599453
335,1,0.6931471805599453
336,1,0.6931471805599453
337,1,0.6931471805599453
338,1,0.6931471805599453
339,1,0.6931471805599453
340,1,0.6931471805599453
341,1,0.6931471805599453
342,1,0.6931471805599453
343,1,0.6931471805599453
344,1,0.6931471805599453
345,1,0.6931471805599453
346,1,0.6931471805599453
347,1,0.6931471805599453
348,1,0.6931471805599453
349,1,0.6931471805599453
350,1,0.6931471805599453
351,1,0.6931471805599453
352,1,0.6931471805599453
353,1,0.6931471805599453
354,1,0.6931471805599453
355,1,0.6931471805599453
356,1,0.6931471805599453
357,2,1.0986122886681098
358,1,0.6931471805599453
359,1,0.6931471805599453
360,1,0.6931471805599453
361,1,0.6931471805599453
362,1,0.6931471805599453
363,1,0.6931471805599453
364,1,0.6931471805599453
365,1,0.6931471805599453
366,1,0.6931471805599453
367,1,0.6931471805599453
368,1,0.6931471805599453
369,1,0.6931471805599453
370,1,0.6931471805599453
371,1,0.6931471805599453
372,1,0.6931471805599453
373,1,0.6931471805599453
374,1,0.6931471805599453
375,1,0.6931471805599453
376,1,0.6931471805599453
377,1,0.6931471805599453
378,1,0.6931471805599453
379,2,1.0986122886681098
380,1,0.6931471805599453
381,1,0.6931471805599453
382,2,1.0986122886681098
383,1,0.6931471805599453
384,2,1.0986122886681098
385,1,0.6931471805599453
386,1,0.6931471805599453
387,1,0.6931471805599453
388,1,0.6931471805599453
389,1,0.6931471805599453
390,1,0.6931471805599453
391,1,0.6931471805599453
392,1,0.6931471805599453
393,1,0.6931471805599453
394,1,0.6931471805599453
395,1,0.6931471805599453
396,1,0.6931471805599453
397,1,0.6931471805599453
398,1,0.6931471805599453
399,1,0.6931471805599453
400,1,0.6931471805599453
401,1,0.6931471805599453
402,1,0.6931471805599453
403,1,0.6931471805599453
404,1,0.6931471805599453
405,1,0.6931471805599453
406,2,1.0986122886681098
407,1,0.6931471805599453
408,1,0.6931471805599453
409,1,0.6931471805599453
410,1,0.6931471805599453
411,1,0.6931471805599453
412,1,0.6931471805599453
413,1,0.6931471805599453
414,1,0.6931471805599453
415,1,0.6931471805599453
416,1,0.6931471805599453
417,1,0.6931471805599453
418,1,0.6931471805599453
419,1,0.6931471805599453
420,1,0.6931471805599453
421,1,0.6931471805599453
422,1,0.6931471805599453
423,1,0.6931471805599453
424,1,0.6931471805599453
425,1,0.6931471805599453
426,1,0.6931471805599453
427,1,0.6931471805599453
428,1,0.6931471805599453
429,1,0.6931471805599453
430,1,0.6931471805599453
431,1,0.6931471805599453
432,1,0.6931471805599453
433,1,0.6931471805599453
434,1,0.6931471805599453
435,1,0.6931471805599453
436,1,0.6931471805599453
437,1,0.6931471805599453
438,1,0.6931471805599453
439,1,0.6931471805599453
440,1,0.6931471805599453
441,1,0.6931471805599453
442,1,0.6931471805599453
443,1,0.6931471805599453
444,1,0.6931471805599453
445,1,0.6931471805599453
446,1,0.6931471805599453
447,1,0.6931471805599453
448,1,0.6931471805599453
449,1,0.6931471805599453
450,1,0.6931471805599453
451,1,0.6931471805599453
452,1,0.6931471805599453
453,1,0.6931471805599453
454,1,0.6931471805599453
455,1,0.6931471805599453
456,1,0.6931471805599453
457,1,0.6931471805599453
458,1,0.6931471805599453
459,1,0.6931471805599453
460,1,0.6931471805599453
461,1,0.6931471805599453
462,1,0.6931471805599453
463,1,0.6931471805599453
464,1,0.6931471805599453
465,1,0.6931471805599453
466,1,0.6931471805599453
467,1,0.6931471805599453
468,1,0.6931471805599453
469,1,0.6931471805599453
470,1,0.6931471805599453
471,1,0.6931471805599453
472,1,0.6931471805599453
473,1,0.6931471805599453
474,1,0.6931471805599453
475,1,0.6931471805599453
476,1,0.6931471805599453
477,1,0.6931471805599453
478,1,0.6931471805599453
479,1,0.6931471805599453
480,1,0.6931471805599453
481,1,0.6931471805599453
482,1,0.6931471805599453
483,1,0.6931471805599453
484,1,0.6931471805599453
485,1,0.6931471805599453
486,1,0.6931471805599453
487,1,0.6931471805599453
488,1,0.6931471805599453
489,1,0.6931471805599453
490,1,0.6931471805599453
491,1,0.6931471805599453
492,1,0.6931471805599453
493,1,0.6931471805599453
494,1,0.6931471805599453
495,1,0.6931471805599453
496,1,0.6931471805599453
497,1,0.6931471805599453
498,1,0.6931471805599453
499,1,0.6931471805599453
500,1,0.6931471805599453
501,1,0.6931471805599453
502,1,0.6931471805599453
503,1,0.6931471805599453
504,1,0.6931471805599453
505,1,0.6931471805599453
506,1,0.6931471805599453
507,1,0.6931471805599453
508,1,0.6931471805599453
509,1,0.6931471805599453
510,1,0.6931471805599453
511,1,0.6931471805599453
512,1,0.6931471805599453
513,1,0.6931471805599453
514,1,0.6931471805599453
515,1,0.6931471805599453
516,1,0.6931471805599453
517,1,0.6931471805599453
518,1,0.6931471805599453
519,1,0.6931471805599453
520,1,0.6931471805599453
521,1,0.6931471805599453
522,1,0.6931471805599453
523,1,0.6931471805599453
524,1,0.6931471805599453
525,1,0.6931471805599453
526,1,0.6931471805599453
527,1,0.6931471805599453
528,1,0.6931471805599453
529,1,0.6931471805599453
530,1,0.6931471805599453
531,1,0.6931471805599453
532,1,0.6931471805599453
533,1,0.6931471805599453
534,1,0.6931471805599453
535,1,0.6931471805599453
536,1,0.6931471805599453
537,1,0.6931471805599453
538,1,0.6931471805599453
539,1,0.6931471805599453
540,1,0.6931471805599453
541,1,0.6931471805599453
542,1,0.6931471805599453
543,1,0.6931471805599453
544,1,0.6931471805599453
545,1,0.6931471805599453
546,1,0.6931471805599453
547,1,0.6931471805599453
548,1,0.6931471805599453
549,1,0.6931471805599453
550,1,0.6931471805599453
551,1,0.6931471805599453
552,1,0.6931471805599453
553,1,0.6931471805599453
554,1,0.6931471805599453
555,1,0.6931471805599453
556,1,0.6931471805599453
557,1,0.6931471805599453
558,1,0.6931471805599453
559,1,0.6931471805599453
560,1,0.6931471805599453
561,1,0.6931471805599453
562,1,0.6931471805599453
563,1,0.6931471805599453
564,1,0.6931471805599453
565,1,0.6931471805599453
566,1,0.6931471805599453
567,1,0.6931471805599453
568,1,0.6931471805599453
569,1,0.6931471805599453
570,1,0.6931471805599453
571,1,0.6931471805599453
572,1,0.6931471805599453
573,1,0.6931471805599453
574,1,0.6931471805599453
575,1,0.6931471805599453
576,1,0.6931471805599453
577,1,0.6931471805599453
578,1,0.6931471805599453
579,1,0.6931471805599453
580,1,0.6931471805599453
581,1,0.6931471805599453
582,1,0.6931471805599453
583,1,0.6931471805599453
584,1,0.6931471805599453
585,1,0.6931471805599453
586,1,0.6931471805599453
587,1,0.6931471805599453
588,1,0.6931471805599453
589,1,0.6931471805599453
590,1,0.6931471805599453
591,1,0.6931471805599453
592,1,0.6931471805599453
593,1,0.6931471805599453
594,1,0.6931471805599453
595,1,0.6931471805599453
596,1,0.6931471805599453
597,1,0.6931471805599453
598,1,0.6931471805599453
599,1,0.6931471805599453
600,1,0.6931471805599453
601,1,0.6931471805599453
602,1,0.6931471805599453
603,1,0.6931471805599453
604,1,0.6931471805599453
605,1,0.6931471805599453
606,1,0.6931471805599453
607,1,0.6931471805599453
608,1,0.6931471805599453
609,1,0.6931471805599453
610,1,0.6931471805599453
611,1,0.6931471805599453
612,1,0.6931471805599453
613,1,0.6931471805599453
614,1,0.6931471805599453
615,1,0.6931471805599453
616,1,0.6931471805599453
617,1,0.6931471805599453
618,1,0.6931471805599453
619,1,0.6931471805599453
620,1,0.6931471805599453
621,1,0.6931471805599453
622,1,0.6931471805599453
623,1,0.6931471805599453
624,1,0.6931471805599453
625,1,0.6931471805599453
626,1,0.6931471805599453
627,1,0.6931471805599453
628,1,0.6931471805599453
629,1,0.6931471805599453
630,1,0.6931471805599453
631,1,0.6931471805599453
632,1,0.6931471805599453
633,1,0.6931471805599453
634,1,0.6931471805599453
635,1,0.6931471805599453
636,1,0.6931471805599453
637,1,0.6931471805599453
638,1,0.6931471805599453
639,1,0.6931471805599453
640,1,0.6931471805599453
641,1,0.6931471805599453
642,1,0.6931471805599453
643,1,0.6931471805599453
644,1,0.6931471805599453
645,1,0.6931471805599453
646,1,0.6931471805599453
647,1,0.6931471805599453
648,1,0.6931471805599453
649,1,0.6931471805599453
650,1,0.6931471805599453
651,1,0.6931471805599453
652,1,0.6931471805599453
653,1,0.6931471805599453
654,1,0.6931471805599453
655,1,0.6931471805599453
656,1,0.6931471805599453
657,1,0.6931471805599453
658,1,0.6931471805599453
659,1,0.6931471805599453
660,1,0.6931471805599453
661,1,0.6931471805599453
662,1,0.6931471805599453
663,1,0.6931471805599453
664,1,0.6931471805599453
665,1,0.6931471805599453
666,1,0.6931471805599453
667,1,0.6931471805599453
668,1,0.6931471805599453
669,1,0.6931471805599453
670,1,0.6931471805599453
671,1,0.6931471805599453
672,1,0.6931471805599453
673,1,0.6931471805599453
674,1,0.6931471805599453
675,1,0.6931471805599453
676,1,0.6931471805599453
677,1,0.6931471805599453
678,1,0.6931471805599453
679,1,0.6931471805599453
680,1,0.6931471805599453
681,1,0.6931471805599453
682,1,0.6931471805599453
683,1,0.6931471805599453
684,1,0.6931471805599453
685,1,0.6931471805599453
686,1,0.6931471805599453
687,1,0.6931471805599453
688,1,0.6931471805599453
689,1,0.6931471805599453
690,1,0.6931471805599453
691,1,0.6931471805599453
692,1,0.6931471805599453
693,1,0.6931471805599453
694,1,0.6931471805599453
695,1,0.6931471805599453
696,1,0.6931471805599453
697,1,0.6931471805599453
698,1,0.6931471805599453
699,1,0.6931471805599453
700,1,0.6931471805599453
701,1,0.6931471805599453
702,1,0.6931471805599453
703,1,0.6931471805599453
704,1,0.6931471805599453
705,1,0.6931471805599453
706,1,0.6931471805599453
707,1,0.6931471805599453
708,1,0.6931471805599453
709,1,0.6931471805599453
710,1,0.6931471805599453
711,1,0.6931471805599453
712,1,0.6931471805599453
713,1,0.6931471805599453
714,1,0.6931471805599453
715,1,0.6931471805599453
716,1,0.6931471805599453
717,1,0.6931471805599453
718,1,0.6931471805599453
719,1,0.6931471805599453
720,1,0.6931471805599453
721,1,0.6931471805599453
722,1,0.6931471805599453
723,1,0.6931471805599453
724,1,0.6931471805599453
725,1,0.6931471805599453
726,1,0.6931471805599453
727,1,0.6931471805599453
728,1,0.6931471805599453
729,1,0.6931471805599453
730,1,0.6931471805599453
731,1,0.6931471805599453
732,1,0.6931471805599453
733,1,0.6931471805599453
734,1,0.6931471805599453
735,1,0.6931471805599453
736,1,0.6931471805599453
737,1,0.6931471805599453
738,1,0.6931471805599453
739,1,0.6931471805599453
740,1,0.6931471805599453
741,1,0.6931471805599453
742,1,0.6931471805599453
743,1,0.6931471805599453
744,1,0.6931471805599453
745,1,0.6931471805599453
746,1,0.6931471805599453
747,1,0.6931471805599453
748,1,0.6931471805599453
749,1,0.6931471805599453
750,1,0.6931471805599453
751,1,0.6931471805599453
752,1,0.6931471805599453
753,1,0.6931471805599453
754,1,0.6931471805599453
755,1,0.6931471805599453
756,1,0.6931471805599453
757,1,0.6931471805599453
758,1,0.6931471805599453
759,1,0.6931471805599453
760,1,0.6931471805599453
761,1,0.6931471805599453
762,1,0.6931471805599453
763,1,0.6931471805599453
764,1,0.6931471805599453
765,1,0.6931471805599453
766,1,0.6931471805599453
767,1,0.6931471805599453
768,1,0.6931471805599453
769,1,0.6931471805599453
770,1,0.6931471805599453
771,1,0.6931471805599453
772,1,0.6931471805599453
773,1,0.6931471805599453
774,1,0.6931471805599453
775,1,0.6931471805599453
776,1,0.6931471805599453
777,1,0.6931471805599453
778,1,0.6931471805599453
779,1,0.6931471805599453
780,1,0.6931471805599453
781,1,0.6931471805599453
782,1,0.6931471805599453
783,1,0.6931471805599453
784,1,0.6931471805599453
785,1,0.6931471805599453
786,1,0.6931471805599453
787,1,0.6931471805599453
788,1,0.6931471805599453
789,1,0.6931471805599453
790,1,0.6931471805599453
791,1,0.6931471805599453
792,1,0.6931471805599453
793,1,0.6931471805599453
794,1,0.6931471805599453
795,1,0.6931471805599453
796,1,0.6931471805599453
797,1,0.6931471805599453
798,1,0.6931471805599453
799,1,0.6931471805599453
800,1,0.6931471805599453
801,1,0.6931471805599453
802,1,0.6931471805599453
803,1,0.6931471805599453
804,1,0.6931471805599453
805,1,0.6931471805599453
806,1,0.6931471805599453
807,1,0.6931471805599453
808,1,0.6931471805599453
809,1,0.6931471805599453
810,1,0.6931471805599453
811,1,0.6931471805599453
812,1,0.6931471805599453
813,1,0.6931471805599453
814,1,0.6931471805599453
815,1,0.6931471805599453
816,1,0.6931471805599453
817,1,0.6931471805599453
818,1,0.6931471805599453
819,1,0.6931471805599453
820,1,0.6931471805599453
821,1,0.6931471805599453
822,1,0.6931471805599453
823,1,0.6931471805599453
824,1,0.6931471805599453
825,1,0.6931471805599453
826,1,0.6931471805599453
827,1,0.6931471805599453
828,1,0.6931471805599453
829,1,0.6931471805599453
830,1,0.6931471805599453
831,1,0.6931471805599453
832,1,0.6931471805599453
833,1,0.6931471805599453
834,1,0.6931471805599453
835,1,0.6931471805599453
836,1,0.6931471805599453
837,1,0.6931471805599453
838,1,0.6931471805599453
839,1,0.6931471805599453
840,1,0.6931471805599453
841,1,0.6931471805599453
842,1,0.6931471805599453
843,1,0.6931471805599453
844,1,0.6931471805599453
845,1,0.6931471805599453
846,1,0.6931471805599453
847,1,0.6931471805599453
848,1,0.6931471805599453
849,1,0.6931471805599453
850,1,0.6931471805599453
851,1,0.6931471805599453
852,1,0.6931471805599453
853,1,0.6931471805599453
854,1,0.6931471805599453
855,1,0.6931471805599453
856,1,0.6931471805599453
857,1,0.6931471805599453
858,1,0.6931471805599453
859,1,0.6931471805599453
860,1,0.6931471805599453
861,1,0.6931471805599453
862,1,0.6931471805599453
863,1,0.6931471805599453
864,1,0.6931471805599453
865,1,0.6931471805599453
866,1,0.6931471805599453
867,1,0.6931471805599453
868,1,0.6931471805599453
869,1,0.6931471805599453
870,1,0.6931471805599453
871,1,0.6931471805599453
872,1,0.6931471805599453
873,1,0.6931471805599453
874,1,0.6931471805599453
875,1,0.6931471805599453
876,1,0.6931471805599453
877,1,0.6931471805599453
878,1,0.6931471805599453
879,1,0.6931471805599453
880,1,0.6931471805599453
881,1,0.6931471805599453
882,1,0.6931471805599453
883,1,0.6931471805599453
884,1,0.6931471805599453
885,1,0.6931471805599453
886,1,0.6931471805599453
887,1,0.6931471805599453
888,1,0.6931471805599453
889,1,0.6931471805599453
890,1,0.6931471805599453
891,1,0.6931471805599453
892,1,0.6931471805599453
893,1,0.6931471805599453
894,1,0.6931471805599453
895,1,0.6931471805599453
896,1,0.6931471805599453
897,1,0.6931471805599453
898,1,0.6931471805599453
899,1,0.6931471805599453
900,1,0.6931471805599453
901,1,0.6931471805599453
902,1,0.6931471805599453
903,1,0.6931471805599453
904,1,0.6931471805599453
905,1,0.6931471805599453
906,1,0.6931471805599453
907,1,0.6931471805599453
908,1,0.6931471805599453
909,1,0.6931471805599453
910,1,0.6931471805599453
911,1,0.6931471805599453
912,1,0.6931471805599453
913,1,0.6931471805599453
914,1,0.6931471805599453
915,1,0.6931471805599453
916,1,0.6931471805599453
917,1,0.6931471805599453
918,1,0.6931471805599453
919,1,0.6931471805599453
920,1,0.6931471805599453
921,1,0.6931471805599453
922,1,0.6931471805599453
923,1,0.6931471805599453
924,1,0.6931471805599453
925,1,0.6931471805599453
926,1,0.6931471805599453
927,1,0.6931471805599453
928,1,0.6931471805599453
929,1,0.6931471805599453
930,1,0.6931471805599453
931,1,0.6931471805599453
932,1,0.6931471805599453
933,1,0.6931471805599453
934,1,0.6931471805599453
935,1,0.6931471805599453
936,1,0.6931471805599453
937,1,0.6931471805599453
938,1,0.6931471805599453
939,1,0.6931471805599453
940,1,0.6931471805599453
941,1,0.6931471805599453
942,1,0.6931471805599453
943,1,0.6931471805599453
944,1,0.6931471805599453
945,1,0.6931471805599453
946,1,0.6931471805599453
947,1,0.6931471805599453
948,1,0.6931471805599453
949,1,0.6931471805599453
950,1,0.6931471805599453
951,1,0.6931471805599453
952,1,0.6931471805599453
953,1,0.6931471805599453
954,1,0.6931471805599453
955,1,0.6931471805599453
956,1,0.6931471805599453
957,1,0.6931471805599453
958,1,0.6931471805599453
959,1,0.6931471805599453
960,1,0.6931471805599453
961,1,0.6931471805599453
962,1,0.6931471805599453
963,1,0.6931471805599453
964,1,0.6931471805599453
965,1,0.6931471805599453
966,1,0.6931471805599453
967,1,0.6931471805599453
968,1,0.6931471805599453
969,1,0.6931471805599453
970,1,0.6931471805599453
971,1,0.6931471805599453
972,1,0.6931471805599453
973,1,0.6931471805599453
974,1,0.6931471805599453
975,1,0.6931471805599453
976,1,0.6931471805599453
977,1,0.6931471805599453
978,1,0.6931471805599453
979,1,0.6931471805599453
980,1,0.6931471805599453
981,1,0.6931471805599453
982,1,0.6931471805599453
983,1,0.6931471805599453
984,1,0.6931471805599453
985,1,0.6931471805599453
986,1,0.6931471805599453
987,1,0.6931471805599453
988,1,0.6931471805599453
989,1,0.6931471805599453
990,1,0.6931471805599453
991,1,0.6931471805599453
992,1,0.6931471805599453
993,1,0.6931471805599453
994,1,0.6931471805599453
995,1,0.6931471805599453
996,1,0.6931471805599453
997,1,0.6931471805599453
998,1,0.6931471805599453
999,1,0.6931471805599453
1000,1,0.6931471805599453
1001,1,0.6931471805599453
1002,1,0.6931471805599453
1003,1,0.6931471805599453
1004,1,0.6931471805599453
1005,1,0.6931471805599453
1006,1,0.6931471805599453
1007,1,0.6931471805599453
1008,1,0.6931471805599453
1009,1,0.6931471805599453
1010,1,0.6931471805599453
1011,1,0.6931471805599453
1012,1,0.6931471805599453
1013,1,0.6931471805599453
1014,1,0.6931471805599453
1015,1,0.6931471805599453
1016,1,0.6931471805599453
1017,1,0.6931471805599453
1018,1,0.6931471805599453
1019,1,0.6931471805599453
1020,1,0.6931471805599453
1021,1,0.6931471805599453
1022,1,0.6931471805599453
1023,1,0.6931471805599453
1024,1,0.6931471805599453
1025,1,0.6931471805599453
1026,1,0.6931471805599453
1027,1,0.6931471805599453
1028,1,0.6931471805599453
1029,1,0.6931471805599453
1030,1,0.6931471805599453
1031,1,0.6931471805599453
1032,1,0.6931471805599453
1033,1,0.6931471805599453
1034,1,0.6931471805599453
1035,1,0.6931471805599453
1036,1,0.6931471805599453
1037,1,0.6931471805599453
1038,1,0.6931471805599453
1039,1,0.6931471805599453
1040,1,0.6931471805599453
1041,1,0.6931471805599453
1042,1,0.6931471805599453
1043,1,0.6931471805599453
1044,1,0.6931471805599453
1045,1,0.6931471805599453
1046,1,0.6931471805599453
1047,1,0.6931471805599453
1048,1,0.6931471805599453
1049,1,0.6931471805599453
1050,1,0.6931471805599453
1051,1,0.6931471805599453
1052,1,0.6931471805599453
1053,1,0.6931471805599453
1054,1,0.6931471805599453
1055,1,0.6931471805599453
1056,1,0.6931471805599453
1057,1,0.6931471805599453
1058,1,0.6931471805599453
1059,1,0.6931471805599453
1060,1,0.6931471805599453
1061,1,0.6931471805599453
1062,1,0.6931471805599453
1063,1,0.6931471805599453
1064,1,0.6931471805599453
1065,1,0.6931471805599453
1066,1,0.6931471805599453
1067,1,0.6931471805599453
1068,1,0.6931471805599453
1069,1,0.6931471805599453
1070,1,0.6931471805599453
1071,1,0.6931471805599453
1072,1,0.6931471805599453
1073,1,0.6931471805599453
1074,1,0.6931471805599453
1075,1,0.6931471805599453
1076,1,0.6931471805599453
1077,1,0.6931471805599453
1078,1,0.6931471805599453
1079,1,0.6931471805599453
1080,1,0.6931471805599453
1081,1,0.6931471805599453
1082,1,0.6931471805599453
1083,1,0.6931471805599453
1084,1,0.6931471805599453
1085,1,0.6931471805599453
1086,1,0.6931471805599453
1087,1,0.6931471805599453
1088,1,0.6931471805599453
1089,1,0.6931471805599453
1090,1,0.6931471805599453
1091,1,0.6931471805599453
1092,1,0.6931471805599453
1093,1,0.6931471805599453
1094,1,0.6931471805599453
1095,1,0.6931471805599453
1096,1,0.6931471805599453
1097,1,0.6931471805599453
1098,1,0.6931471805599453
1099,1,0.6931471805599453
1100,1,0.6931471805599453
1101,1,0.6931471805599453
1102,1,0.6931471805599453
1103,1,0.6931471805599453
1104,1,0.6931471805599453
1105,1,0.6931471805599453
1106,1,0.6931471805599453
1107,1,0.6931471805599453
1108,1,0.6931471805599453
1109,1,0.6931471805599453
1110,1,0.6931471805599453
1111,1,0.6931471805599453
1112,1,0.6931471805599453
1113,1,0.6931471805599453
1114,1,0.6931471805599453
1115,1,0.6931471805599453
1116,1,0.6931471805599453
1117,1,0.6931471805599453
1118,1,0.6931471805599453
1119,1,0.6931471805599453
1120,1,0.6931471805599453
1121,1,0.6931471805599453
1122,1,0.6931471805599453
1123,1,0.6931471805599453
1124,1,0.6931471805599453
1125,1,0.6931471805599453
1126,1,0.6931471805599453
1127,1,0.6931471805599453
1128,1,0.6931471805599453
1129,1,0.6931471805599453
1130,1,0.6931471805599453
1131,1,0.6931471805599453
1132,1,0.6931471805599453
1133,1,0.6931471805599453
1134,1,0.6931471805599453
1135,1,0.6931471805599453
1136,1,0.6931471805599453
1137,1,0.6931471805599453
1138,1,0.6931471805599453
1139,1,0.6931471805599453
1140,1,0.6931471805599453
1141,1,0.6931471805599453
1142,1,0.6931471805599453
1143,1,0.6931471805599453
1144,1,0.6931471805599453
1145,1,0.6931471805599453
1146,1,0.6931471805599453
1147,1,0.6931471805599453
1148,1,0.6931471805599453
1149,1,0.6931471805599453
1150,1,0.6931471805599453
1151,1,0.6931471805599453
1152,1,0.6931471805599453
1153,1,0.6931471805599453
1154,1,0.6931471805599453
1155,1,0.6931471805599453
1156,1,0.6931471805599453
1157,1,0.6931471805599453
1158,1,0.6931471805599453
1159,1,0.6931471805599453
1160,1,0.6931471805599453
1161,1,0.6931471805599453
1162,1,0.6931471805599453
1163,1,0.6931471805599453
1164,1,0.6931471805599453
1165,1,0.6931471805599453
1166,1,0.6931471805599453
1167,1,0.6931471805599453
1168,1,0.6931471805599453
1169,1,0.6931471805599453
1170,1,0.6931471805599453
1171,1,0.6931471805599453
1172,2,1.0986122886681098
1173,1,0.6931471805599453
1174,1,0.6931471805599453
1175,1,0.6931471805599453
1176,1,0.6931471805599453
1177,1,0.6931471805599453
1178,1,0.6931471805599453
1179,1,0.6931471805599453
1180,1,0.6931471805599453
1181,1,0.6931471805599453
1182,1,0.6931471805599453
1183,1,0.6931471805599453
1184,1,0.6931471805599453
1185,1,0.6931471805599453
1186,1,0.6931471805599453
1187,1,0.6931471805599453
1188,1,0.6931471805599453
1189,1,0.6931471805599453
1190,1,0.6931471805599453
1191,1,0.6931471805599453
1192,1,0.6931471805599453
1193,1,0.6931471805599453
1194,1,0.6931471805599453
1195,1,0.6931471805599453
1196,1,0.6931471805599453
1197,1,0.6931471805599453
1198,1,0.6931471805599453
1199,1,0.6931471805599453
1200,1,0.6931471805599453
1201,1,0.6931471805599453
1202,1,0.6931471805599453
1203,1,0.6931471805599453
1204,1,0.6931471805599453
1205,1,0.6931471805599453
1206,1,0.6931471805599453
1207,1,0.6931471805599453
1208,1,0.6931471805599453
1209,1,0.6931471805599453
1210,1,0.6931471805599453
1211,1,0.6931471805599453
1212,1,0.6931471805599453
1213,1,0.6931471805599453
1214,1,0.6931471805599453
1215,1,0.6931471805599453
1216,1,0.6931471805599453
1217,1,0.6931471805599453
1218,1,0.6931471805599453
1219,1,0.6931471805599453
1220,1,0.6931471805599453
1221,1,0.6931471805599453
1222,1,0.6931471805599453
1223,1,0.6931471805599453
1224,1,0.6931471805599453
1225,1,0.6931471805599453
1226,1,0.6931471805599453
1227,1,0.6931471805599453
1228,1,0.6931471805599453
1229,1,0.6931471805599453
1230,1,0.6931471805599453
1231,1,0.6931471805599453
1232,1,0.6931471805599453
1233,1,0.6931471805599453
1234,1,0.6931471805599453
1235,1,0.6931471805599453
1236,1,0.6931471805599453
1237,1,0.6931471805599453
1238,1,0.6931471805599453
1239,1,0.6931471805599453
1240,1,0.6931471805599453
1241,1,0.6931471805599453
1242,1,0.6931471805599453
1243,1,0.6931471805599453
1244,1,0.6931471805599453
1245,1,0.6931471805599453
1246,1,0.6931471805599453
1247,1,0.6931471805599453
1248,1,0.6931471805599453
1249,1,0.6931471805599453
1250,1,0.6931471805599453
1251,1,0.6931471805599453
1252,1,0.6931471805599453
1253,1,0.6931471805599453
1254,1,0.6931471805599453
1255,1,0.6931471805599453
1256,1,0.6931471805599453
1257,1,0.6931471805599453
1258,1,0.6931471805599453
1259,1,0.6931471805599453
1260,1,0.6931471805599453
1261,1,0.6931471805599453
1262,1,0.6931471805599453
1263,1,0.6931471805599453
1264,1,0.6931471805599453
1265,1,0.6931471805599453
1266,1,0.6931471805599453
1267,1,0.6931471805599453
1268,1,0.6931471805599453
1269,1,0.6931471805599453
1270,1,0.6931471805599453
1271,1,0.6931471805599453
1272,1,0.6931471805599453
1273,1,0.6931471805599453
1274,1,0.6931471805599453
1275,1,0.6931471805599453
1276,1,0.6931471805599453
1277,1,0.6931471805599453
1278,1,0.6931471805599453
1279,1,0.6931471805599453
1280,1,0.6931471805599453
1281,1,0.6931471805599453
1282,1,0.6931471805599453
1283,1,0.6931471805599453
1284,1,0.6931471805599453
1285,1,0.6931471805599453
1286,1,0.6931471805599453
1287,1,0.6931471805599453
1288,1,0.6931471805599453
1289,1,0.6931471805599453
1290,1,0.6931471805599453
1291,1,0.6931471805599453
1292,1,0.6931471805599453
1293,1,0.6931471805599453
1294,1,0.6931471805599453
1295,1,0.6931471805599453
1296,1,0.6931471805599453
1297,1,0.6931471805599453
1298,1,0.6931471805599453
1299,1,0.6931471805599453
1300,1,0.6931471805599453
1301,1,0.6931471805599453
1302,1,0.6931471805599453
1303,1,0.6931471805599453
1304,1,0.6931471805599453
1305,1,0.6931471805599453
1306,1,0.6931471805599453
1307,1,0.6931471805599453
1308,1,0.6931471805599453
1309,1,0.6931471805599453
1310,1,0.6931471805599453
1311,1,0.6931471805599453
1312,1,0.6931471805599453
1313,1,0.6931471805599453
1314,1,0.6931471805599453
1315,1,0.6931471805599453
1316,1,0.6931471805599453
1317,1,0.6931471805599453
1318,1,0.6931471805599453
1319,1,0.6931471805599453
1320,1,0.6931471805599453
1321,1,0.6931471805599453
1322,1,0.6931471805599453
1323,1,0.6931471805599453
1324,1,0.6931471805599453
1325,1,0.6931471805599453
1326,1,0.6931471805599453
1327,1,0.6931471805599453
1328,1,0.6931471805599453
1329,1,0.6931471805599453
1330,1,0.6931471805599453
1331,1,0.6931471805599453
1332,1,0.6931471805599453
1333,1,0.6931471805599453
1334,1,0.6931471805599453
1335,1,0.6931471805599453
1336,1,0.6931471805599453
1337,1,0.6931471805599453
1338,1,0.6931471805599453
1339,1,0.6931471805599453
1340,1,0.6931471805599453
1341,1,0.6931471805599453
1342,1,0.6931471805599453
1343,1,0.6931471805599453
1344,1,0.6931471805599453
1345,1,0.6931471805599453
1346,1,0.6931471805599453
1347,1,0.6931471805599453
1348,1,0.6931471805599453
1349,1,0.6931471805599453
1350,1,0.6931471805599453
1351,1,0.6931471805599453
1352,1,0.6931471805599453
1353,1,0.6931471805599453
1354,1,0.6931471805599453
1355,1,0.6931471805599453
1356,1,0.6931471805599453
1357,1,0.6931471805599453
1358,1,0.6931471805599453
1359,1,0.6931471805599453
1360,1,0.6931471805599453
1361,1,0.6931471805599453
1362,1,0.6931471805599453
1363,1,0.6931471805599453
1364,1,0.6931471805599453
1365,1,0.6931471805599453
1366,1,0.6931471805599453
1367,1,0.6931471805599453
1368,1,0.6931471805599453
1369,1,0.6931471805599453
1370,1,0.6931471805599453
1371,1,0.6931471805599453
1372,1,0.6931471805599453
1373,1,0.6931471805599453
1374,1,0.6931471805599453
1375,1,0.6931471805599453
1376,1,0.6931471805599453
1377,1,0.6931471805599453
1378,1,0.6931471805599453
1379,1,0.6931471805599453
1380,1,0.6931471805599453
1381,1,0.6931471805599453
1382,1,0.6931471805599453
1383,1,0.6931471805599453
1384,1,0.6931471805599453
1385,1,0.6931471805599453
1386,1,0.6931471805599453
1387,1,0.6931471805599453
1388,1,0.6931471805599453
1389,1,0.6931471805599453
1390,1,0.6931471805599453
1391,1,0.6931471805599453
1392,1,0.6931471805599453
1393,1,0.6931471805599453
1394,1,0.6931471805599453
1395,1,0.6931471805599453
1396,1,0.6931471805599453
1397,1,0.6931471805599453
1398,1,0.6931471805599453
1399,1,0.6931471805599453
1400,1,0.6931471805599453
1401,1,0.6931471805599453
1402,1,0.6931471805599453
1403,1,0.6931471805599453
1404,1,0.6931471805599453
1405,1,0.6931471805599453
1406,1,0.6931471805599453
1407,1,0.6931471805599453
1408,1,0.6931471805599453
1409,1,0.6931471805599453
1410,1,0.6931471805599453
1411,1,0.6931471805599453
1412,1,0.6931471805599453
1413,1,0.6931471805599453
1414,1,0.6931471805599453
1415,1,0.6931471805599453
1416,1,0.6931471805599453
1417,1,0.6931471805599453
1418,1,0.6931471805599453
1419,1,0.6931471805599453
1420,1,0.6931471805599453
1421,1,0.6931471805599453
1422,1,0.6931471805599453
1423,1,0.6931471805599453
1424,1,0.6931471805599453
1425,1,0.6931471805599453
1426,1,0.6931471805599453
1427,1,0.6931471805599453
1428,1,0.6931471805599453
1429,1,0.6931471805599453
1430,1,0.6931471805599453
1431,1,0.6931471805599453
1432,1,0.6931471805599453
1433,1,0.6931471805599453
1434,1,0.6931471805599453
1435,1,0.6931471805599453
1436,1,0.6931471805599453
1437,1,0.6931471805599453
1438,1,0.6931471805599453
1439,1,0.6931471805599453
1440,2,1.0986122886681098
1441,1,0.6931471805599453
1442,1,0.6931471805599453
1443,1,0.6931471805599453
1444,1,0.6931471805599453
1445,1,0.6931471805599453
1446,1,0.6931471805599453
1447,1,0.6931471805599453
1448,1,0.6931471805599453
1449,1,0.6931471805599453
1450,1,0.6931471805599453
1451,1,0.6931471805599453
1452,1,0.6931471805599453
1453,1,0.6931471805599453
1454,1,0.6931471805599453
1455,1,0.6931471805599453
1456,1,0.6931471805599453
1457,1,0.6931471805599453
1458,1,0.6931471805599453
1459,1,0.6931471805599453
1460,1,0.6931471805599453
1461,1,0.6931471805599453
1462,1,0.6931471805599453
1463,1,0.6931471805599453
1464,1,0.6931471805599453
1465,1,0.6931471805599453
1466,1,0.6931471805599453
1467,1,0.6931471805599453
1468,1,0.6931471805599453
1469,1,0.6931471805599453
1470,1,0.6931471805599453
1471,1,0.6931471805599453
1472,1,0.6931471805599453
1473,1,0.6931471805599453
1474,1,0.6931471805599453
1475,1,0.6931471805599453
1476,1,0.6931471805599453
1477,1,0.6931471805599453
1478,1,0.6931471805599453
1479,1,0.6931471805599453
1480,1,0.6931471805599453
1481,1,0.6931471805599453
1482,1,0.6931471805599453
1483,1,0.6931471805599453
1484,1,0.6931471805599453
1485,1,0.6931471805599453
1486,1,0.6931471805599453
1487,1,0.6931471805599453
1488,1,0.6931471805599453
1489,1,0.6931471805599453
1490,1,0.6931471805599453
1491,1,0.6931471805599453
1492,1,0.6931471805599453
1493,1,0.6931471805599453
1494,1,0.6931471805599453
1495,1,0.6931471805599453
1496,1,0.6931471805599453
1497,1,0.6931471805599453
1498,1,0.6931471805599453
1499,1,0.6931471805599453
1500,1,0.6931471805599453
1501,1,0.6931471805599453
1502,2,1.0986122886681098
1503,1,0.6931471805599453
1504,1,0.6931471805599453
1505,1,0.6931471805599453
1506,1,0.6931471805599453
1507,1,0.6931471805599453
1508,1,0.6931471805599453
1509,1,0.6931471805599453
1510,1,0.6931471805599453
1511,1,0.6931471805599453
1512,1,0.6931471805599453
1513,1,0.6931471805599453
1514,1,0.6931471805599453
1515,1,0.6931471805599453
1516,1,0.6931471805599453
1517,1,0.6931471805599453
1518,1,0.6931471805599453
1519,1,0.6931471805599453
1520,1,0.6931471805599453
1521,1,0.6931471805599453
1522,1,0.6931471805599453
1523,1,0.6931471805599453
1524,1,0.6931471805599453
1525,1,0.6931471805599453
1526,1,0.6931471805599453
1527,1,0.6931471805599453
1528,1,0.6931471805599453
1529,1,0.6931471805599453
1530,1,0.6931471805599453
1531,1,0.6931471805599453
1532,1,0.6931471805599453
1533,1,0.6931471805599453
1534,1,0.6931471805599453
1535,1,0.6931471805599453
1536,1,0.6931471805599453
1537,1,0.6931471805599453
1538,1,0.6931471805599453
1539,1,0.6931471805599453
1540,1,0.6931471805599453
1541,1,0.6931471805599453
1542,1,0.6931471805599453
1543,1,0.6931471805599453
1544,1,0.6931471805599453
1545,1,0.6931471805599453
1546,1,0.6931471805599453
1547,1,0.6931471805599453
1548,1,0.6931471805599453
1549,1,0.6931471805599453
1550,1,0.6931471805599453
1551,1,0.6931471805599453
1552,1,0.6931471805599453
1553,1,0.6931471805599453
1554,1,0.6931471805599453
1555,1,0.6931471805599453
1556,1,0.6931471805599453
1557,1,0.6931471805599453
1558,1,0.6931471805599453
1559,1,0.6931471805599453
1560,1,0.6931471805599453
1561,1,0.6931471805599453
1562,1,0.6931471805599453
1563,1,0.6931471805599453
1564,1,0.6931471805599453
1565,1,0.6931471805599453
1566,1,0.6931471805599453
1567,1,0.6931471805599453
1568,1,0.6931471805599453
1569,1,0.6931471805599453
1570,1,0.6931471805599453
1571,1,0.6931471805599453
1572,1,0.6931471805599453
1573,1,0.6931471805599453
1574,1,0.6931471805599453
1575,1,0.6931471805599453
1576,1,0.6931471805599453
1577,1,0.6931471805599453
1578,1,0.6931471805599453
1579,1,0.6931471805599453
1580,1,0.6931471805599453
1581,1,0.6931471805599453
1582,1,0.6931471805599453
1583,1,0.6931471805599453
1584,1,0.6931471805599453
1585,1,0.6931471805599453
1586,1,0.6931471805599453
1587,1,0.6931471805599453
1588,1,0.6931471805599453
1589,1,0.6931471805599453
1590,1,0.6931471805599453
1591,1,0.6931471805599453
1592,1,0.6931471805599453
1593,1,0.6931471805599453
1594,1,0.6931471805599453
1595,1,0.6931471805599453
1596,1,0.6931471805599453
1597,1,0.6931471805599453
1598,1,0.6931471805599453
1599,1,0.6931471805599453
1600,1,0.6931471805599453
1601,1,0.6931471805599453
1602,1,0.6931471805599453
1603,1,0.6931471805599453
1604,1,0.6931471805599453
1605,1,0.6931471805599453
1606,1,0.6931471805599453
1607,1,0.6931471805599453
1608,1,0.6931471805599453
1609,1,0.6931471805599453
1610,1,0.6931471805599453
1611,1,0.6931471805599453
1612,1,0.6931471805599453
1613,1,0.6931471805599453
1614,1,0.6931471805599453
1615,1,0.6931471805599453
1616,1,0.6931471805599453
1617,1,0.6931471805599453
1618,1,0.6931471805599453
1619,1,0.6931471805599453
1620,1,0.6931471805599453
1621,1,0.6931471805599453
1622,1,0.6931471805599453
1623,1,0.6931471805599453
1624,1,0.6931471805599453
1625,1,0.6931471805599453
1626,1,0.6931471805599453
1627,1,0.6931471805599453
1628,1,0.6931471805599453
1629,1,0.6931471805599453
1630,1,0.6931471805599453
1631,1,0.6931471805599453
1632,1,0.6931471805599453
1633,1,0.6931471805599453
1634,1,0.6931471805599453
1635,1,0.6931471805599453
1636,1,0.6931471805599453
1637,1,0.6931471805599453
1638,1,0.6931471805599453
1639,1,0.6931471805599453
1640,1,0.6931471805599453
1641,1,0.6931471805599453
1642,1,0.6931471805599453
1643,1,0.6931471805599453
1644,1,0.6931471805599453
1645,1,0.6931471805599453
1646,1,0.6931471805599453
1647,1,0.6931471805599453
1648,1,0.6931471805599453
1649,1,0.6931471805599453
1650,1,0.6931471805599453
1651,1,0.6931471805599453
1652,1,0.6931471805599453
1653,1,0.6931471805599453
1654,1,0.6931471805599453
1655,1,0.6931471805599453
1656,1,0.6931471805599453
1657,1,0.6931471805599453
1658,1,0.6931471805599453
1659,1,0.6931471805599453
1660,1,0.6931471805599453
1661,1,0.6931471805599453
1662,1,0.6931471805599453
1663,1,0.6931471805599453
1664,1,0.6931471805599453
1665,1,0.6931471805599453
1666,1,0.6931471805599453
1667,1,0.6931471805599453
1668,1,0.6931471805599453
1669,1,0.6931471805599453
1670,1,0.6931471805599453
1671,1,0.6931471805599453
1672,1,0.6931471805599453
1673,1,0.6931471805599453
1674,1,0.6931471805599453
1675,1,0.6931471805599453
1676,1,0.6931471805599453
1677,1,0.6931471805599453
1678,1,0.6931471805599453
1679,1,0.6931471805599453
1680,1,0.6931471805599453
1681,1,0.6931471805599453
1682,1,0.6931471805599453
1683,1,0.6931471805599453
1684,1,0.6931471805599453
1685,1,0.6931471805599453
1686,1,0.6931471805599453
1687,1,0.6931471805599453
1688,1,0.6931471805599453
1689,1,0.6931471805599453
1690,1,0.6931471805599453
1691,1,0.6931471805599453
1692,1,0.6931471805599453
1693,1,0.6931471805599453
1694,1,0.6931471805599453
1695,1,0.6931471805599453
1696,1,0.6931471805599453
1697,1,0.6931471805599453
1698,1,0.6931471805599453
1699,1,0.6931471805599453
1700,1,0.6931471805599453
1701,1,0.6931471805599453
1702,1,0.6931471805599453
1703,1,0.6931471805599453
1704,1,0.6931471805599453
1705,1,0.6931471805599453
1706,1,0.6931471805599453
1707,1,0.6931471805599453
1708,1,0.6931471805599453
1709,1,0.6931471805599453
1710,1,0.6931471805599453
1711,1,0.6931471805599453
1712,1,0.6931471805599453
1713,1,0.6931471805599453
1714,1,0.6931471805599453
1715,1,0.6931471805599453
1716,1,0.6931471805599453
1717,1,0.6931471805599453
1718,1,0.6931471805599453
1719,1,0.6931471805599453
1720,1,0.6931471805599453
1721,1,0.6931471805599453
1722,1,0.6931471805599453
1723,1,0.6931471805599453
1724,1,0.6931471805599453
1725,1,0.6931471805599453
1726,1,0.6931471805599453
1727,1,0.6931471805599453
1728,1,0.6931471805599453
1729,1,0.6931471805599453
1730,1,0.6931471805599453
1731,1,0.6931471805599453
1732,1,0.6931471805599453
1733,1,0.6931471805599453
1734,1,0.6931471805599453
1735,1,0.6931471805599453
1736,1,0.6931471805599453
1737,1,0.6931471805599453
1738,1,0.6931471805599453
1739,1,0.6931471805599453
1740,1,0.6931471805599453
1741,1,0.6931471805599453
1742,1,0.6931471805599453
1743,1,0.6931471805599453
1744,1,0.6931471805599453
1745,1,0.6931471805599453
1746,1,0.6931471805599453
1747,1,0.6931471805599453
1748,1,0.6931471805599453
1749,1,0.6931471805599453
1750,1,0.6931471805599453
1751,1,0.6931471805599453
1752,1,0.6931471805599453
1753,1,0.6931471805599453
1754,1,0.6931471805599453
1755,1,0.6931471805599453
1756,1,0.6931471805599453
1757,1,0.6931471805599453
1758,1,0.6931471805599453
1759,1,0.6931471805599453
1760,1,0.6931471805599453
1761,1,0.6931471805599453
1762,1,0.6931471805599453
1763,1,0.6931471805599453
1764,1,0.6931471805599453
1765,1,0.6931471805599453
1766,1,0.6931471805599453
1767,1,0.6931471805599453
1768,1,0.6931471805599453
1769,1,0.6931471805599453
1770,1,0.6931471805599453
1771,1,0.6931471805599453
1772,1,0.6931471805599453
1773,1,0.6931471805599453
1774,1,0.6931471805599453
1775,1,0.6931471805599453
1776,1,0.6931471805599453
1777,1,0.6931471805599453
1778,1,0.6931471805599453
1779,1,0.6931471805599453
1780,1,0.6931471805599453
1781,1,0.6931471805599453
1782,1,0.6931471805599453
1783,1,0.6931471805599453
1784,1,0.6931471805599453
1785,1,0.6931471805599453
1786,1,0.6931471805599453
1787,1,0.6931471805599453
1788,1,0.6931471805599453
1789,1,0.6931471805599453
1790,1,0.6931471805599453
1791,1,0.6931471805599453
1792,1,0.6931471805599453
1793,1,0.6931471805599453
1794,1,0.6931471805599453
1795,1,0.6931471805599453
1796,1,0.6931471805599453
1797,1,0.6931471805599453
1798,1,0.6931471805599453
1799,1,0.6931471805599453
1800,1,0.6931471805599453
1801,1,0.6931471805599453
1802,1,0.6931471805599453
1803,1,0.6931471805599453
1804,1,0.6931471805599453
1805,1,0.6931471805599453
1806,1,0.6931471805599453
1807,1,0.6931471805599453
1808,1,0.6931471805599453
1809,1,0.6931471805599453
1810,1,0.6931471805599453
1811,1,0.6931471805599453
1812,1,0.6931471805599453
1813,1,0.6931471805599453
1814,1,0.6931471805599453
1815,1,0.6931471805599453
1816,1,0.6931471805599453
1817,1,0.6931471805599453
1818,1,0.6931471805599453
1819,1,0.6931471805599453
1820,1,0.6931471805599453
1821,1,0.6931471805599453
1822,1,0.6931471805599453
1823,1,0.6931471805599453
1824,1,0.6931471805599453
1825,1,0.6931471805599453
1826,1,0.6931471805599453
1827,1,0.6931471805599453
1828,1,0.6931471805599453
1829,1,0.6931471805599453
1830,1,0.6931471805599453
1831,1,0.6931471805599453
1832,1,0.6931471805599453
1833,1,0.6931471805599453
1834,1,0.6931471805599453
1835,1,0.6931471805599453
1836,1,0.6931471805599453
1837,1,0.6931471805599453
1838,1,0.6931471805599453
1839,1,0.6931471805599453
1840,1,0.6931471805599453
1841,1,0.6931471805599453
1842,1,0.6931471805599453
1843,1,0.6931471805599453
1844,1,0.6931471805599453
1845,1,0.6931471805599453
1846,1,0.6931471805599453
1847,1,0.6931471805599453
1848,1,0.6931471805599453
1849,1,0.6931471805599453
1850,1,0.6931471805599453
1851,1,0.6931471805599453
1852,1,0.6931471805599453
1853,1,0.6931471805599453
1854,1,0.6931471805599453
1855,1,0.6931471805599453
1856,1,0.6931471805599453
1857,1,0.6931471805599453
1858,1,0.6931471805599453
1859,1,0.6931471805599453
1860,1,0.6931471805599453
1861,1,0.6931471805599453
1862,1,0.6931471805599453
1863,1,0.6931471805599453
1864,1,0.6931471805599453
1865,1,0.6931471805599453
1866,1,0.6931471805599453
1867,1,0.6931471805599453
1868,1,0.6931471805599453
1869,1,0.6931471805599453
1870,1,0.6931471805599453
1871,1,0.6931471805599453
1872,1,0.6931471805599453
1873,1,0.6931471805599453
1874,1,0.6931471805599453
1875,1,0.6931471805599453
1876,1,0.6931471805599453
1877,1,0.6931471805599453
1878,1,0.6931471805599453
1879,1,0.6931471805599453
1880,1,0.6931471805599453
1881,1,0.6931471805599453
1882,1,0.6931471805599453
1883,1,0.6931471805599453
1884,1,0.6931471805599453
1885,1,0.6931471805599453
1886,1,0.6931471805599453
1887,1,0.6931471805599453
1888,1,0.6931471805599453
1889,1,0.6931471805599453
1890,1,0.6931471805599453
1891,1,0.6931471805599453
1892,1,0.6931471805599453
1893,1,0.6931471805599453
1894,1,0.6931471805599453
1895,1,0.6931471805599453
1896,1,0.6931471805599453
1897,1,0.6931471805599453
1898,1,0.6931471805599453
1899,1,0.6931471805599453
1900,1,0.6931471805599453
1901,1,0.6931471805599453
1902,1,0.6931471805599453
1903,1,0.6931471805599453
1904,1,0.6931471805599453
1905,1,0.6931471805599453
1906,1,0.6931471805599453
1907,1,0.6931471805599453
1908,1,0.6931471805599453
1909,1,0.6931471805599453
1910,1,0.6931471805599453
1911,1,0.6931471805599453
1912,1,0.6931471805599453
1913,1,0.6931471805599453
1914,1,0.6931471805599453
1915,1,0.6931471805599453
1916,1,0.6931471805599453
1917,1,0.6931471805599453
1918,1,0.6931471805599453
1919,1,0.6931471805599453
1920,1,0.6931471805599453
1921,1,0.6931471805599453
1922,1,0.6931471805599453
1923,1,0.6931471805599453
1924,1,0.6931471805599453
1925,1,0.6931471805599453
1926,1,0.6931471805599453
1927,1,0.6931471805599453
1928,1,0.6931471805599453
1929,1,0.6931471805599453
1930,1,0.6931471805599453
1931,1,0.6931471805599453
1932,1,0.6931471805599453
1933,1,0.6931471805599453
1934,1,0.6931471805599453
1935,1,0.6931471805599453
1936,1,0.6931471805599453
1937,1,0.6931471805599453
1938,1,0.6931471805599453
1939,1,0.6931471805599453
1940,1,0.6931471805599453
1941,1,0.6931471805599453
1942,1,0.6931471805599453
1943,1,0.6931471805599453
1944,1,0.6931471805599453
1945,1,0.6931471805599453
1946,1,0.6931471805599453
1947,1,0.6931471805599453
1948,1,0.6931471805599453
1949,1,0.6931471805599453
1950,1,0.6931471805599453
1951,1,0.6931471805599453
1952,1,0.6931471805599453
1953,1,0.6931471805599453
1954,1,0.6931471805599453
1955,1,0.6931471805599453
1956,1,0.6931471805599453
1957,1,0.6931471805599453
1958,1,0.6931471805599453
1959,1,0.6931471805599453
1960,1,0.6931471805599453
1961,1,0.6931471805599453
1962,1,0.6931471805599453
1963,1,0.6931471805599453
1964,1,0.6931471805599453
1965,1,0.6931471805599453
1966,1,0.6931471805599453
1967,1,0.6931471805599453
1968,1,0.6931471805599453
1969,1,0.6931471805599453
1970,1,0.6931471805599453
1971,1,0.6931471805599453
1972,1,0.6931471805599453
1973,1,0.6931471805599453
1974,1,0.6931471805599453
1975,1,0.6931471805599453
1976,1,0.6931471805599453
1977,1,0.6931471805599453
1978,1,0.6931471805599453
1979,1,0.6931471805599453
1980,1,0.6931471805599453
1981,1,0.6931471805599453
1982,1,0.6931471805599453
1983,1,0.6931471805599453
1984,1,0.6931471805599453
1985,1,0.6931471805599453
1986,1,0.6931471805599453
1987,1,0.6931471805599453
1988,1,0.6931471805599453
1989,1,0.6931471805599453
1990,1,0.6931471805599453
1991,1,0.6931471805599453
1992,1,0.6931471805599453
1993,1,0.6931471805599453
1994,1,0.6931471805599453
1995,1,0.6931471805599453
1996,1,0.6931471805599453
1997,1,0.6931471805599453
1998,1,0.6931471805599453
1999,1,0.6931471805599453
2000,1,0.6931471805599453
2001,1,0.6931471805599453
2002,1,0.6931471805599453
2003,1,0.6931471805599453
2004,1,0.6931471805599453
2005,1,0.6931471805599453
2006,1,0.6931471805599453
2007,1,0.6931471805599453
2008,1,0.6931471805599453
2009,1,0.6931471805599453
2010,1,0.6931471805599453
2011,1,0.6931471805599453
2012,1,0.6931471805599453
2013,1,0.6931471805599453
2014,1,0.6931471805599453
2015,1,0.6931471805599453
2016,1,0.6931471805599453
2017,1,0.6931471805599453
2018,1,0.6931471805599453
2019,1,0.6931471805599453
2020,1,0.6931471805599453
2021,1,0.6931471805599453
2022,1,0.6931471805599453
2023,1,0.6931471805599453
2024,1,0.6931471805599453
2025,1,0.6931471805599453
2026,1,0.6931471805599453
2027,1,0.6931471805599453
2028,1,0.6931471805599453
2029,1,0.6931471805599453
2030,1,0.6931471805599453
2031,1,0.6931471805599453
2032,1,0.6931471805599453
2033,1,0.6931471805599453
2034,1,0.6931471805599453
2035,1,0.6931471805599453
2036,1,0.6931471805599453
2037,1,0.6931471805599453
2038,1,0.6931471805599453
2039,1,0.6931471805599453
2040,1,0.6931471805599453
2041,1,0.6931471805599453
2042,1,0.6931471805599453
2043,1,0.6931471805599453
2044,1,0.6931471805599453
2045,1,0.6931471805599453
2046,1,0.6931471805599453
2047,1,0.6931471805599453
2048,1,0.6931471805599453
2049,1,0.6931471805599453
2050,1,0.6931471805599453
2051,1,0.6931471805599453
2052,1,0.6931471805599453
2053,1,0.6931471805599453
2054,1,0.6931471805599453
2055,1,0.6931471805599453
2056,1,0.6931471805599453
2057,1,0.6931471805599453
2058,1,0.6931471805599453
2059,1,0.6931471805599453
2060,1,0.6931471805599453
2061,1,0.6931471805599453
2062,1,0.6931471805599453
2063,1,0.6931471805599453
2064,1,0.6931471805599453
2065,1,0.6931471805599453
2066,1,0.6931471805599453
2067,1,0.6931471805599453
2068,1,0.6931471805599453
2069,1,0.6931471805599453
2070,1,0.6931471805599453
2071,1,0.6931471805599453
2072,1,0.6931471805599453
2073,1,0.6931471805599453
2074,1,0.6931471805599453
2075,1,0.6931471805599453
2076,1,0.6931471805599453
2077,1,0.6931471805599453
2078,1,0.6931471805599453
2079,1,0.6931471805599453
2080,1,0.6931471805599453
2081,1,0.6931471805599453
2082,1,0.6931471805599453
2083,1,0.6931471805599453
2084,1,0.6931471805599453
2085,1,0.6931471805599453
2086,1,0.6931471805599453
2087,1,0.6931471805599453
2088,1,0.6931471805599453
2089,1,0.6931471805599453
2090,1,0.6931471805599453
2091,1,0.6931471805599453
2092,1,0.6931471805599453
2093,1,0.6931471805599453
2094,1,0.6931471805599453
2095,1,0.6931471805599453
2096,1,0.6931471805599453
2097,1,0.6931471805599453
2098,1,0.6931471805599453
2099,1,0.6931471805599453
2100,1,0.6931471805599453
2101,1,0.6931471805599453
2102,1,0.6931471805599453
2103,1,0.6931471805599453
2104,1,0.6931471805599453
2105,1,0.6931471805599453
2106,1,0.6931471805599453
2107,1,0.6931471805599453
2108,1,0.6931471805599453
2109,1,0.6931471805599453
2110,1,0.6931471805599453
2111,1,0.6931471805599453
2112,1,0.6931471805599453
2113,1,0.6931471805599453
2114,1,0.6931471805599453
2115,1,0.6931471805599453
2116,1,0.6931471805599453
2117,1,0.6931471805599453
2118,1,0.6931471805599453
2119,1,0.6931471805599453
2120,1,0.6931471805599453
2121,1,0.6931471805599453
2122,1,0.6931471805599453
2123,1,0.6931471805599453
2124,1,0.6931471805599453
2125,1,0.6931471805599453
2126,1,0.6931471805599453
2127,1,0.6931471805599453
2128,1,0.6931471805599453
2129,1,0.6931471805599453
2130,1,0.6931471805599453
2131,1,0.6931471805599453
2132,1,0.6931471805599453
2133,1,0.6931471805599453
2134,1,0.6931471805599453
2135,1,0.6931471805599453
2136,1,0.6931471805599453
2137,1,0.6931471805599453
2138,1,0.6931471805599453
2139,1,0.6931471805599453
2140,1,0.6931471805599453
2141,1,0.6931471805599453
2142,1,0.6931471805599453
2143,1,0.6931471805599453
2144,1,0.6931471805599453
2145,1,0.6931471805599453
2146,1,0.6931471805599453
2147,1,0.6931471805599453
2148,1,0.6931471805599453
2149,1,0.6931471805599453
2150,1,0.6931471805599453
2151,1,0.6931471805599453
2152,1,0.6931471805599453
2153,1,0.6931471805599453
2154,1,0.6931471805599453
2155,1,0.6931471805599453
2156,1,0.6931471805599453
2157,1,0.6931471805599453
2158,1,0.6931471805599453
2159,1,0.6931471805599453
2160,1,0.6931471805599453
2161,1,0.6931471805599453
2162,1,0.6931471805599453
2163,1,0.6931471805599453
2164,1,0.6931471805599453
2165,1,0.6931471805599453
2166,1,0.6931471805599453
2167,1,0.6931471805599453
2168,1,0.6931471805599453
2169,1,0.6931471805599453
2170,1,0.6931471805599453
2171,1,0.6931471805599453
2172,1,0.6931471805599453
2173,1,0.6931471805599453
2174,1,0.6931471805599453
2175,1,0.6931471805599453
2176,1,0.6931471805599453
2177,1,0.6931471805599453
2178,1,0.6931471805599453
2179,1,0.6931471805599453
2180,1,0.6931471805599453
2181,1,0.6931471805599453
2182,1,0.6931471805599453
2183,1,0.6931471805599453
2184,1,0.6931471805599453
2185,1,0.6931471805599453
2186,1,0.6931471805599453
2187,1,0.6931471805599453
2188,1,0.6931471805599453
2189,1,0.6931471805599453
2190,1,0.6931471805599453
2191,1,0.6931471805599453
2192,1,0.6931471805599453
2193,1,0.6931471805599453
2194,1,0.6931471805599453
2195,1,0.6931471805599453
2196,1,0.6931471805599453
2197,1,0.6931471805599453
2198,1,0.6931471805599453
2199,1,0.6931471805599453
2200,1,0.6931471805599453
2201,1,0.6931471805599453
2202,1,0.6931471805599453
2203,1,0.6931471805599453
2204,1,0.6931471805599453
2205,1,0.6931471805599453
2206,1,0.6931471805599453
2207,1,0.6931471805599453
2208,1,0.6931471805599453
2209,1,0.6931471805599453
2210,1,0.6931471805599453
2211,1,0.6931471805599453
2212,1,0.6931471805599453
2213,1,0.6931471805599453
2214,1,0.6931471805599453
2215,1,0.6931471805599453
2216,1,0.6931471805599453
2217,1,0.6931471805599453
2218,1,0.6931471805599453
2219,1,0.6931471805599453
2220,1,0.6931471805599453
2221,1,0.6931471805599453
2222,1,0.6931471805599453
2223,1,0.6931471805599453
2224,1,0.6931471805599453
2225,1,0.6931471805599453
2226,1,0.6931471805599453
2227,1,0.6931471805599453
2228,1,0.6931471805599453
2229,1,0.6931471805599453
2230,1,0.6931471805599453
2231,1,0.6931471805599453
2232,1,0.6931471805599453
2233,1,0.6931471805599453
2234,1,0.6931471805599453
2235,1,0.6931471805599453
2236,1,0.6931471805599453
2237,1,0.6931471805599453
2238,1,0.6931471805599453
2239,1,0.6931471805599453
2240,1,0.6931471805599453
2241,1,0.6931471805599453
2242,1,0.6931471805599453
2243,1,0.6931471805599453
2244,1,0.6931471805599453
2245,1,0.6931471805599453
2246,1,0.6931471805599453
2247,1,0.6931471805599453
2248,1,0.6931471805599453
2249,1,0.6931471805599453
2250,1,0.6931471805599453
2251,1,0.6931471805599453
2252,1,0.6931471805599453
2253,1,0.6931471805599453
2254,1,0.6931471805599453
2255,1,0.6931471805599453
2256,1,0.6931471805599453
2257,1,0.6931471805599453
2258,1,0.6931471805599453
2259,1,0.6931471805599453
2260,1,0.6931471805599453
2261,1,0.6931471805599453
2262,1,0.6931471805599453
2263,1,0.6931471805599453
2264,1,0.6931471805599453
2265,1,0.6931471805599453
2266,1,0.6931471805599453
2267,1,0.6931471805599453
2268,1,0.6931471805599453
2269,1,0.6931471805599453
2270,1,0.6931471805599453
2271,1,0.6931471805599453
2272,1,0.6931471805599453
2273,1,0.6931471805599453
2274,1,0.6931471805599453
2275,1,0.6931471805599453
2276,1,0.6931471805599453
2277,1,0.6931471805599453
2278,1,0.6931471805599453
2279,1,0.6931471805599453
2280,1,0.6931471805599453
2281,1,0.6931471805599453
2282,1,0.6931471805599453
2283,1,0.6931471805599453
2284,1,0.6931471805599453
2285,1,0.6931471805599453
2286,1,0.6931471805599453
2287,1,0.6931471805599453
2288,1,0.6931471805599453
2289,1,0.6931471805599453
2290,1,0.6931471805599453
2291,1,0.6931471805599453
2292,1,0.6931471805599453
2293,1,0.6931471805599453
2294,1,0.6931471805599453
2295,1,0.6931471805599453
2296,1,0.6931471805599453
2297,1,0.6931471805599453
2298,1,0.6931471805599453
2299,1,0.6931471805599453
2300,1,0.6931471805599453
2301,1,0.6931471805599453
2302,1,0.6931471805599453
2303,1,0.6931471805599453
2304,1,0.6931471805599453
2305,1,0.6931471805599453
2306,1,0.6931471805599453
2307,1,0.6931471805599453
2308,1,0.6931471805599453
2309,1,0.6931471805599453
2310,1,0.6931471805599453
2311,1,0.6931471805599453
2312,1,0.6931471805599453
2313,1,0.6931471805599453
2314,1,0.6931471805599453
2315,1,0.6931471805599453
2316,1,0.6931471805599453
2317,1,0.6931471805599453
2318,1,0.6931471805599453
2319,1,0.6931471805599453
2320,1,0.6931471805599453
2321,1,0.6931471805599453
2322,1,0.6931471805599453
2323,1,0.6931471805599453
2324,1,0.6931471805599453
2325,1,0.6931471805599453
2326,1,0.6931471805599453
2327,1,0.6931471805599453
2328,1,0.6931471805599453
2329,1,0.6931471805599453
2330,1,0.6931471805599453
2331,1,0.6931471805599453
2332,1,0.6931471805599453
2333,1,0.6931471805599453
2334,1,0.6931471805599453
2335,1,0.6931471805599453
2336,1,0.6931471805599453
2337,1,0.6931471805599453
2338,1,0.6931471805599453
2339,1,0.6931471805599453
2340,1,0.6931471805599453
2341,1,0.6931471805599453
2342,1,0.6931471805599453
2343,1,0.6931471805599453
2344,1,0.6931471805599453
2345,1,0.6931471805599453
2346,1,0.6931471805599453
2347,1,0.6931471805599453
2348,1,0.6931471805599453
2349,1,0.6931471805599453
2350,1,0.6931471805599453
2351,1,0.6931471805599453
2352,1,0.6931471805599453
2353,1,0.6931471805599453
2354,1,0.6931471805599453
2355,1,0.6931471805599453
2356,1,0.6931471805599453
2357,1,0.6931471805599453
2358,1,0.6931471805599453
2359,1,0.6931471805599453
2360,1,0.6931471805599453
2361,1,0.6931471805599453
2362,1,0.6931471805599453
2363,1,0.6931471805599453
2364,1,0.6931471805599453
2365,1,0.6931471805599453
2366,1,0.6931471805599453
2367,1,0.6931471805599453
2368,1,0.6931471805599453
2369,1,0.6931471805599453
2370,1,0.6931471805599453
2371,1,0.6931471805599453
2372,1,0.6931471805599453
2373,1,0.6931471805599453
2374,1,0.6931471805599453
2375,1,0.6931471805599453
2376,1,0.6931471805599453
2377,1,0.6931471805599453
2378,1,0.6931471805599453
2379,1,0.6931471805599453
2380,1,0.6931471805599453
2381,1,0.6931471805599453
2382,1,0.6931471805599453
2383,1,0.6931471805599453
2384,1,0.6931471805599453
2385,1,0.6931471805599453
2386,1,0.6931471805599453
2387,1,0.6931471805599453
2388,1,0.6931471805599453
2389,1,0.6931471805599453
2390,1,0.6931471805599453
2391,1,0.6931471805599453
2392,1,0.6931471805599453
2393,1,0.6931471805599453
2394,1,0.6931471805599453
2395,1,0.6931471805599453
2396,1,0.6931471805599453
2397,1,0.6931471805599453
2398,1,0.6931471805599453
2399,1,0.6931471805599453
2400,1,0.6931471805599453
2401,1,0.6931471805599453
2402,1,0.6931471805599453
2403,1,0.6931471805599453
2404,1,0.6931471805599453
2405,1,0.6931471805599453
2406,1,0.6931471805599453
2407,1,0.6931471805599453
2408,1,0.6931471805599453
2409,1,0.6931471805599453
2410,1,0.6931471805599453
2411,1,0.6931471805599453
2412,1,0.6931471805599453
2413,1,0.6931471805599453
2414,1,0.6931471805599453
2415,1,0.6931471805599453
2416,1,0.6931471805599453
2417,1,0.6931471805599453
2418,1,0.6931471805599453
2419,1,0.6931471805599453
2420,1,0.6931471805599453
2421,1,0.6931471805599453
2422,1,0.6931471805599453
2423,1,0.6931471805599453
2424,1,0.6931471805599453
2425,1,0.6931471805599453
2426,1,0.6931471805599453
2427,1,0.6931471805599453
2428,1,0.6931471805599453
2429,1,0.6931471805599453
2430,1,0.6931471805599453
2431,1,0.6931471805599453
2432,1,0.6931471805599453
2433,1,0.6931471805599453
2434,1,0.6931471805599453
2435,1,0.6931471805599453
2436,1,0.6931471805599453
2437,1,0.6931471805599453
2438,1,0.6931471805599453
2439,1,0.6931471805599453
2440,1,0.6931471805599453
2441,1,0.6931471805599453
2442,1,0.6931471805599453
2443,1,0.6931471805599453
2444,1,0.6931471805599453
2445,1,0.6931471805599453
2446,1,0.6931471805599453
2447,1,0.6931471805599453
2448,1,0.6931471805599453
2449,1,0.6931471805599453
2450,1,0.6931471805599453
2451,1,0.6931471805599453
2452,1,0.6931471805599453
2453,1,0.6931471805599453
2454,1,0.6931471805599453
2455,1,0.6931471805599453
2456,1,0.6931471805599453
2457,1,0.6931471805599453
2458,1,0.6931471805599453
2459,1,0.6931471805599453
2460,1,0.6931471805599453
2461,1,0.6931471805599453
2462,1,0.6931471805599453
2463,1,0.6931471805599453
2464,1,0.6931471805599453
2465,1,0.6931471805599453
2466,1,0.6931471805599453
2467,1,0.6931471805599453
2468,1,0.6931471805599453
2469,1,0.6931471805599453
2470,1,0.6931471805599453
2471,1,0.6931471805599453
2472,1,0.6931471805599453
2473,1,0.6931471805599453
2474,1,0.6931471805599453
2475,1,0.6931471805599453
2476,1,0.6931471805599453
2477,1,0.6931471805599453
2478,1,0.6931471805599453
2479,1,0.6931471805599453
2480,1,0.6931471805599453
2481,1,0.6931471805599453
2482,1,0.6931471805599453
2483,1,0.6931471805599453
2484,1,0.6931471805599453
2485,1,0.6931471805599453
2486,1,0.6931471805599453
2487,1,0.6931471805599453
2488,1,0.6931471805599453
2489,1,0.6931471805599453
2490,1,0.6931471805599453
2491,1,0.6931471805599453
2492,1,0.6931471805599453
2493,1,0.6931471805599453
2494,1,0.6931471805599453
2495,1,0.6931471805599453
2496,1,0.6931471805599453
2497,1,0.6931471805599453
2498,1,0.6931471805599453
2499,1,0.6931471805599453
2500,1,0.6931471805599453
2501,1,0.6931471805599453
2502,1,0.6931471805599453
2503,1,0.6931471805599453
2504,1,0.6931471805599453
2505,1,0.6931471805599453
2506,1,0.6931471805599453
2507,1,0.6931471805599453
2508,1,0.6931471805599453
2509,1,0.6931471805599453
2510,1,0.6931471805599453
2511,1,0.6931471805599453
2512,1,0.6931471805599453
2513,1,0.6931471805599453
2514,1,0.6931471805599453
2515,1,0.6931471805599453
2516,1,0.6931471805599453
2517,1,0.6931471805599453
2518,1,0.6931471805599453
2519,1,0.6931471805599453
2520,1,0.6931471805599453
2521,1,0.6931471805599453
2522,1,0.6931471805599453
2523,1,0.6931471805599453
2524,1,0.6931471805599453
2525,1,0.6931471805599453
2526,1,0.6931471805599453
2527,1,0.6931471805599453
2528,1,0.6931471805599453
2529,1,0.6931471805599453
2530,1,0.6931471805599453
2531,1,0.6931471805599453
2532,1,0.6931471805599453
2533,1,0.6931471805599453
2534,1,0.6931471805599453
2535,1,0.6931471805599453
2536,1,0.6931471805599453
2537,1,0.6931471805599453
2538,1,0.6931471805599453
2539,1,0.6931471805599453
2540,1,0.6931471805599453
2541,1,0.6931471805599453
2542,1,0.6931471805599453
2543,1,0.6931471805599453
2544,1,0.6931471805599453
2545,1,0.6931471805599453
2546,1,0.6931471805599453
2547,1,0.6931471805599453
2548,1,0.6931471805599453
2549,1,0.6931471805599453
2550,1,0.6931471805599453
2551,1,0.6931471805599453
2552,1,0.6931471805599453
2553,1,0.6931471805599453
2554,1,0.6931471805599453
2555,1,0.6931471805599453
2556,1,0.6931471805599453
2557,1,0.6931471805599453
2558,1,0.6931471805599453
2559,1,0.6931471805599453
2560,1,0.6931471805599453
2561,1,0.6931471805599453
2562,1,0.6931471805599453
2563,1,0.6931471805599453
2564,1,0.6931471805599453
2565,1,0.6931471805599453
2566,1,0.6931471805599453
2567,1,0.6931471805599453
2568,1,0.6931471805599453
2569,1,0.6931471805599453
2570,1,0.6931471805599453
2571,1,0.6931471805599453
2572,1,0.6931471805599453
2573,1,0.6931471805599453
2574,1,0.6931471805599453
2575,1,0.6931471805599453
2576,1,0.6931471805599453
2577,1,0.6931471805599453
2578,1,0.6931471805599453
2579,1,0.6931471805599453
2580,1,0.6931471805599453
2581,1,0.6931471805599453
2582,1,0.6931471805599453
2583,1,0.6931471805599453
2584,1,0.6931471805599453
2585,1,0.6931471805599453
2586,1,0.6931471805599453
2587,1,0.6931471805599453
2588,1,0.6931471805599453
2589,1,0.6931471805599453
2590,1,0.6931471805599453
2591,1,0.6931471805599453
2592,1,0.6931471805599453
2593,1,0.6931471805599453
2594,1,0.6931471805599453
2595,1,0.6931471805599453
2596,1,0.6931471805599453
2597,1,0.6931471805599453
2598,1,0.6931471805599453
2599,1,0.6931471805599453
2600,1,0.6931471805599453
2601,1,0.6931471805599453
2602,1,0.6931471805599453
2603,1,0.6931471805599453
2604,1,0.6931471805599453
2605,1,0.6931471805599453
2606,1,0.6931471805599453
2607,1,0.6931471805599453
2608,1,0.6931471805599453
2609,1,0.6931471805599453
2610,1,0.6931471805599453
2611,1,0.6931471805599453
2612,1,0.6931471805599453
2613,1,0.6931471805599453
2614,1,0.6931471805599453
2615,1,0.6931471805599453
2616,1,0.6931471805599453
2617,1,0.6931471805599453
2618,1,0.6931471805599453
2619,1,0.6931471805599453
2620,1,0.6931471805599453
2621,1,0.6931471805599453
2622,1,0.6931471805599453
2623,1,0.6931471805599453
2624,1,0.6931471805599453
2625,1,0.6931471805599453
2626,1,0.6931471805599453
2627,1,0.6931471805599453
2628,1,0.6931471805599453
2629,1,0.6931471805599453
2630,1,0.6931471805599453
2631,1,0.6931471805599453
2632,1,0.6931471805599453
2633,1,0.6931471805599453
2634,1,0.6931471805599453
2635,1,0.6931471805599453
2636,1,0.6931471805599453
2637,1,0.6931471805599453
2638,1,0.6931471805599453
2639,1,0.6931471805599453
2640,1,0.6931471805599453
2641,1,0.6931471805599453
2642,1,0.6931471805599453
2643,1,0.6931471805599453
2644,1,0.6931471805599453
2645,1,0.6931471805599453
2646,1,0.6931471805599453
2647,1,0.6931471805599453
2648,1,0.6931471805599453
2649,1,0.6931471805599453
2650,1,0.6931471805599453
2651,1,0.6931471805599453
2652,1,0.6931471805599453
2653,1,0.6931471805599453
2654,1,0.6931471805599453
2655,1,0.6931471805599453
2656,1,0.6931471805599453
2657,1,0.6931471805599453
2658,1,0.6931471805599453
2659,1,0.6931471805599453
2660,1,0.6931471805599453
2661,1,0.6931471805599453
2662,1,0.6931471805599453
2663,1,0.6931471805599453
2664,1,0.6931471805599453
2665,1,0.6931471805599453
2666,1,0.6931471805599453
2667,1,0.6931471805599453
2668,1,0.6931471805599453
2669,1,0.6931471805599453
2670,1,0.6931471805599453
2671,1,0.6931471805599453
2672,1,0.6931471805599453
2673,1,0.6931471805599453
2674,1,0.6931471805599453
2675,1,0.6931471805599453
2676,1,0.6931471805599453
2677,1,0.6931471805599453
2678,1,0.6931471805599453
2679,1,0.6931471805599453
2680,1,0.6931471805599453
2681,1,0.6931471805599453
2682,1,0.6931471805599453
2683,1,0.6931471805599453
2684,1,0.6931471805599453
2685,1,0.6931471805599453
2686,1,0.6931471805599453
2687,1,0.6931471805599453
2688,1,0.6931471805599453
2689,1,0.6931471805599453
2690,1,0.6931471805599453
2691,1,0.6931471805599453
2692,1,0.6931471805599453
2693,1,0.6931471805599453
2694,1,0.6931471805599453
2695,1,0.6931471805599453
2696,1,0.6931471805599453
2697,1,0.6931471805599453
2698,1,0.6931471805599453
2699,1,0.6931471805599453
2700,1,0.6931471805599453
2701,1,0.6931471805599453
2702,1,0.6931471805599453
2703,1,0.6931471805599453
2704,1,0.6931471805599453
2705,1,0.6931471805599453
2706,1,0.6931471805599453
2707,1,0.6931471805599453
2708,1,0.6931471805599453
2709,1,0.6931471805599453
2710,1,0.6931471805599453
2711,1,0.6931471805599453
2712,1,0.6931471805599453
2713,1,0.6931471805599453
2714,1,0.6931471805599453
2715,1,0.6931471805599453
2716,1,0.6931471805599453
2717,1,0.6931471805599453
2718,1,0.6931471805599453
2719,1,0.6931471805599453
2720,1,0.6931471805599453
2721,1,0.6931471805599453
2722,1,0.6931471805599453
2723,1,0.6931471805599453
2724,1,0.6931471805599453
2725,1,0.6931471805599453
2726,1,0.6931471805599453
2727,1,0.6931471805599453
2728,1,0.6931471805599453
2729,1,0.6931471805599453
2730,1,0.6931471805599453
2731,1,0.6931471805599453
2732,1,0.6931471805599453
2733,1,0.6931471805599453
2734,1,0.6931471805599453
2735,1,0.6931471805599453
2736,1,0.6931471805599453
2737,1,0.6931471805599453
2738,1,0.6931471805599453
2739,1,0.6931471805599453
2740,1,0.6931471805599453
2741,1,0.6931471805599453
2742,1,0.6931471805599453
2743,1,0.6931471805599453
2744,1,0.6931471805599453
2745,1,0.6931471805599453
2746,1,0.6931471805599453
2747,1,0.6931471805599453
2748,1,0.6931471805599453
2749,1,0.6931471805599453
2750,1,0.6931471805599453
2751,1,0.6931471805599453
2752,1,0.6931471805599453
2753,1,0.6931471805599453
2754,1,0.6931471805599453
2755,1,0.6931471805599453
2756,1,0.6931471805599453
2757,1,0.6931471805599453
2758,1,0.6931471805599453
2759,1,0.6931471805599453
2760,1,0.6931471805599453
2761,1,0.6931471805599453
2762,1,0.6931471805599453
2763,1,0.6931471805599453
2764,1,0.6931471805599453
2765,1,0.6931471805599453
2766,1,0.6931471805599453
2767,1,0.6931471805599453
2768,1,0.6931471805599453
2769,1,0.6931471805599453
2770,1,0.6931471805599453
2771,1,0.6931471805599453
2772,1,0.6931471805599453
2773,1,0.6931471805599453
2774,1,0.6931471805599453
2775,1,0.6931471805599453
2776,1,0.6931471805599453
2777,1,0.6931471805599453
2778,1,0.6931471805599453
2779,1,0.6931471805599453
2780,1,0.6931471805599453
2781,1,0.6931471805599453
2782,1,0.6931471805599453
2783,1,0.6931471805599453
2784,1,0.6931471805599453
2785,1,0.6931471805599453
2786,1,0.6931471805599453
2787,1,0.6931471805599453
2788,1,0.6931471805599453
2789,1,0.6931471805599453
2790,1,0.6931471805599453
2791,1,0.6931471805599453
2792,1,0.6931471805599453
2793,1,0.6931471805599453
2794,1,0.6931471805599453
2795,1,0.6931471805599453
2796,1,0.6931471805599453
2797,1,0.6931471805599453
2798,1,0.6931471805599453
2799,1,0.6931471805599453
2800,1,0.6931471805599453
2801,1,0.6931471805599453
2802,1,0.6931471805599453
2803,1,0.6931471805599453
2804,1,0.6931471805599453
2805,1,0.6931471805599453
2806,1,0.6931471805599453
2807,1,0.6931471805599453
2808,1,0.6931471805599453
2809,1,0.6931471805599453
2810,1,0.6931471805599453
2811,1,0.6931471805599453
2812,1,0.6931471805599453
2813,1,0.6931471805599453
2814,1,0.6931471805599453
2815,1,0.6931471805599453
2816,1,0.6931471805599453
2817,1,0.6931471805599453
2818,1,0.6931471805599453
2819,1,0.6931471805599453
2820,1,0.6931471805599453
2821,1,0.6931471805599453
2822,1,0.6931471805599453
2823,1,0.6931471805599453
2824,1,0.6931471805599453
2825,1,0.6931471805599453
2826,1,0.6931471805599453
2827,1,0.6931471805599453
2828,1,0.6931471805599453
2829,1,0.6931471805599453
2830,1,0.6931471805599453
2831,1,0.6931471805599453
2832,1,0.6931471805599453
2833,1,0.6931471805599453
2834,1,0.6931471805599453
2835,1,0.6931471805599453
2836,1,0.6931471805599453
2837,1,0.6931471805599453
2838,1,0.6931471805599453
2839,1,0.6931471805599453
2840,1,0.6931471805599453
2841,1,0.6931471805599453
2842,1,0.6931471805599453
2843,1,0.6931471805599453
2844,1,0.6931471805599453
2845,1,0.6931471805599453
2846,1,0.6931471805599453
2847,1,0.6931471805599453
2848,1,0.6931471805599453
2849,1,0.6931471805599453
2850,1,0.6931471805599453
2851,1,0.6931471805599453
2852,1,0.6931471805599453
2853,1,0.6931471805599453
2854,1,0.6931471805599453
2855,1,0.6931471805599453
2856,1,0.6931471805599453
2857,1,0.6931471805599453
2858,1,0.6931471805599453
2859,1,0.6931471805599453
2860,1,0.6931471805599453
2861,1,0.6931471805599453
2862,1,0.6931471805599453
2863,1,0.6931471805599453
2864,1,0.6931471805599453
2865,1,0.6931471805599453
2866,1,0.6931471805599453
2867,1,0.6931471805599453
2868,1,0.6931471805599453
2869,1,0.6931471805599453
2870,1,0.6931471805599453
2871,1,0.6931471805599453
2872,1,0.6931471805599453
2873,1,0.6931471805599453
2874,1,0.6931471805599453
2875,1,0.6931471805599453
2876,1,0.6931471805599453
2877,1,0.6931471805599453
2878,1,0.6931471805599453
2879,1,0.6931471805599453
2880,1,0.6931471805599453
2881,1,0.6931471805599453
2882,1,0.6931471805599453
2883,1,0.6931471805599453
2884,1,0.6931471805599453
2885,1,0.6931471805599453
2886,1,0.6931471805599453
2887,1,0.6931471805599453
2888,1,0.6931471805599453
2889,1,0.6931471805599453
2890,1,0.6931471805599453
2891,1,0.6931471805599453
2892,1,0.6931471805599453
2893,1,0.6931471805599453
2894,1,0.6931471805599453
2895,1,0.6931471805599453
2896,1,0.6931471805599453
2897,1,0.6931471805599453
2898,1,0.6931471805599453
2899,1,0.6931471805599453
2900,1,0.6931471805599453
2901,1,0.6931471805599453
2902,1,0.6931471805599453
2903,1,0.6931471805599453
2904,1,0.6931471805599453
2905,1,0.6931471805599453
2906,1,0.6931471805599453
2907,1,0.6931471805599453
2908,1,0.6931471805599453
2909,1,0.6931471805599453
2910,1,0.6931471805599453
2911,1,0.6931471805599453
2912,1,0.6931471805599453
2913,1,0.6931471805599453
2914,1,0.6931471805599453
2915,1,0.6931471805599453
2916,1,0.6931471805599453
2917,1,0.6931471805599453
2918,1,0.6931471805599453
2919,1,0.6931471805599453
2920,1,0.6931471805599453
2921,1,0.6931471805599453
2922,1,0.6931471805599453
2923,1,0.6931471805599453
2924,1,0.6931471805599453
2925,1,0.6931471805599453
2926,1,0.6931471805599453
2927,1,0.6931471805599453
2928,1,0.6931471805599453
2929,1,0.6931471805599453
2930,1,0.6931471805599453
2931,1,0.6931471805599453
2932,1,0.6931471805599453
2933,1,0.6931471805599453
2934,1,0.6931471805599453
2935,1,0.6931471805599453
2936,1,0.6931471805599453
2937,1,0.6931471805599453
2938,1,0.6931471805599453
2939,1,0.6931471805599453
2940,1,0.6931471805599453
2941,1,0.6931471805599453
2942,1,0.6931471805599453
2943,1,0.6931471805599453
2944,1,0.6931471805599453
2945,1,0.6931471805599453
2946,1,0.6931471805599453
2947,1,0.6931471805599453
2948,1,0.6931471805599453
2949,1,0.6931471805599453
2950,1,0.6931471805599453
2951,1,0.6931471805599453
2952,1,0.6931471805599453
2953,1,0.6931471805599453
2954,1,0.6931471805599453
2955,1,0.6931471805599453
2956,1,0.6931471805599453
2957,1,0.6931471805599453
2958,1,0.6931471805599453
2959,1,0.6931471805599453
2960,1,0.6931471805599453
2961,1,0.6931471805599453
2962,1,0.6931471805599453
2963,1,0.6931471805599453
2964,1,0.6931471805599453
2965,1,0.6931471805599453
2966,1,0.6931471805599453
2967,1,0.6931471805599453
2968,1,0.6931471805599453
2969,1,0.6931471805599453
2970,1,0.6931471805599453
2971,1,0.6931471805599453
2972,1,0.6931471805599453
2973,1,0.6931471805599453
2974,1,0.6931471805599453
2975,1,0.6931471805599453
2976,1,0.6931471805599453
2977,1,0.6931471805599453
2978,1,0.6931471805599453
2979,1,0.6931471805599453
2980,1,0.6931471805599453
2981,1,0.6931471805599453
2982,1,0.6931471805599453
2983,1,0.6931471805599453
2984,1,0.6931471805599453
2985,1,0.6931471805599453
2986,1,0.6931471805599453
2987,1,0.6931471805599453
2988,1,0.6931471805599453
2989,1,0.6931471805599453
2990,1,0.6931471805599453
2991,1,0.6931471805599453
2992,1,0.6931471805599453
2993,1,0.6931471805599453
2994,1,0.6931471805599453
2995,1,0.6931471805599453
2996,1,0.6931471805599453
2997,1,0.6931471805599453
2998,1,0.6931471805599453
2999,1,0.6931471805599453
3000,1,0.6931471805599453
3001,1,0.6931471805599453
3002,1,0.6931471805599453
3003,1,0.6931471805599453
3004,1,0.6931471805599453
3005,1,0.6931471805599453
3006,1,0.6931471805599453
3007,1,0.6931471805599453
3008,1,0.6931471805599453
3009,1,0.6931471805599453
3010,1,0.6931471805599453
3011,1,0.6931471805599453
3012,1,0.6931471805599453
3013,1,0.6931471805599453
3014,1,0.6931471805599453
3015,1,0.6931471805599453
3016,1,0.6931471805599453
3017,1,0.6931471805599453
3018,1,0.6931471805599453
3019,1,0.6931471805599453
3020,1,0.6931471805599453
3021,1,0.6931471805599453
3022,1,0.6931471805599453
3023,1,0.6931471805599453
3024,1,0.6931471805599453
3025,1,0.6931471805599453
3026,1,0.6931471805599453
3027,1,0.6931471805599453
3028,1,0.6931471805599453
3029,1,0.6931471805599453
3030,1,0.6931471805599453
3031,1,0.6931471805599453
3032,1,0.6931471805599453
3033,1,0.6931471805599453
3034,1,0.6931471805599453
3035,1,0.6931471805599453
3036,1,0.6931471805599453
3037,1,0.6931471805599453
3038,1,0.6931471805599453
3039,1,0.6931471805599453
3040,1,0.6931471805599453
3041,1,0.6931471805599453
3042,1,0.6931471805599453
3043,1,0.6931471805599453
3044,1,0.6931471805599453
3045,1,0.6931471805599453
3046,1,0.6931471805599453
3047,1,0.6931471805599453
3048,1,0.6931471805599453
3049,1,0.6931471805599453
3050,1,0.6931471805599453
3051,1,0.6931471805599453
3052,1,0.6931471805599453
3053,1,0.6931471805599453
3054,1,0.6931471805599453
3055,1,0.6931471805599453
3056,1,0.6931471805599453
3057,1,0.6931471805599453
3058,1,0.6931471805599453
3059,1,0.6931471805599453
3060,1,0.6931471805599453
3061,1,0.6931471805599453
3062,1,0.6931471805599453
3063,1,0.6931471805599453
3064,1,0.6931471805599453
3065,1,0.6931471805599453
3066,1,0.6931471805599453
3067,1,0.6931471805599453
3068,1,0.6931471805599453
3069,1,0.6931471805599453
3070,1,0.6931471805599453
3071,1,0.6931471805599453
3072,1,0.6931471805599453
3073,1,0.6931471805599453
3074,1,0.6931471805599453
3075,1,0.6931471805599453
3076,1,0.6931471805599453
3077,1,0.6931471805599453
3078,1,0.6931471805599453
3079,1,0.6931471805599453
3080,1,0.6931471805599453
3081,1,0.6931471805599453
3082,1,0.6931471805599453
3083,1,0.6931471805599453
3084,1,0.6931471805599453
3085,1,0.6931471805599453
3086,1,0.6931471805599453
3087,1,0.6931471805599453
3088,1,0.6931471805599453
3089,1,0.6931471805599453
3090,1,0.6931471805599453
3091,1,0.6931471805599453
3092,1,0.6931471805599453
3093,1,0.6931471805599453
3094,1,0.6931471805599453
3095,1,0.6931471805599453
3096,1,0.6931471805599453
3097,1,0.6931471805599453
3098,1,0.6931471805599453
3099,1,0.6931471805599453
3100,1,0.6931471805599453
3101,1,0.6931471805599453
3102,1,0.6931471805599453
3103,1,0.6931471805599453
3104,1,0.6931471805599453
3105,1,0.6931471805599453
3106,1,0.6931471805599453
3107,1,0.6931471805599453
3108,1,0.6931471805599453
3109,1,0.6931471805599453
3110,1,0.6931471805599453
3111,1,0.6931471805599453
3112,1,0.6931471805599453
3113,1,0.6931471805599453
3114,1,0.6931471805599453
3115,1,0.6931471805599453
3116,1,0.6931471805599453
3117,1,0.6931471805599453
3118,1,0.6931471805599453
3119,1,0.6931471805599453
3120,1,0.6931471805599453
3121,1,0.6931471805599453
3122,1,0.6931471805599453
3123,1,0.6931471805599453
3124,1,0.6931471805599453
3125,1,0.6931471805599453
3126,1,0.6931471805599453
3127,1,0.6931471805599453
3128,1,0.6931471805599453
3129,1,0.6931471805599453
3130,1,0.6931471805599453
3131,1,0.6931471805599453
3132,1,0.6931471805599453
3133,1,0.6931471805599453
3134,1,0.6931471805599453
3135,1,0.6931471805599453
3136,1,0.6931471805599453
3137,1,0.6931471805599453
3138,1,0.6931471805599453
3139,1,0.6931471805599453
3140,1,0.6931471805599453
3141,1,0.6931471805599453
3142,1,0.6931471805599453
3143,1,0.6931471805599453
3144,1,0.6931471805599453
3145,1,0.6931471805599453
3146,1,0.6931471805599453
3147,1,0.6931471805599453
3148,1,0.6931471805599453
3149,1,0.6931471805599453
3150,1,0.6931471805599453
3151,1,0.6931471805599453
3152,1,0.6931471805599453
3153,1,0.6931471805599453
3154,1,0.6931471805599453
3155,1,0.6931471805599453
3156,1,0.6931471805599453
3157,1,0.6931471805599453
3158,1,0.6931471805599453
3159,1,0.6931471805599453
3160,1,0.6931471805599453
3161,1,0.6931471805599453
3162,1,0.6931471805599453
3163,1,0.6931471805599453
3164,1,0.6931471805599453
3165,1,0.6931471805599453
3166,1,0.6931471805599453
3167,1,0.6931471805599453
3168,1,0.6931471805599453
3169,1,0.6931471805599453
3170,1,0.6931471805599453
3171,1,0.6931471805599453
3172,1,0.6931471805599453
3173,1,0.6931471805599453
3174,1,0.6931471805599453
3175,1,0.6931471805599453
3176,1,0.6931471805599453
3177,1,0.6931471805599453
3178,1,0.6931471805599453
3179,1,0.6931471805599453
3180,1,0.6931471805599453
3181,1,0.6931471805599453
3182,1,0.6931471805599453
3183,1,0.6931471805599453
3184,1,0.6931471805599453
3185,1,0.6931471805599453
3186,1,0.6931471805599453
3187,1,0.6931471805599453
3188,1,0.6931471805599453
3189,1,0.6931471805599453
3190,1,0.6931471805599453
3191,1,0.6931471805599453
3192,1,0.6931471805599453
3193,1,0.6931471805599453
3194,1,0.6931471805599453
3195,1,0.6931471805599453
3196,1,0.6931471805599453
3197,1,0.6931471805599453
3198,1,0.6931471805599453
3199,1,0.6931471805599453
3200,1,0.6931471805599453
3201,1,0.6931471805599453
3202,1,0.6931471805599453
3203,1,0.6931471805599453
3204,1,0.6931471805599453
3205,1,0.6931471805599453
3206,1,0.6931471805599453
3207,1,0.6931471805599453
3208,1,0.6931471805599453
3209,1,0.6931471805599453
3210,1,0.6931471805599453
3211,1,0.6931471805599453
3212,1,0.6931471805599453
3213,1,0.6931471805599453
3214,1,0.6931471805599453
3215,1,0.6931471805599453
3216,1,0.6931471805599453
3217,1,0.6931471805599453
3218,1,0.6931471805599453
3219,1,0.6931471805599453
3220,1,0.6931471805599453
3221,1,0.6931471805599453
3222,1,0.6931471805599453
3223,1,0.6931471805599453
3224,1,0.6931471805599453
3225,1,0.6931471805599453
3226,1,0.6931471805599453
3227,1,0.6931471805599453
3228,1,0.6931471805599453
3229,1,0.6931471805599453
3230,1,0.6931471805599453
3231,1,0.6931471805599453
3232,1,0.6931471805599453
3233,1,0.6931471805599453
3234,1,0.6931471805599453
3235,1,0.6931471805599453
3236,1,0.6931471805599453
3237,1,0.6931471805599453
3238,1,0.6931471805599453
3239,1,0.6931471805599453
3240,1,0.6931471805599453
3241,1,0.6931471805599453
3242,1,0.6931471805599453
3243,1,0.6931471805599453
3244,1,0.6931471805599453
3245,1,0.6931471805599453
3246,1,0.6931471805599453
3247,1,0.6931471805599453
3248,1,0.6931471805599453
3249,1,0.6931471805599453
3250,1,0.6931471805599453
3251,1,0.6931471805599453
3252,1,0.6931471805599453
3253,1,0.6931471805599453
3254,1,0.6931471805599453
3255,1,0.6931471805599453
3256,1,0.6931471805599453
3257,1,0.6931471805599453
3258,1,0.6931471805599453
3259,1,0.6931471805599453
3260,1,0.6931471805599453
3261,1,0.6931471805599453
3262,1,0.6931471805599453
3263,1,0.6931471805599453
3264,1,0.6931471805599453
3265,1,0.6931471805599453
3266,1,0.6931471805599453
3267,1,0.6931471805599453
3268,1,0.6931471805599453
3269,1,0.6931471805599453
3270,1,0.6931471805599453
3271,1,0.6931471805599453
3272,1,0.6931471805599453
3273,1,0.6931471805599453
3274,1,0.6931471805599453
3275,1,0.6931471805599453
3276,1,0.6931471805599453
3277,1,0.6931471805599453
3278,1,0.6931471805599453
3279,1,0.6931471805599453
3280,1,0.6931471805599453
3281,1,0.6931471805599453
3282,1,0.6931471805599453
3283,1,0.6931471805599453
3284,1,0.6931471805599453
3285,1,0.6931471805599453
3286,1,0.6931471805599453
3287,1,0.6931471805599453
3288,1,0.6931471805599453
3289,1,0.6931471805599453
3290,1,0.6931471805599453
3291,1,0.6931471805599453
3292,1,0.6931471805599453
3293,1,0.6931471805599453
3294,1,0.6931471805599453
3295,1,0.6931471805599453
3296,1,0.6931471805599453
3297,1,0.6931471805599453
3298,1,0.6931471805599453
3299,1,0.6931471805599453
3300,1,0.6931471805599453
3301,1,0.6931471805599453
3302,1,0.6931471805599453
3303,1,0.6931471805599453
3304,1,0.6931471805599453
3305,1,0.6931471805599453
3306,1,0.6931471805599453
3307,1,0.6931471805599453
3308,1,0.6931471805599453
3309,1,0.6931471805599453
3310,1,0.6931471805599453
3311,1,0.6931471805599453
3312,1,0.6931471805599453
3313,1,0.6931471805599453
3314,1,0.6931471805599453
3315,1,0.6931471805599453
3316,1,0.6931471805599453
3317,1,0.6931471805599453
3318,1,0.6931471805599453
3319,1,0.6931471805599453
3320,1,0.6931471805599453
3321,1,0.6931471805599453
3322,1,0.6931471805599453
3323,1,0.6931471805599453
3324,1,0.6931471805599453
3325,1,0.6931471805599453
3326,1,0.6931471805599453
3327,1,0.6931471805599453
3328,1,0.6931471805599453
3329,1,0.6931471805599453
3330,1,0.6931471805599453
3331,1,0.6931471805599453
3332,1,0.6931471805599453
3333,1,0.6931471805599453
3334,1,0.6931471805599453
3335,1,0.6931471805599453
3336,1,0.6931471805599453
3337,1,0.6931471805599453
3338,1,0.6931471805599453
3339,1,0.6931471805599453
3340,1,0.6931471805599453
3341,1,0.6931471805599453
3342,1,0.6931471805599453
3343,1,0.6931471805599453
3344,1,0.6931471805599453
3345,1,0.6931471805599453
3346,1,0.6931471805599453
3347,1,0.6931471805599453
3348,1,0.6931471805599453
3349,1,0.6931471805599453
3350,1,0.6931471805599453
3351,1,0.6931471805599453
3352,1,0.6931471805599453
3353,1,0.6931471805599453
3354,1,0.6931471805599453
3355,1,0.6931471805599453
3356,1,0.6931471805599453
3357,1,0.6931471805599453
3358,1,0.6931471805599453
3359,1,0.6931471805599453
3360,1,0.6931471805599453
3361,1,0.6931471805599453
3362,1,0.6931471805599453
3363,1,0.6931471805599453
3364,1,0.6931471805599453
3365,1,0.6931471805599453
3366,1,0.6931471805599453
3367,1,0.6931471805599453
3368,1,0.6931471805599453
3369,1,0.6931471805599453
3370,1,0.6931471805599453
3371,1,0.6931471805599453
3372,1,0.6931471805599453
3373,1,0.6931471805599453
3374,1,0.6931471805599453
3375,1,0.6931471805599453
3376,1,0.6931471805599453
3377,1,0.6931471805599453
3378,1,0.6931471805599453
3379,1,0.6931471805599453
3380,1,0.6931471805599453
3381,1,0.6931471805599453
3382,1,0.6931471805599453
3383,1,0.6931471805599453
3384,1,0.6931471805599453
3385,1,0.6931471805599453
3386,1,0.6931471805599453
3387,1,0.6931471805599453
3388,1,0.6931471805599453
3389,1,0.6931471805599453
3390,1,0.6931471805599453
3391,1,0.6931471805599453
3392,1,0.6931471805599453
3393,1,0.6931471805599453
3394,1,0.6931471805599453
3395,1,0.6931471805599453
3396,1,0.6931471805599453
3397,1,0.6931471805599453
3398,1,0.6931471805599453
3399,1,0.6931471805599453
3400,1,0.6931471805599453
3401,1,0.6931471805599453
3402,1,0.6931471805599453
3403,1,0.6931471805599453
3404,1,0.6931471805599453
3405,1,0.6931471805599453
3406,1,0.6931471805599453
3407,1,0.6931471805599453
3408,1,0.6931471805599453
3409,1,0.6931471805599453
3410,1,0.6931471805599453
3411,1,0.6931471805599453
3412,1,0.6931471805599453
3413,1,0.6931471805599453
3414,1,0.6931471805599453
3415,1,0.6931471805599453
3416,1,0.6931471805599453
3417,1,0.6931471805599453
3418,1,0.6931471805599453
3419,1,0.6931471805599453
3420,1,0.6931471805599453
3421,1,0.6931471805599453
3422,1,0.6931471805599453
3423,1,0.6931471805599453
3424,1,0.6931471805599453
3425,1,0.6931471805599453
3426,1,0.6931471805599453
3427,1,0.6931471805599453
3428,1,0.6931471805599453
3429,1,0.6931471805599453
3430,1,0.6931471805599453
3431,1,0.6931471805599453
3432,1,0.6931471805599453
3433,1,0.6931471805599453
3434,1,0.6931471805599453
3435,1,0.6931471805599453
3436,1,0.6931471805599453
3437,1,0.6931471805599453
3438,1,0.6931471805599453
3439,1,0.6931471805599453
3440,1,0.6931471805599453
3441,1,0.6931471805599453
3442,1,0.6931471805599453
3443,1,0.6931471805599453
3444,1,0.6931471805599453
3445,1,0.6931471805599453
3446,1,0.6931471805599453
3447,1,0.6931471805599453
3448,1,0.6931471805599453
3449,1,0.6931471805599453
3450,1,0.6931471805599453
3451,1,0.6931471805599453
3452,1,0.6931471805599453
3453,1,0.6931471805599453
3454,1,0.6931471805599453
3455,1,0.6931471805599453
3456,1,0.6931471805599453
3457,1,0.6931471805599453
3458,1,0.6931471805599453
3459,1,0.6931471805599453
3460,1,0.6931471805599453
3461,1,0.6931471805599453
3462,1,0.6931471805599453
3463,1,0.6931471805599453
3464,1,0.6931471805599453
3465,1,0.6931471805599453
3466,1,0.6931471805599453
3467,1,0.6931471805599453
3468,1,0.6931471805599453
3469,1,0.6931471805599453
3470,1,0.6931471805599453
3471,1,0.6931471805599453
3472,1,0.6931471805599453
3473,1,0.6931471805599453
3474,1,0.6931471805599453
3475,1,0.6931471805599453
3476,1,0.6931471805599453
3477,1,0.6931471805599453
3478,1,0.6931471805599453
3479,1,0.6931471805599453
3480,1,0.6931471805599453
3481,1,0.6931471805599453
3482,1,0.6931471805599453
3483,1,0.6931471805599453
3484,1,0.6931471805599453
3485,1,0.6931471805599453
3486,1,0.6931471805599453
3487,1,0.6931471805599453
3488,1,0.6931471805599453
3489,1,0.6931471805599453
3490,1,0.6931471805599453
3491,1,0.6931471805599453
3492,1,0.6931471805599453
3493,1,0.6931471805599453
3494,1,0.6931471805599453
3495,1,0.6931471805599453
3496,1,0.6931471805599453
3497,1,0.6931471805599453
3498,1,0.6931471805599453
3499,1,0.6931471805599453
3500,1,0.6931471805599453
3501,1,0.6931471805599453
3502,1,0.6931471805599453
3503,1,0.6931471805599453
3504,1,0.6931471805599453
3505,1,0.6931471805599453
3506,1,0.6931471805599453
3507,1,0.6931471805599453
3508,1,0.6931471805599453
3509,1,0.6931471805599453
3510,1,0.6931471805599453
3511,1,0.6931471805599453
3512,1,0.6931471805599453
3513,1,0.6931471805599453
3514,1,0.6931471805599453
3515,1,0.6931471805599453
3516,1,0.6931471805599453
3517,1,0.6931471805599453
3518,1,0.6931471805599453
3519,1,0.6931471805599453
3520,1,0.6931471805599453
3521,1,0.6931471805599453
3522,1,0.6931471805599453
3523,1,0.6931471805599453
3524,1,0.6931471805599453
3525,1,0.6931471805599453
3526,1,0.6931471805599453
3527,1,0.6931471805599453
3528,1,0.6931471805599453
3529,1,0.6931471805599453
3530,1,0.6931471805599453
3531,1,0.6931471805599453
3532,1,0.6931471805599453
3533,1,0.6931471805599453
3534,1,0.6931471805599453
3535,1,0.6931471805599453
3536,1,0.6931471805599453
3537,1,0.6931471805599453
3538,1,0.6931471805599453
3539,1,0.6931471805599453
3540,1,0.6931471805599453
3541,1,0.6931471805599453
3542,1,0.6931471805599453
3543,1,0.6931471805599453
3544,1,0.6931471805599453
3545,1,0.6931471805599453
3546,1,0.6931471805599453
3547,1,0.6931471805599453
3548,1,0.6931471805599453
3549,1,0.6931471805599453
3550,1,0.6931471805599453
3551,1,0.6931471805599453
3552,1,0.6931471805599453
3553,1,0.6931471805599453
3554,1,0.6931471805599453
3555,1,0.6931471805599453
3556,1,0.6931471805599453
3557,1,0.6931471805599453
3558,1,0.6931471805599453
3559,1,0.6931471805599453
3560,1,0.6931471805599453
3561,1,0.6931471805599453
3562,1,0.6931471805599453
3563,1,0.6931471805599453
3564,1,0.6931471805599453
3565,1,0.6931471805599453
3566,1,0.6931471805599453
3567,1,0.6931471805599453
3568,1,0.6931471805599453
3569,1,0.6931471805599453
3570,1,0.6931471805599453
3571,1,0.6931471805599453
3572,1,0.6931471805599453
3573,1,0.6931471805599453
3574,1,0.6931471805599453
3575,1,0.6931471805599453
3576,1,0.6931471805599453
3577,1,0.6931471805599453
3578,1,0.6931471805599453
3579,1,0.6931471805599453
3580,1,0.6931471805599453
3581,1,0.6931471805599453
3582,1,0.6931471805599453
3583,1,0.6931471805599453
3584,1,0.6931471805599453
3585,1,0.6931471805599453
3586,1,0.6931471805599453
3587,1,0.6931471805599453
3588,1,0.6931471805599453
3589,1,0.6931471805599453
3590,1,0.6931471805599453
3591,1,0.6931471805599453
3592,1,0.6931471805599453
3593,1,0.6931471805599453
3594,1,0.6931471805599453
3595,1,0.6931471805599453
3596,1,0.6931471805599453
3597,1,0.6931471805599453
3598,1,0.6931471805599453
3599,1,0.6931471805599453
3600,1,0.6931471805599453
3601,1,0.6931471805599453
3602,1,0.6931471805599453
3603,1,0.6931471805599453
3604,1,0.6931471805599453
3605,1,0.6931471805599453
3606,1,0.6931471805599453
3607,1,0.6931471805599453
3608,1,0.6931471805599453
3609,1,0.6931471805599453
3610,1,0.6931471805599453
3611,1,0.6931471805599453
3612,1,0.6931471805599453
3613,1,0.6931471805599453
3614,1,0.6931471805599453
3615,1,0.6931471805599453
3616,1,0.6931471805599453
3617,1,0.6931471805599453
3618,1,0.6931471805599453
3619,1,0.6931471805599453
3620,1,0.6931471805599453
3621,1,0.6931471805599453
3622,1,0.6931471805599453
3623,1,0.6931471805599453
3624,1,0.6931471805599453
3625,1,0.6931471805599453
3626,1,0.6931471805599453
3627,1,0.6931471805599453
3628,1,0.6931471805599453
3629,1,0.6931471805599453
3630,1,0.6931471805599453
3631,1,0.6931471805599453
3632,1,0.6931471805599453
3633,1,0.6931471805599453
3634,1,0.6931471805599453
3635,1,0.6931471805599453
3636,1,0.6931471805599453
3637,1,0.6931471805599453
3638,1,0.6931471805599453
3639,1,0.6931471805599453
3640,1,0.6931471805599453
3641,1,0.6931471805599453
3642,1,0.6931471805599453
3643,1,0.6931471805599453
3644,1,0.6931471805599453
3645,1,0.6931471805599453
3646,1,0.6931471805599453
3647,1,0.6931471805599453
3648,1,0.6931471805599453
3649,1,0.6931471805599453
3650,1,0.6931471805599453
3651,1,0.6931471805599453
3652,1,0.6931471805599453
3653,1,0.6931471805599453
3654,1,0.6931471805599453
3655,1,0.6931471805599453
3656,1,0.6931471805599453
3657,1,0.6931471805599453
3658,1,0.6931471805599453
3659,1,0.6931471805599453
3660,1,0.6931471805599453
3661,1,0.6931471805599453
3662,1,0.6931471805599453
3663,1,0.6931471805599453
3664,1,0.6931471805599453
3665,1,0.6931471805599453
3666,1,0.6931471805599453
3667,1,0.6931471805599453
3668,1,0.6931471805599453
3669,1,0.6931471805599453
3670,1,0.6931471805599453
3671,1,0.6931471805599453
3672,1,0.6931471805599453
3673,1,0.6931471805599453
3674,1,0.6931471805599453
3675,1,0.6931471805599453
3676,1,0.6931471805599453
3677,1,0.6931471805599453
3678,1,0.6931471805599453
3679,1,0.6931471805599453
3680,1,0.6931471805599453
3681,1,0.6931471805599453
3682,1,0.6931471805599453
3683,1,0.6931471805599453
3684,1,0.6931471805599453
3685,1,0.6931471805599453
3686,1,0.6931471805599453
3687,1,0.6931471805599453
3688,1,0.6931471805599453
3689,1,0.6931471805599453
3690,1,0.6931471805599453
3691,1,0.6931471805599453
3692,1,0.6931471805599453
3693,1,0.6931471805599453
3694,1,0.6931471805599453
3695,1,0.6931471805599453
3696,1,0.6931471805599453
3697,1,0.6931471805599453
3698,1,0.6931471805599453
3699,1,0.6931471805599453
3700,1,0.6931471805599453
3701,1,0.6931471805599453
3702,1,0.6931471805599453
3703,1,0.6931471805599453
3704,1,0.6931471805599453
3705,1,0.6931471805599453
3706,1,0.6931471805599453
3707,1,0.6931471805599453
3708,1,0.6931471805599453
3709,1,0.6931471805599453
3710,1,0.6931471805599453
3711,1,0.6931471805599453
3712,1,0.6931471805599453
3713,1,0.6931471805599453
3714,1,0.6931471805599453
3715,1,0.6931471805599453
3716,1,0.6931471805599453
3717,1,0.6931471805599453
3718,1,0.6931471805599453
3719,1,0.6931471805599453
3720,1,0.6931471805599453
3721,1,0.6931471805599453
3722,1,0.6931471805599453
3723,1,0.6931471805599453
3724,1,0.6931471805599453
3725,1,0.6931471805599453
3726,1,0.6931471805599453
3727,1,0.6931471805599453
3728,1,0.6931471805599453
3729,1,0.6931471805599453
3730,1,0.6931471805599453
3731,1,0.6931471805599453
3732,1,0.6931471805599453
3733,1,0.6931471805599453
3734,1,0.6931471805599453
3735,1,0.6931471805599453
3736,1,0.6931471805599453
3737,1,0.6931471805599453
3738,1,0.6931471805599453
3739,1,0.6931471805599453
3740,1,0.6931471805599453
3741,1,0.6931471805599453
3742,1,0.6931471805599453
3743,1,0.6931471805599453
3744,1,0.6931471805599453
3745,1,0.6931471805599453
3746,1,0.6931471805599453
3747,1,0.6931471805599453
3748,1,0.6931471805599453
3749,1,0.6931471805599453
3750,1,0.6931471805599453
3751,1,0.6931471805599453
3752,1,0.6931471805599453
3753,1,0.6931471805599453
3754,1,0.6931471805599453
3755,1,0.6931471805599453
3756,1,0.6931471805599453
3757,1,0.6931471805599453
3758,1,0.6931471805599453
3759,1,0.6931471805599453
3760,1,0.6931471805599453
3761,1,0.6931471805599453
3762,1,0.6931471805599453
3763,1,0.6931471805599453
3764,1,0.6931471805599453
3765,1,0.6931471805599453
3766,1,0.6931471805599453
3767,1,0.6931471805599453
3768,1,0.6931471805599453
3769,1,0.6931471805599453
3770,1,0.6931471805599453
3771,1,0.6931471805599453
3772,1,0.6931471805599453
3773,1,0.6931471805599453
3774,1,0.6931471805599453
3775,1,0.6931471805599453
3776,1,0.6931471805599453
3777,1,0.6931471805599453
3778,1,0.6931471805599453
3779,1,0.6931471805599453
3780,1,0.6931471805599453
3781,1,0.6931471805599453
3782,1,0.6931471805599453
3783,1,0.6931471805599453
3784,1,0.6931471805599453
3785,1,0.6931471805599453
3786,1,0.6931471805599453
3787,1,0.6931471805599453
3788,1,0.6931471805599453
3789,1,0.6931471805599453
3790,1,0.6931471805599453
3791,1,0.6931471805599453
3792,1,0.6931471805599453
3793,1,0.6931471805599453
3794,1,0.6931471805599453
3795,1,0.6931471805599453
3796,1,0.6931471805599453
3797,1,0.6931471805599453
3798,1,0.6931471805599453
3799,1,0.6931471805599453
3800,1,0.6931471805599453
3801,1,0.6931471805599453
3802,1,0.6931471805599453
3803,1,0.6931471805599453
3804,1,0.6931471805599453
3805,1,0.6931471805599453
3806,1,0.6931471805599453
3807,1,0.6931471805599453
3808,1,0.6931471805599453
3809,1,0.6931471805599453
3810,1,0.6931471805599453
3811,1,0.6931471805599453
3812,1,0.6931471805599453
3813,1,0.6931471805599453
3814,1,0.6931471805599453
3815,1,0.6931471805599453
3816,1,0.6931471805599453
3817,1,0.6931471805599453
3818,1,0.6931471805599453
3819,1,0.6931471805599453
3820,1,0.6931471805599453
3821,1,0.6931471805599453
3822,1,0.6931471805599453
3823,1,0.6931471805599453
3824,1,0.6931471805599453
3825,1,0.6931471805599453
3826,1,0.6931471805599453
3827,1,0.6931471805599453
3828,1,0.6931471805599453
3829,1,0.6931471805599453
3830,1,0.6931471805599453
3831,1,0.6931471805599453
3832,1,0.6931471805599453
3833,1,0.6931471805599453
3834,1,0.6931471805599453
3835,1,0.6931471805599453
3836,1,0.6931471805599453
3837,1,0.6931471805599453
3838,1,0.6931471805599453
3839,1,0.6931471805599453
3840,1,0.6931471805599453
3841,1,0.6931471805599453
3842,1,0.6931471805599453
3843,1,0.6931471805599453
3844,1,0.6931471805599453
3845,1,0.6931471805599453
3846,1,0.6931471805599453
3847,1,0.6931471805599453
3848,1,0.6931471805599453
3849,1,0.6931471805599453
3850,1,0.6931471805599453
3851,1,0.6931471805599453
3852,1,0.6931471805599453
3853,1,0.6931471805599453
3854,1,0.6931471805599453
3855,1,0.6931471805599453
3856,1,0.6931471805599453
3857,1,0.6931471805599453
3858,1,0.6931471805599453
3859,1,0.6931471805599453
3860,1,0.6931471805599453
3861,1,0.6931471805599453
3862,1,0.6931471805599453
3863,1,0.6931471805599453
3864,1,0.6931471805599453
3865,1,0.6931471805599453
3866,1,0.6931471805599453
3867,1,0.6931471805599453
3868,1,0.6931471805599453
3869,1,0.6931471805599453
3870,1,0.6931471805599453
3871,1,0.6931471805599453
3872,1,0.6931471805599453
3873,1,0.6931471805599453
3874,1,0.6931471805599453
3875,1,0.6931471805599453
3876,1,0.6931471805599453
3877,1,0.6931471805599453
3878,1,0.6931471805599453
3879,1,0.6931471805599453
3880,1,0.6931471805599453
3881,1,0.6931471805599453
3882,1,0.6931471805599453
3883,1,0.6931471805599453
3884,1,0.6931471805599453
3885,1,0.6931471805599453
3886,1,0.6931471805599453
3887,1,0.6931471805599453
3888,1,0.6931471805599453
3889,1,0.6931471805599453
3890,1,0.6931471805599453
3891,1,0.6931471805599453
3892,1,0.6931471805599453
3893,1,0.6931471805599453
3894,1,0.6931471805599453
3895,1,0.6931471805599453
3896,1,0.6931471805599453
3897,1,0.6931471805599453
3898,1,0.6931471805599453
3899,1,0.6931471805599453
3900,1,0.6931471805599453
3901,1,0.6931471805599453
3902,1,0.6931471805599453
3903,1,0.6931471805599453
3904,1,0.6931471805599453
3905,1,0.6931471805599453
3906,1,0.6931471805599453
3907,1,0.6931471805599453
3908,1,0.6931471805599453
3909,1,0.6931471805599453
3910,1,0.6931471805599453
3911,1,0.6931471805599453
3912,1,0.6931471805599453
3913,1,0.6931471805599453
3914,1,0.6931471805599453
3915,1,0.6931471805599453
3916,1,0.6931471805599453
3917,1,0.6931471805599453
3918,1,0.6931471805599453
3919,1,0.6931471805599453
3920,1,0.6931471805599453
3921,1,0.6931471805599453
3922,1,0.6931471805599453
3923,1,0.6931471805599453
3924,1,0.6931471805599453
3925,1,0.6931471805599453
3926,1,0.6931471805599453
3927,1,0.6931471805599453
3928,1,0.6931471805599453
3929,1,0.6931471805599453
3930,1,0.6931471805599453
3931,1,0.6931471805599453
3932,1,0.6931471805599453
3933,1,0.6931471805599453
3934,1,0.6931471805599453
3935,1,0.6931471805599453
3936,1,0.6931471805599453
3937,1,0.6931471805599453
3938,1,0.6931471805599453
3939,1,0.6931471805599453
3940,1,0.6931471805599453
3941,1,0.6931471805599453
3942,1,0.6931471805599453
3943,1,0.6931471805599453
3944,1,0.6931471805599453
3945,1,0.6931471805599453
3946,1,0.6931471805599453
3947,1,0.6931471805599453
3948,1,0.6931471805599453
3949,1,0.6931471805599453
3950,1,0.6931471805599453
3951,1,0.6931471805599453
3952,1,0.6931471805599453
3953,1,0.6931471805599453
3954,1,0.6931471805599453
3955,1,0.6931471805599453
3956,1,0.6931471805599453
3957,1,0.6931471805599453
3958,1,0.6931471805599453
3959,1,0.6931471805599453
3960,1,0.6931471805599453
3961,1,0.6931471805599453
3962,1,0.6931471805599453
3963,1,0.6931471805599453
3964,1,0.6931471805599453
3965,1,0.6931471805599453
3966,1,0.6931471805599453
3967,1,0.6931471805599453
3968,1,0.6931471805599453
3969,1,0.6931471805599453
3970,1,0.6931471805599453
3971,1,0.6931471805599453
3972,1,0.6931471805599453
3973,1,0.6931471805599453
3974,1,0.6931471805599453
3975,1,0.6931471805599453
3976,1,0.6931471805599453
3977,1,0.6931471805599453
3978,1,0.6931471805599453
3979,1,0.6931471805599453
3980,1,0.6931471805599453
3981,1,0.6931471805599453
3982,1,0.6931471805599453
3983,1,0.6931471805599453
3984,1,0.6931471805599453
3985,1,0.6931471805599453
3986,1,0.6931471805599453
3987,1,0.6931471805599453
3988,1,0.6931471805599453
3989,1,0.6931471805599453
3990,1,0.6931471805599453
3991,1,0.6931471805599453
3992,1,0.6931471805599453
3993,1,0.6931471805599453
3994,1,0.6931471805599453
3995,1,0.6931471805599453
3996,1,0.6931471805599453
3997,1,0.6931471805599453
3998,1,0.6931471805599453
3999,1,0.6931471805599453
4000,1,0.6931471805599453
4001,1,0.6931471805599453
4002,1,0.6931471805599453
4003,1,0.6931471805599453
4004,1,0.6931471805599453
4005,1,0.6931471805599453
4006,1,0.6931471805599453
4007,1,0.6931471805599453
4008,1,0.6931471805599453
4009,1,0.6931471805599453
4010,1,0.6931471805599453
4011,1,0.6931471805599453
4012,1,0.6931471805599453
4013,1,0.6931471805599453
4014,1,0.6931471805599453
4015,1,0.6931471805599453
4016,1,0.6931471805599453
4017,1,0.6931471805599453
4018,1,0.6931471805599453
4019,1,0.6931471805599453
4020,1,0.6931471805599453
4021,1,0.6931471805599453
4022,1,0.6931471805599453
4023,1,0.6931471805599453
4024,1,0.6931471805599453
4025,1,0.6931471805599453
4026,1,0.6931471805599453
4027,1,0.6931471805599453
4028,1,0.6931471805599453
4029,1,0.6931471805599453
4030,1,0.6931471805599453
4031,1,0.6931471805599453
4032,1,0.6931471805599453
4033,1,0.6931471805599453
4034,1,0.6931471805599453
4035,1,0.6931471805599453
4036,1,0.6931471805599453
4037,1,0.6931471805599453
4038,1,0.6931471805599453
4039,1,0.6931471805599453
4040,1,0.6931471805599453
4041,1,0.6931471805599453
4042,1,0.6931471805599453
4043,1,0.6931471805599453
4044,1,0.6931471805599453
4045,1,0.6931471805599453
4046,1,0.6931471805599453
4047,1,0.6931471805599453
4048,1,0.6931471805599453
4049,1,0.6931471805599453
4050,1,0.6931471805599453
4051,1,0.6931471805599453
4052,1,0.6931471805599453
4053,1,0.6931471805599453
4054,1,0.6931471805599453
4055,1,0.6931471805599453
4056,1,0.6931471805599453
4057,1,0.6931471805599453
4058,1,0.6931471805599453
4059,1,0.6931471805599453
4060,1,0.6931471805599453
4061,1,0.6931471805599453
4062,1,0.6931471805599453
4063,1,0.6931471805599453
4064,1,0.6931471805599453
4065,1,0.6931471805599453
4066,1,0.6931471805599453
4067,1,0.6931471805599453
4068,1,0.6931471805599453
4069,1,0.6931471805599453
4070,1,0.6931471805599453
4071,1,0.6931471805599453
4072,1,0.6931471805599453
4073,1,0.6931471805599453
4074,1,0.6931471805599453
4075,1,0.6931471805599453
4076,1,0.6931471805599453
4077,1,0.6931471805599453
4078,1,0.6931471805599453
4079,1,0.6931471805599453
4080,1,0.6931471805599453
4081,1,0.6931471805599453
4082,1,0.6931471805599453
4083,1,0.6931471805599453
4084,1,0.6931471805599453
4085,1,0.6931471805599453
4086,1,0.6931471805599453
4087,1,0.6931471805599453
4088,1,0.6931471805599453
4089,1,0.6931471805599453
4090,1,0.6931471805599453
4091,1,0.6931471805599453
4092,1,0.6931471805599453
4093,1,0.6931471805599453
4094,1,0.6931471805599453
4095,1,0.6931471805599453
4096,1,0.6931471805599453
4097,1,0.6931471805599453
4098,1,0.6931471805599453
4099,1,0.6931471805599453
4100,1,0.6931471805599453
4101,1,0.6931471805599453
4102,1,0.6931471805599453
4103,1,0.6931471805599453
4104,1,0.6931471805599453
4105,1,0.6931471805599453
4106,1,0.6931471805599453
4107,1,0.6931471805599453
4108,1,0.6931471805599453
4109,1,0.6931471805599453
4110,1,0.6931471805599453
4111,1,0.6931471805599453
4112,1,0.6931471805599453
4113,1,0.6931471805599453
4114,1,0.6931471805599453
4115,1,0.6931471805599453
4116,1,0.6931471805599453
4117,1,0.6931471805599453
4118,1,0.6931471805599453
4119,1,0.6931471805599453
4120,1,0.6931471805599453
4121,1,0.6931471805599453
4122,1,0.6931471805599453
4123,1,0.6931471805599453
4124,1,0.6931471805599453
4125,1,0.6931471805599453
4126,1,0.6931471805599453
4127,1,0.6931471805599453
4128,1,0.6931471805599453
4129,1,0.6931471805599453
4130,1,0.6931471805599453
4131,1,0.6931471805599453
4132,1,0.6931471805599453
4133,1,0.6931471805599453
4134,1,0.6931471805599453
4135,1,0.6931471805599453
4136,1,0.6931471805599453
4137,1,0.6931471805599453
4138,1,0.6931471805599453
4139,1,0.6931471805599453
4140,1,0.6931471805599453
4141,1,0.6931471805599453
4142,1,0.6931471805599453
4143,1,0.6931471805599453
4144,1,0.6931471805599453
4145,1,0.6931471805599453
4146,1,0.6931471805599453
4147,1,0.6931471805599453
4148,1,0.6931471805599453
4149,1,0.6931471805599453
4150,1,0.6931471805599453
4151,1,0.6931471805599453
4152,1,0.6931471805599453
4153,1,0.6931471805599453
4154,1,0.6931471805599453
4155,1,0.6931471805599453
4156,1,0.6931471805599453
4157,1,0.6931471805599453
4158,1,0.6931471805599453
4159,1,0.6931471805599453
4160,1,0.6931471805599453
4161,1,0.6931471805599453
4162,1,0.6931471805599453
4163,1,0.6931471805599453
4164,1,0.6931471805599453
4165,1,0.6931471805599453
4166,1,0.6931471805599453
4167,1,0.6931471805599453
4168,1,0.6931471805599453
4169,1,0.6931471805599453
4170,1,0.6931471805599453
4171,1,0.6931471805599453
4172,1,0.6931471805599453
4173,1,0.6931471805599453
4174,1,0.6931471805599453
4175,1,0.6931471805599453
4176,1,0.6931471805599453
4177,1,0.6931471805599453
4178,1,0.6931471805599453
4179,1,0.6931471805599453
4180,1,0.6931471805599453
4181,1,0.6931471805599453
4182,1,0.6931471805599453
4183,1,0.6931471805599453
4184,1,0.6931471805599453
4185,1,0.6931471805599453
4186,1,0.6931471805599453
4187,1,0.6931471805599453
4188,1,0.6931471805599453
4189,1,0.6931471805599453
4190,1,0.6931471805599453
4191,1,0.6931471805599453
4192,1,0.6931471805599453
4193,1,0.6931471805599453
4194,1,0.6931471805599453
4195,1,0.6931471805599453
4196,1,0.6931471805599453
4197,1,0.6931471805599453
4198,1,0.6931471805599453
4199,1,0.6931471805599453
4200,1,0.6931471805599453
4201,1,0.6931471805599453
4202,1,0.6931471805599453
4203,1,0.6931471805599453
4204,1,0.6931471805599453
4205,1,0.6931471805599453
4206,1,0.6931471805599453
4207,1,0.6931471805599453
4208,1,0.6931471805599453
4209,1,0.6931471805599453
4210,1,0.6931471805599453
4211,1,0.6931471805599453
4212,1,0.6931471805599453
4213,1,0.6931471805599453
4214,1,0.6931471805599453
4215,1,0.6931471805599453
4216,1,0.6931471805599453
4217,1,0.6931471805599453
4218,1,0.6931471805599453
4219,1,0.6931471805599453
4220,1,0.6931471805599453
4221,1,0.6931471805599453
4222,1,0.6931471805599453
4223,1,0.6931471805599453
4224,1,0.6931471805599453
4225,1,0.6931471805599453
4226,1,0.6931471805599453
4227,1,0.6931471805599453
4228,1,0.6931471805599453
4229,1,0.6931471805599453
4230,1,0.6931471805599453
4231,1,0.6931471805599453
4232,1,0.6931471805599453
4233,1,0.6931471805599453
4234,1,0.6931471805599453
4235,1,0.6931471805599453
4236,1,0.6931471805599453
4237,1,0.6931471805599453
4238,1,0.6931471805599453
4239,1,0.6931471805599453
4240,1,0.6931471805599453
4241,1,0.6931471805599453
4242,1,0.6931471805599453
4243,1,0.6931471805599453
4244,1,0.6931471805599453
4245,1,0.6931471805599453
4246,1,0.6931471805599453
4247,1,0.6931471805599453
4248,1,0.6931471805599453
4249,1,0.6931471805599453
4250,1,0.6931471805599453
4251,1,0.6931471805599453
4252,1,0.6931471805599453
4253,1,0.6931471805599453
4254,1,0.6931471805599453
4255,1,0.6931471805599453
4256,1,0.6931471805599453
4257,1,0.6931471805599453
4258,1,0.6931471805599453
4259,1,0.6931471805599453
4260,1,0.6931471805599453
4261,1,0.6931471805599453
4262,1,0.6931471805599453
4263,1,0.6931471805599453
4264,1,0.6931471805599453
4265,1,0.6931471805599453
4266,1,0.6931471805599453
4267,1,0.6931471805599453
4268,1,0.6931471805599453
4269,1,0.6931471805599453
4270,1,0.6931471805599453
4271,1,0.6931471805599453
4272,1,0.6931471805599453
4273,1,0.6931471805599453
4274,1,0.6931471805599453
4275,1,0.6931471805599453
4276,1,0.6931471805599453
4277,1,0.6931471805599453
4278,1,0.6931471805599453
4279,1,0.6931471805599453
4280,1,0.6931471805599453
4281,1,0.6931471805599453
4282,1,0.6931471805599453
4283,1,0.6931471805599453
4284,1,0.6931471805599453
4285,1,0.6931471805599453
4286,1,0.6931471805599453
4287,1,0.6931471805599453
4288,1,0.6931471805599453
4289,1,0.6931471805599453
4290,1,0.6931471805599453
4291,1,0.6931471805599453
4292,1,0.6931471805599453
4293,1,0.6931471805599453
4294,1,0.6931471805599453
4295,1,0.6931471805599453
4296,1,0.6931471805599453
4297,1,0.6931471805599453
4298,1,0.6931471805599453
4299,1,0.6931471805599453
4300,1,0.6931471805599453
4301,1,0.6931471805599453
4302,1,0.6931471805599453
4303,1,0.6931471805599453
4304,1,0.6931471805599453
4305,1,0.6931471805599453
4306,1,0.6931471805599453
4307,1,0.6931471805599453
4308,1,0.6931471805599453
4309,1,0.6931471805599453
4310,1,0.6931471805599453
4311,1,0.6931471805599453
4312,1,0.6931471805599453
4313,1,0.6931471805599453
4314,1,0.6931471805599453
4315,1,0.6931471805599453
4316,1,0.6931471805599453
4317,1,0.6931471805599453
4318,1,0.6931471805599453
4319,1,0.6931471805599453
4320,1,0.6931471805599453
4321,1,0.6931471805599453
4322,1,0.6931471805599453
4323,1,0.6931471805599453
4324,1,0.6931471805599453
4325,1,0.6931471805599453
4326,1,0.6931471805599453
4327,1,0.6931471805599453
4328,1,0.6931471805599453
4329,1,0.6931471805599453
4330,1,0.6931471805599453
4331,1,0.6931471805599453
4332,1,0.6931471805599453
4333,1,0.6931471805599453
4334,1,0.6931471805599453
4335,1,0.6931471805599453
4336,1,0.6931471805599453
4337,1,0.6931471805599453
4338,1,0.6931471805599453
4339,1,0.6931471805599453
4340,1,0.6931471805599453
4341,1,0.6931471805599453
4342,1,0.6931471805599453
4343,1,0.6931471805599453
4344,1,0.6931471805599453
4345,1,0.6931471805599453
4346,1,0.6931471805599453
4347,1,0.6931471805599453
4348,1,0.6931471805599453
4349,1,0.6931471805599453
4350,1,0.6931471805599453
4351,1,0.6931471805599453
4352,1,0.6931471805599453
4353,1,0.6931471805599453
4354,1,0.6931471805599453
4355,1,0.6931471805599453
4356,1,0.6931471805599453
4357,1,0.6931471805599453
4358,1,0.6931471805599453
4359,1,0.6931471805599453
4360,1,0.6931471805599453
4361,1,0.6931471805599453
4362,1,0.6931471805599453
4363,1,0.6931471805599453
4364,1,0.6931471805599453
4365,1,0.6931471805599453
4366,1,0.6931471805599453
4367,1,0.6931471805599453
4368,1,0.6931471805599453
4369,1,0.6931471805599453
4370,1,0.6931471805599453
4371,1,0.6931471805599453
4372,1,0.6931471805599453
4373,1,0.6931471805599453
4374,1,0.6931471805599453
4375,1,0.6931471805599453
4376,1,0.6931471805599453
4377,1,0.6931471805599453
4378,1,0.6931471805599453
4379,1,0.6931471805599453
4380,1,0.6931471805599453
4381,1,0.6931471805599453
4382,1,0.6931471805599453
4383,1,0.6931471805599453
4384,1,0.6931471805599453
4385,1,0.6931471805599453
4386,1,0.6931471805599453
4387,1,0.6931471805599453
4388,1,0.6931471805599453
4389,1,0.6931471805599453
4390,1,0.6931471805599453
4391,1,0.6931471805599453
4392,1,0.6931471805599453
4393,1,0.6931471805599453
4394,1,0.6931471805599453
4395,1,0.6931471805599453
4396,1,0.6931471805599453
4397,1,0.6931471805599453
4398,1,0.6931471805599453
4399,1,0.6931471805599453
4400,1,0.6931471805599453
4401,1,0.6931471805599453
4402,1,0.6931471805599453
4403,1,0.6931471805599453
4404,1,0.6931471805599453
4405,1,0.6931471805599453
4406,1,0.6931471805599453
4407,1,0.6931471805599453
4408,1,0.6931471805599453
4409,1,0.6931471805599453
4410,1,0.6931471805599453
4411,1,0.6931471805599453
4412,1,0.6931471805599453
4413,1,0.6931471805599453
4414,1,0.6931471805599453
4415,1,0.6931471805599453
4416,1,0.6931471805599453
4417,1,0.6931471805599453
4418,1,0.6931471805599453
4419,1,0.6931471805599453
4420,1,0.6931471805599453
4421,1,0.6931471805599453
4422,1,0.6931471805599453
4423,1,0.6931471805599453
4424,1,0.6931471805599453
4425,1,0.6931471805599453
4426,1,0.6931471805599453
4427,1,0.6931471805599453
4428,1,0.6931471805599453
4429,1,0.6931471805599453
4430,1,0.6931471805599453
4431,1,0.6931471805599453
4432,1,0.6931471805599453
4433,1,0.6931471805599453
4434,1,0.6931471805599453
4435,1,0.6931471805599453
4436,1,0.6931471805599453
4437,1,0.6931471805599453
4438,1,0.6931471805599453
4439,1,0.6931471805599453
4440,1,0.6931471805599453
4441,1,0.6931471805599453
4442,1,0.6931471805599453
4443,1,0.6931471805599453
4444,1,0.6931471805599453
4445,1,0.6931471805599453
4446,1,0.6931471805599453
4447,1,0.6931471805599453
4448,1,0.6931471805599453
4449,1,0.6931471805599453
4450,1,0.6931471805599453
4451,1,0.6931471805599453
4452,1,0.6931471805599453
4453,1,0.6931471805599453
4454,1,0.6931471805599453
4455,1,0.6931471805599453
4456,1,0.6931471805599453
4457,1,0.6931471805599453
4458,1,0.6931471805599453
4459,1,0.6931471805599453
4460,1,0.6931471805599453
4461,1,0.6931471805599453
4462,1,0.6931471805599453
4463,1,0.6931471805599453
4464,1,0.6931471805599453
4465,1,0.6931471805599453
4466,1,0.6931471805599453
4467,1,0.6931471805599453
4468,1,0.6931471805599453
4469,1,0.6931471805599453
4470,1,0.6931471805599453
4471,1,0.6931471805599453
4472,1,0.6931471805599453
4473,1,0.6931471805599453
4474,1,0.6931471805599453
4475,1,0.6931471805599453
4476,1,0.6931471805599453
4477,1,0.6931471805599453
4478,1,0.6931471805599453
4479,1,0.6931471805599453
4480,1,0.6931471805599453
4481,1,0.6931471805599453
4482,1,0.6931471805599453
4483,1,0.6931471805599453
4484,1,0.6931471805599453
4485,1,0.6931471805599453
4486,1,0.6931471805599453
4487,1,0.6931471805599453
4488,1,0.6931471805599453
4489,1,0.6931471805599453
4490,1,0.6931471805599453
4491,1,0.6931471805599453
4492,1,0.6931471805599453
4493,1,0.6931471805599453
4494,1,0.6931471805599453
4495,1,0.6931471805599453
4496,1,0.6931471805599453
4497,1,0.6931471805599453
4498,1,0.6931471805599453
4499,1,0.6931471805599453
4500,1,0.6931471805599453
4501,1,0.6931471805599453
4502,1,0.6931471805599453
4503,1,0.6931471805599453
4504,1,0.6931471805599453
4505,1,0.6931471805599453
4506,1,0.6931471805599453
4507,1,0.6931471805599453
4508,1,0.6931471805599453
4509,1,0.6931471805599453
4510,1,0.6931471805599453
4511,1,0.6931471805599453
4512,1,0.6931471805599453
4513,1,0.6931471805599453
4514,1,0.6931471805599453
4515,1,0.6931471805599453
4516,1,0.6931471805599453
4517,1,0.6931471805599453
4518,1,0.6931471805599453
4519,1,0.6931471805599453
4520,1,0.6931471805599453
4521,1,0.6931471805599453
4522,1,0.6931471805599453
4523,1,0.6931471805599453
4524,1,0.6931471805599453
4525,1,0.6931471805599453
4526,1,0.6931471805599453
4527,1,0.6931471805599453
4528,1,0.6931471805599453
4529,1,0.6931471805599453
4530,1,0.6931471805599453
4531,1,0.6931471805599453
4532,1,0.6931471805599453
4533,1,0.6931471805599453
4534,1,0.6931471805599453
4535,1,0.6931471805599453
4536,1,0.6931471805599453
4537,1,0.6931471805599453
4538,1,0.6931471805599453
4539,1,0.6931471805599453
4540,1,0.6931471805599453
4541,1,0.6931471805599453
4542,1,0.6931471805599453
4543,1,0.6931471805599453
4544,1,0.6931471805599453
4545,1,0.6931471805599453
4546,1,0.6931471805599453
4547,45,3.828641396489095
