from,to,weight
1,1199,0.0666666666666667
1,5199,0.05
1,9820,0.1
2,26,0.1
6,5811,0.1
8,8901,0.0666666666666667
10,7174,0.1
12,6993,0.1
13,8504,0.2
13,9735,0.2
14,4546,0.1
19,1551,0.2
19,5303,0.2
20,5337,0.2
21,7908,0.1
21,8878,0.1
23,8606,0.0666666666666667
24,7132,0.1
26,1226,0.2
26,2885,0.1
26,4880,0.1
26,5837,0.2
27,927,0.2
27,4147,0.0666666666666667
28,3926,0.0666666666666667
29,6667,0.2
30,6586,0.2
31,1562,0.1
31,8362,0.2
32,5091,0.2
32,6083,0.0666666666666667
33,8589,0.2
35,623,0.2
35,1764,0.2
36,5259,0.2
38,1605,0.1
38,6875,0.1
38,9200,0.2
40,5605,0.1
42,4686,0.1
42,5380,0.0666666666666667
43,5898,0.1
43,6578,0.0666666666666667
44,5587,0.0666666666666667
45,4239,0.05
46,2010,0.2
46,5937,0.05
46,6720,0.2
47,8354,0.1
48,6378,0.0666666666666667
49,2690,0.2
49,4625,0.0666666666666667
49,8106,0.05
50,1783,0.1
50,8849,0.05
51,182,0.1
51,533,0.2
51,4731,0.05
51,6123,0.1
51,7137,0.2
52,2095,0.2
53,1062,0.2
54,2573,0.2
54,5944,0.1
54,6501,0.2
57,1186,0.0666666666666667
58,448,0.1
58,7738,0.1
60,1018,0.1
62,6173,0.1
63,1526,0.05
65,2330,0.2
65,3924,0.2
67,2642,0.1
67,3954,0.1
67,6148,0.1
69,1582,0.0666666666666667
69,4600,0.2
69,6214,0.1
71,6095,0.1
72,43,0.05
72,10000,0.1
75,4137,0.2
76,9744,0.2
78,9494,0.1
80,4079,0.2
81,2458,0.2
81,3084,0.2
81,7602,0.2
82,9047,0.1
84,193,0.2
84,7446,0.2
87,3329,0.2
88,5632,0.2
89,1560,0.2
89,4866,0.1
91,7175,0.2
91,8670,0.2
93,4925,0.1
94,8536,0.1
95,6219,0.2
96,3413,0.0666666666666667
97,5535,0.04
99,4409,0.2
103,2741,0.1
105,1674,0.0666666666666667
105,6243,0.1
105,6303,0.1
105,8689,0.1
107,2879,0.1
107,3752,0.2
107,4408,0.1
107,8146,0.2
108,2988,0.2
110,6655,0.1
113,7173,0.1
114,1951,0.1
115,2505,0.1
115,3446,0.2
117,3838,0.1
119,4146,0.2
120,6079,0.1
121,2638,0.0666666666666667
121,4196,0.2
123,2680,0.0666666666666667
124,860,0.2
124,7300,0.0666666666666667
129,8285,0.2
130,4758,0.2
131,2503,0.2
134,3421,0.0666666666666667
136,2820,0.0666666666666667
138,2717,0.1
139,8527,0.1
142,1425,0.2
142,7545,0.1
142,9911,0.1
144,1700,0.1
144,5246,0.2
145,5851,0.0666666666666667
146,4465,0.0666666666666667
146,7664,0.2
148,8645,0.2
148,8773,0.1
149,6241,0.1
149,8093,0.2
149,9272,0.1
152,1000,0.0666666666666667
152,7141,0.2
152,9186,0.1
153,2979,0.2
153,5752,0.1
154,2537,0.1
155,8811,0.1
156,4521,0.2
156,8518,0.2
157,258,0.2
159,5480,0.1
162,8233,0.1
163,2980,0.2
163,5618,0.1
165,1733,0.2
167,3260,0.1
167,3709,0.1
167,3893,0.2
171,1272,0.2
171,2877,0.2
173,3966,0.1
173,4962,0.2
174,3007,0.2
174,7108,0.0666666666666667
176,7169,0.04
177,2684,0.1
179,9689,0.0666666666666667
179,9917,0.2
180,1099,0.1
180,9258,0.1
181,5860,0.0666666666666667
182,8097,0.05
183,7808,0.0666666666666667
184,4913,0.2
184,5450,0.2
186,628,0.05
186,1478,0.05
187,2701,0.1
187,7982,0.1
188,9644,0.1
189,2778,0.2
190,4644,0.0666666666666667
190,7100,0.0666666666666667
191,6716,0.1
197,487,0.2
198,501,0.1
199,297,0.2
199,4003,0.0666666666666667
201,925,0.2
203,9851,0.2
204,2284,0.2
204,5994,0.1
207,3678,0.1
207,4885,0.0666666666666667
207,5626,0.1
209,5353,0.05
210,4098,0.04
210,5854,0.1
211,4148,0.2
213,3283,0.1
214,5930,0.2
215,9732,0.2
216,1222,0.1
216,1912,0.05
216,7655,0.0666666666666667
218,4046,0.2
219,414,0.2
220,9130,0.2
221,9822,0.2
222,4623,0.2
223,5434,0.2
224,6860,0.1
226,2904,0.1
226,3408,0.1
226,8247,0.1
227,9990,0.2
229,788,0.1
229,8890,0.0666666666666667
230,9900,0.2
231,4752,0.2
231,5383,0.1
232,1348,0.1
232,2431,0.1
232,3953,0.1
232,7898,0.2
232,8570,0.2
232,9550,0.2
234,6414,0.2
236,786,0.2
237,5411,0.1
238,3275,0.2
239,8532,0.05
240,185,0.1
241,5407,0.1
242,7956,0.2
243,5919,0.1
245,3682,0.1
246,511,0.2
246,6810,0.2
247,8155,0.2
248,3187,0.2
248,9580,0.2
249,8802,0.1
250,924,0.2
251,4479,0.1
252,1639,0.1
253,931,0.2
255,5362,0.2
256,2838,0.1
256,8315,0.0666666666666667
256,9206,0.2
257,4275,0.1
260,6175,0.0666666666666667
261,308,0.0666666666666667
262,9742,0.1
265,4028,0.1
266,3788,0.0666666666666667
271,2242,0.1
271,3493,0.2
272,2128,0.2
273,8238,0.0666666666666667
274,8929,0.2
275,5359,0.2
276,4263,0.0666666666666667
277,1580,0.2
277,6594,0.2
278,1504,0.2
279,7233,0.2
282,1687,0.2
282,2190,0.2
283,3125,0.2
284,9274,0.1
285,6981,0.2
286,1433,0.1
287,2411,0.2
292,745,0.2
292,9672,0.0666666666666667
294,9171,0.0666666666666667
295,3035,0.1
296,8907,0.1
297,5842,0.2
297,9012,0.2
299,2105,0.2
299,6034,0.1
300,7900,0.2
301,4724,0.0666666666666667
301,9160,0.05
302,7410,0.2
303,1343,0.2
303,2519,0.1
303,2680,0.0666666666666667
303,3839,0.0666666666666667
303,4745,0.1
304,1103,0.2
305,317,0.1
305,867,0.2
305,2271,0.1
305,5160,0.1
305,7828,0.2
306,1746,0.2
311,9194,0.2
315,577,0.1
315,1446,0.2
315,8509,0.2
316,23,0.2
318,3917,0.1
321,7707,0.1
322,43,0.05
323,9754,0.1
325,5084,0.1
327,6470,0.1
330,942,0.2
331,656,0.1
331,1712,0.0666666666666667
334,3549,0.2
335,3429,0.2
336,9290,0.2
338,394,0.2
338,7237,0.2
339,3397,0.1
339,9513,0.1
341,3707,0.1
341,5081,0.1
341,7689,0.1
342,2529,0.2
343,3277,0.0666666666666667
343,7145,0.2
345,5568,0.0666666666666667
345,9828,0.0666666666666667
348,2409,0.2
349,1471,0.1
350,4479,0.1
353,2893,0.0666666666666667
354,5009,0.1
356,7643,0.1
357,8736,0.2
359,6952,0.1
361,481,0.05
361,4153,0.1
362,370,0.1
364,5794,0.2
365,3707,0.1
365,7076,0.0666666666666667
365,9106,0.2
366,105,0.2
367,4381,0.2
370,4259,0.0666666666666667
372,1802,0.0666666666666667
374,10,0.1
374,8954,0.2
375,9299,0.2
377,1387,0.2
377,2576,0.1
378,426,0.2
378,6559,0.0666666666666667
379,311,0.2
379,9316,0.0666666666666667
380,1267,0.1
380,8773,0.1
381,2697,0.2
383,6125,0.1
389,2558,0.0666666666666667
391,9321,0.1
391,9449,0.0666666666666667
392,7122,0.2
394,3527,0.1
396,4911,0.2
398,1795,0.1
399,831,0.2
399,1386,0.1
399,7427,0.1
400,2612,0.2
400,5763,0.1
401,3599,0.2
401,8975,0.1
405,2204,0.2
406,2899,0.2
407,973,0.2
409,9077,0.2
410,888,0.1
410,1322,0.2
410,6468,0.2
412,5704,0.2
412,6336,0.0666666666666667
414,940,0.2
414,1677,0.1
414,7047,0.0666666666666667
415,1311,0.2
415,5334,0.2
417,5617,0.0666666666666667
418,8704,0.0666666666666667
419,2611,0.0666666666666667
419,8708,0.2
420,5463,0.2
421,8559,0.2
422,5619,0.1
425,1221,0.2
425,7806,0.1
426,4585,0.1
430,5838,0.05
432,902,0.1
435,5732,0.1
436,1571,0.2
436,5159,0.1
437,1570,0.1
437,2402,0.1
437,4109,0.2
438,1758,0.05
438,3722,0.2
439,9890,0.0666666666666667
440,8405,0.2
444,3056,0.1
444,4419,0.2
445,5061,0.2
445,9331,0.1
448,8106,0.05
449,6332,0.1
452,1224,0.2
453,1186,0.0666666666666667
454,167,0.0666666666666667
455,1483,0.1
456,4724,0.0666666666666667
458,1477,0.2
459,2445,0.1
462,1511,0.1
463,5264,0.1
464,3026,0.2
464,7398,0.1
467,3698,0.1
467,4072,0.0666666666666667
467,8293,0.1
470,4108,0.1
471,7124,0.2
474,3441,0.1
475,4578,0.0666666666666667
475,4841,0.0666666666666667
475,6507,0.0666666666666667
477,9350,0.1
478,1846,0.2
479,2851,0.2
480,321,0.1
480,5836,0.1
480,7491,0.2
482,648,0.2
482,4732,0.1
484,4525,0.2
485,5242,0.2
486,4149,0.0666666666666667
486,7592,0.05
487,4330,0.1
487,4442,0.0666666666666667
488,2919,0.0666666666666667
488,6464,0.1
489,869,0.1
491,856,0.2
492,3365,0.0666666666666667
493,2998,0.2
493,6839,0.1
496,1579,0.2
496,3480,0.2
496,8978,0.1
500,6971,0.1
501,6838,0.0666666666666667
502,7627,0.2
503,5046,0.2
503,6486,0.1
505,1632,0.05
506,3190,0.2
506,5890,0.2
507,5411,0.1
508,1790,0.1
508,8781,0.2
511,4636,0.1
511,8609,0.05
512,9671,0.1
513,3091,0.0666666666666667
515,9757,0.1
520,9689,0.0666666666666667
521,1488,0.2
522,5446,0.05
523,1750,0.2
523,3023,0.2
523,3132,0.0666666666666667
523,3383,0.2
525,4280,0.2
526,2608,0.05
527,2728,0.1
530,43,0.05
530,8779,0.2
532,4844,0.2
532,6848,0.2
535,4767,0.2
536,9455,0.2
537,278,0.2
538,3473,0.2
538,9143,0.1
540,1958,0.05
540,9814,0.1
541,5670,0.1
542,572,0.05
543,7306,0.2
543,8939,0.1
544,6325,0.1
545,2121,0.0666666666666667
549,404,0.1
551,74,0.0666666666666667
552,9992,0.0666666666666667
553,5651,0.1
554,590,0.2
554,4011,0.1
555,6870,0.2
555,9343,0.2
555,9831,0.2
557,3561,0.2
557,7411,0.2
559,5414,0.2
560,1012,0.2
561,8412,0.2
562,5568,0.0666666666666667
562,6629,0.2
562,8037,0.1
562,8994,0.2
564,5103,0.1
564,7193,0.1
566,804,0.2
566,4435,0.1
567,419,0.0666666666666667
570,6992,0.0666666666666667
572,8659,0.2
572,8763,0.1
575,546,0.1
577,6805,0.2
577,9712,0.0666666666666667
577,9790,0.2
579,8728,0.1
579,9231,0.05
580,2702,0.2
583,3879,0.05
583,6103,0.2
584,2340,0.05
585,1429,0.1
587,2857,0.2
588,693,0.2
588,8785,0.2
589,3515,0.0666666666666667
589,8115,0.1
590,245,0.2
593,2917,0.2
594,7163,0.0666666666666667
595,4480,0.1
596,8826,0.2
597,1026,0.1
597,8442,0.2
598,784,0.05
598,1160,0.2
598,4949,0.2
598,8998,0.1
599,5568,0.0666666666666667
603,2497,0.2
604,3721,0.1
606,2187,0.2
606,4700,0.2
607,4390,0.2
607,7340,0.1
608,588,0.2
611,9386,0.1
613,2647,0.0666666666666667
613,4792,0.2
614,4252,0.1
614,5037,0.2
618,8051,0.1
618,9486,0.2
619,9267,0.2
619,9551,0.2
620,2115,0.2
621,1083,0.1
621,1413,0.1
623,8660,0.2
625,5387,0.1
627,2373,0.2
627,5899,0.2
628,2276,0.2
630,4343,0.1
631,6378,0.0666666666666667
631,7074,0.05
633,281,0.0666666666666667
633,4793,0.2
634,1570,0.1
634,1766,0.2
635,1402,0.1
635,1518,0.1
635,4575,0.2
635,7593,0.0666666666666667
636,7258,0.0666666666666667
638,5938,0.1
641,849,0.1
642,265,0.04
642,1393,0.2
642,4389,0.0666666666666667
644,7156,0.1
647,7177,0.1
648,8615,0.2
649,449,0.1
649,776,0.2
650,3146,0.0666666666666667
651,2476,0.2
652,459,0.1
652,9125,0.1
653,4226,0.2
654,5230,0.1
655,463,0.2
655,2759,0.1
656,5841,0.2
657,6358,0.2
658,5353,0.05
660,116,0.0666666666666667
660,9561,0.1
663,2341,0.1
663,5378,0.2
665,3869,0.2
668,9528,0.1
669,1445,0.0666666666666667
669,5099,0.0666666666666667
669,6447,0.2
672,3462,0.1
672,5413,0.2
672,8482,0.2
673,4632,0.2
673,5222,0.1
673,9161,0.1
675,3993,0.1
675,5425,0.2
678,9472,0.2
679,2925,0.0666666666666667
679,4270,0.0666666666666667
680,1061,0.2
682,6253,0.0666666666666667
683,572,0.05
683,8968,0.0666666666666667
685,691,0.2
687,4687,0.1
689,8972,0.0666666666666667
690,4675,0.1
691,1258,0.2
695,299,0.1
695,739,0.1
696,3951,0.1
697,8828,0.1
697,9821,0.2
698,6987,0.2
700,4601,0.2
701,3143,0.2
702,8003,0.2
703,6157,0.2
705,3957,0.0666666666666667
705,4979,0.2
708,8428,0.0666666666666667
710,1348,0.1
710,2121,0.0666666666666667
710,4425,0.2
710,4866,0.1
711,90,0.1
711,608,0.2
714,2865,0.2
714,8883,0.1
716,8253,0.1
718,2623,0.2
719,2775,0.1
720,485,0.1
720,7765,0.1
722,479,0.2
722,3898,0.1
722,6394,0.2
723,6768,0.2
724,6302,0.2
725,2867,0.1
725,3172,0.1
726,5090,0.2
726,7740,0.2
727,7116,0.1
730,7891,0.1
732,8908,0.2
732,9612,0.2
733,7396,0.2
733,8882,0.1
734,4402,0.1
734,6399,0.0666666666666667
734,6602,0.2
735,7539,0.2
738,5717,0.2
739,6537,0.2
739,9928,0.2
740,4475,0.1
741,384,0.2
743,287,0.2
743,1862,0.1
744,8928,0.0666666666666667
746,3477,0.1
749,8770,0.2
751,238,0.2
751,1951,0.1
751,8784,0.2
752,2271,0.1
755,43,0.05
755,1954,0.1
755,7039,0.1
757,5707,0.1
758,5692,0.2
758,7912,0.2
763,6392,0.2
764,6685,0.2
764,7528,0.1
765,3974,0.1
765,4281,0.1
766,9742,0.1
768,6573,0.2
770,6672,0.1
773,9465,0.2
773,9909,0.0666666666666667
774,4458,0.2
775,348,0.0666666666666667
775,8331,0.2
777,2489,0.2
777,7495,0.2
778,8361,0.2
779,4428,0.2
779,5196,0.0666666666666667
780,1815,0.1
782,5920,0.2
783,7038,0.2
783,7438,0.2
783,8169,0.1
785,6904,0.0666666666666667
785,8290,0.1
789,5645,0.2
790,1372,0.0666666666666667
790,2842,0.04
790,9235,0.1
791,7077,0.1
794,8456,0.1
795,4158,0.1
796,995,0.0666666666666667
796,8633,0.1
798,5125,0.2
799,3038,0.0666666666666667
801,2408,0.2
802,9685,0.1
804,6136,0.1
805,1568,0.1
805,5819,0.0666666666666667
806,396,0.05
806,5330,0.1
807,4740,0.1
807,8437,0.2
807,9138,0.1
810,8427,0.0666666666666667
813,7730,0.1
814,5994,0.1
816,1502,0.2
817,1489,0.2
817,5822,0.2
819,2153,0.1
824,5795,0.05
826,5302,0.2
826,9688,0.2
827,2346,0.2
827,3165,0.2
828,4688,0.1
830,4174,0.2
830,5449,0.0666666666666667
830,6081,0.1
831,6655,0.1
834,6529,0.2
835,9978,0.2
836,2715,0.2
838,9111,0.2
839,4871,0.2
840,151,0.2
840,3615,0.2
841,1155,0.2
841,4062,0.1
842,5066,0.0666666666666667
843,370,0.1
843,9709,0.1
845,9503,0.1
846,6192,0.1
846,6531,0.0666666666666667
846,8614,0.0666666666666667
847,2528,0.2
847,3741,0.0666666666666667
847,8385,0.0666666666666667
847,8891,0.1
849,2384,0.2
852,100,0.1
852,4975,0.1
852,5937,0.05
853,902,0.1
854,6711,0.2
854,6869,0.2
855,8021,0.1
857,7922,0.0666666666666667
858,6366,0.2
859,8798,0.2
859,9810,0.1
861,5126,0.1
862,5619,0.1
863,3618,0.0666666666666667
863,7348,0.04
865,1587,0.2
866,1845,0.1
867,3684,0.05
868,5985,0.2
872,8231,0.1
875,2288,0.1
875,7487,0.1
876,320,0.1
876,874,0.2
876,3731,0.2
877,4587,0.05
879,1592,0.2
880,2067,0.1
881,9425,0.1
882,2442,0.1
882,4829,0.1
882,8060,0.1
884,9360,0.2
885,3119,0.2
886,182,0.1
887,2378,0.0666666666666667
887,2729,0.2
891,8940,0.2
892,805,0.1
892,8671,0.0666666666666667
893,9062,0.1
897,240,0.2
898,2053,0.0666666666666667
898,6356,0.2
898,7549,0.0666666666666667
899,784,0.05
899,2149,0.2
900,9060,0.0666666666666667
901,5499,0.0666666666666667
902,1094,0.0666666666666667
902,6828,0.1
903,2843,0.0666666666666667
904,2709,0.1
905,1678,0.0666666666666667
906,2753,0.2
907,6317,0.2
907,7266,0.1
907,7846,0.2
908,9471,0.2
908,9767,0.2
911,6040,0.2
912,6541,0.2
913,3641,0.04
914,2397,0.2
914,7225,0.2
915,78,0.1
916,4252,0.1
916,5846,0.05
919,54,0.0666666666666667
919,1120,0.0666666666666667
922,2347,0.0666666666666667
924,981,0.1
924,5406,0.0666666666666667
924,6236,0.1
926,1440,0.1
926,3020,0.2
927,8001,0.1
929,1946,0.1
932,6512,0.1
933,3146,0.0666666666666667
934,2270,0.2
935,5225,0.2
935,8357,0.05
937,7794,0.1
939,8135,0.0666666666666667
939,8759,0.2
940,3032,0.1
940,6842,0.0666666666666667
942,9129,0.2
945,2256,0.2
946,605,0.1
946,6863,0.2
947,6391,0.05
948,741,0.2
949,2713,0.0666666666666667
952,2423,0.0666666666666667
953,780,0.2
954,1289,0.2
957,8444,0.2
957,8591,0.0666666666666667
959,5138,0.2
959,9569,0.2
960,404,0.1
961,5185,0.2
963,6090,0.0666666666666667
963,9258,0.1
965,8157,0.2
966,4674,0.2
969,73,0.2
976,4819,0.2
976,8617,0.2
977,9368,0.1
978,2737,0.2
978,7886,0.1
978,8291,0.2
979,201,0.0666666666666667
979,6822,0.2
979,7544,0.2
981,1681,0.2
981,8514,0.1
982,7847,0.2
983,1777,0.1
983,1911,0.1
983,2216,0.1
984,5795,0.05
984,6465,0.1
984,8413,0.1
985,6666,0.2
986,2071,0.1
986,6557,0.0666666666666667
987,2720,0.04
987,3847,0.2
989,138,0.1
989,8493,0.0666666666666667
990,2570,0.2
990,4824,0.2
990,8022,0.2
991,147,0.04
991,2106,0.2
991,3033,0.04
993,172,0.1
993,8241,0.1
993,8363,0.2
995,9091,0.1
997,3308,0.0666666666666667
997,4677,0.0666666666666667
1000,3319,0.1
1000,9893,0.2
1001,3050,0.2
1004,8541,0.1
1005,4111,0.2
1005,7533,0.05
1007,5379,0.2
1007,9330,0.2
1008,686,0.1
1011,5582,0.1
1012,210,0.1
1012,1629,0.2
1015,1147,0.2
1019,6405,0.0666666666666667
1025,991,0.1
1025,8987,0.2
1026,1804,0.2
1028,5365,0.1
1029,6419,0.2
1033,9462,0.1
1034,3456,0.2
1035,2663,0.1
1037,1811,0.2
1037,3529,0.0666666666666667
1039,1495,0.2
1047,8587,0.2
1049,3681,0.1
1051,9594,0.2
1052,8081,0.2
1054,2051,0.1
1054,7623,0.2
1055,1743,0.0666666666666667
1055,2467,0.1
1058,4298,0.0666666666666667
1059,5206,0.2
1061,3741,0.0666666666666667
1061,5677,0.05
1062,6932,0.2
1063,9478,0.0666666666666667
1065,5039,0.2
1067,7511,0.2
1069,4791,0.2
1069,8662,0.2
1070,8526,0.0666666666666667
1070,9875,0.1
1071,4308,0.2
1072,1316,0.2
1072,1459,0.1
1072,1810,0.1
1073,4725,0.1
1073,7029,0.0666666666666667
1074,9705,0.1
1080,16,0.2
1081,265,0.04
1083,5787,0.2
1084,4223,0.2
1084,4918,0.2
1084,5024,0.2
1085,2052,0.1
1086,5983,0.1
1087,3793,0.1
1087,6983,0.2
1088,6416,0.0666666666666667
1089,3115,0.1
1090,3949,0.1
1092,2308,0.04
1092,8998,0.1
1094,9562,0.1
1096,3629,0.2
1096,5758,0.0666666666666667
1097,5383,0.1
1098,3179,0.2
1100,1043,0.1
1100,6614,0.1
1100,7098,0.2
1101,3465,0.2
1101,7747,0.1
1105,5199,0.05
1106,1206,0.2
1107,478,0.2
1108,6975,0.2
1109,5640,0.1
1109,7264,0.1
1111,8461,0.0666666666666667
1115,9382,0.1
1116,2349,0.1
1116,3965,0.2
1117,1114,0.1
1117,4294,0.1
1118,9496,0.05
1119,3790,0.2
1120,1883,0.2
1120,2569,0.04
1121,9576,0.1
1122,143,0.1
1123,871,0.1
1125,353,0.1
1125,1628,0.0666666666666667
1127,4747,0.1
1128,6049,0.2
1130,5788,0.2
1134,191,0.2
1134,2995,0.0666666666666667
1135,5052,0.1
1136,1944,0.1
1136,5402,0.0666666666666667
1137,1116,0.2
1137,3474,0.2
1138,8252,0.2
1140,3691,0.1
1143,9125,0.1
1147,1908,0.0666666666666667
1147,7311,0.1
1149,7659,0.0666666666666667
1150,4595,0.2
1153,8890,0.0666666666666667
1154,519,0.0666666666666667
1154,5536,0.2
1155,1961,0.1
1155,9007,0.2
1157,9794,0.2
1160,4083,0.1
1160,4483,0.2
1160,7592,0.05
1160,9700,0.1
1161,3189,0.0666666666666667
1162,3312,0.1
1162,5984,0.2
1162,9976,0.1
1164,1235,0.2
1166,3330,0.2
1167,5433,0.2
1167,7867,0.0666666666666667
1168,3466,0.2
1168,9736,0.2
1169,4880,0.1
1169,7475,0.2
1173,5369,0.04
1174,2986,0.2
1174,9825,0.0666666666666667
1181,1908,0.0666666666666667
1182,9369,0.1
1184,464,0.1
1187,491,0.2
1187,2840,0.1
1188,227,0.1
1190,1121,0.0666666666666667
1190,7587,0.2
1190,9907,0.1
1194,4042,0.2
1195,3114,0.2
1195,5218,0.0666666666666667
1198,2030,0.1
1199,3632,0.0666666666666667
1202,365,0.1
1202,4938,0.2
1202,5690,0.2
1202,6330,0.1
1202,9287,0.1
1203,6042,0.2
1205,8902,0.2
1208,1460,0.1
1208,6834,0.1
1211,1487,0.0666666666666667
1212,5730,0.2
1213,1011,0.0666666666666667
1214,1693,0.2
1217,8443,0.2
1218,4459,0.05
1218,7772,0.1
1222,5640,0.1
1222,6809,0.0666666666666667
1225,1515,0.1
1226,2747,0.2
1227,1210,0.2
1227,9872,0.0666666666666667
1228,234,0.2
1228,7856,0.1
1231,9076,0.2
1234,5664,0.1
1234,8705,0.2
1235,519,0.0666666666666667
1236,4378,0.0666666666666667
1238,4539,0.2
1241,1015,0.2
1242,2006,0.2
1245,1533,0.04
1245,3676,0.2
1246,4778,0.1
1247,2290,0.0666666666666667
1248,7944,0.1
1249,3987,0.1
1250,6459,0.2
1251,4676,0.2
1252,1124,0.1
1252,7826,0.0666666666666667
1253,1371,0.2
1254,3979,0.2
1255,3927,0.2
1256,3366,0.1
1259,883,0.1
1262,53,0.2
1264,903,0.1
1265,1925,0.0666666666666667
1267,4495,0.2
1268,2112,0.1
1268,7854,0.1
1269,2562,0.2
1272,9419,0.2
1274,2444,0.0666666666666667
1274,6340,0.0666666666666667
1275,6760,0.1
1275,9277,0.2
1276,260,0.2
1276,4829,0.1
1278,3910,0.1
1279,1445,0.0666666666666667
1282,6630,0.1
1286,5105,0.1
1287,7278,0.1
1288,960,0.1
1289,477,0.2
1289,8701,0.1
1292,4356,0.0666666666666667
1292,6467,0.2
1295,552,0.2
1295,4256,0.1
1297,2223,0.0666666666666667
1297,5675,0.0666666666666667
1298,2663,0.1
1300,8054,0.1
1300,8381,0.0666666666666667
1300,8454,0.1
1301,1379,0.1
1301,2586,0.1
1302,6253,0.0666666666666667
1302,6877,0.1
1302,7401,0.2
1305,6652,0.1
1306,2893,0.0666666666666667
1306,9236,0.2
1307,4242,0.2
1309,1492,0.1
1309,7082,0.0666666666666667
1310,9261,0.1
1311,7823,0.1
1312,8804,0.2
1314,1868,0.1
1314,4534,0.2
1315,7061,0.05
1317,5100,0.1
1319,4604,0.1
1320,789,0.2
1320,6132,0.0666666666666667
1321,1671,0.2
1321,1674,0.0666666666666667
1322,8580,0.2
1325,3239,0.1
1325,5485,0.2
1328,7222,0.1
1331,7274,0.2
1333,3076,0.2
1336,8859,0.1
1337,9879,0.1
1338,5881,0.2
1339,9006,0.1
1340,1621,0.2
1340,9598,0.1
1341,7949,0.1
1344,7881,0.2
1345,4073,0.2
1345,9657,0.0666666666666667
1345,9699,0.1
1346,5033,0.1
1347,5599,0.2
1347,7689,0.1
1349,2780,0.1
1349,2853,0.1
1349,5022,0.0666666666666667
1350,3737,0.1
1350,8447,0.2
1351,784,0.05
1351,1078,0.0666666666666667
1354,4703,0.2
1355,2181,0.1
1355,6775,0.1
1358,2259,0.1
1358,8926,0.1
1359,5576,0.2
1359,8144,0.2
1359,8385,0.0666666666666667
1360,9496,0.05
1363,8121,0.05
1364,6455,0.1
1366,7416,0.2
1369,2959,0.2
1370,2588,0.2
1372,9131,0.0666666666666667
1373,3689,0.2
1373,4158,0.1
1373,7672,0.2
1373,9317,0.2
1374,7711,0.0666666666666667
1375,5482,0.2
1376,961,0.2
1376,3339,0.2
1376,5271,0.2
1378,4239,0.05
1379,1288,0.0666666666666667
1380,3080,0.2
1380,7110,0.0666666666666667
1382,7622,0.1
1384,2674,0.2
1385,1299,0.1
1387,3996,0.2
1389,5080,0.2
1389,7823,0.1
1392,484,0.1
1393,8264,0.1
1394,7586,0.1
1395,6663,0.1
1395,7962,0.2
1396,1300,0.1
1397,814,0.1
1399,556,0.2
1399,2236,0.2
1400,1885,0.2
1401,5284,0.2
1401,7789,0.0666666666666667
1402,228,0.2
1402,9751,0.1
1405,310,0.2
1406,5950,0.2
1408,5845,0.2
1409,5330,0.1
1410,5131,0.0666666666666667
1410,6775,0.1
1411,3041,0.0666666666666667
1412,7373,0.1
1413,1987,0.1
1413,3832,0.2
1414,2652,0.2
1414,3845,0.2
1416,6773,0.1
1419,9527,0.0666666666666667
1422,1017,0.2
1422,2846,0.1
1422,8450,0.1
1424,7315,0.2
1428,475,0.1
1428,2264,0.1
1428,2827,0.2
1428,4697,0.2
1428,6308,0.0666666666666667
1432,3413,0.0666666666666667
1432,8717,0.1
1433,2809,0.1
1433,5988,0.2
1434,3033,0.04
1435,5944,0.1
1436,2792,0.1
1436,7723,0.0666666666666667
1436,9993,0.2
1437,5987,0.2
1437,7768,0.1
1438,1736,0.1
1440,2864,0.1
1440,8988,0.0666666666666667
1442,161,0.2
1442,7723,0.0666666666666667
1442,9017,0.1
1444,6055,0.2
1444,7964,0.0666666666666667
1446,707,0.2
1447,8926,0.1
1448,7859,0.1
1449,4845,0.2
1450,1256,0.2
1450,4732,0.1
1450,7470,0.2
1450,8353,0.2
1451,4129,0.2
1451,7057,0.1
1452,5124,0.1
1453,6277,0.1
1453,8161,0.1
1453,9634,0.0666666666666667
1456,9117,0.1
1457,1737,0.2
1457,9399,0.0666666666666667
1458,5189,0.2
1459,5924,0.2
1464,4356,0.0666666666666667
1465,1822,0.0666666666666667
1465,5922,0.2
1465,6175,0.0666666666666667
1465,6471,0.2
1465,6513,0.2
1465,7441,0.1
1466,9056,0.1
1467,957,0.1
1467,5609,0.0666666666666667
1467,7353,0.2
1467,7453,0.2
1468,3713,0.1
1471,2712,0.0666666666666667
1471,5683,0.2
1471,7104,0.04
1473,3766,0.1
1473,8360,0.2
1474,5636,0.0666666666666667
1475,1364,0.2
1476,621,0.2
1476,2746,0.2
1477,4164,0.1
1477,8755,0.1
1479,6116,0.05
1479,7738,0.1
1480,7188,0.05
1481,190,0.2
1481,2293,0.0666666666666667
1481,4309,0.2
1481,4883,0.2
1485,9716,0.2
1487,6787,0.0666666666666667
1488,382,0.1
1488,9912,0.2
1490,7441,0.1
1491,8633,0.1
1493,8464,0.2
1494,3108,0.1
1494,3834,0.2
1495,8747,0.1
1497,3108,0.1
1497,3754,0.0666666666666667
1498,851,0.2
1498,8048,0.1
1502,170,0.2
1502,5623,0.05
1504,3441,0.1
1505,1370,0.2
1505,6364,0.2
1508,1314,0.2
1508,4399,0.2
1508,6645,0.2
1509,66,0.0666666666666667
1509,2994,0.1
1510,54,0.0666666666666667
1510,2160,0.2
1510,6399,0.0666666666666667
1512,9941,0.1
1513,1022,0.1
1516,2944,0.1
1516,8389,0.2
1516,9770,0.1
1517,2196,0.1
1517,3999,0.05
1519,6128,0.1
1519,9295,0.1
1520,4867,0.1
1522,6947,0.2
1525,3478,0.1
1525,7247,0.2
1525,9658,0.2
1526,233,0.1
1526,3052,0.2
1527,879,0.0666666666666667
1527,2264,0.1
1527,5882,0.2
1530,1653,0.2
1533,5542,0.2
1533,9398,0.1
1534,3464,0.05
1534,3975,0.2
1535,6299,0.0666666666666667
1535,8199,0.0666666666666667
1536,1530,0.2
1537,4706,0.2
1538,8860,0.2
1539,4798,0.1
1541,772,0.2
1541,4133,0.1
1541,7754,0.2
1544,7270,0.1
1545,601,0.2
1545,1452,0.2
1545,5038,0.2
1545,7335,0.2
1546,1648,0.1
1546,6719,0.2
1546,7957,0.2
1547,3631,0.2
1547,6154,0.1
1548,4570,0.1
1548,6852,0.2
1550,5535,0.04
1553,1312,0.1
1554,4800,0.0666666666666667
1555,2726,0.2
1556,2906,0.2
1558,8493,0.0666666666666667
1559,1130,0.1
1559,4740,0.1
1561,5140,0.2
1561,7682,0.1
1563,3810,0.2
1566,219,0.2
1566,2992,0.2
1568,5982,0.1
1568,8141,0.05
1569,7655,0.0666666666666667
1571,7876,0.1
1571,9021,0.1
1572,4076,0.2
1572,5688,0.1
1572,9467,0.2
1573,2199,0.1
1574,8635,0.0666666666666667
1575,8311,0.0666666666666667
1577,1331,0.1
1577,3963,0.2
1577,4696,0.2
1580,1158,0.1
1583,4778,0.1
1585,7270,0.1
1586,5610,0.2
1587,4997,0.2
1588,7364,0.2
1589,686,0.1
1591,6421,0.2
1591,7790,0.2
1592,4315,0.1
1592,9953,0.2
1594,3708,0.2
1594,5514,0.2
1594,6333,0.2
1595,1803,0.2
1598,5274,0.2
1599,8741,0.2
1600,1953,0.1
1604,3338,0.2
1606,5954,0.0666666666666667
1610,7,0.1
1611,907,0.2
1614,5369,0.04
1615,116,0.0666666666666667
1617,6336,0.0666666666666667
1617,8142,0.2
1619,1153,0.0666666666666667
1619,2900,0.1
1619,7168,0.0666666666666667
1620,6728,0.2
1621,3840,0.2
1622,1242,0.2
1622,1679,0.2
1622,6861,0.2
1623,5540,0.0666666666666667
1624,2866,0.1
1624,5615,0.1
1625,2467,0.1
1626,391,0.2
1627,1561,0.2
1629,9055,0.05
1632,808,0.1
1632,9171,0.0666666666666667
1634,6205,0.1
1637,2547,0.1
1639,266,0.2
1642,7397,0.2
1643,2096,0.2
1643,2921,0.2
1644,8755,0.1
1646,3036,0.2
1646,8029,0.2
1648,7065,0.2
1648,8906,0.1
1649,2138,0.1
1649,5001,0.2
1649,6125,0.1
1650,5058,0.1
1650,9875,0.1
1652,3247,0.1
1652,8160,0.0666666666666667
1652,9644,0.1
1653,2791,0.1
1653,4213,0.1
1654,8292,0.2
1655,2332,0.1
1656,2896,0.2
1656,4118,0.2
1657,9543,0.2
1659,871,0.1
1661,3601,0.2
1661,5573,0.2
1661,6624,0.2
1663,4981,0.0666666666666667
1664,4060,0.1
1664,8532,0.05
1665,7842,0.1
1668,2249,0.2
1668,6978,0.2
1669,1100,0.1
1669,3018,0.2
1669,6626,0.1
1670,580,0.1
1670,7496,0.1
1673,6360,0.2
1674,503,0.1
1675,9823,0.2
1676,5879,0.1
1680,5897,0.1
1680,7140,0.2
1681,1375,0.2
1681,3804,0.1
1681,8809,0.2
1682,8023,0.1
1683,3839,0.0666666666666667
1683,6641,0.1
1686,1121,0.0666666666666667
1686,6332,0.1
1687,8558,0.05
1692,1460,0.1
1693,4121,0.2
1695,5,0.0666666666666667
1695,100,0.1
1695,6167,0.2
1697,500,0.2
1698,291,0.1
1698,3620,0.1
1698,3913,0.1
1699,4573,0.2
1701,5998,0.2
1703,2178,0.05
1703,5096,0.2
1706,4201,0.2
1706,5790,0.2
1706,6760,0.1
1710,5420,0.05
1711,2552,0.1
1711,6671,0.2
1711,8937,0.05
1713,3648,0.2
1713,5996,0.1
1716,4887,0.1
1716,7922,0.0666666666666667
1717,7288,0.2
1719,5895,0.2
1719,7128,0.1
1720,703,0.2
1722,472,0.0666666666666667
1722,1516,0.2
1723,7633,0.1
1724,1070,0.2
1726,1889,0.1
1726,5146,0.1
1726,8658,0.2
1727,1652,0.2
1727,2611,0.0666666666666667
1727,9402,0.1
1727,9544,0.2
1728,1405,0.2
1731,4209,0.2
1731,4326,0.1
1731,6123,0.1
1734,1985,0.1
1734,6082,0.2
1735,5093,0.1
1735,5758,0.0666666666666667
1736,6012,0.2
1737,1742,0.0666666666666667
1743,222,0.2
1743,3529,0.0666666666666667
1743,4745,0.1
1743,6165,0.2
1744,78,0.1
1746,8588,0.1
1747,483,0.2
1749,1967,0.2
1749,9473,0.1
1750,7273,0.2
1752,4864,0.2
1754,6406,0.2
1755,207,0.1
1755,6189,0.0666666666666667
1756,6060,0.2
1756,9622,0.0666666666666667
1758,8126,0.1
1758,9625,0.1
1760,8409,0.1
1761,764,0.2
1762,3363,0.2
1762,4144,0.1
1762,6031,0.2
1763,6294,0.2
1764,2650,0.2
1764,8398,0.1
1764,9819,0.1
1766,7176,0.1
1767,20,0.1
1767,5285,0.0666666666666667
1769,3532,0.1
1770,7972,0.1
1772,1114,0.1
1772,1947,0.2
1774,4782,0.1
1776,9728,0.05
1777,8398,0.1
1777,9826,0.0666666666666667
1779,4422,0.2
1779,5538,0.0666666666666667
1782,5548,0.2
1783,4410,0.2
1784,3440,0.2
1784,8165,0.1
1788,3600,0.1
1789,3825,0.05
1791,9539,0.2
1794,2584,0.1
1796,4570,0.1
1796,5535,0.04
1796,5583,0.2
1796,5801,0.0666666666666667
1797,8134,0.1
1798,2121,0.0666666666666667
1798,5081,0.1
1799,5350,0.1
1799,9035,0.2
1800,7325,0.2
1800,7867,0.0666666666666667
1800,7973,0.1
1802,612,0.2
1803,7477,0.05
1804,4565,0.2
1804,8683,0.1
1805,5658,0.2
1806,66,0.0666666666666667
1807,1924,0.2
1807,5069,0.2
1810,3859,0.2
1811,2443,0.2
1811,2704,0.0666666666666667
1811,6285,0.1
1812,3127,0.1
1813,6999,0.1
1813,7039,0.1
1814,5490,0.2
1817,9322,0.2
1818,1521,0.1
1818,5312,0.1
1821,3091,0.0666666666666667
1822,9704,0.1
1823,7760,0.1
1825,4981,0.0666666666666667
1825,9377,0.1
1826,2354,0.0666666666666667
1828,2033,0.2
1828,2850,0.2
1830,401,0.0666666666666667
1830,9083,0.0666666666666667
1831,1465,0.2
1833,7824,0.0666666666666667
1837,7624,0.0666666666666667
1838,6072,0.2
1838,8479,0.2
1840,8969,0.1
1842,2701,0.1
1843,5846,0.05
1844,9398,0.1
1849,7502,0.1
1853,3830,0.1
1853,9994,0.1
1854,2515,0.1
1855,4468,0.05
1855,5181,0.1
1856,6407,0.2
1856,7825,0.2
1857,7657,0.1
1858,7715,0.1
1862,504,0.2
1863,969,0.05
1864,9323,0.2
1865,5711,0.1
1865,8517,0.2
1866,2442,0.1
1866,8582,0.1
1866,8676,0.1
1867,721,0.1
1867,2741,0.1
1868,3562,0.2
1869,2386,0.0666666666666667
1873,6391,0.05
1874,4939,0.1
1876,6454,0.2
1876,8614,0.0666666666666667
1877,1613,0.0666666666666667
1877,4219,0.2
1877,7320,0.1
1879,6097,0.1
1880,7938,0.1
1883,2717,0.1
1884,2245,0.0666666666666667
1884,7464,0.2
1885,1863,0.2
1886,5647,0.05
1887,6224,0.2
1888,7183,0.0666666666666667
1890,8756,0.2
1892,7814,0.0666666666666667
1893,4250,0.2
1893,6738,0.0666666666666667
1899,4264,0.05
1901,4765,0.2
1904,1008,0.1
1904,2993,0.2
1904,7697,0.2
1905,5798,0.0666666666666667
1905,6815,0.0666666666666667
1905,9291,0.1
1908,9750,0.0666666666666667
1909,5699,0.0666666666666667
1911,5667,0.2
1914,2796,0.2
1915,1290,0.1
1915,4662,0.0666666666666667
1916,2248,0.2
1916,6656,0.1
1916,7817,0.2
1917,5152,0.2
1917,9143,0.1
1918,470,0.2
1919,6648,0.2
1920,2419,0.0666666666666667
1921,13,0.0666666666666667
1921,8789,0.1
1922,6540,0.2
1923,6521,0.1
1924,7827,0.2
1926,9083,0.0666666666666667
1929,2214,0.2
1929,4103,0.2
1930,9154,0.0666666666666667
1932,2752,0.1
1932,5263,0.2
1933,805,0.1
1933,7767,0.1
1935,20,0.1
1935,2498,0.0666666666666667
1935,6505,0.2
1938,210,0.1
1938,2232,0.1
1938,6883,0.1
1939,2122,0.0666666666666667
1940,4772,0.1
1940,9838,0.0666666666666667
1941,1706,0.2
1941,3541,0.2
1942,2925,0.0666666666666667
1944,7025,0.2
1945,9084,0.2
1947,199,0.2
1947,512,0.1
1948,2322,0.2
1949,6113,0.2
1949,7386,0.1
1951,9361,0.2
1954,3595,0.2
1955,1237,0.2
1955,2053,0.0666666666666667
1955,5151,0.1
1955,9870,0.2
1957,982,0.2
1958,4457,0.2
1958,9341,0.0666666666666667
1959,71,0.2
1959,7518,0.2
1961,9339,0.1
1962,244,0.0666666666666667
1962,1778,0.1
1963,547,0.2
1965,5440,0.05
1967,4151,0.1
1969,6408,0.1
1969,9356,0.0666666666666667
1971,2792,0.1
1971,3367,0.1
1971,9210,0.2
1972,8133,0.2
1972,8371,0.2
1973,7763,0.1
1973,10000,0.1
1974,6252,0.2
1976,7427,0.1
1977,8264,0.1
1978,4989,0.2
1978,5772,0.2
1978,5802,0.2
1979,3988,0.2
1980,4417,0.1
1983,6239,0.1
1983,9174,0.2
1986,2335,0.2
1987,3538,0.1
1989,9045,0.2
1990,3637,0.2
1990,9019,0.1
1991,5103,0.1
1992,1280,0.2
1992,8121,0.05
1993,4027,0.2
1997,1011,0.0666666666666667
1997,8163,0.2
1997,9891,0.1
1998,9909,0.0666666666666667
1999,5538,0.0666666666666667
1999,6756,0.1
2000,6183,0.1
2000,7449,0.2
2001,5710,0.1
2001,5769,0.2
2001,6389,0.1
2002,7681,0.2
2002,9036,0.2
2005,5852,0.1
2007,6776,0.2
2008,6657,0.1
2010,5718,0.2
2011,1127,0.2
2013,1383,0.1
2013,7210,0.2
2014,2459,0.2
2014,5489,0.2
2016,1789,0.2
2017,9820,0.1
2018,8761,0.1
2022,6211,0.1
2023,4244,0.2
2028,883,0.1
2028,6787,0.0666666666666667
2029,1909,0.0666666666666667
2029,5594,0.2
2031,141,0.1
2032,8763,0.1
2034,6188,0.2
2036,7420,0.1
2038,1650,0.1
2038,3248,0.2
2038,5517,0.2
2044,5958,0.2
2044,6637,0.2
2044,6904,0.0666666666666667
2045,5398,0.2
2045,9435,0.2
2050,465,0.1
2052,6904,0.0666666666666667
2053,1302,0.1
2057,1533,0.04
2058,8752,0.2
2059,9269,0.1
2060,1025,0.2
2067,2757,0.2
2067,5022,0.0666666666666667
2068,9185,0.1
2069,2944,0.1
2069,8125,0.0666666666666667
2069,8939,0.1
2074,2774,0.1
2074,7320,0.1
2075,2903,0.2
2075,6154,0.1
2077,8866,0.1
2082,3235,0.1
2082,8097,0.05
2083,6097,0.1
2086,2769,0.2
2086,5519,0.2
2088,609,0.0666666666666667
2088,6256,0.0666666666666667
2088,9772,0.2
2091,6572,0.2
2094,268,0.0666666666666667
2094,9995,0.05
2096,3732,0.1
2096,6118,0.1
2098,9691,0.1
2099,26,0.1
2101,978,0.2
2101,1905,0.2
2103,5467,0.2
2107,7884,0.1
2108,6306,0.1
2109,5584,0.05
2110,3415,0.2
2113,7932,0.1
2115,8873,0.0666666666666667
2117,7989,0.2
2118,7608,0.2
2119,459,0.1
2120,420,0.2
2121,9728,0.05
2122,4096,0.2
2124,315,0.1
2124,1333,0.2
2125,1110,0.2
2127,1005,0.0666666666666667
2128,8707,0.0333333333333333
2129,7592,0.05
2129,9109,0.2
2130,1912,0.05
2130,2613,0.2
2131,309,0.2
2132,1383,0.1
2134,7462,0.1
2135,2178,0.05
2135,2884,0.1
2135,6385,0.2
2137,2621,0.1
2137,7381,0.2
2139,2043,0.2
2139,7223,0.05
2141,957,0.1
2142,8890,0.0666666666666667
2144,751,0.2
2144,913,0.04
2144,3949,0.1
2145,3750,0.1
2146,7169,0.04
2147,702,0.2
2147,4810,0.2
2147,7876,0.1
2149,2745,0.0666666666666667
2150,2996,0.1
2152,1486,0.0666666666666667
2152,9171,0.0666666666666667
2154,5002,0.2
2155,1809,0.2
2155,9659,0.2
2157,5902,0.2
2161,7036,0.0666666666666667
2162,3280,0.1
2162,3999,0.05
2162,9672,0.0666666666666667
2163,367,0.2
2163,486,0.2
2163,7751,0.2
2164,981,0.1
2164,2307,0.0666666666666667
2165,1363,0.1
2166,9952,0.1
2168,2565,0.2
2168,4640,0.05
2169,1748,0.1
2169,2813,0.2
2170,2809,0.1
2170,2943,0.2
2172,5198,0.2
2172,7594,0.2
2172,8048,0.1
2173,3158,0.1
2175,1169,0.2
2175,9357,0.0666666666666667
2176,1283,0.2
2176,4095,0.2
2178,1386,0.1
2179,7191,0.2
2180,72,0.2
2180,4481,0.2
2180,5698,0.05
2180,5807,0.2
2181,759,0.1
2183,7952,0.1
2186,1589,0.2
2186,6330,0.1
2187,1045,0.1
2190,63,0.2
2190,531,0.1
2190,4024,0.2
2192,8743,0.2
2196,7338,0.2
2202,7402,0.2
2203,6653,0.0666666666666667
2204,8113,0.1
2205,8751,0.2
2205,9728,0.05
2206,4460,0.2
2206,5525,0.2
2207,4215,0.1
2209,9038,0.0666666666666667
2210,6698,0.05
2210,9280,0.1
2212,3168,0.1
2216,5942,0.1
2217,4952,0.0666666666666667
2218,3177,0.1
2219,3829,0.2
2219,6410,0.2
2220,152,0.1
2224,9872,0.0666666666666667
2227,4486,0.1
2227,9883,0.1
2228,6599,0.2
2228,8687,0.04
2229,6396,0.04
2230,1562,0.1
2230,7694,0.2
2230,9785,0.2
2232,9339,0.1
2234,4034,0.2
2234,8622,0.2
2235,934,0.0666666666666667
2235,4494,0.2
2238,9003,0.2
2239,4644,0.0666666666666667
2240,9838,0.0666666666666667
2245,9977,0.2
2247,158,0.1
2247,618,0.05
2247,1619,0.1
2247,2861,0.1
2247,2976,0.1
2248,1156,0.0666666666666667
2249,1312,0.1
2252,1793,0.2
2253,1535,0.2
2254,8321,0.0666666666666667
2254,9899,0.1
2256,5846,0.05
2257,5200,0.2
2258,3122,0.2
2260,6215,0.2
2262,8507,0.2
2263,8579,0.2
2263,9940,0.1
2266,6269,0.2
2266,9063,0.2
2267,1510,0.1
2269,1171,0.0666666666666667
2269,1892,0.2
2271,1253,0.2
2271,4684,0.1
2271,6554,0.1
2272,2178,0.05
2272,2601,0.2
2275,7370,0.2
2276,326,0.2
2277,4287,0.2
2280,661,0.1
2280,1039,0.2
2282,6316,0.2
2283,3782,0.0666666666666667
2284,2324,0.2
2286,1741,0.2
2286,9399,0.0666666666666667
2289,3489,0.2
2289,6423,0.1
2289,9648,0.2
2292,4655,0.2
2292,5727,0.0666666666666667
2293,4904,0.2
2295,638,0.2
2295,9341,0.0666666666666667
2296,4984,0.1
2298,401,0.0666666666666667
2298,4512,0.2
2299,1389,0.2
2299,4255,0.2
2299,4694,0.2
2300,5054,0.2
2301,3002,0.2
2301,9816,0.2
2303,5824,0.0666666666666667
2303,6706,0.2
2305,6164,0.0666666666666667
2305,8671,0.0666666666666667
2306,4577,0.05
2306,8778,0.0666666666666667
2308,756,0.2
2309,1048,0.2
2311,3987,0.1
2313,6779,0.05
2314,424,0.2
2315,6709,0.1
2317,6627,0.2
2318,2727,0.1
2320,3515,0.0666666666666667
2320,4128,0.2
2321,9145,0.1
2322,2712,0.0666666666666667
2322,3865,0.1
2323,5064,0.2
2325,1207,0.2
2325,2123,0.1
2325,8953,0.1
2327,616,0.1
2327,947,0.2
2327,1756,0.0666666666666667
2327,4936,0.2
2329,6462,0.1
2331,6250,0.2
2332,1028,0.2
2334,2061,0.1
2334,6781,0.2
2335,960,0.1
2335,4423,0.2
2336,2971,0.1
2340,7008,0.2
2341,8792,0.2
2341,9529,0.2
2342,9301,0.0666666666666667
2343,5419,0.1
2344,9489,0.2
2345,3210,0.1
2346,9721,0.2
2349,5496,0.2
2350,6860,0.1
2351,8527,0.1
2352,3247,0.1
2352,9333,0.2
2353,8857,0.1
2354,2810,0.0666666666666667
2354,8214,0.2
2357,589,0.2
2360,9868,0.2
2361,6641,0.1
2362,2370,0.2
2362,9701,0.0666666666666667
2370,8192,0.1
2371,5356,0.1
2371,9848,0.0666666666666667
2372,5420,0.05
2374,1458,0.2
2375,204,0.0666666666666667
2375,3132,0.0666666666666667
2377,2031,0.2
2378,3073,0.2
2380,2242,0.1
2382,1685,0.2
2382,6653,0.0666666666666667
2385,889,0.0666666666666667
2387,5435,0.1
2389,9564,0.04
2391,3944,0.2
2391,4781,0.1
2392,3396,0.2
2392,4785,0.2
2393,7822,0.1
2394,8986,0.2
2395,1177,0.1
2395,3237,0.2
2395,7713,0.2
2395,9575,0.2
2396,5108,0.05
2402,2101,0.2
2402,2694,0.2
2402,3931,0.2
2403,826,0.2
2403,7049,0.2
2404,6397,0.2
2405,4246,0.1
2405,9231,0.05
2405,9254,0.2
2406,4313,0.05
2406,6175,0.0666666666666667
2407,4392,0.2
2407,6016,0.1
2408,1840,0.2
2408,1966,0.2
2412,1843,0.2
2412,8749,0.2
2413,7864,0.1
2414,213,0.2
2415,4100,0.1
2416,9561,0.1
2418,5986,0.1
2420,3091,0.0666666666666667
2421,1812,0.05
2421,6891,0.2
2422,4474,0.1
2424,748,0.2
2424,1581,0.2
2425,3299,0.0666666666666667
2426,3213,0.2
2426,6665,0.1
2428,9963,0.1
2429,113,0.2
2430,8035,0.2
2431,6004,0.0666666666666667
2432,3366,0.1
2432,4350,0.2
2433,1153,0.0666666666666667
2434,2636,0.2
2434,3734,0.2
2435,383,0.1
2436,4318,0.0666666666666667
2437,5635,0.2
2438,2110,0.1
2439,8357,0.05
2440,3048,0.1
2443,7874,0.1
2446,1781,0.2
2448,6597,0.2
2449,3214,0.2
2449,9494,0.1
2450,6857,0.1
2451,7447,0.2
2451,8969,0.1
2452,1357,0.2
2452,5160,0.1
2453,6405,0.0666666666666667
2454,4855,0.05
2459,6807,0.2
2460,2046,0.2
2462,476,0.1
2462,657,0.2
2463,4402,0.1
2463,7800,0.1
2464,5941,0.1
2464,8467,0.2
2465,1007,0.1
2465,7842,0.1
2466,842,0.2
2468,5179,0.2
2468,9359,0.2
2469,4292,0.2
2469,7582,0.0666666666666667
2471,4852,0.2
2471,9485,0.2
2472,3006,0.1
2472,7564,0.2
2474,6326,0.2
2475,4069,0.1
2475,8130,0.2
2476,583,0.05
2478,9758,0.2
2484,1762,0.2
2484,9269,0.1
2485,5664,0.1
2487,1005,0.0666666666666667
2487,3594,0.1
2487,6649,0.2
2489,4996,0.0666666666666667
2490,8232,0.1
2491,2354,0.0666666666666667
2491,2782,0.2
2491,5832,0.1
2492,2477,0.2
2494,2343,0.1
2494,3439,0.05
2495,9812,0.2
2496,6779,0.05
2496,8691,0.1
2497,1464,0.2
2497,3287,0.2
2498,2023,0.0666666666666667
2498,2441,0.2
2498,6609,0.1
2498,9941,0.1
2500,3105,0.1
2500,5886,0.2
2500,7947,0.2
2502,2550,0.2
2503,9122,0.2
2504,8141,0.05
2505,1659,0.2
2507,9443,0.1
2509,4003,0.0666666666666667
2509,9727,0.2
2510,850,0.1
2510,3089,0.0666666666666667
2510,3158,0.1
2511,800,0.2
2511,7205,0.2
2513,1899,0.0666666666666667
2515,9098,0.1
2517,9018,0.2
2518,5663,0.1
2519,1031,0.0666666666666667
2520,4862,0.2
2521,5299,0.2
2521,5864,0.05
2521,6361,0.1
2523,7188,0.05
2527,1939,0.1
2527,7861,0.1
2528,6256,0.0666666666666667
2532,5812,0.0666666666666667
2534,4984,0.1
2535,6721,0.0666666666666667
2536,9584,0.1
2538,3828,0.0666666666666667
2540,5477,0.1
2540,7815,0.2
2541,2389,0.2
2541,6343,0.2
2542,3849,0.1
2543,1974,0.1
2544,620,0.2
2544,1974,0.1
2544,3123,0.2
2545,7729,0.0666666666666667
2546,7802,0.2
2548,546,0.1
2548,5587,0.0666666666666667
2548,7352,0.2
2549,6956,0.2
2549,7223,0.05
2550,1583,0.0666666666666667
2552,5245,0.1
2557,3957,0.0666666666666667
2558,1564,0.2
2558,3353,0.1
2558,8296,0.2
2559,3725,0.1
2560,783,0.1
2562,7958,0.1
2563,572,0.05
2563,6202,0.1
2566,7916,0.05
2568,1717,0.0666666666666667
2569,7195,0.0666666666666667
2569,9757,0.1
2573,1869,0.2
2574,3807,0.2
2575,4253,0.2
2575,6634,0.1
2575,8869,0.2
2576,348,0.0666666666666667
2576,1699,0.2
2576,3639,0.1
2577,1077,0.1
2578,3105,0.1
2578,7278,0.1
2579,1958,0.05
2579,5085,0.0666666666666667
2580,3872,0.2
2581,5626,0.1
2582,7217,0.1
2583,1079,0.1
2583,5628,0.1
2584,692,0.2
2585,2593,0.2
2585,8893,0.2
2586,1002,0.1
2588,6925,0.2
2589,7588,0.1
2590,7739,0.2
2590,9752,0.2
2591,2230,0.2
2593,8778,0.0666666666666667
2594,86,0.1
2596,2590,0.2
2597,9878,0.2
2598,347,0.2
2599,7725,0.2
2600,4541,0.0666666666666667
2601,8101,0.1
2602,3754,0.0666666666666667
2603,4262,0.1
2604,5579,0.0666666666666667
2605,9452,0.2
2608,3788,0.0666666666666667
2610,5056,0.0666666666666667
2612,8357,0.05
2614,5420,0.05
2615,9564,0.04
2620,1056,0.2
2620,4954,0.1
2620,4987,0.1
2620,5446,0.05
2622,9505,0.2
2622,9762,0.0666666666666667
2623,655,0.2
2623,6256,0.0666666666666667
2624,5319,0.2
2625,5907,0.1
2627,1771,0.1
2630,1218,0.2
2630,2246,0.2
2631,6976,0.1
2631,8635,0.0666666666666667
2639,3336,0.1
2639,3688,0.2
2640,6073,0.1
2642,1960,0.1
2642,4206,0.2
2644,6235,0.0666666666666667
2646,3468,0.0666666666666667
2646,7948,0.2
2647,177,0.2
2647,8668,0.2
2651,5249,0.2
2651,9600,0.2
2654,1492,0.1
2654,2386,0.0666666666666667
2655,3785,0.1
2655,7406,0.1
2656,1613,0.0666666666666667
2656,9357,0.0666666666666667
2656,9950,0.1
2658,6222,0.1
2659,6228,0.1
2660,2304,0.2
2660,5252,0.2
2660,8552,0.04
2662,56,0.2
2662,1961,0.1
2663,1250,0.0666666666666667
2663,6168,0.2
2663,9369,0.1
2665,9549,0.1
2666,3139,0.1
2667,8290,0.1
2669,5231,0.05
2669,7389,0.1
2670,4662,0.0666666666666667
2671,8355,0.1
2672,2041,0.1
2672,8106,0.05
2674,1288,0.0666666666666667
2676,186,0.1
2676,2344,0.2
2677,2569,0.04
2678,898,0.1
2678,4277,0.2
2679,2677,0.2
2679,3632,0.0666666666666667
2679,9032,0.0666666666666667
2681,9997,0.1
2682,5454,0.2
2688,1711,0.0666666666666667
2689,4554,0.1
2690,2775,0.1
2690,8096,0.2
2692,1376,0.2
2693,2471,0.05
2694,7277,0.1
2695,873,0.2
2695,3061,0.2
2695,4515,0.2
2697,3372,0.1
2697,5123,0.1
2699,5750,0.2
2699,8497,0.2
2701,2412,0.2
2701,3860,0.0666666666666667
2701,7264,0.1
2704,5608,0.2
2704,6034,0.1
2705,1972,0.2
2705,4066,0.0666666666666667
2706,7944,0.1
2708,1250,0.0666666666666667
2708,7561,0.1
2709,5442,0.2
2709,8486,0.0666666666666667
2710,2252,0.1
2710,7279,0.05
2711,3926,0.0666666666666667
2712,2641,0.2
2713,7077,0.1
2714,8822,0.2
2716,7686,0.2
2718,274,0.1
2720,583,0.05
2721,7961,0.1
2723,4541,0.0666666666666667
2724,5782,0.05
2725,2794,0.1
2726,4168,0.2
2728,3934,0.1
2733,4115,0.2
2734,4442,0.0666666666666667
2735,3317,0.2
2736,1897,0.2
2737,6299,0.0666666666666667
2737,8767,0.05
2739,2157,0.2
2739,4661,0.2
2740,2354,0.0666666666666667
2740,2699,0.1
2742,8009,0.1
2744,1912,0.05
2746,7949,0.1
2747,7826,0.0666666666666667
2748,4874,0.2
2749,5879,0.1
2750,215,0.2
2751,7928,0.2
2751,9891,0.1
2752,6104,0.1
2752,6856,0.1
2755,85,0.1
2755,4398,0.05
2759,2635,0.2
2762,6483,0.0666666666666667
2764,1556,0.0666666666666667
2764,9982,0.1
2767,2486,0.2
2768,1912,0.05
2770,5014,0.1
2771,490,0.0333333333333333
2771,5567,0.2
2772,5385,0.1
2772,5914,0.1
2773,3102,0.05
2774,2795,0.2
2775,750,0.1
2775,4556,0.2
2775,5277,0.2
2776,3372,0.1
2776,8937,0.05
2777,8675,0.1
2779,481,0.05
2779,4893,0.0666666666666667
2783,5335,0.2
2785,3056,0.1
2786,2502,0.2
2786,2680,0.0666666666666667
2788,265,0.04
2788,4348,0.2
2789,5705,0.2
2790,9034,0.2
2790,9228,0.1
2792,7639,0.1
2793,2498,0.0666666666666667
2796,9683,0.1
2798,5374,0.2
2801,5003,0.2
2801,6017,0.1
2804,969,0.05
2805,2718,0.2
2805,4722,0.2
2806,6116,0.05
2807,5366,0.1
2808,6899,0.1
2809,9099,0.2
2811,4026,0.2
2813,1339,0.0666666666666667
2814,9170,0.2
2815,1909,0.0666666666666667
2815,3868,0.2
2816,3040,0.2
2817,6077,0.0666666666666667
2819,464,0.1
2819,2947,0.2
2825,617,0.2
2825,5782,0.05
2825,6046,0.2
2828,626,0.1
2829,4472,0.1
2831,147,0.04
2832,4762,0.2
2832,6434,0.2
2832,7174,0.1
2833,2951,0.2
2834,160,0.2
2834,7643,0.1
2835,3172,0.1
2837,5689,0.2
2840,3514,0.2
2840,3652,0.2
2842,1634,0.1
2842,3630,0.2
2842,7509,0.1
2844,3357,0.1
2846,3362,0.2
2846,6523,0.2
2847,3342,0.2
2847,6851,0.2
2850,510,0.1
2852,4724,0.0666666666666667
2852,6111,0.1
2855,5499,0.0666666666666667
2857,8076,0.2
2858,908,0.2
2859,6399,0.0666666666666667
2860,7826,0.0666666666666667
2861,1186,0.0666666666666667
2864,2783,0.2
2864,9665,0.2
2865,8782,0.2
2867,7173,0.1
2870,1019,0.2
2872,1507,0.2
2873,502,0.05
2873,3173,0.2
2873,4684,0.1
2875,4147,0.0666666666666667
2875,9378,0.1
2876,4136,0.2
2877,6502,0.2
2879,233,0.1
2879,7860,0.2
2880,2170,0.0666666666666667
2881,5326,0.0666666666666667
2882,335,0.2
2882,4133,0.1
2882,5266,0.2
2883,5481,0.1
2886,126,0.2
2886,4650,0.2
2886,6702,0.2
2887,2147,0.2
2887,3802,0.1
2890,5891,0.0666666666666667
2895,5589,0.2
2895,6769,0.2
2896,265,0.04
2899,2543,0.2
2899,3649,0.1
2899,8726,0.1
2899,8799,0.2
2900,9295,0.1
2902,1991,0.05
2903,9189,0.2
2905,5087,0.2
2906,1833,0.2
2906,7366,0.0666666666666667
2907,9474,0.2
2908,7209,0.04
2909,5510,0.2
2910,3137,0.2
2913,1307,0.1
2914,2509,0.0666666666666667
2914,3391,0.2
2914,5865,0.2
2915,5129,0.1
2917,1928,0.2
2917,3276,0.1
2917,4925,0.1
2918,5058,0.1
2918,7342,0.2
2919,896,0.2
2920,6853,0.2
2921,8532,0.05
2923,5447,0.2
2923,5511,0.2
2923,9250,0.2
2924,1368,0.2
2925,1251,0.2
2926,2842,0.04
2928,1575,0.2
2930,2672,0.1
2931,5264,0.1
2932,2763,0.2
2932,3462,0.1
2933,2051,0.1
2935,4832,0.2
2936,2245,0.0666666666666667
2938,329,0.2
2938,6865,0.2
2938,7336,0.1
2939,2425,0.1
2940,3882,0.2
2940,4254,0.2
2942,293,0.2
2942,3608,0.1
2944,389,0.2
2946,2768,0.2
2946,7533,0.05
2947,9701,0.0666666666666667
2948,4344,0.2
2949,8596,0.2
2951,7994,0.2
2952,432,0.0333333333333333
2957,7131,0.2
2958,5854,0.1
2958,8408,0.1
2958,9566,0.2
2960,4777,0.2
2961,9198,0.2
2962,7542,0.2
2964,3635,0.2
2964,8592,0.0666666666666667
2964,9516,0.1
2964,9722,0.1
2965,4545,0.2
2965,4807,0.1
2965,5294,0.2
2965,8314,0.1
2967,5352,0.1
2968,1001,0.1
2969,7969,0.2
2970,431,0.05
2971,8095,0.2
2972,616,0.1
2972,1043,0.1
2975,3883,0.1
2977,8764,0.2
2978,4389,0.0666666666666667
2978,7179,0.2
2978,9672,0.0666666666666667
2979,371,0.1
2981,3855,0.2
2983,8897,0.1
2984,9161,0.1
2985,966,0.2
2985,7688,0.2
2987,11,0.2
2988,392,0.1
2990,4507,0.2
2992,265,0.04
2993,737,0.1
2994,3669,0.0666666666666667
2997,8312,0.1
2998,3620,0.1
2998,4603,0.0666666666666667
2998,5872,0.2
3002,196,0.1
3002,373,0.2
3003,1822,0.0666666666666667
3004,2396,0.1
3005,471,0.2
3006,4895,0.2
3007,8184,0.2
3007,8324,0.1
3009,920,0.2
3011,9972,0.2
3013,8849,0.05
3016,3827,0.1
3018,1710,0.2
3018,4994,0.2
3020,3778,0.2
3020,4499,0.2
3024,4955,0.1
3025,6396,0.04
3026,7744,0.2
3026,8346,0.0666666666666667
3029,4478,0.2
3029,6524,0.2
3030,3871,0.2
3031,5453,0.1
3032,9634,0.0666666666666667
3033,268,0.0666666666666667
3034,721,0.1
3034,7976,0.2
3037,8582,0.1
3038,5292,0.1
3039,3030,0.1
3039,3048,0.1
3041,6877,0.1
3041,8988,0.0666666666666667
3043,6122,0.2
3045,218,0.2
3045,5986,0.1
3047,4218,0.2
3047,5247,0.2
3048,8803,0.1
3049,4783,0.1
3049,8445,0.2
3049,8520,0.1
3052,1987,0.1
3053,7869,0.1
3054,9540,0.2
3056,5945,0.1
3057,432,0.0333333333333333
3058,7864,0.1
3060,50,0.0666666666666667
3060,9379,0.2
3061,3880,0.2
3063,1100,0.1
3063,5981,0.1
3065,6709,0.1
3065,9693,0.2
3068,5269,0.2
3070,5677,0.05
3071,3039,0.2
3074,870,0.2
3075,2537,0.1
3076,1453,0.2
3076,5698,0.05
3076,6297,0.2
3077,7107,0.0666666666666667
3077,8516,0.2
3078,7839,0.2
3079,2632,0.2
3082,7435,0.2
3082,9934,0.1
3085,946,0.2
3085,4931,0.2
3085,7372,0.2
3086,1616,0.2
3087,7695,0.1
3091,1440,0.1
3091,6446,0.1
3091,8263,0.2
3093,5213,0.2
3093,9994,0.1
3094,7800,0.1
3095,1923,0.1
3095,2750,0.2
3095,6712,0.1
3096,8523,0.1
3096,9119,0.1
3098,850,0.1
3098,4274,0.1
3100,225,0.1
3104,2703,0.2
3104,7829,0.2
3105,2289,0.1
3106,1154,0.2
3106,7244,0.1
3106,9872,0.0666666666666667
3107,4324,0.2
3109,8376,0.2
3109,8427,0.0666666666666667
3111,8569,0.2
3113,1191,0.2
3113,4237,0.1
3113,7737,0.2
3114,742,0.2
3115,1844,0.2
3115,5423,0.2
3117,3639,0.1
3118,7874,0.1
3119,4337,0.2
3120,3063,0.2
3121,1092,0.1
3123,1078,0.0666666666666667
3123,6206,0.2
3126,2277,0.1
3126,2760,0.1
3126,5763,0.1
3127,5078,0.1
3127,6238,0.0666666666666667
3128,9866,0.1
3129,4755,0.0666666666666667
3131,1544,0.2
3131,1904,0.1
3132,1910,0.2
3132,8247,0.1
3134,2365,0.2
3134,7123,0.2
3134,8536,0.1
3135,9193,0.2
3137,2377,0.1
3138,3041,0.0666666666666667
3139,3109,0.2
3141,5219,0.1
3143,1927,0.2
3145,1342,0.2
3146,5698,0.05
3147,1697,0.0666666666666667
3147,3808,0.2
3147,4438,0.2
3149,759,0.1
3149,4022,0.2
3150,6842,0.0666666666666667
3151,4811,0.2
3152,6773,0.1
3154,3310,0.2
3156,3411,0.2
3156,3715,0.2
3156,9102,0.1
3157,2074,0.2
3158,7366,0.0666666666666667
3159,2294,0.2
3159,4313,0.05
3160,1079,0.1
3160,8215,0.2
3160,8740,0.0666666666666667
3162,3003,0.2
3163,5370,0.2
3163,7168,0.0666666666666667
3163,7711,0.0666666666666667
3165,838,0.1
3166,8102,0.2
3167,2439,0.0666666666666667
3167,2539,0.2
3167,5147,0.1
3169,881,0.2
3170,641,0.2
3170,3068,0.1
3171,719,0.1
3171,2482,0.1
3174,3544,0.0666666666666667
3174,6684,0.0666666666666667
3175,1475,0.1
3175,3024,0.0666666666666667
3175,3358,0.2
3176,836,0.2
3176,3070,0.1
3176,8909,0.2
3177,8243,0.2
3178,4734,0.2
3178,6393,0.2
3178,6809,0.0666666666666667
3179,3912,0.2
3179,7297,0.1
3180,903,0.1
3181,2268,0.2
3183,3124,0.2
3186,4019,0.2
3186,7733,0.0666666666666667
3186,7922,0.0666666666666667
3187,526,0.1
3187,1146,0.1
3188,5166,0.1
3190,6795,0.2
3191,1290,0.1
3191,7990,0.1
3192,9879,0.1
3193,1890,0.1
3193,3887,0.1
3195,4197,0.0666666666666667
3195,4759,0.2
3198,834,0.2
3199,9857,0.2
3200,4548,0.2
3201,8828,0.1
3202,897,0.2
3202,5326,0.0666666666666667
3203,6189,0.0666666666666667
3204,4855,0.05
3204,7493,0.2
3205,5512,0.2
3206,7692,0.2
3208,545,0.1
3208,2366,0.2
3208,9316,0.0666666666666667
3209,21,0.0666666666666667
3210,3421,0.0666666666666667
3210,4849,0.0666666666666667
3211,8046,0.2
3211,8062,0.1
3211,8609,0.05
3211,9378,0.1
3212,2072,0.1
3213,1512,0.1
3213,9470,0.2
3216,6144,0.2
3216,7230,0.2
3217,2141,0.1
3217,3307,0.2
3218,7042,0.1
3219,787,0.1
3219,4621,0.1
3220,974,0.2
3221,4568,0.2
3221,7183,0.0666666666666667
3222,3930,0.1
3222,5417,0.2
3223,633,0.2
3223,7930,0.2
3224,4641,0.2
3224,8701,0.1
3224,9402,0.1
3225,8776,0.1
3226,166,0.2
3228,2199,0.1
3229,930,0.1
3229,5043,0.2
3230,7032,0.2
3231,2712,0.0666666666666667
3232,1500,0.1
3234,6287,0.2
3235,6077,0.0666666666666667
3237,3730,0.0666666666666667
3238,5117,0.2
3240,7797,0.04
3241,2975,0.0666666666666667
3243,2509,0.0666666666666667
3243,5816,0.0666666666666667
3243,8740,0.0666666666666667
3243,9835,0.1
3244,2842,0.04
3245,1486,0.0666666666666667
3245,4625,0.0666666666666667
3251,4502,0.1
3251,5868,0.0666666666666667
3252,6398,0.2
3253,3211,0.2
3256,5401,0.2
3256,9962,0.2
3258,4959,0.2
3260,9618,0.2
3265,5375,0.1
3265,8429,0.2
3266,7298,0.1
3266,7813,0.2
3267,2731,0.2
3267,5446,0.05
3267,7765,0.1
3269,6021,0.1
3271,9690,0.2
3272,4798,0.1
3276,6408,0.1
3276,9789,0.0666666666666667
3277,2871,0.1
3277,4841,0.0666666666666667
3278,9531,0.1
3279,9795,0.2
3280,3315,0.1
3280,8946,0.2
3281,9568,0.2
3282,2689,0.05
3282,7545,0.1
3285,4359,0.1
3286,9951,0.2
3289,9680,0.1
3290,4988,0.2
3291,5014,0.1
3291,7723,0.0666666666666667
3291,7882,0.2
3295,7494,0.2
3296,1321,0.0666666666666667
3298,5699,0.0666666666666667
3298,8121,0.05
3301,4063,0.2
3302,746,0.2
3303,7834,0.1
3305,6218,0.1
3306,814,0.1
3307,2933,0.1
3307,8634,0.2
3308,3244,0.1
3308,3336,0.1
3308,9448,0.2
3309,913,0.04
3309,4072,0.0666666666666667
3309,5864,0.05
3310,4347,0.2
3313,1717,0.0666666666666667
3313,3669,0.0666666666666667
3315,4379,0.2
3315,7892,0.2
3318,2198,0.2
3319,7607,0.1
3321,2810,0.0666666666666667
3322,6793,0.2
3322,8663,0.1
3324,9950,0.1
3326,668,0.2
3326,3482,0.2
3327,1541,0.2
3329,1731,0.2
3329,6525,0.2
3329,9005,0.2
3330,4622,0.0666666666666667
3331,724,0.2
3335,9100,0.1
3338,9968,0.1
3339,6991,0.2
3340,8196,0.2
3341,3729,0.2
3341,8728,0.1
3343,5253,0.2
3344,5989,0.2
3346,6361,0.1
3347,2349,0.1
3348,2842,0.04
3349,9705,0.1
3350,1475,0.1
3350,6193,0.2
3350,8461,0.0666666666666667
3353,9572,0.1
3355,2720,0.04
3355,7327,0.1
3356,660,0.2
3356,2427,0.2
3364,1932,0.1
3364,4468,0.05
3368,1063,0.1
3368,1779,0.2
3370,2793,0.1
3374,6613,0.1
3375,9549,0.1
3377,8210,0.2
3379,8212,0.1
3382,480,0.0666666666666667
3384,5236,0.1
3384,8711,0.1
3384,9179,0.1
3388,2140,0.1
3389,3711,0.2
3394,4204,0.1
3394,8401,0.0666666666666667
3395,5101,0.2
3398,1934,0.2
3398,2456,0.1
3398,4731,0.05
3400,2622,0.2
3402,7311,0.1
3403,9739,0.2
3404,4318,0.0666666666666667
3405,6444,0.0666666666666667
3406,5861,0.2
3406,9518,0.2
3408,762,0.2
3408,9445,0.2
3410,730,0.1
3411,490,0.0333333333333333
3411,3926,0.0666666666666667
3411,4075,0.1
3411,6915,0.1
3412,4202,0.1
3414,1758,0.05
3414,2396,0.1
3415,6488,0.1
3416,2910,0.2
3416,6107,0.2
3417,4599,0.04
3417,9789,0.0666666666666667
3419,4986,0.2
3419,8039,0.1
3422,204,0.0666666666666667
3424,5556,0.2
3424,7420,0.1
3425,4597,0.2
3425,6243,0.1
3426,9473,0.1
3427,50,0.0666666666666667
3427,2773,0.2
3429,1165,0.1
3429,3038,0.0666666666666667
3429,4441,0.2
3430,2713,0.0666666666666667
3431,4527,0.2
3433,121,0.2
3433,3973,0.1
3433,5707,0.1
3435,2430,0.0666666666666667
3437,3804,0.1
3437,5743,0.0666666666666667
3439,7680,0.0666666666666667
3440,9643,0.2
3441,3291,0.2
3442,2619,0.2
3445,3773,0.1
3445,7735,0.2
3446,3667,0.2
3449,2856,0.2
3450,5803,0.0666666666666667
3450,8732,0.2
3452,1959,0.1
3453,8626,0.2
3454,6672,0.1
3454,7150,0.2
3455,1413,0.1
3459,1261,0.2
3459,5219,0.1
3460,8609,0.05
3461,8073,0.2
3461,9242,0.1
3462,6576,0.1
3463,4142,0.05
3464,2884,0.1
3465,8576,0.2
3466,5917,0.1
3467,8023,0.1
3468,4779,0.1
3469,7061,0.05
3469,8848,0.05
3471,6901,0.1
3472,2554,0.1
3473,4468,0.05
3473,5878,0.2
3473,6789,0.2
3474,351,0.2
3475,9637,0.2
3476,7089,0.1
3476,8606,0.0666666666666667
3478,3524,0.1
3481,2844,0.1
3482,2202,0.1
3487,3352,0.2
3489,6100,0.2
3490,7301,0.2
3490,9156,0.2
3493,4294,0.1
3494,4846,0.2
3496,3577,0.2
3496,9040,0.2
3497,1058,0.1
3498,2302,0.2
3500,9310,0.1
3501,757,0.2
3501,2487,0.1
3501,3470,0.2
3503,9631,0.2
3504,7684,0.2
3506,1429,0.1
3506,2410,0.2
3509,8927,0.2
3510,2888,0.1
3512,186,0.1
3513,3217,0.0666666666666667
3513,4430,0.1
3514,8416,0.0666666666666667
3516,7069,0.2
3516,8188,0.2
3517,926,0.1
3517,3887,0.1
3518,9310,0.1
3519,7284,0.2
3519,8461,0.0666666666666667
3521,9825,0.0666666666666667
3523,542,0.2
3524,4173,0.1
3526,446,0.2
3526,8302,0.2
3527,8164,0.1
3528,3605,0.2
3528,4530,0.1
3530,5791,0.2
3531,9899,0.1
3532,567,0.2
3533,4668,0.1
3534,242,0.2
3535,3769,0.1
3536,1890,0.1
3537,1439,0.1
3540,106,0.2
3541,2119,0.1
3541,4622,0.0666666666666667
3541,9553,0.1
3542,3817,0.2
3542,6217,0.2
3543,4783,0.1
3543,5666,0.0666666666666667
3544,3643,0.1
3544,6531,0.0666666666666667
3545,3254,0.2
3546,1241,0.2
3547,3448,0.05
3548,1259,0.1
3549,2170,0.0666666666666667
3551,3276,0.1
3552,7009,0.2
3553,5963,0.2
3554,8806,0.1
3557,4980,0.2
3557,5539,0.1
3557,6074,0.2
3558,6476,0.2
3558,8591,0.0666666666666667
3559,1209,0.2
3562,1339,0.0666666666666667
3562,3038,0.0666666666666667
3564,393,0.1
3568,3797,0.2
3570,7752,0.1
3571,5131,0.0666666666666667
3572,615,0.2
3572,8552,0.04
3573,3319,0.1
3574,308,0.0666666666666667
3574,3043,0.1
3574,8806,0.1
3575,6396,0.04
3577,1259,0.1
3579,4411,0.2
3583,1915,0.0666666666666667
3583,2280,0.2
3585,3365,0.0666666666666667
3585,4902,0.1
3586,7633,0.1
3588,894,0.0666666666666667
3588,1948,0.2
3588,9730,0.2
3589,1595,0.1
3592,2222,0.2
3592,3420,0.2
3595,3322,0.1
3595,5231,0.05
3598,3928,0.2
3599,730,0.1
3599,7437,0.1
3599,8416,0.0666666666666667
3604,8189,0.1
3608,3257,0.0666666666666667
3609,6567,0.1
3610,7329,0.2
3612,6306,0.1
3614,2352,0.1
3614,7964,0.0666666666666667
3615,8901,0.0666666666666667
3616,454,0.2
3620,5072,0.1
3621,3524,0.1
3622,6735,0.1
3623,6035,0.2
3623,8216,0.0666666666666667
3624,3464,0.05
3625,3146,0.0666666666666667
3625,4135,0.2
3627,465,0.1
3628,9974,0.1
3629,585,0.1
3630,5603,0.1
3630,7824,0.0666666666666667
3631,844,0.05
3632,8418,0.0666666666666667
3633,2078,0.2
3633,9890,0.0666666666666667
3634,396,0.05
3634,8707,0.0333333333333333
3636,1670,0.2
3638,889,0.0666666666666667
3638,5312,0.1
3638,5555,0.1
3638,7304,0.2
3640,4856,0.05
3640,6662,0.2
3640,7086,0.1
3641,1956,0.0666666666666667
3641,3157,0.0666666666666667
3642,678,0.2
3642,2639,0.2
3642,6756,0.1
3642,9507,0.2
3643,2428,0.1
3643,4126,0.1
3643,5367,0.1
3643,5776,0.2
3643,7586,0.1
3647,5754,0.2
3648,6729,0.2
3648,9447,0.2
3650,3406,0.2
3650,9751,0.1
3651,5480,0.1
3653,445,0.2
3653,490,0.0333333333333333
3653,4867,0.1
3656,6614,0.1
3657,2812,0.1
3657,9154,0.0666666666666667
3658,2290,0.0666666666666667
3660,6458,0.1
3662,9969,0.1
3663,2306,0.2
3664,7426,0.1
3666,910,0.2
3666,1662,0.1
3667,2759,0.1
3668,4413,0.2
3673,5506,0.2
3673,9787,0.2
3675,3511,0.2
3675,9058,0.1
3676,7938,0.1
3677,5901,0.2
3679,9593,0.2
3680,3033,0.04
3680,4262,0.1
3681,1461,0.2
3681,8192,0.1
3683,569,0.05
3683,1050,0.2
3683,3065,0.1
3683,9842,0.2
3688,1549,0.0666666666666667
3689,586,0.2
3689,9356,0.0666666666666667
3692,4166,0.2
3693,5083,0.1
3693,9478,0.0666666666666667
3694,4062,0.1
3694,9026,0.1
3699,7155,0.2
3699,8707,0.0333333333333333
3700,7005,0.2
3700,8684,0.1
3707,7469,0.1
3707,8414,0.1
3708,8562,0.1
3709,9815,0.1
3710,4741,0.2
3715,7781,0.1
3717,263,0.2
3717,520,0.1
3719,4788,0.0666666666666667
3720,9444,0.2
3721,4145,0.0666666666666667
3721,9205,0.1
3727,1059,0.1
3727,6596,0.2
3728,1742,0.0666666666666667
3728,4816,0.2
3728,7430,0.2
3729,7326,0.2
3733,7448,0.0666666666666667
3737,5798,0.0666666666666667
3738,1720,0.0666666666666667
3740,6079,0.1
3741,3690,0.1
3744,6901,0.1
3745,6304,0.2
3745,6998,0.2
3746,5584,0.05
3747,9911,0.1
3748,8228,0.0666666666666667
3749,3677,0.2
3750,4695,0.1
3751,2902,0.05
3751,3436,0.2
3751,7443,0.1
3754,3392,0.0666666666666667
3754,9098,0.1
3756,5960,0.2
3758,5297,0.1
3758,7978,0.2
3759,2678,0.1
3759,8737,0.0666666666666667
3760,7406,0.1
3764,6990,0.2
3766,9056,0.1
3767,4060,0.1
3767,6569,0.2
3770,3516,0.2
3770,3919,0.2
3771,6416,0.0666666666666667
3771,8418,0.0666666666666667
3773,2472,0.2
3773,2883,0.2
3774,259,0.1
3774,844,0.05
3776,308,0.0666666666666667
3779,4840,0.2
3779,8172,0.2
3782,4630,0.2
3782,7046,0.2
3783,4731,0.05
3784,382,0.1
3784,4480,0.1
3785,9097,0.2
3788,3202,0.1
3788,8813,0.2
3789,3299,0.0666666666666667
3791,5859,0.2
3794,2357,0.1
3795,4149,0.0666666666666667
3796,2504,0.1
3796,5023,0.2
3796,8948,0.0666666666666667
3796,9683,0.1
3797,4184,0.2
3799,2287,0.2
3799,4107,0.2
3800,338,0.2
3800,6546,0.0666666666666667
3801,6684,0.0666666666666667
3801,8434,0.2
3802,1786,0.1
3803,7549,0.0666666666666667
3805,3402,0.1
3805,5116,0.2
3806,1790,0.1
3808,2279,0.1
3808,2512,0.2
3809,9110,0.2
3811,3793,0.1
3811,7771,0.2
3811,8238,0.0666666666666667
3811,8391,0.2
3813,7487,0.1
3814,5031,0.0666666666666667
3814,7022,0.2
3814,7389,0.1
3815,7906,0.2
3815,9228,0.1
3816,4675,0.1
3818,2794,0.1
3818,3041,0.0666666666666667
3818,4270,0.0666666666666667
3819,509,0.2
3821,8523,0.1
3822,551,0.1
3823,4842,0.2
3824,3849,0.1
3824,8958,0.1
3825,8600,0.2
3826,1115,0.2
3829,8135,0.0666666666666667
3833,2848,0.2
3833,9138,0.1
3838,3088,0.2
3839,2156,0.2
3840,7076,0.0666666666666667
3840,9983,0.1
3842,1345,0.2
3844,7437,0.1
3845,490,0.0333333333333333
3845,3765,0.2
3848,5937,0.05
3848,9265,0.1
3849,2008,0.2
3850,1792,0.2
3850,8074,0.2
3850,9167,0.2
3851,3215,0.2
3851,7132,0.1
3852,2009,0.2
3852,3140,0.0666666666666667
3852,5084,0.1
3852,7345,0.2
3852,7952,0.1
3854,5970,0.2
3855,503,0.1
3857,9776,0.2
3859,8503,0.2
3860,2471,0.05
3860,6603,0.1
3862,5727,0.0666666666666667
3863,4192,0.2
3864,7589,0.2
3864,9157,0.2
3865,4578,0.0666666666666667
3870,2449,0.2
3870,3799,0.1
3870,7119,0.2
3872,1873,0.0666666666666667
3872,7221,0.1
3872,7733,0.0666666666666667
3873,569,0.05
3873,758,0.2
3875,3357,0.1
3878,434,0.2
3878,3532,0.1
3879,7314,0.0666666666666667
3880,3820,0.2
3885,5329,0.2
3885,6085,0.2
3887,9945,0.2
3888,2323,0.2
3889,2279,0.1
3889,4031,0.1
3890,6839,0.1
3890,9936,0.2
3892,5673,0.2
3894,1771,0.1
3894,9604,0.1
3897,3032,0.1
3897,7116,0.1
3901,754,0.2
3901,9771,0.1
3902,1008,0.1
3904,7763,0.1
3909,5133,0.1
3910,8481,0.1
3912,5268,0.2
3913,2431,0.1
3914,1069,0.0666666666666667
3914,8161,0.1
3915,2647,0.0666666666666667
3915,9634,0.0666666666666667
3920,3674,0.1
3922,2586,0.1
3925,9346,0.1
3926,5913,0.2
3927,7073,0.1
3929,2793,0.1
3930,790,0.0666666666666667
3930,9032,0.0666666666666667
3931,1083,0.1
3931,5925,0.1
3932,1923,0.1
3934,6061,0.2
3937,5025,0.0666666666666667
3937,5473,0.0666666666666667
3937,8581,0.0666666666666667
3939,2308,0.04
3941,2212,0.0666666666666667
3942,2604,0.2
3943,1712,0.0666666666666667
3944,8985,0.2
3945,5799,0.1
3946,9701,0.0666666666666667
3948,807,0.2
3949,1514,0.2
3950,6960,0.2
3952,9383,0.2
3953,8930,0.05
3954,2376,0.2
3961,7797,0.04
3962,4435,0.1
3963,6670,0.2
3967,6482,0.2
3968,4451,0.2
3970,1288,0.0666666666666667
3970,4363,0.2
3971,989,0.1
3971,4652,0.2
3973,2352,0.1
3973,4417,0.1
3973,6658,0.2
3974,5634,0.2
3976,1882,0.2
3978,5770,0.2
3979,516,0.0666666666666667
3979,9358,0.1
3980,1554,0.2
3980,2591,0.2
3980,4809,0.1
3981,3755,0.1
3983,1963,0.1
3983,8970,0.2
3984,731,0.1
3985,3860,0.0666666666666667
3985,6558,0.2
3986,366,0.2
3986,7611,0.0666666666666667
3986,8390,0.2
3987,2439,0.0666666666666667
3991,421,0.2
3992,3587,0.2
3994,7283,0.2
3994,9134,0.1
3998,8807,0.2
3998,9010,0.2
3999,585,0.1
3999,3021,0.2
3999,5644,0.2
4000,2822,0.1
4000,5238,0.1
4001,2465,0.0666666666666667
4002,7760,0.1
4002,8164,0.1
4003,9023,0.2
4004,2416,0.2
4004,5036,0.1
4004,9654,0.2
4005,6291,0.1
4005,8972,0.0666666666666667
4006,1466,0.1
4006,4176,0.2
4006,4808,0.1
4007,913,0.04
4008,4664,0.2
4009,4772,0.1
4011,9801,0.0666666666666667
4013,3024,0.0666666666666667
4013,3256,0.2
4016,1172,0.2
4018,8110,0.2
4021,4901,0.2
4021,8381,0.0666666666666667
4023,5557,0.2
4023,8321,0.0666666666666667
4024,1662,0.1
4024,4582,0.2
4025,5369,0.04
4026,6741,0.2
4028,1818,0.2
4029,1988,0.2
4030,212,0.2
4032,2687,0.2
4033,3064,0.2
4034,7673,0.1
4035,1058,0.1
4035,5819,0.0666666666666667
4035,8592,0.0666666666666667
4038,6724,0.2
4039,3641,0.04
4041,7434,0.2
4042,1847,0.2
4043,5682,0.1
4044,4612,0.1
4045,12,0.0666666666666667
4047,4658,0.1
4048,6090,0.0666666666666667
4048,7891,0.1
4050,6657,0.1
4051,9943,0.1
4055,8468,0.1
4056,5438,0.2
4057,9220,0.2
4058,1700,0.1
4060,7029,0.0666666666666667
4062,1190,0.1
4062,3877,0.0666666666666667
4062,7126,0.2
4065,2624,0.2
4065,3649,0.1
4065,4937,0.2
4065,5426,0.2
4065,7958,0.1
4066,1131,0.2
4068,3233,0.1
4068,6446,0.1
4070,162,0.2
4070,7736,0.2
4072,17,0.2
4072,8438,0.2
4074,7767,0.1
4075,6017,0.1
4075,6116,0.05
4075,9957,0.2
4077,8552,0.04
4078,2686,0.1
4080,4823,0.1
4084,4003,0.0666666666666667
4086,4246,0.1
4087,577,0.1
4087,9854,0.2
4088,7245,0.1
4090,5821,0.2
4093,1406,0.1
4093,2092,0.2
4097,3527,0.1
4098,5285,0.0666666666666667
4098,8408,0.1
4100,1838,0.2
4101,2000,0.1
4101,8652,0.2
4102,5880,0.2
4103,1363,0.1
4103,2689,0.05
4104,197,0.2
4106,59,0.2
4106,4760,0.2
4107,1097,0.0666666666666667
4108,1410,0.2
4108,1483,0.1
4110,2558,0.0666666666666667
4110,5210,0.0666666666666667
4111,4587,0.05
4113,9144,0.2
4114,7849,0.2
4115,6,0.1
4116,5165,0.0666666666666667
4118,6021,0.1
4121,5545,0.0666666666666667
4121,9626,0.2
4122,9043,0.2
4123,4172,0.0666666666666667
4124,4640,0.05
4125,9047,0.1
4129,143,0.1
4133,4433,0.1
4133,9105,0.05
4135,164,0.2
4135,2978,0.2
4135,9874,0.2
4136,8748,0.2
4137,4017,0.2
4137,6098,0.2
4137,7772,0.1
4138,8937,0.05
4139,3852,0.2
4140,618,0.05
4140,1960,0.1
4140,6636,0.0666666666666667
4141,2964,0.1
4142,5352,0.1
4142,7198,0.0666666666666667
4142,7921,0.1
4143,4504,0.2
4143,8106,0.05
4145,8135,0.0666666666666667
4148,2511,0.2
4150,5257,0.1
4151,4555,0.2
4154,2309,0.1
4156,207,0.1
4156,7463,0.1
4156,9570,0.0666666666666667
4158,628,0.05
4158,5287,0.1
4158,5617,0.0666666666666667
4158,7469,0.1
4159,7886,0.1
4160,5112,0.2
4161,5402,0.0666666666666667
4162,1743,0.0666666666666667
4162,7209,0.04
4163,2395,0.1
4167,3157,0.0666666666666667
4167,9350,0.1
4170,1069,0.0666666666666667
4170,9755,0.2
4173,2444,0.0666666666666667
4173,7061,0.05
4175,3956,0.1
4175,6698,0.05
4176,4807,0.1
4177,6087,0.2
4177,7196,0.1
4182,2383,0.2
4183,3786,0.1
4185,9585,0.2
4186,3044,0.1
4186,3144,0.2
4186,4682,0.1
4187,7575,0.2
4187,9294,0.2
4188,4424,0.2
4190,1245,0.2
4190,8965,0.0666666666666667
4192,5224,0.1
4193,2133,0.2
4194,3450,0.2
4195,495,0.2
4195,5402,0.0666666666666667
4196,3232,0.0666666666666667
4196,8337,0.2
4197,4172,0.0666666666666667
4198,9132,0.1
4201,561,0.2
4202,5278,0.2
4203,1307,0.1
4204,82,0.1
4209,2045,0.2
4209,2945,0.1
4209,3967,0.2
4210,3191,0.1
4210,6417,0.2
4211,935,0.2
4211,3841,0.2
4212,2828,0.0666666666666667
4214,3802,0.1
4215,713,0.2
4216,7904,0.2
4216,7921,0.1
4218,4906,0.0666666666666667
4220,6281,0.2
4222,4066,0.0666666666666667
4222,8122,0.2
4222,9094,0.2
4223,2479,0.2
4223,8304,0.2
4224,4230,0.0666666666666667
4225,3320,0.1
4226,1156,0.0666666666666667
4227,432,0.0333333333333333
4227,2965,0.1
4228,7014,0.1
4229,8687,0.04
4229,8707,0.0333333333333333
4230,5711,0.1
4230,7983,0.2
4231,8558,0.05
4232,1899,0.0666666666666667
4234,2825,0.2
4236,4658,0.1
4236,6136,0.1
4240,9164,0.1
4244,972,0.2
4246,1903,0.2
4247,9860,0.05
4252,6233,0.2
4257,5562,0.1
4258,1468,0.2
4260,849,0.1
4260,7221,0.1
4262,4698,0.2
4267,5601,0.0666666666666667
4268,5848,0.2
4268,8853,0.1
4269,42,0.2
4274,1121,0.0666666666666667
4274,2739,0.2
4275,4614,0.2
4276,427,0.1
4277,1862,0.1
4277,7014,0.1
4278,1556,0.0666666666666667
4282,6308,0.0666666666666667
4284,5162,0.1
4285,2415,0.2
4287,6452,0.2
4289,9308,0.05
4290,6883,0.1
4290,7261,0.2
4290,9674,0.2
4291,5666,0.0666666666666667
4291,9793,0.2
4293,997,0.0666666666666667
4293,3545,0.2
4294,1674,0.0666666666666667
4296,5255,0.1
4297,4704,0.1
4301,6048,0.2
4301,9331,0.1
4302,5560,0.2
4303,7911,0.0666666666666667
4304,2852,0.05
4304,5680,0.2
4306,4259,0.0666666666666667
4307,9341,0.0666666666666667
4308,2897,0.2
4312,1120,0.0666666666666667
4312,4753,0.2
4312,7451,0.1
4313,1526,0.05
4313,6128,0.1
4315,8310,0.2
4317,1388,0.2
4317,4075,0.1
4318,7726,0.2
4320,1963,0.1
4321,6062,0.0666666666666667
4321,6827,0.1
4321,7100,0.0666666666666667
4322,3222,0.2
4323,3477,0.1
4324,9362,0.2
4326,7729,0.0666666666666667
4326,7955,0.1
4328,3433,0.1
4333,2937,0.2
4334,775,0.2
4338,7610,0.1
4341,6680,0.2
4343,225,0.1
4344,292,0.2
4344,7483,0.2
4346,357,0.0666666666666667
4346,7300,0.0666666666666667
4347,9986,0.2
4348,19,0.1
4348,3392,0.0666666666666667
4349,5106,0.2
4349,5803,0.0666666666666667
4352,1720,0.0666666666666667
4352,9826,0.0666666666666667
4355,926,0.1
4355,6656,0.1
4355,9707,0.2
4356,7552,0.2
4357,1080,0.0666666666666667
4357,4786,0.2
4357,7678,0.2
4357,8852,0.2
4359,139,0.2
4359,1720,0.0666666666666667
4359,2611,0.0666666666666667
4360,6554,0.1
4361,3936,0.2
4361,9119,0.1
4362,2350,0.2
4362,8139,0.1
4364,1595,0.1
4364,4996,0.0666666666666667
4365,9807,0.2
4367,5499,0.0666666666666667
4367,8937,0.05
4369,2402,0.1
4370,7163,0.0666666666666667
4371,8254,0.2
4371,8963,0.1
4372,1108,0.2
4373,8575,0.0666666666666667
4375,5462,0.2
4376,2475,0.2
4377,784,0.05
4377,1267,0.1
4377,6692,0.2
4380,8554,0.2
4380,9706,0.2
4382,5320,0.2
4383,1962,0.2
4384,2293,0.0666666666666667
4386,2060,0.1
4386,6503,0.1
4386,8486,0.0666666666666667
4389,8395,0.2
4390,4943,0.0666666666666667
4392,3838,0.1
4393,4802,0.2
4394,8640,0.2
4398,9426,0.1
4400,2647,0.0666666666666667
4400,6663,0.1
4400,9552,0.2
4407,3694,0.0666666666666667
4408,1013,0.2
4408,4622,0.0666666666666667
4408,5623,0.05
4408,6095,0.1
4409,2911,0.2
4410,1669,0.2
4413,8685,0.2
4414,7679,0.1
4415,8972,0.0666666666666667
4416,1549,0.0666666666666667
4417,4215,0.1
4420,5348,0.1
4422,9478,0.0666666666666667
4423,1622,0.2
4423,2482,0.1
4427,817,0.1
4427,8631,0.2
4427,9992,0.0666666666666667
4429,2659,0.2
4429,7166,0.2
4429,7937,0.1
4430,9,0.2
4432,502,0.05
4432,5592,0.2
4436,726,0.2
4436,2309,0.1
4437,9848,0.0666666666666667
4438,2072,0.1
4438,3544,0.0666666666666667
4438,5072,0.1
4439,1756,0.0666666666666667
4441,2948,0.2
4441,6509,0.1
4442,7466,0.2
4443,4779,0.1
4443,7990,0.1
4446,583,0.05
4447,1036,0.2
4447,1703,0.1
4447,9602,0.2
4449,6787,0.0666666666666667
4449,9760,0.2
4451,6104,0.1
4452,2405,0.0666666666666667
4453,5093,0.1
4453,9338,0.1
4455,239,0.2
4456,2292,0.2
4456,8167,0.2
4457,319,0.2
4457,472,0.0666666666666667
4458,4274,0.1
4459,4031,0.1
4459,4958,0.2
4460,8581,0.0666666666666667
4463,490,0.0333333333333333
4464,6078,0.1
4465,5577,0.2
4466,5911,0.2
4467,8883,0.1
4468,3719,0.0666666666666667
4469,1026,0.1
4470,2465,0.0666666666666667
4470,5561,0.2
4471,9237,0.1
4472,2038,0.2
4473,2633,0.2
4473,6391,0.05
4473,9205,0.1
4474,1515,0.1
4474,2405,0.0666666666666667
4475,5237,0.0666666666666667
4484,8053,0.2
4485,5196,0.0666666666666667
4485,6522,0.2
4486,9731,0.0666666666666667
4490,1563,0.1
4490,7384,0.2
4492,7074,0.05
4495,8938,0.2
4496,4152,0.1
4496,8374,0.2
4497,2117,0.2
4498,4221,0.1
4499,3148,0.2
4499,3910,0.1
4501,4554,0.1
4501,7281,0.2
4502,9315,0.2
4503,2080,0.2
4503,3523,0.1
4504,6690,0.1
4505,9680,0.1
4506,571,0.1
4506,2379,0.1
4506,2615,0.2
4510,5516,0.1
4512,1335,0.2
4513,7036,0.0666666666666667
4514,3658,0.2
4515,1576,0.2
4515,5355,0.2
4515,8187,0.2
4516,3728,0.05
4516,9073,0.2
4517,3328,0.0666666666666667
4518,3360,0.0666666666666667
4518,4800,0.0666666666666667
4518,4927,0.2
4518,9196,0.1
4519,9105,0.05
4523,3316,0.2
4523,5795,0.05
4524,2430,0.0666666666666667
4524,7807,0.1
4525,4491,0.2
4526,2233,0.2
4526,4599,0.04
4527,1982,0.2
4527,2064,0.0666666666666667
4527,4420,0.2
4528,8934,0.2
4529,3884,0.2
4532,502,0.05
4536,5591,0.2
4537,763,0.2
4540,4145,0.0666666666666667
4541,150,0.2
4542,9449,0.0666666666666667
4543,6973,0.0666666666666667
4546,4957,0.05
4547,472,0.0666666666666667
4547,5942,0.1
4547,8158,0.2
4547,8404,0.1
4548,8199,0.0666666666666667
4549,9695,0.1
4552,7519,0.1
4553,281,0.0666666666666667
4553,4968,0.1
4554,3956,0.1
4555,576,0.0666666666666667
4557,1822,0.0666666666666667
4560,2375,0.2
4561,727,0.1
4561,4343,0.1
4561,9982,0.1
4562,3670,0.1
4563,718,0.1
4563,5245,0.1
4564,1701,0.2
4564,3309,0.1
4566,5455,0.1
4567,9058,0.1
4568,7535,0.1
4569,3621,0.1
4570,2316,0.1
4572,4227,0.2
4572,9308,0.05
4573,2257,0.2
4575,7085,0.04
4577,4092,0.2
4577,9285,0.2
4579,564,0.2
4579,1298,0.2
4579,1786,0.1
4580,8403,0.2
4581,9815,0.1
4582,396,0.05
4586,9052,0.2
4590,3388,0.1
4591,167,0.0666666666666667
4591,3673,0.1
4591,7515,0.2
4591,8636,0.1
4593,3298,0.1
4593,6462,0.1
4593,7517,0.1
4593,8524,0.2
4594,1045,0.1
4594,5623,0.05
4595,5740,0.1
4595,5896,0.2
4595,6091,0.2
4596,93,0.1
4598,362,0.2
4599,1997,0.0666666666666667
4600,8033,0.2
4601,8328,0.2
4602,5617,0.0666666666666667
4602,6712,0.1
4604,340,0.0666666666666667
4604,3628,0.2
4604,6930,0.2
4605,4318,0.0666666666666667
4607,7721,0.2
4608,118,0.2
4610,2788,0.0666666666666667
4610,4486,0.1
4610,8975,0.1
4610,9843,0.2
4612,3279,0.1
4616,6396,0.04
4618,8594,0.05
4621,3257,0.0666666666666667
4624,9136,0.05
4626,6015,0.2
4628,2026,0.1
4628,6604,0.1
4628,8704,0.0666666666666667
4629,2223,0.0666666666666667
4629,7391,0.2
4630,165,0.2
4633,4018,0.1
4633,7374,0.2
4634,6152,0.1
4634,6767,0.2
4634,6850,0.2
4638,6177,0.1
4640,8089,0.2
4641,1033,0.2
4642,7467,0.05
4644,1678,0.0666666666666667
4647,4782,0.1
4650,3180,0.2
4650,8183,0.2
4654,7072,0.1
4655,5773,0.1
4656,9570,0.0666666666666667
4661,3613,0.1
4661,6507,0.0666666666666667
4663,4469,0.2
4663,9964,0.2
4664,1078,0.0666666666666667
4665,438,0.1
4665,6928,0.2
4665,7682,0.1
4668,7134,0.0666666666666667
4671,1707,0.2
4671,2509,0.0666666666666667
4671,3260,0.1
4671,9108,0.1
4673,5799,0.1
4674,2179,0.0666666666666667
4674,3491,0.2
4674,9770,0.1
4675,5016,0.2
4675,8465,0.1
4676,9244,0.2
4677,5013,0.2
4677,7256,0.2
4680,7085,0.04
4682,502,0.05
4683,8005,0.1
4686,1231,0.1
4688,1472,0.2
4688,4044,0.2
4689,8141,0.05
4690,736,0.2
4691,4452,0.2
4691,5344,0.1
4693,2464,0.1
4695,749,0.2
4695,4325,0.2
4695,7888,0.2
4698,3860,0.0666666666666667
4699,1000,0.0666666666666667
4699,2554,0.1
4699,3332,0.1
4699,6238,0.0666666666666667
4700,7914,0.2
4700,8415,0.2
4701,5669,0.0666666666666667
4702,3809,0.1
4702,6516,0.2
4703,390,0.2
4704,2343,0.1
4705,8922,0.1
4706,3343,0.2
4706,8859,0.1
4706,9898,0.2
4707,3277,0.0666666666666667
4707,5743,0.0666666666666667
4708,2245,0.0666666666666667
4708,5172,0.2
4709,2457,0.05
4711,2724,0.2
4713,450,0.2
4714,1633,0.1
4714,7154,0.2
4715,6843,0.2
4715,9355,0.1
4717,9833,0.1
4718,915,0.2
4718,2007,0.1
4719,568,0.2
4721,4295,0.1
4721,6401,0.1
4721,8677,0.2
4723,2483,0.2
4724,3947,0.1
4725,8686,0.0666666666666667
4727,4865,0.1
4729,2547,0.1
4729,3809,0.1
4730,531,0.1
4730,7833,0.1
4731,5164,0.2
4733,2819,0.2
4733,6486,0.1
4733,8577,0.0666666666666667
4734,882,0.2
4734,2228,0.2
4734,6117,0.0666666666666667
4734,9837,0.1
4736,2499,0.2
4736,6936,0.2
4736,9762,0.0666666666666667
4737,2139,0.2
4737,5932,0.1
4740,809,0.1
4740,933,0.2
4741,5410,0.2
4741,5732,0.1
4741,5969,0.2
4742,3189,0.0666666666666667
4745,3284,0.2
4745,3459,0.1
4746,8431,0.2
4749,244,0.0666666666666667
4749,2868,0.2
4749,9022,0.2
4751,2399,0.1
4753,808,0.1
4754,4384,0.2
4757,5368,0.1
4758,6073,0.1
4758,6430,0.2
4760,519,0.0666666666666667
4762,4197,0.0666666666666667
4762,7613,0.2
4763,9060,0.0666666666666667
4765,3724,0.2
4766,1018,0.1
4770,5742,0.1
4771,5007,0.1
4771,5356,0.1
4772,83,0.2
4772,6033,0.2
4773,5488,0.2
4776,1377,0.04
4777,8894,0.1
4778,6791,0.2
4779,8301,0.2
4780,6488,0.1
4781,7251,0.2
4782,2522,0.2
4782,3925,0.1
4782,8420,0.1
4783,651,0.1
4785,6199,0.2
4787,1989,0.2
4787,7728,0.2
4789,6283,0.2
4790,6416,0.0666666666666667
4792,818,0.2
4792,6212,0.2
4793,9754,0.1
4794,3837,0.2
4794,4442,0.0666666666666667
4795,4682,0.1
4795,7626,0.2
4796,1582,0.0666666666666667
4797,1784,0.2
4798,5466,0.2
4799,1511,0.1
4799,8641,0.2
4800,6013,0.2
4804,5190,0.0666666666666667
4804,6607,0.1
4805,4784,0.1
4805,6931,0.1
4806,1366,0.0666666666666667
4807,3044,0.1
4808,7877,0.1
4809,7386,0.1
4811,2631,0.2
4812,9433,0.2
4813,9564,0.04
4815,2699,0.1
4815,7525,0.2
4818,5341,0.2
4819,18,0.2
4822,2682,0.1
4824,5544,0.1
4824,8229,0.0666666666666667
4825,661,0.1
4825,2041,0.1
4825,7644,0.1
4827,559,0.2
4827,2369,0.2
4829,466,0.2
4829,2212,0.0666666666666667
4829,6827,0.1
4830,7084,0.2
4831,2277,0.1
4836,1896,0.2
4838,4429,0.1
4840,2711,0.0666666666666667
4840,4537,0.1
4840,4893,0.0666666666666667
4842,880,0.2
4842,7630,0.0666666666666667
4843,3210,0.1
4845,1437,0.1
4845,4190,0.1
4850,1517,0.2
4851,3249,0.2
4851,3267,0.1
4854,5925,0.1
4855,3203,0.1
4856,289,0.2
4857,3059,0.0666666666666667
4857,3825,0.05
4858,6494,0.2
4859,9425,0.1
4860,7680,0.0666666666666667
4863,1795,0.1
4863,4326,0.1
4864,4851,0.2
4867,4421,0.1
4867,6864,0.2
4867,7432,0.2
4868,4352,0.2
4869,1531,0.0666666666666667
4871,8481,0.1
4872,7742,0.2
4874,4282,0.2
4876,698,0.2
4876,6841,0.1
4876,9944,0.2
4877,4297,0.1
4878,894,0.0666666666666667
4878,2239,0.2
4879,3800,0.2
4880,9080,0.1
4884,8964,0.0666666666666667
4886,1073,0.2
4887,5864,0.05
4888,8037,0.1
4889,3641,0.04
4889,4848,0.0666666666666667
4890,327,0.2
4891,7093,0.1
4892,350,0.2
4892,2913,0.2
4897,8160,0.0666666666666667
4898,7079,0.2
4899,2981,0.2
4900,8712,0.2
4902,5218,0.0666666666666667
4903,7195,0.0666666666666667
4904,4172,0.0666666666666667
4904,7580,0.2
4906,2110,0.1
4906,5862,0.1
4907,9533,0.2
4908,119,0.2
4909,5780,0.1
4912,9055,0.05
4914,432,0.0333333333333333
4914,4543,0.2
4914,5353,0.05
4914,5743,0.0666666666666667
4915,6733,0.2
4917,4131,0.2
4917,6996,0.2
4919,3806,0.2
4920,3932,0.0666666666666667
4920,9225,0.0666666666666667
4922,2000,0.1
4922,5596,0.2
4923,1011,0.0666666666666667
4923,6664,0.2
4923,8069,0.0666666666666667
4923,9065,0.2
4925,5196,0.0666666666666667
4926,6014,0.2
4929,7243,0.2
4929,9918,0.2
4930,2109,0.2
4930,2243,0.1
4930,5687,0.2
4930,7026,0.2
4930,8591,0.0666666666666667
4932,7945,0.1
4932,9070,0.2
4934,2608,0.05
4934,8199,0.0666666666666667
4939,57,0.1
4939,3568,0.0666666666666667
4939,8078,0.1
4942,5236,0.1
4942,7034,0.2
4943,8195,0.1
4946,6315,0.2
4946,8700,0.2
4947,2107,0.2
4947,5767,0.2
4948,6152,0.1
4950,7517,0.1
4951,3464,0.05
4952,2485,0.2
4952,5654,0.2
4955,6698,0.05
4955,9940,0.1
4956,7810,0.2
4958,5440,0.05
4959,285,0.2
4959,7294,0.1
4959,9151,0.1
4960,7457,0.2
4961,8547,0.2
4963,8695,0.2
4967,3140,0.0666666666666667
4967,3678,0.1
4970,122,0.2
4970,3657,0.2
4970,5808,0.2
4971,4637,0.2
4972,8495,0.2
4975,1112,0.2
4977,1909,0.0666666666666667
4977,2181,0.1
4978,54,0.0666666666666667
4978,2982,0.1
4979,6481,0.2
4980,4599,0.04
4981,3202,0.1
4981,5972,0.2
4981,7785,0.1
4982,3973,0.1
4982,5350,0.1
4983,5066,0.0666666666666667
4985,625,0.2
4985,3232,0.0666666666666667
4985,6824,0.0666666666666667
4986,8948,0.0666666666666667
4987,1031,0.0666666666666667
4992,7717,0.2
4994,2820,0.0666666666666667
4995,1197,0.05
4995,2776,0.2
4997,4178,0.1
4997,4906,0.0666666666666667
4998,3370,0.04
4998,4436,0.2
5000,8293,0.1
5001,138,0.1
5001,4856,0.05
5002,1006,0.2
5002,4885,0.0666666666666667
5003,1601,0.1
5003,8222,0.2
5006,4313,0.05
5006,4489,0.1
5007,9607,0.2
5008,817,0.1
5009,1486,0.0666666666666667
5009,4468,0.05
5010,983,0.1
5012,4398,0.05
5014,187,0.2
5014,9907,0.1
5015,3694,0.0666666666666667
5017,38,0.1
5020,2465,0.0666666666666667
5021,6545,0.1
5021,8409,0.1
5024,2504,0.1
5025,2419,0.0666666666666667
5025,7194,0.1
5026,2293,0.0666666666666667
5026,3476,0.1
5026,7941,0.2
5027,2435,0.2
5031,2904,0.1
5034,1481,0.2
5034,7448,0.0666666666666667
5035,2682,0.1
5036,4919,0.2
5036,5797,0.2
5039,553,0.1
5041,2227,0.2
5042,2964,0.1
5042,5333,0.2
5042,6045,0.2
5042,8352,0.2
5043,3082,0.1
5043,3977,0.1
5044,2221,0.1
5046,2286,0.0666666666666667
5048,3938,0.1
5051,1748,0.1
5052,2261,0.2
5053,7859,0.1
5054,95,0.2
5054,8568,0.2
5057,2941,0.1
5059,8760,0.2
5060,2093,0.1
5060,6779,0.05
5061,74,0.0666666666666667
5061,8887,0.2
5061,9078,0.0666666666666667
5062,1755,0.1
5062,2689,0.05
5063,3728,0.05
5064,4899,0.2
5066,480,0.0666666666666667
5067,3504,0.2
5067,7258,0.0666666666666667
5069,8873,0.0666666666666667
5073,7087,0.2
5073,8958,0.1
5078,969,0.05
5082,1932,0.1
5085,9039,0.2
5086,236,0.0666666666666667
5086,8050,0.2
5087,5677,0.05
5088,3732,0.1
5089,5816,0.0666666666666667
5090,8305,0.2
5092,6063,0.1
5093,538,0.1
5094,2745,0.0666666666666667
5094,5785,0.2
5096,2555,0.2
5097,9958,0.1
5099,5297,0.1
5099,5615,0.1
5100,689,0.1
5100,2430,0.0666666666666667
5100,9678,0.1
5101,1692,0.1
5101,8984,0.2
5102,3311,0.1
5103,8866,0.1
5104,2744,0.1
5104,4040,0.2
5104,9838,0.0666666666666667
5105,6141,0.2
5105,7211,0.1
5108,6004,0.0666666666666667
5109,4355,0.2
5109,8005,0.1
5111,189,0.2
5111,3371,0.2
5111,6127,0.2
5112,3747,0.2
5113,7379,0.2
5115,2434,0.2
5115,8097,0.05
5116,5764,0.1
5117,4841,0.0666666666666667
5118,2471,0.05
5118,5555,0.1
5118,9639,0.2
5120,4677,0.0666666666666667
5121,301,0.0666666666666667
5121,8690,0.2
5122,7477,0.05
5123,696,0.2
5125,3879,0.05
5125,5391,0.1
5128,3035,0.1
5131,6823,0.1
5132,9102,0.1
5134,5006,0.2
5135,5449,0.0666666666666667
5136,6131,0.1
5137,2027,0.2
5138,6926,0.2
5139,2939,0.0666666666666667
5139,8907,0.1
5141,4313,0.05
5143,8454,0.1
5148,3908,0.2
5154,436,0.1
5154,5366,0.1
5155,7782,0.1
5159,6449,0.1
5164,1597,0.1
5165,580,0.1
5165,2569,0.04
5167,2224,0.0666666666666667
5167,3273,0.2
5168,6150,0.2
5168,8882,0.1
5169,5154,0.2
5170,1886,0.1
5170,6625,0.1
5171,1124,0.1
5172,3268,0.2
5172,5726,0.2
5174,452,0.2
5174,5156,0.2
5176,490,0.0333333333333333
5177,671,0.2
5177,7073,0.1
5180,3075,0.2
5180,6497,0.1
5181,733,0.1
5182,3377,0.2
5182,8406,0.2
5183,301,0.0666666666666667
5183,6714,0.2
5185,6285,0.1
5186,2843,0.0666666666666667
5188,6184,0.0666666666666667
5188,8134,0.1
5189,5399,0.2
5190,3589,0.2
5191,904,0.1
5195,1527,0.2
5195,5782,0.05
5196,6615,0.2
5196,9664,0.2
5198,6083,0.0666666666666667
5203,5481,0.1
5204,1802,0.0666666666666667
5205,1179,0.2
5205,6698,0.05
5205,9346,0.1
5206,4956,0.1
5206,6751,0.2
5207,6004,0.0666666666666667
5211,9709,0.1
5213,6063,0.1
5216,3501,0.1
5218,4098,0.04
5218,5099,0.0666666666666667
5220,7631,0.1
5222,5133,0.1
5223,5202,0.1
5224,1520,0.1
5225,8683,0.1
5228,2022,0.1
5235,1197,0.05
5235,9564,0.04
5236,9967,0.1
5238,666,0.2
5238,2024,0.2
5239,9582,0.2
5241,6117,0.0666666666666667
5241,7932,0.1
5242,501,0.1
5242,1156,0.0666666666666667
5243,8921,0.2
5245,7021,0.2
5246,6902,0.2
5247,5740,0.1
5249,3913,0.1
5251,4102,0.1
5252,5529,0.2
5253,4725,0.1
5254,6639,0.2
5255,3552,0.1
5256,5873,0.0666666666666667
5257,7426,0.1
5258,3641,0.04
5261,557,0.2
5262,7030,0.2
5263,7448,0.0666666666666667
5265,35,0.1
5267,5838,0.05
5268,1626,0.2
5268,6633,0.1
5268,8404,0.1
5268,9761,0.2
5269,899,0.0666666666666667
5269,1735,0.1
5269,5239,0.1
5270,46,0.1
5271,5897,0.1
5272,88,0.1
5272,5871,0.2
5273,2812,0.1
5273,3879,0.05
5275,9563,0.2
5276,3870,0.2
5276,9354,0.2
5277,1432,0.2
5277,6423,0.1
5279,5283,0.2
5279,9946,0.2
5281,1415,0.2
5283,3121,0.2
5285,5449,0.0666666666666667
5286,5446,0.05
5287,6957,0.2
5288,794,0.2
5289,1352,0.2
5290,1808,0.2
5290,8043,0.1
5291,2192,0.2
5292,899,0.0666666666666667
5292,5492,0.2
5292,8009,0.1
5292,9814,0.1
5293,7223,0.05
5295,5503,0.1
5296,9765,0.2
5297,9747,0.1
5302,6192,0.1
5302,7533,0.05
5304,5248,0.2
5305,2100,0.2
5305,7609,0.0666666666666667
5305,8892,0.1
5306,1362,0.2
5307,6777,0.2
5308,6953,0.2
5310,9038,0.0666666666666667
5313,843,0.2
5313,4784,0.1
5314,496,0.2
5314,2987,0.2
5315,44,0.2
5316,8566,0.2
5317,4087,0.2
5318,687,0.2
5322,737,0.1
5322,988,0.2
5325,8240,0.0666666666666667
5327,449,0.1
5328,2558,0.0666666666666667
5328,4915,0.2
5328,5554,0.1
5328,8942,0.2
5328,9712,0.0666666666666667
5330,9392,0.1
5332,1574,0.1
5334,7279,0.05
5335,4310,0.1
5338,6653,0.0666666666666667
5338,9828,0.0666666666666667
5339,597,0.2
5339,5734,0.2
5339,8702,0.2
5341,1867,0.0666666666666667
5344,6386,0.2
5346,7501,0.2
5347,7017,0.2
5348,2456,0.1
5348,4120,0.2
5350,5237,0.0666666666666667
5352,369,0.1
5353,8049,0.2
5355,6506,0.2
5356,3033,0.04
5356,6111,0.1
5356,7246,0.2
5359,2842,0.04
5361,1658,0.0666666666666667
5361,5111,0.2
5363,4465,0.0666666666666667
5365,3828,0.0666666666666667
5366,5773,0.1
5367,2029,0.1
5368,1735,0.1
5368,7982,0.1
5372,2686,0.1
5373,6320,0.2
5373,6327,0.2
5374,3269,0.2
5374,6545,0.1
5376,7333,0.2
5377,1985,0.1
5377,5214,0.2
5378,2648,0.1
5378,4943,0.0666666666666667
5379,5668,0.2
5379,6771,0.2
5379,8845,0.2
5381,2831,0.2
5382,6161,0.2
5382,7193,0.1
5384,9006,0.1
5385,5190,0.0666666666666667
5387,1146,0.1
5390,142,0.1
5392,610,0.1
5392,9302,0.2
5394,3387,0.1
5394,9610,0.2
5395,7211,0.1
5396,4338,0.1
5401,8948,0.0666666666666667
5402,1260,0.1
5406,3347,0.2
5406,8853,0.1
5406,9434,0.2
5407,9335,0.1
5408,5231,0.05
5408,5866,0.2
5412,1182,0.2
5413,1596,0.2
5413,2254,0.2
5417,145,0.2
5417,2457,0.05
5419,9441,0.2
5420,5834,0.2
5421,5129,0.1
5422,2705,0.2
5424,5455,0.1
5424,8699,0.2
5426,2689,0.05
5426,5636,0.0666666666666667
5426,6920,0.2
5426,8346,0.0666666666666667
5427,1437,0.1
5427,7632,0.2
5427,8849,0.05
5428,468,0.0666666666666667
5428,3448,0.05
5428,9605,0.2
5429,7327,0.1
5431,3285,0.2
5431,3867,0.2
5432,461,0.2
5432,6411,0.2
5433,1051,0.2
5434,1042,0.1
5434,8432,0.2
5435,2803,0.2
5435,4730,0.1
5436,8971,0.2
5436,9197,0.0666666666666667
5437,7701,0.2
5438,2927,0.2
5439,9013,0.2
5440,5022,0.0666666666666667
5441,951,0.2
5442,6355,0.1
5444,1113,0.2
5444,2888,0.1
5445,8848,0.05
5445,9202,0.2
5446,3261,0.1
5447,2216,0.1
5447,2307,0.0666666666666667
5448,1526,0.05
5451,878,0.2
5451,6086,0.2
5452,8581,0.0666666666666667
5453,2240,0.2
5453,2390,0.2
5454,8704,0.0666666666666667
5455,2940,0.2
5455,6824,0.0666666666666667
5455,7156,0.1
5457,3069,0.2
5457,8687,0.04
5458,6973,0.0666666666666667
5459,2810,0.0666666666666667
5460,2679,0.1
5460,4865,0.1
5462,1718,0.1
5463,6384,0.1
5464,5007,0.1
5465,1104,0.2
5465,1604,0.1
5472,4126,0.1
5474,5050,0.2
5474,5937,0.05
5474,5939,0.2
5475,6610,0.1
5477,3578,0.0666666666666667
5478,934,0.0666666666666667
5479,593,0.0666666666666667
5482,5171,0.2
5482,7059,0.1
5483,6403,0.1
5483,6457,0.0666666666666667
5484,5741,0.2
5485,3365,0.0666666666666667
5485,4028,0.1
5485,4834,0.2
5491,640,0.1
5491,2474,0.2
5492,2379,0.1
5492,6335,0.1
5493,1778,0.1
5494,2378,0.0666666666666667
5494,4893,0.0666666666666667
5497,5108,0.05
5499,3591,0.2
5500,4788,0.0666666666666667
5500,4906,0.0666666666666667
5501,4868,0.1
5502,2308,0.04
5502,5535,0.04
5503,810,0.2
5503,5035,0.1
5505,4297,0.1
5505,6951,0.2
5507,2308,0.04
5507,8742,0.2
5509,6552,0.2
5510,7609,0.0666666666666667
5512,5982,0.1
5513,7057,0.1
5515,6483,0.0666666666666667
5515,9923,0.2
5517,2760,0.1
5519,9968,0.1
5520,986,0.2
5524,6335,0.1
5525,7954,0.2
5527,3463,0.2
5527,8879,0.2
5533,6686,0.2
5533,7578,0.2
5535,7001,0.2
5539,3945,0.2
5540,4356,0.0666666666666667
5541,4204,0.1
5543,2358,0.0666666666666667
5543,6443,0.2
5544,6503,0.1
5547,8258,0.2
5550,7500,0.2
5553,3328,0.0666666666666667
5553,3578,0.0666666666666667
5554,2657,0.1
5555,7477,0.05
5556,3904,0.2
5556,4776,0.2
5558,2303,0.2
5558,7919,0.0666666666666667
5559,6458,0.1
5560,6239,0.1
5560,8916,0.0666666666666667
5561,727,0.1
5562,6442,0.2
5563,8470,0.2
5565,520,0.1
5565,1566,0.2
5566,9347,0.2
5568,9914,0.2
5569,6838,0.0666666666666667
5570,2399,0.1
5570,8916,0.0666666666666667
5571,2125,0.2
5572,1459,0.1
5574,4045,0.2
5575,2358,0.0666666666666667
5575,2444,0.0666666666666667
5579,7606,0.2
5580,5864,0.05
5580,8694,0.2
5581,7220,0.2
5582,7675,0.1
5585,3650,0.2
5585,4489,0.1
5586,1990,0.2
5586,2060,0.1
5588,6362,0.2
5591,1505,0.1
5593,8123,0.2
5594,7897,0.2
5595,3716,0.2
5596,2816,0.1
5598,334,0.2
5599,6264,0.2
5599,8062,0.1
5599,9136,0.05
5599,9368,0.1
5600,9074,0.2
5601,8113,0.1
5603,3412,0.2
5603,5605,0.1
5603,6278,0.1
5604,3166,0.2
5604,6889,0.0666666666666667
5607,969,0.05
5608,5035,0.1
5609,8716,0.1
5609,9513,0.1
5610,1695,0.05
5612,516,0.0666666666666667
5614,6521,0.1
5615,2599,0.1
5616,7313,0.05
5618,7209,0.04
5619,3289,0.2
5619,5540,0.0666666666666667
5619,6644,0.2
5620,2938,0.2
5620,3901,0.1
5620,9356,0.0666666666666667
5625,4432,0.2
5627,348,0.0666666666666667
5627,7460,0.2
5628,1152,0.2
5629,6584,0.2
5630,283,0.05
5630,3727,0.0666666666666667
5631,8513,0.1
5632,578,0.2
5633,1917,0.2
5635,2880,0.1
5636,9662,0.2
5637,5430,0.2
5637,6946,0.2
5641,8772,0.2
5645,9530,0.2
5646,5270,0.2
5648,8240,0.0666666666666667
5650,22,0.2
5650,3181,0.2
5652,6757,0.2
5654,7334,0.2
5656,3402,0.1
5659,5651,0.1
5660,7089,0.1
5660,8446,0.2
5663,6844,0.2
5663,7985,0.1
5664,6204,0.2
5665,5453,0.1
5666,3102,0.05
5667,393,0.1
5668,714,0.1
5668,6749,0.2
5669,8229,0.0666666666666667
5670,2711,0.0666666666666667
5672,1505,0.1
5672,2678,0.1
5672,7683,0.2
5674,3535,0.2
5675,4232,0.2
5676,2340,0.05
5678,3691,0.1
5678,5416,0.2
5680,3966,0.1
5681,3298,0.1
5682,1016,0.2
5682,5571,0.2
5683,80,0.2
5683,2186,0.2
5685,7085,0.04
5686,455,0.2
5686,1743,0.0666666666666667
5686,8885,0.2
5687,5056,0.0666666666666667
5687,6544,0.0666666666666667
5688,3426,0.1
5689,4396,0.2
5689,8240,0.0666666666666667
5690,4475,0.1
5691,2070,0.2
5691,7691,0.2
5693,2559,0.2
5695,1313,0.1
5698,548,0.2
5699,7048,0.2
5699,8128,0.2
5701,2055,0.2
5702,6214,0.1
5704,6837,0.05
5704,8297,0.2
5705,6809,0.0666666666666667
5710,8259,0.2
5712,2840,0.1
5712,5875,0.2
5713,7259,0.1
5719,6634,0.1
5720,4235,0.1
5722,5078,0.1
5722,6270,0.2
5725,626,0.1
5726,6623,0.1
5726,7935,0.1
5726,8847,0.1
5728,7724,0.2
5731,3881,0.2
5731,5564,0.1
5733,1695,0.05
5733,7433,0.2
5734,2912,0.2
5734,3695,0.2
5734,5030,0.2
5735,2892,0.2
5736,3448,0.05
5737,6582,0.1
5738,6899,0.1
5740,4952,0.0666666666666667
5740,5603,0.1
5742,1997,0.0666666666666667
5742,7337,0.1
5744,2880,0.1
5745,5835,0.2
5747,8147,0.2
5748,4508,0.2
5749,8060,0.1
5750,3147,0.1
5751,2885,0.1
5751,4195,0.2
5751,4300,0.2
5751,4540,0.2
5751,6177,0.1
5753,609,0.0666666666666667
5753,2691,0.2
5755,7196,0.1
5757,9983,0.1
5758,2212,0.0666666666666667
5758,8541,0.1
5759,5649,0.1
5760,5543,0.1
5760,7719,0.2
5760,9516,0.1
5761,6533,0.2
5762,5286,0.2
5765,8793,0.2
5767,6389,0.1
5767,9201,0.1
5769,3468,0.0666666666666667
5771,1143,0.1
5771,2380,0.2
5771,4082,0.1
5771,9523,0.2
5773,740,0.2
5773,889,0.0666666666666667
5774,6164,0.0666666666666667
5775,4239,0.05
5776,8401,0.0666666666666667
5777,1683,0.1
5777,2032,0.1
5777,4530,0.1
5778,9499,0.2
5779,4964,0.2
5779,5891,0.0666666666666667
5779,9238,0.1
5781,1533,0.04
5781,2224,0.0666666666666667
5781,4788,0.0666666666666667
5781,7680,0.0666666666666667
5784,3750,0.1
5786,1929,0.2
5787,7614,0.2
5790,8228,0.0666666666666667
5791,3597,0.2
5796,6790,0.1
5797,8088,0.2
5798,7451,0.1
5799,9919,0.2
5800,5187,0.1
5801,2165,0.1
5804,6005,0.2
5804,8955,0.2
5805,7282,0.2
5806,6083,0.0666666666666667
5810,2170,0.0666666666666667
5810,6222,0.1
5810,7834,0.1
5812,1946,0.1
5814,6609,0.1
5817,4299,0.2
5818,2042,0.2
5818,3016,0.1
5818,6295,0.1
5819,2655,0.1
5823,913,0.04
5824,3719,0.0666666666666667
5824,3825,0.05
5824,8530,0.2
5826,2315,0.2
5827,3387,0.1
5827,9545,0.2
5828,330,0.2
5828,3255,0.2
5828,6210,0.1
5829,575,0.2
5830,2933,0.1
5831,3385,0.1
5831,6838,0.0666666666666667
5833,9715,0.2
5834,6738,0.0666666666666667
5835,2745,0.0666666666666667
5835,9062,0.1
5836,9060,0.0666666666666667
5838,7104,0.04
5839,1404,0.2
5840,3315,0.1
5840,8039,0.1
5841,7134,0.0666666666666667
5844,9410,0.05
5845,1178,0.1
5846,6979,0.2
5849,604,0.0666666666666667
5853,175,0.2
5853,790,0.0666666666666667
5854,172,0.1
5858,2037,0.2
5858,5917,0.1
5860,346,0.2
5862,8651,0.2
5863,3258,0.2
5864,2919,0.0666666666666667
5864,5810,0.2
5865,4896,0.1
5865,9798,0.1
5868,1802,0.0666666666666667
5870,3766,0.1
5871,3737,0.1
5873,8707,0.0333333333333333
5874,3694,0.0666666666666667
5875,40,0.2
5875,2828,0.0666666666666667
5875,7056,0.1
5879,3378,0.0666666666666667
5880,9604,0.1
5881,3378,0.0666666666666667
5881,8397,0.1
5882,3373,0.2
5882,9336,0.2
5883,985,0.1
5884,8575,0.0666666666666667
5885,1991,0.05
5885,4649,0.2
5886,4774,0.1
5887,4636,0.1
5888,551,0.1
5888,4153,0.1
5888,8097,0.05
5889,217,0.2
5889,2515,0.1
5890,1597,0.1
5891,1337,0.2
5891,3265,0.2
5893,4920,0.0666666666666667
5893,6546,0.0666666666666667
5895,7287,0.1
5896,677,0.2
5898,2654,0.2
5899,262,0.1
5899,1893,0.1
5903,2179,0.0666666666666667
5905,5629,0.1
5907,2175,0.2
5907,2834,0.2
5907,5353,0.05
5907,9691,0.1
5908,9871,0.2
5909,5978,0.2
5910,2340,0.05
5911,932,0.1
5911,1783,0.1
5913,5020,0.2
5913,7294,0.1
5913,9622,0.0666666666666667
5915,3705,0.1
5915,9827,0.2
5916,9443,0.1
5917,2756,0.2
5920,21,0.0666666666666667
5920,5766,0.1
5921,3713,0.1
5921,6259,0.2
5922,890,0.1
5922,5699,0.0666666666666667
5923,1085,0.1
5923,6730,0.1
5923,9931,0.1
5924,192,0.1
5930,8636,0.1
5931,7074,0.05
5931,7837,0.1
5932,1574,0.1
5932,8873,0.0666666666666667
5932,9068,0.2
5932,9197,0.0666666666666667
5933,4127,0.1
5934,64,0.2
5934,2713,0.0666666666666667
5938,5954,0.0666666666666667
5940,5178,0.2
5941,387,0.2
5942,3485,0.2
5945,7885,0.2
5945,8707,0.0333333333333333
5947,169,0.1
5950,8979,0.1
5954,5616,0.2
5954,5980,0.2
5955,2492,0.2
5956,1216,0.2
5956,1673,0.1
5960,1956,0.0666666666666667
5960,9160,0.05
5962,8901,0.0666666666666667
5969,7318,0.2
5971,7398,0.1
5972,3954,0.1
5975,3712,0.2
5976,3194,0.1
5978,7348,0.04
5979,7047,0.0666666666666667
5980,1819,0.2
5980,9374,0.2
5982,8077,0.2
5985,6232,0.2
5987,5652,0.2
5988,2118,0.2
5988,5670,0.1
5990,9959,0.0666666666666667
5991,3353,0.1
5991,8716,0.1
5995,3725,0.1
5995,4030,0.2
5996,3515,0.0666666666666667
5996,6278,0.1
5997,2532,0.1
5998,4130,0.2
5999,1719,0.0666666666666667
6000,473,0.2
6001,2130,0.1
6002,5108,0.05
6005,639,0.0666666666666667
6005,2298,0.1
6006,3618,0.0666666666666667
6006,5738,0.2
6006,7919,0.0666666666666667
6008,632,0.0666666666666667
6008,7799,0.1
6009,8043,0.1
6010,1655,0.2
6010,3083,0.2
6011,1344,0.1
6012,967,0.2
6012,8548,0.0666666666666667
6012,9508,0.2
6013,3413,0.0666666666666667
6013,8744,0.2
6014,1313,0.1
6014,9188,0.2
6015,6796,0.2
6016,4430,0.1
6016,7313,0.05
6017,7674,0.1
6018,3417,0.2
6020,6388,0.1
6024,3327,0.2
6024,4704,0.1
6025,7258,0.0666666666666667
6026,2155,0.2
6028,5579,0.0666666666666667
6029,628,0.05
6029,6531,0.0666666666666667
6030,1080,0.0666666666666667
6031,3102,0.05
6031,3934,0.1
6031,9638,0.2
6031,9722,0.1
6033,6635,0.2
6035,996,0.2
6036,1628,0.0666666666666667
6037,9370,0.2
6038,3507,0.2
6040,7171,0.2
6042,248,0.1
6044,1835,0.2
6045,1270,0.2
6045,9834,0.2
6046,1497,0.2
6046,5364,0.2
6048,9501,0.2
6051,3418,0.2
6052,6455,0.1
6052,9410,0.05
6053,4398,0.05
6053,8056,0.2
6055,1331,0.1
6055,4263,0.0666666666666667
6055,9225,0.0666666666666667
6056,3985,0.2
6056,5679,0.2
6057,8794,0.1
6059,3397,0.1
6059,8930,0.05
6060,1151,0.2
6060,9828,0.0666666666666667
6062,2849,0.2
6063,7223,0.05
6064,9642,0.2
6065,8260,0.1
6066,9324,0.2
6066,9477,0.2
6067,3857,0.2
6067,5406,0.0666666666666667
6068,442,0.2
6068,4849,0.0666666666666667
6068,9704,0.1
6069,9768,0.1
6070,3370,0.04
6071,3831,0.2
6075,4306,0.2
6075,7624,0.0666666666666667
6076,9363,0.2
6077,5622,0.2
6078,4742,0.1
6078,6823,0.1
6079,997,0.0666666666666667
6082,3217,0.0666666666666667
6082,3244,0.1
6082,5336,0.1
6085,8564,0.1
6087,6235,0.0666666666666667
6088,3959,0.2
6088,7184,0.2
6088,8824,0.1
6089,1918,0.2
6089,3686,0.2
6089,6544,0.0666666666666667
6089,9096,0.2
6093,4456,0.2
6094,1904,0.1
6095,537,0.2
6096,3225,0.2
6096,4009,0.1
6097,8776,0.1
6098,1740,0.2
6100,3730,0.0666666666666667
6100,8498,0.1
6101,6205,0.1
6101,6401,0.1
6101,7814,0.0666666666666667
6106,5406,0.0666666666666667
6109,4885,0.0666666666666667
6109,5919,0.1
6110,639,0.0666666666666667
6110,6889,0.0666666666666667
6110,8114,0.2
6111,7195,0.0666666666666667
6113,1703,0.1
6114,4492,0.1
6117,1122,0.1
6117,1456,0.2
6117,8231,0.1
6119,3149,0.1
6121,1583,0.0666666666666667
6121,7556,0.2
6122,2873,0.1
6122,6546,0.0666666666666667
6123,6593,0.2
6123,7105,0.1
6127,1578,0.2
6128,517,0.2
6129,1977,0.2
6129,9973,0.2
6130,8399,0.1
6131,1711,0.0666666666666667
6133,3033,0.04
6135,6186,0.2
6136,4008,0.2
6136,4142,0.05
6136,7332,0.1
6137,2064,0.0666666666666667
6137,2258,0.2
6137,2468,0.1
6137,4009,0.1
6137,4787,0.2
6141,3229,0.2
6142,3103,0.2
6145,8590,0.2
6146,4604,0.1
6147,5327,0.2
6149,74,0.0666666666666667
6151,1192,0.2
6151,3344,0.2
6155,50,0.0666666666666667
6155,7104,0.04
6156,3422,0.1
6158,2153,0.1
6159,2423,0.0666666666666667
6160,3782,0.0666666666666667
6160,8630,0.2
6161,6200,0.0666666666666667
6161,9462,0.1
6163,7209,0.04
6163,7485,0.2
6164,9234,0.1
6165,9183,0.2
6166,9913,0.2
6168,3308,0.0666666666666667
6170,1716,0.1
6170,9273,0.1
6173,2518,0.2
6173,8555,0.2
6176,2299,0.1
6180,7168,0.0666666666666667
6181,4581,0.2
6181,4618,0.2
6184,540,0.2
6185,8849,0.05
6186,1758,0.05
6186,5131,0.0666666666666667
6188,3191,0.1
6189,4229,0.1
6189,5760,0.2
6190,583,0.05
6190,3409,0.1
6191,5099,0.0666666666666667
6193,8983,0.2
6198,3351,0.2
6198,5083,0.1
6198,5725,0.2
6203,5431,0.1
6204,5935,0.1
6205,1650,0.1
6205,4036,0.1
6205,4663,0.2
6207,1170,0.2
6207,3204,0.2
6207,4665,0.2
6210,2421,0.2
6210,6258,0.2
6215,3469,0.2
6215,6324,0.1
6216,7733,0.0666666666666667
6216,8737,0.0666666666666667
6218,5123,0.1
6219,1638,0.2
6219,7148,0.2
6220,7548,0.2
6221,8531,0.2
6223,3939,0.2
6225,1377,0.04
6225,5445,0.0666666666666667
6226,888,0.1
6226,5070,0.1
6226,7118,0.2
6226,8904,0.2
6226,9154,0.0666666666666667
6227,9231,0.05
6228,750,0.1
6228,5199,0.05
6228,5543,0.1
6228,5553,0.2
6228,9682,0.2
6230,576,0.0666666666666667
6230,9731,0.0666666666666667
6231,8125,0.0666666666666667
6232,8468,0.1
6234,4898,0.2
6235,536,0.2
6235,5066,0.0666666666666667
6235,9055,0.05
6236,6676,0.2
6238,6211,0.1
6240,5372,0.2
6241,2791,0.1
6241,5629,0.1
6242,3709,0.1
6243,6424,0.2
6244,5713,0.2
6245,4145,0.0666666666666667
6248,7222,0.1
6250,116,0.0666666666666667
6251,9753,0.2
6252,7933,0.2
6253,5336,0.1
6254,1913,0.2
6254,2048,0.2
6256,7072,0.1
6257,2976,0.1
6257,6766,0.2
6258,2660,0.2
6259,3782,0.0666666666666667
6260,6227,0.2
6260,7845,0.2
6261,3727,0.0666666666666667
6264,436,0.1
6264,1165,0.1
6265,1533,0.04
6266,66,0.0666666666666667
6266,1133,0.2
6269,1969,0.2
6270,985,0.1
6270,2471,0.05
6270,3303,0.2
6270,8675,0.1
6271,130,0.05
6272,1162,0.2
6272,3608,0.1
6273,3432,0.2
6275,5135,0.2
6275,9873,0.2
6276,1228,0.2
6278,4529,0.2
6279,1815,0.1
6281,3349,0.2
6281,3666,0.2
6281,6456,0.2
6282,5618,0.1
6282,6405,0.0666666666666667
6283,4564,0.2
6283,8213,0.1
6284,7787,0.2
6286,3958,0.2
6287,1408,0.1
6290,8968,0.0666666666666667
6292,1773,0.2
6294,9300,0.1
6295,7811,0.2
6296,9355,0.1
6296,9380,0.1
6297,885,0.2
6299,6578,0.0666666666666667
6301,2044,0.2
6301,5934,0.2
6301,6094,0.2
6303,2140,0.1
6303,3682,0.1
6304,576,0.0666666666666667
6304,5927,0.2
6305,1439,0.1
6305,5504,0.2
6305,9326,0.1
6306,9437,0.2
6307,904,0.1
6307,1377,0.04
6307,7031,0.2
6308,3194,0.1
6309,5230,0.1
6309,7788,0.2
6310,438,0.1
6311,1274,0.2
6311,1526,0.05
6312,9902,0.2
6313,3385,0.1
6314,9608,0.2
6315,3400,0.1
6315,6855,0.1
6315,7399,0.2
6315,8273,0.2
6316,2053,0.0666666666666667
6316,2761,0.2
6319,8047,0.2
6321,109,0.2
6321,3748,0.2
6322,3280,0.1
6322,6547,0.1
6324,5851,0.0666666666666667
6325,1831,0.2
6326,4147,0.0666666666666667
6329,377,0.2
6329,2498,0.0666666666666667
6329,8610,0.2
6333,9826,0.0666666666666667
6339,3259,0.1
6340,4584,0.2
6341,201,0.0666666666666667
6342,8548,0.0666666666666667
6343,8718,0.2
6346,1214,0.2
6349,3977,0.1
6350,2103,0.2
6351,456,0.2
6351,3794,0.2
6353,6479,0.2
6353,6873,0.2
6356,3332,0.1
6356,8238,0.0666666666666667
6358,5868,0.0666666666666667
6359,5816,0.0666666666666667
6360,2202,0.1
6360,2417,0.2
6360,6140,0.1
6360,8646,0.2
6363,4117,0.2
6363,4239,0.05
6363,7024,0.2
6363,8928,0.0666666666666667
6364,8968,0.0666666666666667
6367,3594,0.1
6368,1366,0.0666666666666667
6369,3488,0.1
6369,9675,0.1
6370,5569,0.2
6371,4643,0.2
6371,5202,0.1
6372,1217,0.2
6372,1845,0.1
6376,1081,0.2
6376,2902,0.05
6376,5898,0.1
6377,4241,0.2
6379,2949,0.1
6380,3705,0.1
6380,8979,0.1
6381,2286,0.0666666666666667
6382,4747,0.1
6385,3894,0.2
6387,4143,0.1
6388,8686,0.0666666666666667
6390,431,0.05
6390,7910,0.2
6392,2325,0.2
6392,7776,0.2
6393,2914,0.2
6393,7704,0.2
6396,8213,0.1
6397,2124,0.2
6401,858,0.2
6402,6578,0.0666666666666667
6403,5041,0.2
6406,5953,0.2
6406,7700,0.2
6407,353,0.1
6407,1620,0.1
6407,7630,0.0666666666666667
6408,1321,0.0666666666666667
6409,5597,0.2
6410,2347,0.0666666666666667
6410,3043,0.1
6414,9087,0.2
6416,7232,0.1
6417,8206,0.2
6419,3828,0.0666666666666667
6419,8872,0.05
6420,7749,0.1
6423,3193,0.2
6423,8212,0.1
6424,2439,0.0666666666666667
6424,5300,0.2
6424,7015,0.2
6426,1409,0.2
6427,6701,0.2
6428,3016,0.1
6431,365,0.1
6432,159,0.2
6432,3508,0.1
6434,3400,0.1
6435,1300,0.1
6435,1406,0.1
6436,6457,0.0666666666666667
6438,5538,0.0666666666666667
6439,605,0.1
6439,2290,0.0666666666666667
6440,46,0.1
6440,444,0.2
6440,3370,0.04
6440,9565,0.2
6441,9853,0.2
6442,6081,0.1
6443,7808,0.0666666666666667
6444,7323,0.2
6444,9774,0.1
6446,35,0.1
6446,3308,0.0666666666666667
6446,9120,0.2
6447,2665,0.2
6451,1531,0.0666666666666667
6451,3132,0.0666666666666667
6451,9731,0.0666666666666667
6452,9657,0.0666666666666667
6453,3267,0.1
6453,3951,0.1
6453,4579,0.2
6453,5883,0.2
6459,2925,0.0666666666666667
6459,7665,0.2
6459,8040,0.2
6460,2584,0.1
6462,9925,0.2
6463,7935,0.1
6466,3399,0.2
6466,5946,0.1
6467,1174,0.2
6469,1059,0.1
6470,2576,0.1
6470,3147,0.1
6470,8308,0.1
6471,8522,0.2
6472,5795,0.05
6472,7833,0.1
6476,7074,0.05
6477,9019,0.1
6478,7313,0.05
6480,1854,0.2
6480,6396,0.04
6480,7714,0.1
6481,3232,0.0666666666666667
6482,1320,0.2
6484,2908,0.2
6484,7775,0.2
6485,6105,0.2
6486,1926,0.2
6486,3408,0.1
6486,4264,0.05
6486,6020,0.0666666666666667
6490,1936,0.1
6490,9358,0.1
6491,3699,0.2
6492,9729,0.2
6493,196,0.1
6494,1075,0.2
6494,2005,0.2
6495,7182,0.1
6497,2298,0.1
6498,6340,0.0666666666666667
6499,987,0.0666666666666667
6500,5812,0.0666666666666667
6501,184,0.2
6504,408,0.2
6505,1005,0.0666666666666667
6507,3813,0.2
6509,6973,0.0666666666666667
6514,2577,0.2
6516,4712,0.2
6517,7169,0.04
6519,2683,0.2
6519,3185,0.2
6520,2062,0.1
6520,9759,0.2
6522,3925,0.1
6523,1394,0.2
6526,5535,0.04
6528,9669,0.2
6530,4522,0.1
6530,6425,0.1
6531,2961,0.2
6531,5377,0.2
6532,3733,0.2
6534,3464,0.05
6537,3670,0.1
6538,2229,0.1
6544,1900,0.2
6544,3898,0.1
6544,4506,0.1
6544,5407,0.1
6545,3478,0.1
6546,2388,0.1
6546,3875,0.2
6546,4717,0.2
6547,2210,0.2
6547,4825,0.1
6547,7182,0.1
6549,1007,0.1
6550,5304,0.1
6550,9399,0.0666666666666667
6551,38,0.1
6551,2392,0.2
6552,3218,0.2
6556,6472,0.2
6558,3799,0.1
6559,4256,0.1
6559,7695,0.1
6561,5824,0.0666666666666667
6561,8228,0.0666666666666667
6563,1944,0.1
6565,5431,0.1
6567,7085,0.04
6571,4191,0.2
6575,3065,0.1
6575,5386,0.2
6575,9860,0.05
6576,983,0.1
6577,2732,0.1
6578,2405,0.0666666666666667
6581,1834,0.1
6582,4808,0.1
6587,9242,0.1
6589,1867,0.0666666666666667
6591,7821,0.1
6592,3070,0.1
6592,4315,0.1
6597,9696,0.2
6598,2939,0.0666666666666667
6598,7780,0.1
6599,3877,0.0666666666666667
6599,4578,0.0666666666666667
6601,1153,0.0666666666666667
6601,6553,0.1
6601,9803,0.2
6602,869,0.1
6603,4295,0.1
6603,4857,0.2
6604,5698,0.05
6605,4099,0.2
6606,6875,0.1
6610,3300,0.2
6610,7206,0.2
6614,9409,0.2
6615,1708,0.2
6617,9502,0.2
6618,7582,0.0666666666666667
6619,844,0.05
6620,2567,0.2
6622,3621,0.1
6622,3947,0.1
6623,1076,0.2
6624,1260,0.1
6624,7715,0.1
6626,6062,0.0666666666666667
6633,5210,0.0666666666666667
6633,6134,0.2
6634,6677,0.1
6635,9457,0.1
6636,7612,0.2
6636,9728,0.05
6638,1841,0.2
6638,1873,0.0666666666666667
6638,3833,0.1
6638,5267,0.1
6639,6208,0.2
6639,7749,0.1
6639,9931,0.1
6640,9450,0.2
6641,2526,0.1
6643,3756,0.2
6643,4098,0.04
6643,7108,0.0666666666666667
6644,2036,0.2
6644,3901,0.1
6646,2995,0.0666666666666667
6646,8574,0.2
6647,824,0.2
6647,7869,0.1
6648,6837,0.05
6649,7076,0.0666666666666667
6650,875,0.2
6650,8168,0.2
6651,1991,0.05
6653,7188,0.05
6653,9266,0.2
6654,2720,0.04
6656,569,0.05
6657,1796,0.2
6658,4638,0.2
6659,6449,0.1
6659,9952,0.1
6661,458,0.0666666666666667
6661,4541,0.0666666666666667
6661,7177,0.1
6662,2189,0.2
6662,2871,0.1
6663,9449,0.0666666666666667
6664,2720,0.04
6668,2050,0.2
6668,3328,0.0666666666666667
6670,7797,0.04
6670,8676,0.1
6671,9136,0.05
6672,6187,0.2
6672,8594,0.05
6674,7082,0.0666666666666667
6674,9075,0.2
6675,422,0.2
6675,9357,0.0666666666666667
6675,9788,0.2
6676,5052,0.1
6676,7136,0.1
6677,142,0.1
6677,4101,0.1
6680,24,0.1
6680,1898,0.1
6680,3943,0.2
6682,1683,0.1
6682,6181,0.2
6683,12,0.0666666666666667
6684,283,0.05
6686,300,0.2
6686,3846,0.1
6686,5375,0.1
6687,952,0.0666666666666667
6687,1264,0.2
6687,2599,0.1
6688,8451,0.2
6691,6539,0.2
6695,9511,0.1
6697,8311,0.0666666666666667
6698,761,0.1
6698,3684,0.05
6698,4398,0.05
6698,4896,0.1
6698,9999,0.2
6699,1117,0.2
6699,1765,0.1
6699,7576,0.2
6700,8020,0.2
6701,3107,0.2
6701,9326,0.1
6701,9801,0.0666666666666667
6702,2130,0.1
6703,1642,0.1
6703,4870,0.1
6704,5686,0.2
6706,9259,0.2
6707,2468,0.1
6712,8483,0.1
6715,1658,0.0666666666666667
6715,5966,0.2
6716,158,0.1
6717,5647,0.05
6718,2229,0.1
6719,9238,0.1
6721,3378,0.0666666666666667
6723,1532,0.2
6724,719,0.1
6725,6784,0.2
6725,8867,0.2
6725,8936,0.1
6726,1223,0.2
6728,331,0.2
6729,2774,0.1
6729,7896,0.2
6729,9053,0.2
6730,5085,0.0666666666666667
6730,8087,0.1
6731,3744,0.2
6733,5325,0.0666666666666667
6736,6089,0.1
6736,6745,0.2
6736,8058,0.2
6738,4341,0.1
6738,6440,0.2
6739,1825,0.2
6741,1334,0.0666666666666667
6741,6378,0.0666666666666667
6741,6997,0.2
6743,5647,0.05
6744,3368,0.2
6744,8848,0.05
6745,3454,0.2
6745,9935,0.2
6746,4090,0.1
6746,7514,0.2
6746,8674,0.2
6746,9903,0.0666666666666667
6748,2523,0.2
6748,2672,0.1
6749,4587,0.05
6750,9078,0.0666666666666667
6753,8125,0.0666666666666667
6754,3897,0.1
6754,8251,0.2
6755,2708,0.2
6755,9296,0.2
6756,7413,0.2
6759,2289,0.1
6761,427,0.1
6762,5326,0.0666666666666667
6763,1956,0.0666666666666667
6764,3517,0.2
6766,962,0.1
6766,8982,0.2
6767,1678,0.0666666666666667
6769,512,0.1
6769,1302,0.1
6769,5884,0.0666666666666667
6772,7985,0.1
6773,5199,0.05
6775,4939,0.1
6775,6444,0.0666666666666667
6776,349,0.2
6779,5077,0.2
6780,5674,0.2
6781,9625,0.1
6782,9860,0.05
6783,5860,0.0666666666666667
6783,8015,0.2
6785,1233,0.2
6787,431,0.05
6788,4291,0.2
6789,4459,0.05
6791,3102,0.05
6791,9791,0.2
6792,9671,0.1
6794,241,0.2
6794,4151,0.1
6794,8218,0.2
6795,5601,0.0666666666666667
6799,618,0.05
6799,3259,0.1
6799,9085,0.1
6800,2197,0.2
6801,8126,0.1
6802,1287,0.2
6803,5216,0.1
6803,7822,0.1
6804,8549,0.2
6805,3968,0.2
6806,591,0.2
6808,3618,0.0666666666666667
6809,401,0.0666666666666667
6809,4498,0.2
6810,7473,0.2
6811,5325,0.0666666666666667
6812,9418,0.2
6813,7557,0.2
6814,2997,0.2
6815,5829,0.1
6816,1572,0.1
6816,9713,0.2
6817,8498,0.1
6818,4270,0.0666666666666667
6819,6028,0.2
6821,1632,0.05
6823,7165,0.1
6823,7340,0.1
6825,8710,0.2
6826,4956,0.1
6828,539,0.2
6828,6340,0.0666666666666667
6830,130,0.05
6831,5544,0.1
6831,6020,0.0666666666666667
6832,1323,0.2
6832,2941,0.1
6834,1937,0.2
6835,77,0.1
6835,3888,0.2
6837,7047,0.0666666666666667
6838,8511,0.2
6838,9422,0.2
6839,1426,0.2
6843,6721,0.0666666666666667
6845,8774,0.2
6845,9088,0.2
6846,9160,0.05
6847,5968,0.2
6849,6971,0.1
6850,6114,0.2
6850,8235,0.2
6852,7750,0.2
6853,7877,0.1
6854,7394,0.2
6855,2029,0.1
6855,7366,0.0666666666666667
6855,7781,0.1
6856,7481,0.2
6858,2505,0.1
6861,1539,0.2
6861,7637,0.1
6862,8577,0.0666666666666667
6865,898,0.1
6865,6982,0.2
6865,8786,0.2
6866,9415,0.2
6867,9527,0.0666666666666667
6868,7477,0.05
6869,9265,0.1
6871,9511,0.1
6875,9151,0.1
6877,6474,0.1
6878,3999,0.05
6879,2238,0.2
6881,6003,0.2
6882,5907,0.1
6883,4002,0.2
6886,5345,0.1
6886,9969,0.1
6888,3905,0.2
6889,4102,0.1
6889,7675,0.1
6890,6498,0.2
6891,8734,0.1
6892,4809,0.1
6894,1620,0.1
6895,2424,0.2
6895,6752,0.2
6897,7550,0.2
6898,7756,0.2
6899,2196,0.1
6900,714,0.1
6900,6828,0.1
6901,8558,0.05
6902,1540,0.2
6902,3932,0.0666666666666667
6902,5126,0.1
6904,4220,0.2
6906,4281,0.1
6907,718,0.1
6908,4577,0.05
6908,4677,0.0666666666666667
6909,5860,0.0666666666666667
6910,5367,0.1
6911,1959,0.1
6911,8861,0.2
6912,4826,0.2
6913,2863,0.2
6918,4098,0.04
6918,7622,0.1
6920,5324,0.2
6920,5472,0.2
6921,7403,0.2
6921,9312,0.2
6924,2097,0.2
6925,262,0.1
6925,514,0.1
6925,5292,0.1
6925,5315,0.0666666666666667
6927,2219,0.2
6928,9160,0.05
6930,1122,0.1
6931,9616,0.0666666666666667
6932,2231,0.1
6933,5085,0.0666666666666667
6933,6638,0.2
6934,183,0.2
6934,1402,0.1
6934,7574,0.1
6935,4085,0.2
6936,5221,0.2
6936,6409,0.1
6937,6409,0.1
6939,5010,0.2
6940,7603,0.2
6941,3309,0.1
6943,2243,0.1
6943,2460,0.2
6944,5192,0.1
6945,7507,0.2
6947,8103,0.2
6948,4546,0.1
6948,5554,0.1
6950,356,0.2
6951,2457,0.05
6952,3089,0.0666666666666667
6952,5033,0.1
6953,9243,0.2
6954,8007,0.2
6959,9963,0.1
6961,791,0.2
6964,3529,0.0666666666666667
6967,2542,0.2
6967,4879,0.1
6969,274,0.1
6972,1299,0.1
6974,2425,0.1
6977,2651,0.2
6977,7321,0.2
6979,6463,0.2
6980,2102,0.1
6980,3374,0.2
6980,8112,0.2
6981,1285,0.2
6981,6295,0.1
6981,7341,0.2
6984,5458,0.2
6984,7198,0.0666666666666667
6985,1563,0.1
6987,3155,0.2
6988,8965,0.0666666666666667
6989,1950,0.2
6994,1509,0.2
6995,6026,0.2
6995,9558,0.2
6999,1490,0.2
6999,4358,0.2
7000,1321,0.0666666666666667
7001,3745,0.1
7002,5915,0.1
7005,9885,0.2
7008,5147,0.1
7009,4730,0.1
7010,5947,0.2
7012,8179,0.2
7014,7780,0.1
7016,3720,0.2
7017,1717,0.0666666666666667
7018,5751,0.2
7018,8897,0.1
7018,9371,0.2
7019,4552,0.2
7021,476,0.1
7021,3969,0.2
7022,8266,0.2
7023,1887,0.2
7028,5609,0.0666666666666667
7029,1500,0.1
7031,3434,0.2
7031,7644,0.1
7033,1377,0.04
7036,3439,0.05
7036,9903,0.0666666666666667
7038,4032,0.2
7040,8439,0.2
7040,8525,0.2
7042,5803,0.0666666666666667
7044,1344,0.1
7044,8844,0.2
7046,7972,0.1
7049,4856,0.05
7053,6955,0.1
7053,9837,0.1
7053,9840,0.2
7055,5204,0.2
7057,7729,0.0666666666666667
7058,3706,0.2
7058,6088,0.2
7060,8671,0.0666666666666667
7060,9050,0.2
7062,9481,0.1
7062,9833,0.1
7063,1856,0.2
7063,7535,0.1
7064,4814,0.2
7065,3624,0.2
7067,2916,0.1
7067,5162,0.1
7068,8891,0.1
7070,7361,0.2
7071,4848,0.0666666666666667
7072,1719,0.0666666666666667
7072,3773,0.1
7072,4781,0.1
7072,7347,0.0666666666666667
7072,8256,0.2
7073,3196,0.1
7075,2003,0.2
7075,9412,0.2
7076,315,0.1
7076,4640,0.05
7076,7861,0.1
7076,8788,0.2
7078,7593,0.0666666666666667
7079,86,0.1
7079,7462,0.1
7082,8475,0.2
7084,267,0.2
7084,277,0.2
7084,6464,0.1
7085,2780,0.1
7090,9260,0.2
7092,6183,0.1
7092,8713,0.2
7093,1279,0.2
7093,1478,0.05
7093,7097,0.2
7095,2733,0.2
7096,4532,0.2
7097,8686,0.0666666666666667
7098,1379,0.1
7099,5792,0.1
7101,7986,0.2
7102,6674,0.2
7103,5440,0.05
7105,291,0.1
7106,7121,0.2
7107,5811,0.1
7107,7082,0.0666666666666667
7108,4298,0.0666666666666667
7109,7659,0.0666666666666667
7113,3242,0.2
7114,7963,0.2
7114,9301,0.0666666666666667
7115,3098,0.2
7116,2843,0.0666666666666667
7116,3835,0.2
7117,2995,0.0666666666666667
7117,6557,0.0666666666666667
7119,1372,0.0666666666666667
7119,9123,0.2
7120,7530,0.1
7123,4321,0.1
7124,6730,0.1
7128,2664,0.2
7130,1849,0.2
7132,5809,0.2
7132,9051,0.1
7133,3719,0.0666666666666667
7133,5946,0.1
7134,3104,0.2
7136,2519,0.1
7136,6931,0.1
7137,2451,0.2
7138,6057,0.2
7138,6595,0.1
7138,7703,0.2
7143,1001,0.1
7143,1865,0.1
7144,9578,0.2
7145,4817,0.2
7148,468,0.0666666666666667
7150,639,0.0666666666666667
7151,5669,0.0666666666666667
7154,4160,0.2
7155,6236,0.1
7156,7476,0.2
7158,788,0.1
7158,6197,0.2
7158,9116,0.2
7159,178,0.2
7161,2178,0.05
7162,4950,0.2
7162,8560,0.1
7166,2596,0.1
7166,2658,0.1
7172,6432,0.2
7174,8104,0.2
7177,4995,0.1
7179,4492,0.1
7182,2709,0.1
7182,4023,0.2
7184,4920,0.0666666666666667
7187,7062,0.2
7188,5457,0.2
7189,607,0.1
7189,8348,0.2
7191,4599,0.04
7192,2332,0.1
7193,6403,0.1
7194,4090,0.1
7194,8737,0.0666666666666667
7195,3014,0.2
7196,3698,0.1
7197,7,0.1
7197,3294,0.2
7198,6841,0.1
7199,5445,0.0666666666666667
7199,7676,0.1
7200,1997,0.0666666666666667
7200,3486,0.1
7201,4389,0.0666666666666667
7202,7165,0.1
7204,3520,0.2
7204,8687,0.04
7205,2093,0.1
7208,3932,0.0666666666666667
7208,5419,0.1
7208,8534,0.2
7209,2965,0.1
7209,7085,0.04
7211,5143,0.1
7212,3764,0.2
7213,7169,0.04
7214,2684,0.1
7214,6547,0.1
7214,8357,0.05
7215,4731,0.05
7215,9216,0.2
7217,1725,0.2
7217,2275,0.2
7218,3774,0.2
7219,294,0.1
7219,8486,0.0666666666666667
7221,7505,0.1
7223,9965,0.2
7230,3235,0.1
7231,1197,0.05
7231,6238,0.0666666666666667
7231,9072,0.2
7232,4511,0.2
7232,7010,0.2
7234,6286,0.2
7235,1549,0.0666666666666667
7236,5139,0.2
7237,7351,0.2
7238,5440,0.05
7239,3892,0.2
7239,8191,0.1
7239,8543,0.1
7239,9158,0.1
7240,3448,0.05
7241,5518,0.2
7242,5349,0.2
7244,6323,0.2
7245,5107,0.1
7247,3266,0.2
7247,4018,0.1
7248,916,0.2
7249,7968,0.2
7250,1531,0.0666666666666667
7250,4728,0.2
7252,5104,0.2
7256,6314,0.1
7257,5545,0.0666666666666667
7258,6367,0.1
7258,9173,0.1
7263,2658,0.1
7263,5031,0.0666666666666667
7264,2764,0.2
7264,9992,0.0666666666666667
7266,247,0.2
7266,5928,0.2
7267,4465,0.0666666666666667
7269,85,0.1
7269,4996,0.0666666666666667
7269,6819,0.2
7270,5151,0.1
7271,1408,0.1
7272,8978,0.1
7274,6184,0.0666666666666667
7275,4421,0.1
7277,6313,0.1
7278,2319,0.2
7279,2447,0.2
7281,405,0.2
7281,4975,0.1
7281,6062,0.0666666666666667
7286,4429,0.1
7287,7316,0.2
7287,9117,0.1
7289,340,0.0666666666666667
7289,3602,0.2
7289,8795,0.1
7291,2786,0.2
7291,9799,0.1
7300,7917,0.2
7301,526,0.1
7303,6308,0.0666666666666667
7305,5649,0.1
7307,5546,0.2
7313,3333,0.2
7313,7523,0.0666666666666667
7314,2696,0.2
7318,9832,0.2
7320,4603,0.0666666666666667
7321,2969,0.1
7322,5764,0.1
7323,6200,0.0666666666666667
7332,5523,0.2
7332,9528,0.1
7333,4560,0.2
7336,6313,0.1
7336,6855,0.1
7336,9396,0.2
7337,3642,0.2
7338,9321,0.1
7338,9590,0.2
7342,7110,0.0666666666666667
7342,7916,0.05
7343,6895,0.2
7344,3786,0.1
7344,9091,0.1
7346,7639,0.1
7347,6559,0.0666666666666667
7348,3037,0.1
7348,3483,0.2
7349,8416,0.0666666666666667
7350,3877,0.0666666666666667
7351,1052,0.2
7351,6903,0.2
7353,2531,0.2
7357,4868,0.1
7358,6816,0.2
7358,7176,0.1
7359,4477,0.1
7361,5376,0.0666666666666667
7361,5564,0.1
7361,6846,0.2
7361,9678,0.1
7362,1518,0.1
7362,7676,0.1
7363,6885,0.2
7365,7970,0.2
7368,3433,0.1
7368,5801,0.0666666666666667
7369,1559,0.2
7369,1600,0.2
7372,1041,0.2
7372,4563,0.2
7374,6253,0.0666666666666667
7374,9201,0.1
7376,545,0.1
7378,5132,0.2
7379,1945,0.2
7381,25,0.2
7381,1077,0.1
7381,1118,0.1
7382,1508,0.2
7382,6036,0.2
7383,2445,0.1
7383,4257,0.2
7383,8223,0.2
7386,3957,0.0666666666666667
7386,8663,0.1
7386,9386,0.1
7387,593,0.0666666666666667
7387,8321,0.0666666666666667
7387,8420,0.1
7389,8892,0.1
7391,609,0.0666666666666667
7393,1069,0.0666666666666667
7396,6412,0.2
7396,8996,0.2
7398,1366,0.0666666666666667
7399,301,0.0666666666666667
7399,2950,0.2
7402,839,0.2
7402,7259,0.1
7404,6441,0.2
7409,8746,0.2
7409,9380,0.1
7412,9459,0.2
7414,2064,0.0666666666666667
7414,5584,0.05
7416,918,0.1
7418,3476,0.1
7418,8766,0.2
7419,708,0.2
7419,2657,0.1
7422,9966,0.2
7423,9904,0.1
7424,8346,0.0666666666666667
7424,8601,0.2
7425,4474,0.1
7426,8991,0.2
7427,9850,0.1
7428,4736,0.2
7429,2403,0.2
7429,8414,0.1
7429,8814,0.1
7430,9376,0.1
7432,1648,0.1
7432,3370,0.04
7432,4577,0.05
7433,2123,0.1
7433,6890,0.2
7436,1931,0.2
7436,7096,0.2
7441,7328,0.2
7443,295,0.2
7443,2061,0.1
7443,4955,0.1
7444,432,0.0333333333333333
7445,4607,0.2
7446,1339,0.0666666666666667
7448,5891,0.0666666666666667
7448,7312,0.2
7450,1499,0.2
7452,1377,0.04
7453,4275,0.1
7454,5694,0.2
7456,9867,0.2
7459,1487,0.0666666666666667
7459,3759,0.2
7459,9542,0.0666666666666667
7460,2788,0.0666666666666667
7460,5541,0.1
7460,7502,0.1
7461,2347,0.0666666666666667
7461,4372,0.2
7461,8963,0.1
7462,3168,0.1
7463,2548,0.2
7467,7818,0.2
7468,8573,0.2
7471,419,0.0666666666666667
7471,7187,0.2
7473,7227,0.2
7474,7161,0.2
7474,9301,0.0666666666666667
7476,6019,0.2
7477,3049,0.2
7478,458,0.0666666666666667
7478,2711,0.0666666666666667
7478,5628,0.1
7478,7559,0.2
7479,1414,0.2
7480,1099,0.1
7482,989,0.1
7482,4954,0.1
7482,8930,0.05
7484,9881,0.1
7485,8129,0.2
7485,8795,0.1
7486,5376,0.0666666666666667
7487,232,0.2
7488,6613,0.1
7490,9280,0.1
7491,4981,0.0666666666666667
7492,7707,0.1
7493,1462,0.2
7493,7236,0.1
7493,9100,0.1
7494,1550,0.2
7496,2934,0.0666666666666667
7497,5369,0.04
7500,6201,0.2
7502,2618,0.2
7504,6908,0.2
7505,8121,0.05
7507,7625,0.2
7508,484,0.1
7508,1399,0.1
7510,5070,0.1
7512,3643,0.1
7515,5004,0.0666666666666667
7517,2852,0.05
7517,4599,0.04
7518,3612,0.2
7522,8098,0.2
7523,7778,0.2
7525,7919,0.0666666666666667
7526,3519,0.2
7526,5107,0.1
7526,8080,0.2
7527,4924,0.2
7528,307,0.2
7529,7674,0.1
7531,1590,0.2
7532,3613,0.1
7532,9926,0.1
7534,6497,0.1
7534,9382,0.1
7536,8711,0.1
7537,1334,0.0666666666666667
7537,4900,0.1
7539,1213,0.2
7542,2007,0.1
7542,8841,0.2
7543,485,0.1
7545,1381,0.1
7545,9611,0.2
7546,3636,0.2
7546,7214,0.2
7547,3930,0.1
7547,4083,0.1
7547,8666,0.2
7550,6143,0.1
7557,8090,0.2
7559,1906,0.1
7560,3067,0.1
7560,4644,0.0666666666666667
7562,8209,0.2
7563,1199,0.0666666666666667
7566,7549,0.0666666666666667
7567,7080,0.2
7568,1791,0.2
7569,5483,0.2
7569,9958,0.1
7570,2180,0.2
7571,3769,0.1
7573,388,0.2
7575,4408,0.1
7577,4152,0.1
7579,1604,0.1
7579,7277,0.1
7579,7296,0.2
7580,9598,0.1
7583,3082,0.1
7583,9920,0.0666666666666667
7586,4066,0.0666666666666667
7587,4213,0.1
7590,8894,0.1
7591,6616,0.2
7593,4930,0.2
7594,8051,0.1
7594,9083,0.0666666666666667
7595,6425,0.1
7598,5936,0.2
7598,9864,0.2
7599,879,0.0666666666666667
7599,6974,0.1
7601,6879,0.1
7602,3006,0.1
7602,4259,0.0666666666666667
7603,792,0.2
7604,8761,0.1
7604,9196,0.1
7604,9410,0.05
7607,1898,0.1
7607,4789,0.2
7608,4882,0.2
7612,1020,0.1
7612,1542,0.1
7612,2873,0.1
7613,6512,0.1
7616,2308,0.04
7616,3785,0.1
7620,5915,0.1
7621,5541,0.1
7621,6444,0.0666666666666667
7622,4338,0.1
7622,9231,0.05
7623,3839,0.0666666666666667
7623,7867,0.0666666666666667
7628,6438,0.2
7628,8814,0.1
7628,9603,0.1
7631,572,0.05
7632,1697,0.0666666666666667
7632,2905,0.2
7632,4621,0.1
7633,5368,0.1
7635,4202,0.1
7635,5574,0.2
7637,7522,0.1
7639,1692,0.1
7640,8150,0.2
7641,3762,0.2
7644,2788,0.0666666666666667
7647,1875,0.2
7648,7067,0.2
7649,2975,0.0666666666666667
7651,130,0.05
7651,8847,0.1
7652,2902,0.05
7652,4069,0.1
7652,9291,0.1
7654,5397,0.2
7656,3005,0.2
7656,5829,0.1
7657,4823,0.1
7658,2767,0.2
7661,1925,0.0666666666666667
7662,2569,0.04
7663,2374,0.2
7663,2744,0.1
7664,280,0.2
7664,809,0.1
7667,3206,0.2
7668,4108,0.1
7668,5464,0.2
7668,7194,0.1
7669,8515,0.2
7672,4470,0.2
7675,5932,0.1
7677,2328,0.2
7677,8992,0.2
7680,1627,0.2
7680,3889,0.1
7681,2419,0.0666666666666667
7684,4359,0.1
7684,6147,0.2
7684,9011,0.1
7685,3576,0.2
7687,4236,0.2
7688,4688,0.1
7689,1493,0.2
7690,9835,0.1
7691,936,0.1
7693,8456,0.1
7694,5390,0.2
7694,8156,0.1
7695,130,0.05
7696,5345,0.1
7696,6202,0.1
7698,4965,0.2
7699,4038,0.1
7701,6519,0.2
7703,1198,0.2
7703,5108,0.05
7704,3544,0.0666666666666667
7704,7789,0.0666666666666667
7707,6310,0.2
7708,1208,0.2
7710,1399,0.1
7711,51,0.2
7712,2062,0.1
7713,21,0.0666666666666667
7715,4828,0.1
7716,392,0.1
7716,905,0.2
7717,917,0.2
7717,7528,0.1
7719,9825,0.0666666666666667
7720,1728,0.2
7721,6576,0.1
7723,2161,0.1
7724,2546,0.2
7726,2878,0.2
7726,4669,0.1
7726,5819,0.0666666666666667
7728,1632,0.05
7729,2457,0.05
7730,99,0.2
7731,2994,0.1
7731,8312,0.1
7732,5604,0.2
7735,481,0.05
7735,9497,0.2
7737,3015,0.2
7737,4567,0.2
7739,4357,0.2
7741,6229,0.2
7742,2001,0.1
7742,6089,0.1
7743,1031,0.0666666666666667
7743,4221,0.1
7745,4653,0.1
7745,5238,0.1
7745,9646,0.2
7747,8778,0.0666666666666667
7749,2119,0.1
7750,3360,0.0666666666666667
7752,2371,0.1
7753,3755,0.1
7755,1719,0.0666666666666667
7758,4373,0.2
7759,8191,0.1
7760,1695,0.05
7760,1911,0.1
7760,2377,0.1
7760,4522,0.1
7760,4887,0.1
7762,8964,0.0666666666666667
7763,2621,0.1
7763,4710,0.2
7766,1978,0.2
7766,6131,0.1
7767,1231,0.1
7767,6276,0.2
7768,2143,0.2
7768,4669,0.1
7768,5780,0.1
7769,1060,0.1
7769,5844,0.2
7770,7955,0.1
7771,306,0.2
7772,1642,0.1
7773,4431,0.1
7777,7373,0.1
7778,8691,0.1
7779,1555,0.0666666666666667
7779,1663,0.2
7779,9400,0.2
7781,2001,0.1
7781,4113,0.0666666666666667
7782,8418,0.0666666666666667
7783,5391,0.1
7785,6020,0.0666666666666667
7786,383,0.1
7787,5124,0.1
7787,7794,0.1
7787,9904,0.1
7789,5836,0.1
7790,2019,0.2
7790,4849,0.0666666666666667
7790,8115,0.1
7791,8722,0.2
7792,5746,0.2
7794,9801,0.0666666666666667
7797,5285,0.0666666666666667
7797,7188,0.05
7799,783,0.1
7800,462,0.2
7801,2094,0.2
7801,3299,0.0666666666666667
7803,1263,0.2
7806,2620,0.2
7807,6328,0.1
7808,7522,0.1
7810,2209,0.2
7815,4237,0.1
7817,8959,0.2
7818,6267,0.2
7819,6636,0.0666666666666667
7820,803,0.2
7820,8078,0.1
7822,4122,0.2
7824,8463,0.2
7824,8797,0.2
7825,5146,0.1
7826,918,0.1
7826,7523,0.0666666666666667
7827,5239,0.1
7829,2340,0.05
7829,2342,0.1
7829,7310,0.1
7831,4968,0.1
7831,9908,0.2
7832,2569,0.04
7833,4336,0.2
7833,6847,0.2
7835,1736,0.1
7835,2426,0.2
7835,5473,0.0666666666666667
7836,8156,0.1
7837,1205,0.2
7838,3770,0.1
7838,7530,0.1
7841,4,0.2
7845,1225,0.2
7845,1359,0.2
7845,6428,0.2
7846,2989,0.2
7847,3490,0.2
7848,1873,0.0666666666666667
7850,6117,0.0666666666666667
7852,1094,0.0666666666666667
7852,7291,0.2
7852,7523,0.0666666666666667
7853,9959,0.0666666666666667
7854,2487,0.1
7854,3826,0.2
7854,9526,0.2
7857,441,0.2
7857,9712,0.0666666666666667
7858,5435,0.1
7859,7190,0.2
7859,7793,0.2
7861,9521,0.2
7863,431,0.05
7864,5150,0.2
7865,4304,0.2
7868,13,0.0666666666666667
7868,432,0.0333333333333333
7868,6660,0.2
7868,6735,0.1
7870,643,0.2
7872,3697,0.2
7873,5843,0.0666666666666667
7874,7799,0.1
7875,4264,0.05
7875,9311,0.2
7877,3741,0.0666666666666667
7877,5175,0.2
7879,1441,0.2
7880,7332,0.1
7881,8241,0.1
7882,7409,0.2
7883,9173,0.1
7885,248,0.1
7885,4577,0.05
7886,8803,0.1
7887,9148,0.2
7888,2432,0.2
7889,6972,0.2
7892,6845,0.2
7892,8427,0.0666666666666667
7893,4321,0.1
7894,1042,0.1
7894,6263,0.2
7895,3819,0.2
7896,1317,0.2
7896,8508,0.2
7897,4571,0.2
7897,9614,0.2
7898,2464,0.1
7898,2820,0.0666666666666667
7899,4290,0.1
7899,4755,0.0666666666666667
7899,7216,0.2
7899,7973,0.1
7901,2949,0.1
7902,3879,0.05
7902,5387,0.1
7902,5441,0.2
7903,244,0.0666666666666667
7903,8001,0.1
7906,3270,0.2
7909,723,0.2
7914,1177,0.1
7915,9995,0.05
7916,8876,0.2
7917,3437,0.2
7918,8723,0.2
7919,7893,0.1
7919,9786,0.2
7921,376,0.2
7921,3693,0.2
7923,270,0.2
7924,934,0.0666666666666667
7924,1893,0.1
7927,4330,0.1
7933,3728,0.05
7933,5977,0.2
7934,3728,0.05
7935,5669,0.0666666666666667
7936,1326,0.1
7936,6590,0.2
7937,2272,0.2
7938,3393,0.2
7940,1672,0.2
7941,9774,0.1
7942,7112,0.2
7943,7786,0.2
7943,7916,0.05
7945,1197,0.05
7947,9272,0.1
7948,2023,0.0666666666666667
7952,3952,0.2
7955,9207,0.2
7956,9487,0.2
7958,7714,0.1
7959,9829,0.1
7960,6118,0.1
7961,8834,0.2
7961,9164,0.1
7962,4113,0.0666666666666667
7962,5293,0.2
7964,7893,0.1
7966,413,0.2
7966,3738,0.1
7966,7747,0.1
7967,6939,0.1
7968,7172,0.2
7969,7019,0.1
7970,1529,0.2
7970,2720,0.04
7970,4302,0.1
7970,4947,0.2
7970,9542,0.0666666666666667
7971,739,0.1
7971,9547,0.2
7972,6143,0.1
7975,5315,0.0666666666666667
7976,3721,0.1
7978,6548,0.2
7979,593,0.0666666666666667
7979,8794,0.1
7980,5393,0.2
7980,9464,0.2
7981,3421,0.0666666666666667
7981,4551,0.2
7982,4225,0.2
7982,8665,0.2
7986,5716,0.2
7987,912,0.2
7987,5516,0.1
7990,5361,0.2
7991,3784,0.2
7991,9970,0.1
7993,8449,0.2
7994,1553,0.2
7994,5165,0.0666666666666667
7994,5288,0.2
7995,9338,0.1
7995,9603,0.1
7996,1395,0.2
7996,8198,0.1
7997,9542,0.0666666666666667
7998,2893,0.0666666666666667
7999,5181,0.1
8002,7463,0.1
8003,5935,0.1
8003,9771,0.1
8004,1072,0.1
8004,9789,0.0666666666666667
8005,4047,0.2
8006,6633,0.1
8008,6050,0.2
8009,631,0.2
8009,7443,0.1
8011,2742,0.0666666666666667
8011,4455,0.1
8011,7797,0.04
8011,9997,0.1
8012,1785,0.2
8013,7019,0.1
8016,4715,0.2
8017,2945,0.1
8017,6526,0.2
8019,9861,0.2
8020,1466,0.1
8021,1068,0.1
8022,4603,0.0666666666666667
8023,4230,0.0666666666666667
8024,9115,0.2
8025,8789,0.1
8026,995,0.0666666666666667
8027,5376,0.0666666666666667
8028,731,0.1
8029,8189,0.1
8030,5325,0.0666666666666667
8031,4114,0.2
8031,7287,0.1
8031,7611,0.0666666666666667
8032,6345,0.2
8033,5086,0.2
8035,2926,0.2
8035,6551,0.1
8036,9397,0.2
8038,4455,0.1
8038,8101,0.1
8039,2500,0.2
8039,3246,0.2
8039,5957,0.2
8039,7630,0.0666666666666667
8039,7856,0.1
8040,2484,0.2
8042,6314,0.1
8042,9107,0.2
8043,61,0.2
8043,1871,0.2
8043,6939,0.1
8044,3030,0.1
8046,3459,0.1
8046,6974,0.1
8046,8307,0.2
8049,2161,0.1
8049,6357,0.2
8050,1522,0.1
8053,4065,0.2
8054,1812,0.05
8056,2423,0.0666666666666667
8058,4426,0.2
8058,4830,0.1
8060,7873,0.2
8061,9981,0.2
8062,603,0.1
8063,2524,0.2
8063,4897,0.1
8064,4891,0.0666666666666667
8065,1381,0.1
8065,3640,0.2
8065,5815,0.2
8065,7104,0.04
8067,984,0.2
8068,2985,0.2
8073,1040,0.1
8073,3897,0.1
8073,4149,0.0666666666666667
8074,9903,0.0666666666666667
8075,2934,0.0666666666666667
8075,4101,0.1
8076,3127,0.1
8076,5873,0.0666666666666667
8078,7484,0.2
8081,1372,0.0666666666666667
8083,2179,0.0666666666666667
8083,5961,0.2
8084,5843,0.0666666666666667
8085,2406,0.2
8086,7313,0.05
8091,379,0.2
8093,4293,0.2
8093,8542,0.1
8095,1201,0.2
8096,3118,0.2
8096,8951,0.2
8097,9750,0.0666666666666667
8098,419,0.0666666666666667
8098,8462,0.2
8098,8880,0.2
8099,1976,0.2
8100,2126,0.2
8101,154,0.1
8104,5852,0.1
8104,8767,0.05
8108,1334,0.0666666666666667
8108,1695,0.05
8108,2252,0.1
8112,9392,0.1
8113,607,0.1
8113,1271,0.2
8113,3552,0.1
8119,2454,0.2
8120,2470,0.1
8120,4264,0.05
8121,1583,0.0666666666666667
8121,1623,0.2
8121,6371,0.2
8124,8513,0.1
8124,9852,0.2
8125,4123,0.1
8126,9564,0.04
8130,4859,0.2
8133,9527,0.0666666666666667
8135,2845,0.1
8135,3999,0.05
8137,8731,0.2
8138,3177,0.1
8139,4173,0.1
8139,4203,0.1
8140,9479,0.1
8141,1145,0.1
8146,4272,0.2
8147,6763,0.2
8148,9197,0.0666666666666667
8151,2752,0.1
8152,619,0.1
8152,1981,0.2
8153,3167,0.1
8153,5636,0.0666666666666667
8154,1176,0.2
8154,1572,0.1
8154,9384,0.2
8155,2847,0.2
8157,4875,0.2
8157,5436,0.2
8158,3923,0.2
8160,3528,0.2
8161,7505,0.1
8162,5962,0.2
8162,6200,0.0666666666666667
8163,7006,0.2
8164,9222,0.1
8164,9741,0.2
8167,7371,0.2
8168,357,0.0666666666666667
8169,320,0.1
8173,4322,0.2
8174,4440,0.1
8175,5115,0.2
8175,9300,0.1
8177,9616,0.0666666666666667
8178,7911,0.0666666666666667
8178,9105,0.05
8179,141,0.1
8179,2082,0.2
8179,2561,0.2
8179,5340,0.1
8181,3961,0.2
8181,9235,0.1
8182,1020,0.1
8182,3257,0.0666666666666667
8182,6218,0.1
8182,7547,0.2
8183,281,0.0666666666666667
8183,5395,0.2
8184,3163,0.1
8184,8369,0.2
8188,1222,0.1
8190,975,0.2
8190,8066,0.2
8190,9622,0.0666666666666667
8194,3189,0.0666666666666667
8194,3486,0.1
8194,5025,0.0666666666666667
8194,8219,0.2
8196,1836,0.2
8198,7577,0.2
8198,8635,0.0666666666666667
8198,9246,0.1
8199,2648,0.1
8199,5226,0.2
8200,4587,0.05
8200,9177,0.2
8202,2679,0.1
8204,5231,0.05
8204,6834,0.1
8205,3416,0.2
8205,3513,0.2
8205,5782,0.05
8206,5903,0.2
8206,9800,0.2
8208,5257,0.1
8208,7302,0.2
8209,6626,0.1
8210,1954,0.1
8212,5623,0.05
8214,3568,0.0666666666666667
8214,9414,0.2
8214,9430,0.2
8215,5267,0.1
8217,6677,0.1
8217,7640,0.2
8218,2919,0.0666666666666667
8220,913,0.04
8220,2608,0.05
8223,3903,0.2
8223,7337,0.1
8224,9985,0.1
8225,9426,0.1
8231,7854,0.1
8232,734,0.2
8232,8260,0.1
8233,3059,0.0666666666666667
8235,5659,0.2
8236,4620,0.2
8237,1858,0.1
8237,9438,0.2
8242,4100,0.1
8242,6815,0.0666666666666667
8243,3022,0.2
8244,1000,0.0666666666666667
8246,323,0.2
8246,4531,0.1
8246,8397,0.1
8246,8599,0.2
8251,3149,0.1
8251,9675,0.1
8252,1085,0.1
8252,3067,0.1
8252,4477,0.1
8253,3011,0.2
8253,4057,0.2
8253,4378,0.0666666666666667
8253,4847,0.2
8254,610,0.1
8256,7533,0.05
8257,1858,0.1
8257,7945,0.1
8260,2815,0.2
8263,4678,0.2
8264,5742,0.1
8265,458,0.0666666666666667
8266,1088,0.2
8267,2924,0.2
8268,9562,0.1
8269,5009,0.1
8269,5843,0.0666666666666667
8272,369,0.1
8273,7596,0.1
8275,6992,0.0666666666666667
8275,9234,0.1
8277,3600,0.1
8277,6207,0.2
8279,7110,0.0666666666666667
8280,2934,0.0666666666666667
8280,9496,0.05
8282,2655,0.1
8282,8193,0.2
8284,2861,0.1
8287,1812,0.05
8287,6382,0.1
8288,2371,0.1
8290,276,0.2
8290,6058,0.2
8290,6484,0.2
8292,2052,0.1
8293,1556,0.0666666666666667
8295,2563,0.2
8296,2969,0.1
8297,1120,0.0666666666666667
8298,6164,0.0666666666666667
8299,8021,0.1
8300,5675,0.0666666666666667
8301,9850,0.1
8303,4870,0.1
8305,5136,0.2
8306,5343,0.2
8307,2653,0.2
8307,3238,0.1
8307,5997,0.1
8309,4506,0.1
8309,6093,0.2
8310,7798,0.2
8310,7937,0.1
8311,88,0.1
8314,5365,0.1
8315,9492,0.2
8319,9225,0.0666666666666667
8320,5545,0.0666666666666667
8321,604,0.0666666666666667
8321,7661,0.2
8322,6149,0.2
8324,656,0.1
8327,7592,0.05
8329,2816,0.1
8330,987,0.0666666666666667
8330,2173,0.2
8330,2259,0.1
8330,9080,0.1
8331,4991,0.2
8332,9168,0.1
8333,340,0.0666666666666667
8334,9284,0.1
8336,288,0.2
8337,2634,0.2
8338,5921,0.2
8338,6194,0.2
8340,7673,0.1
8342,3261,0.1
8343,4627,0.1
8345,5203,0.2
8345,6761,0.2
8346,6826,0.2
8348,2288,0.1
8348,7347,0.0666666666666667
8349,2714,0.2
8349,5304,0.1
8352,1632,0.05
8355,3239,0.1
8358,7004,0.2
8358,9316,0.0666666666666667
8359,3850,0.1
8360,5165,0.0666666666666667
8361,3995,0.2
8361,7807,0.1
8363,4653,0.1
8363,7782,0.1
8364,8401,0.0666666666666667
8365,9700,0.1
8369,6121,0.2
8369,9032,0.0666666666666667
8371,4230,0.0666666666666667
8375,1691,0.2
8376,5184,0.2
8379,5948,0.2
8385,1247,0.2
8385,2286,0.0666666666666667
8385,2644,0.2
8386,2638,0.0666666666666667
8387,6544,0.0666666666666667
8387,9375,0.2
8388,5908,0.2
8388,6112,0.2
8391,6352,0.1
8394,8343,0.2
8395,1953,0.1
8395,5287,0.1
8397,2881,0.1
8400,8355,0.1
8404,6792,0.2
8405,381,0.1
8405,457,0.1
8406,220,0.2
8410,8780,0.2
8411,6159,0.2
8411,8216,0.0666666666666667
8414,3488,0.1
8415,507,0.2
8415,2067,0.1
8415,5177,0.2
8415,9836,0.2
8416,9920,0.0666666666666667
8419,4314,0.2
8419,8109,0.2
8420,6815,0.0666666666666667
8420,9251,0.2
8423,4127,0.1
8424,4310,0.1
8425,2556,0.1
8425,3388,0.1
8426,6303,0.1
8426,8501,0.2
8427,8232,0.1
8428,2736,0.2
8428,9479,0.1
8429,4689,0.2
8434,2704,0.0666666666666667
8434,4197,0.0666666666666667
8435,7042,0.1
8436,2628,0.2
8436,6016,0.1
8436,7496,0.1
8437,7266,0.1
8438,6952,0.1
8442,5459,0.2
8442,9000,0.2
8442,9061,0.2
8443,2638,0.0666666666666667
8443,6652,0.1
8443,8383,0.2
8447,565,0.2
8450,2028,0.2
8452,7456,0.2
8455,1613,0.0666666666666667
8456,5318,0.1
8456,8506,0.2
8457,5380,0.0666666666666667
8458,8165,0.1
8460,1478,0.05
8460,7711,0.0666666666666667
8461,2872,0.2
8462,2645,0.2
8462,6289,0.2
8465,8874,0.2
8465,9284,0.1
8466,9055,0.05
8467,7217,0.1
8468,236,0.0666666666666667
8471,7609,0.0666666666666667
8473,6621,0.2
8474,5224,0.1
8476,5004,0.0666666666666667
8476,7637,0.1
8477,4838,0.2
8481,1619,0.1
8481,4229,0.1
8481,8268,0.1
8483,5255,0.1
8484,2428,0.1
8484,5609,0.0666666666666667
8486,2852,0.05
8488,6999,0.1
8489,5838,0.05
8490,5923,0.2
8490,9001,0.2
8490,9506,0.1
8491,7279,0.05
8492,418,0.2
8494,952,0.0666666666666667
8494,7101,0.2
8497,952,0.0666666666666667
8498,9222,0.1
8500,7650,0.2
8503,797,0.2
8505,3262,0.2
8506,6632,0.2
8507,6418,0.2
8507,7908,0.1
8508,174,0.2
8508,6000,0.2
8508,8036,0.2
8510,5766,0.1
8511,1478,0.05
8511,5582,0.1
8513,1178,0.1
8515,7797,0.04
8516,2075,0.0666666666666667
8516,7596,0.1
8517,5420,0.05
8519,2578,0.2
8519,7109,0.2
8520,1296,0.2
8521,6892,0.2
8522,9261,0.1
8524,3295,0.2
8524,3883,0.1
8525,7590,0.2
8526,6857,0.1
8527,550,0.2
8528,8526,0.0666666666666667
8528,9190,0.2
8528,9883,0.1
8529,3346,0.2
8529,9021,0.1
8531,7657,0.1
8532,1365,0.2
8532,4200,0.2
8533,1096,0.2
8533,1510,0.1
8535,6248,0.1
8537,2382,0.2
8537,7565,0.2
8538,7100,0.0666666666666667
8539,5148,0.2
8540,5540,0.0666666666666667
8540,5981,0.1
8541,4005,0.2
8541,6551,0.1
8542,468,0.0666666666666667
8542,510,0.1
8542,8433,0.2
8542,9773,0.1
8542,9892,0.2
8543,2201,0.2
8543,8606,0.0666666666666667
8544,8629,0.2
8545,2185,0.2
8546,4920,0.0666666666666667
8546,8936,0.1
8548,5996,0.1
8549,1765,0.1
8549,5026,0.2
8550,3997,0.2
8550,5910,0.2
8552,7390,0.2
8553,5748,0.2
8554,227,0.1
8554,1219,0.2
8555,895,0.2
8556,1610,0.2
8557,5752,0.1
8559,8341,0.2
8559,8687,0.04
8560,1171,0.0666666666666667
8561,4662,0.0666666666666667
8562,5868,0.0666666666666667
8564,4929,0.1
8565,185,0.1
8565,516,0.0666666666666667
8567,3169,0.2
8569,4164,0.1
8570,936,0.1
8570,1442,0.2
8571,7412,0.2
8571,7472,0.2
8573,9085,0.1
8574,4445,0.2
8575,3395,0.2
8575,4966,0.2
8577,1071,0.2
8577,1211,0.2
8577,5682,0.1
8582,8315,0.0666666666666667
8584,3422,0.1
8584,6954,0.1
8584,7878,0.2
8587,2801,0.2
8587,8279,0.2
8588,6610,0.1
8589,6693,0.1
8590,9227,0.2
8591,2278,0.2
8592,6563,0.2
8592,9938,0.2
8593,5073,0.2
8594,7561,0.1
8596,5587,0.0666666666666667
8597,1602,0.2
8597,4447,0.2
8597,4774,0.1
8598,9134,0.1
8599,2797,0.2
8601,9910,0.2
8602,9503,0.1
8605,8315,0.0666666666666667
8608,7146,0.2
8610,6976,0.1
8611,6984,0.2
8614,4471,0.2
8614,6993,0.1
8615,879,0.0666666666666667
8615,1867,0.0666666666666667
8616,6483,0.0666666666666667
8617,5187,0.1
8617,9108,0.1
8618,2922,0.2
8618,9584,0.1
8619,3538,0.1
8619,5358,0.2
8619,7290,0.2
8623,5025,0.0666666666666667
8624,317,0.1
8625,253,0.2
8625,4611,0.2
8628,9890,0.0666666666666667
8637,2704,0.0666666666666667
8638,13,0.0666666666666667
8639,1060,0.1
8639,5758,0.0666666666666667
8641,3224,0.2
8641,4217,0.2
8641,7961,0.1
8643,134,0.2
8643,6986,0.2
8645,4957,0.05
8646,3788,0.0666666666666667
8648,3827,0.1
8649,7197,0.2
8650,9082,0.2
8651,569,0.05
8651,7056,0.1
8652,5474,0.1
8653,7916,0.05
8654,7879,0.2
8655,5893,0.2
8655,7752,0.1
8656,1568,0.1
8658,1639,0.1
8658,8308,0.1
8659,7376,0.2
8661,1140,0.2
8661,4987,0.1
8662,8428,0.0666666666666667
8664,847,0.2
8664,6347,0.2
8665,1533,0.04
8665,5218,0.0666666666666667
8666,363,0.2
8666,4957,0.05
8667,6309,0.2
8668,5315,0.0666666666666667
8668,8234,0.2
8670,6265,0.2
8670,6557,0.0666666666666667
8671,6251,0.2
8673,1204,0.2
8673,4755,0.0666666666666667
8673,5031,0.0666666666666667
8674,5601,0.0666666666666667
8675,4407,0.2
8676,6179,0.2
8676,7843,0.2
8676,9051,0.1
8677,6126,0.2
8679,7209,0.04
8680,3059,0.0666666666666667
8680,6185,0.2
8681,1654,0.2
8682,6291,0.1
8682,8350,0.2
8684,9829,0.1
8686,93,0.1
8686,7730,0.1
8687,457,0.1
8687,9976,0.1
8691,147,0.04
8694,672,0.2
8696,3558,0.2
8697,6668,0.2
8698,8311,0.0666666666666667
8699,1758,0.05
8701,4993,0.2
8702,5237,0.0666666666666667
8705,3687,0.2
8705,4538,0.2
8706,6509,0.1
8707,1202,0.2
8707,3341,0.2
8709,8548,0.0666666666666667
8709,8740,0.0666666666666667
8710,65,0.1
8710,5870,0.2
8712,3320,0.1
8713,1940,0.2
8713,2936,0.0666666666666667
8715,8953,0.1
8718,2596,0.1
8719,1136,0.2
8720,632,0.0666666666666667
8720,7521,0.2
8720,9376,0.1
8722,152,0.1
8724,4472,0.1
8724,7814,0.0666666666666667
8728,4271,0.1
8729,154,0.1
8730,1250,0.0666666666666667
8730,8811,0.1
8731,6740,0.1
8732,2732,0.1
8733,1092,0.1
8733,4142,0.05
8735,3217,0.0666666666666667
8737,640,0.1
8739,1991,0.05
8739,6044,0.2
8740,2996,0.1
8742,1035,0.2
8742,2069,0.2
8742,3646,0.2
8742,5938,0.1
8743,169,0.1
8743,997,0.0666666666666667
8743,9274,0.1
8744,2574,0.2
8744,3233,0.1
8747,381,0.1
8747,4971,0.1
8748,299,0.1
8749,5846,0.05
8750,57,0.1
8753,1555,0.0666666666666667
8753,3392,0.0666666666666667
8757,5647,0.05
8758,4098,0.04
8758,7755,0.2
8759,6507,0.0666666666666667
8761,480,0.0666666666666667
8761,2388,0.1
8762,1157,0.2
8762,5105,0.1
8762,7980,0.2
8763,2662,0.2
8765,4431,0.1
8765,9017,0.1
8766,2838,0.1
8768,8202,0.2
8770,4686,0.1
8770,4929,0.1
8772,8956,0.2
8777,9798,0.1
8778,8664,0.2
8780,6139,0.2
8782,2034,0.2
8782,5820,0.2
8782,9881,0.1
8783,8332,0.2
8784,3312,0.1
8784,5437,0.2
8785,2902,0.05
8786,3117,0.2
8787,5,0.0666666666666667
8790,3641,0.04
8792,3674,0.1
8792,4855,0.05
8793,6630,0.1
8796,1171,0.0666666666666667
8796,9942,0.2
8798,3917,0.1
8798,7271,0.2
8800,7336,0.1
8801,3501,0.1
8803,9136,0.05
8804,2075,0.0666666666666667
8804,4708,0.2
8804,5663,0.1
8807,3277,0.0666666666666667
8807,4668,0.1
8807,5295,0.2
8808,3770,0.1
8808,9349,0.2
8809,5261,0.2
8809,9393,0.2
8811,5166,0.1
8812,9273,0.1
8813,4305,0.2
8815,7018,0.2
8816,3439,0.05
8817,8655,0.2
8819,1212,0.2
8819,3555,0.2
8819,8922,0.1
8820,2455,0.2
8820,3139,0.1
8820,9086,0.2
8822,4891,0.0666666666666667
8822,8594,0.05
8822,9773,0.1
8824,7554,0.2
8825,9351,0.2
8826,2151,0.2
8827,283,0.05
8827,838,0.1
8827,4576,0.2
8829,3348,0.2
8829,3938,0.1
8830,669,0.2
8833,6324,0.1
8833,9038,0.0666666666666667
8834,1915,0.0666666666666667
8838,2844,0.1
8838,3953,0.1
8838,3981,0.2
8841,7134,0.0666666666666667
8843,2358,0.0666666666666667
8843,7086,0.1
8843,7837,0.1
8845,1315,0.0666666666666667
8846,2742,0.0666666666666667
8847,1010,0.2
8847,6319,0.2
8849,8717,0.1
8851,761,0.1
8851,1915,0.0666666666666667
8852,1275,0.2
8854,4625,0.0666666666666667
8855,2845,0.1
8855,3192,0.2
8856,6382,0.1
8856,7279,0.05
8857,5036,0.1
8861,628,0.05
8861,1557,0.2
8863,2221,0.1
8863,2808,0.2
8863,3203,0.1
8865,1993,0.2
8867,3279,0.1
8867,5954,0.0666666666666667
8867,8552,0.04
8869,1318,0.2
8869,7631,0.1
8870,2165,0.1
8871,4055,0.0666666666666667
8873,2864,0.1
8875,3754,0.0666666666666667
8876,1433,0.1
8877,2452,0.2
8878,2556,0.1
8878,7236,0.1
8884,7679,0.1
8887,2169,0.2
8889,3128,0.2
8889,9685,0.1
8890,5318,0.1
8891,6,0.1
8892,6299,0.0666666666666667
8893,9640,0.2
8895,2551,0.2
8896,316,0.2
8896,932,0.1
8896,5380,0.0666666666666667
8897,7762,0.2
8899,1445,0.0666666666666667
8899,2145,0.2
8899,5676,0.2
8903,4269,0.1
8906,3663,0.2
8906,4537,0.1
8907,7300,0.0666666666666667
8908,9955,0.2
8910,1022,0.1
8910,7130,0.2
8910,7653,0.2
8911,544,0.2
8911,1834,0.1
8914,29,0.2
8915,9237,0.1
8917,8872,0.05
8918,4794,0.1
8920,9799,0.1
8922,2158,0.1
8923,1369,0.2
8923,2881,0.1
8924,1034,0.2
8924,1582,0.0666666666666667
8924,3865,0.1
8924,8930,0.05
8925,4738,0.2
8925,6879,0.1
8925,8413,0.1
8927,6582,0.1
8931,3010,0.2
8932,5648,0.2
8934,9848,0.0666666666666667
8936,7611,0.0666666666666667
8937,1920,0.2
8938,4572,0.2
8941,2299,0.1
8941,3394,0.2
8941,4531,0.1
8941,4739,0.1
8942,8767,0.05
8943,1158,0.1
8943,8512,0.2
8945,6328,0.1
8945,8423,0.2
8946,2973,0.2
8946,6166,0.2
8946,9684,0.2
8948,5884,0.0666666666666667
8951,8276,0.2
8953,90,0.1
8954,1697,0.0666666666666667
8955,1812,0.05
8955,9860,0.05
8956,6090,0.0666666666666667
8956,7567,0.2
8957,4370,0.2
8957,9556,0.2
8958,2378,0.0666666666666667
8958,7936,0.2
8963,1163,0.2
8964,386,0.2
8966,6559,0.0666666666666667
8967,8082,0.2
8969,357,0.0666666666666667
8969,3681,0.1
8969,4800,0.0666666666666667
8970,8430,0.2
8971,3771,0.2
8972,4739,0.1
8972,8661,0.2
8973,8139,0.1
8974,1107,0.2
8975,6491,0.2
8976,9015,0.2
8977,6607,0.1
8978,6367,0.1
8978,8553,0.2
8980,3850,0.1
8980,6678,0.2
8980,9132,0.1
8981,7597,0.2
8984,3625,0.2
8984,7348,0.04
8988,2822,0.1
8988,4891,0.0666666666666667
8991,6549,0.2
8992,3789,0.2
8992,5048,0.2
8992,8069,0.0666666666666667
8993,4502,0.1
8993,5941,0.1
8993,6824,0.0666666666666667
8994,4205,0.2
8994,9308,0.05
8995,1939,0.1
8995,8478,0.0666666666666667
8997,9145,0.1
9000,201,0.0666666666666667
9000,7812,0.2
9000,8709,0.2
9005,4271,0.1
9005,6056,0.2
9008,6837,0.05
9009,7245,0.1
9011,1634,0.1
9011,8141,0.05
9012,6426,0.2
9013,4953,0.2
9013,5474,0.1
9013,6913,0.2
9014,1417,0.1
9016,7582,0.0666666666666667
9016,7808,0.0666666666666667
9016,9920,0.0666666666666667
9019,3876,0.2
9021,2026,0.1
9021,4897,0.1
9022,4113,0.0666666666666667
9022,6235,0.0666666666666667
9026,406,0.2
9026,1315,0.0666666666666667
9026,1742,0.0666666666666667
9026,2030,0.1
9027,82,0.1
9027,7659,0.0666666666666667
9030,8840,0.2
9030,9011,0.1
9032,2799,0.2
9033,6948,0.2
9034,4198,0.2
9035,4794,0.1
9036,3830,0.1
9037,618,0.05
9037,6567,0.1
9038,1090,0.2
9038,3079,0.2
9038,9308,0.05
9039,571,0.1
9041,1586,0.2
9041,7045,0.2
9043,9335,0.1
9045,157,0.2
9046,167,0.0666666666666667
9047,632,0.0666666666666667
9047,1143,0.1
9047,7647,0.2
9048,7884,0.1
9052,6721,0.0666666666666667
9052,9531,0.1
9053,2158,0.1
9053,3974,0.1
9053,4585,0.1
9053,4943,0.0666666666666667
9054,9229,0.2
9055,2727,0.1
9055,8054,0.1
9055,8224,0.2
9055,9974,0.1
9057,6132,0.0666666666666667
9059,1593,0.2
9060,5798,0.0666666666666667
9065,1328,0.2
9065,2685,0.1
9065,5688,0.1
9065,7766,0.2
9067,396,0.05
9067,3632,0.0666666666666667
9067,8689,0.1
9068,4921,0.2
9069,1848,0.2
9069,2742,0.0666666666666667
9069,8614,0.0666666666666667
9069,9747,0.1
9071,8720,0.2
9074,6248,0.1
9074,7297,0.1
9074,9813,0.2
9075,6221,0.2
9075,9307,0.2
9077,9158,0.1
9078,5955,0.1
9080,8458,0.2
9081,9572,0.1
9083,7169,0.04
9085,5955,0.1
9087,4651,0.2
9087,5159,0.1
9088,7529,0.2
9088,9943,0.1
9089,8648,0.2
9094,773,0.2
9094,4341,0.1
9096,1080,0.0666666666666667
9096,4055,0.0666666666666667
9097,6740,0.1
9099,3142,0.2
9101,482,0.1
9101,602,0.2
9101,3921,0.2
9101,9738,0.1
9103,7821,0.1
9104,3651,0.2
9104,3920,0.2
9105,7712,0.2
9105,8656,0.2
9106,4440,0.1
9106,8577,0.0666666666666667
9107,147,0.04
9107,7180,0.2
9109,977,0.2
9109,3238,0.1
9113,4011,0.1
9113,5190,0.0666666666666667
9114,1315,0.0666666666666667
9115,268,0.0666666666666667
9115,6023,0.2
9116,7610,0.1
9118,1618,0.2
9118,2936,0.0666666666666667
9119,6184,0.0666666666666667
9119,6390,0.2
9121,1166,0.2
9122,2879,0.1
9123,9213,0.1
9125,3283,0.1
9125,6277,0.1
9126,437,0.2
9129,5997,0.1
9130,1794,0.2
9130,2071,0.1
9132,1130,0.1
9133,7467,0.05
9134,1040,0.1
9134,5427,0.2
9136,3311,0.1
9136,4848,0.0666666666666667
9136,7359,0.2
9139,3638,0.2
9144,4269,0.1
9144,6234,0.2
9146,5851,0.0666666666666667
9147,341,0.2
9148,8560,0.1
9151,6595,0.1
9151,8857,0.1
9152,5032,0.2
9152,7911,0.0666666666666667
9156,3508,0.1
9158,733,0.1
9158,2971,0.1
9160,7789,0.0666666666666667
9160,9734,0.2
9164,4290,0.1
9164,7198,0.0666666666666667
9165,3846,0.1
9166,1512,0.1
9166,9504,0.2
9169,8552,0.04
9171,1390,0.2
9172,1886,0.1
9172,3492,0.2
9172,8592,0.0666666666666667
9173,894,0.0666666666666667
9174,2915,0.2
9174,3389,0.2
9175,6772,0.2
9176,1712,0.0666666666666667
9176,5650,0.2
9178,7964,0.0666666666666667
9178,8612,0.2
9179,132,0.2
9179,4873,0.2
9179,7093,0.1
9180,2386,0.0666666666666667
9181,481,0.05
9181,6391,0.05
9183,2560,0.2
9184,2916,0.1
9185,1542,0.1
9186,2939,0.0666666666666667
9187,2975,0.0666666666666667
9189,2557,0.2
9190,3948,0.2
9190,4339,0.1
9193,7347,0.0666666666666667
9195,4876,0.2
9197,553,0.1
9197,2136,0.2
9198,4900,0.1
9198,4922,0.2
9198,9506,0.1
9199,1830,0.1
9199,7348,0.04
9200,3157,0.0666666666666667
9202,2300,0.1
9208,4830,0.1
9208,5210,0.0666666666666667
9208,8950,0.2
9210,3360,0.0666666666666667
9211,475,0.1
9211,2141,0.1
9213,321,0.1
9218,7699,0.2
9219,1658,0.0666666666666667
9219,4831,0.2
9220,4861,0.2
9221,4072,0.0666666666666667
9221,8071,0.2
9225,2967,0.2
9226,8726,0.1
9228,7036,0.0666666666666667
9229,6842,0.0666666666666667
9230,9553,0.1
9232,7785,0.1
9233,6171,0.1
9234,7029,0.0666666666666667
9236,4289,0.2
9237,5385,0.1
9238,1936,0.1
9242,7574,0.1
9243,1555,0.0666666666666667
9245,651,0.1
9246,1072,0.1
9246,5945,0.1
9246,7465,0.2
9246,9576,0.1
9248,5812,0.0666666666666667
9249,9571,0.2
9251,9131,0.0666666666666667
9254,2585,0.2
9257,4828,0.1
9258,8564,0.1
9259,493,0.1
9260,689,0.1
9260,6601,0.2
9261,3993,0.1
9261,6955,0.1
9262,1830,0.1
9263,9738,0.1
9266,5477,0.1
9266,9819,0.1
9267,3690,0.1
9267,4877,0.2
9268,2073,0.2
9270,125,0.2
9270,4626,0.2
9271,2867,0.1
9271,9866,0.1
9272,4645,0.2
9273,709,0.2
9273,7993,0.2
9276,5620,0.2
9277,2112,0.1
9277,4320,0.2
9278,1522,0.1
9279,1002,0.1
9283,7468,0.2
9284,2225,0.2
9285,7768,0.1
9286,5838,0.05
9286,7104,0.04
9288,8543,0.1
9290,1190,0.1
9291,796,0.2
9292,7588,0.1
9293,10,0.1
9295,5792,0.1
9296,9004,0.2
9297,4038,0.1
9298,8314,0.1
9304,1385,0.2
9306,8684,0.1
9306,9657,0.0666666666666667
9307,8004,0.2
9308,2828,0.0666666666666667
9309,6116,0.05
9309,8069,0.0666666666666667
9310,3037,0.1
9310,6380,0.2
9310,6992,0.0666666666666667
9311,3167,0.1
9313,4902,0.1
9313,5873,0.0666666666666667
9315,5830,0.2
9316,6280,0.2
9316,7620,0.2
9317,2855,0.2
9317,7824,0.0666666666666667
9317,9057,0.2
9318,3842,0.2
9318,4612,0.1
9319,5100,0.1
9320,6798,0.2
9322,6228,0.1
9322,9764,0.1
9324,6178,0.2
9327,5,0.0666666666666667
9328,2300,0.1
9329,7041,0.2
9329,7387,0.1
9330,9609,0.2
9332,7314,0.0666666666666667
9333,6352,0.1
9334,493,0.1
9334,1480,0.2
9336,147,0.04
9339,124,0.2
9339,8381,0.0666666666666667
9340,645,0.2
9340,9970,0.1
9342,1633,0.1
9342,4380,0.2
9342,7068,0.2
9343,2032,0.1
9344,5102,0.2
9344,6604,0.1
9345,1861,0.2
9346,3405,0.2
9346,6336,0.0666666666666667
9346,9026,0.1
9347,7107,0.0666666666666667
9347,8878,0.1
9347,9846,0.2
9350,8145,0.2
9351,3163,0.1
9351,5216,0.1
9351,8169,0.1
9353,4557,0.2
9353,4616,0.1
9354,5445,0.0666666666666667
9360,2341,0.1
9360,6835,0.2
9360,7706,0.2
9361,6954,0.1
9364,1899,0.0666666666666667
9365,2526,0.1
9366,2102,0.1
9367,7310,0.1
9369,8253,0.1
9370,1167,0.2
9370,5675,0.0666666666666667
9372,8637,0.2
9373,1711,0.0666666666666667
9373,1755,0.1
9373,4203,0.1
9373,8460,0.2
9374,9442,0.2
9377,77,0.1
9377,962,0.1
9377,6140,0.1
9378,4971,0.1
9380,8824,0.1
9381,7348,0.04
9383,2982,0.1
9383,8895,0.2
9385,4170,0.2
9385,4940,0.2
9386,6466,0.2
9387,5832,0.1
9389,3578,0.0666666666666667
9389,5914,0.1
9389,7519,0.1
9390,766,0.2
9390,4342,0.2
9390,8532,0.05
9393,5222,0.1
9393,5863,0.2
9396,7163,0.0666666666666667
9397,8324,0.1
9399,8229,0.0666666666666667
9401,3864,0.2
9402,6296,0.2
9405,619,0.1
9405,1145,0.1
9405,9410,0.05
9406,1958,0.05
9406,5710,0.1
9408,8928,0.0666666666666667
9410,1716,0.1
9410,2685,0.1
9413,7593,0.0666666666666667
9419,8465,0.1
9420,4627,0.1
9421,89,0.2
9422,8829,0.2
9424,5143,0.1
9424,6690,0.1
9428,2022,0.1
9428,2730,0.2
9430,5503,0.1
9430,6266,0.2
9431,5473,0.0666666666666667
9432,8120,0.2
9433,584,0.2
9435,3160,0.2
9436,4583,0.2
9436,5344,0.1
9436,6381,0.2
9437,8000,0.2
9438,2316,0.1
9438,4216,0.2
9439,1485,0.2
9439,9246,0.1
9441,844,0.05
9441,1718,0.1
9443,3568,0.0666666666666667
9443,4856,0.05
9443,8319,0.2
9444,6840,0.2
9446,3451,0.2
9447,1496,0.2
9447,4973,0.2
9447,8450,0.1
9449,5539,0.1
9450,6384,0.1
9451,3322,0.1
9453,4439,0.2
9453,4999,0.2
9454,6210,0.1
9457,4212,0.2
9457,7920,0.2
9457,8153,0.2
9458,5507,0.2
9461,6457,0.0666666666666667
9462,3370,0.04
9463,1868,0.1
9464,3017,0.2
9464,6465,0.1
9468,4640,0.05
9469,1444,0.2
9469,5884,0.0666666666666667
9470,7298,0.1
9471,1810,0.1
9472,614,0.2
9472,3136,0.2
9472,6625,0.1
9473,1732,0.2
9473,4036,0.1
9473,8485,0.2
9474,594,0.2
9474,9954,0.2
9478,7314,0.0666666666666667
9479,58,0.2
9479,600,0.1
9479,9995,0.05
9482,7777,0.2
9488,12,0.0666666666666667
9489,9995,0.05
9490,5666,0.0666666666666667
9493,514,0.1
9496,5840,0.2
9497,4178,0.1
9497,9985,0.1
9498,8287,0.1
9498,9131,0.0666666666666667
9499,2909,0.2
9500,6665,0.1
9501,3739,0.2
9503,7061,0.05
9505,8558,0.05
9508,995,0.0666666666666667
9508,6077,0.0666666666666667
9508,8842,0.2
9510,7183,0.0666666666666667
9512,4685,0.2
9516,4177,0.2
9520,8483,0.1
9520,9481,0.1
9521,1417,0.1
9522,204,0.0666666666666667
9526,7059,0.1
9526,9103,0.2
9527,3409,0.1
9529,627,0.2
9529,4010,0.2
9531,371,0.1
9531,5134,0.2
9533,6837,0.05
9535,8802,0.1
9537,3196,0.1
9537,4199,0.2
9538,236,0.0666666666666667
9538,2305,0.2
9538,2929,0.2
9540,3684,0.05
9541,1889,0.1
9542,5173,0.2
9544,9008,0.2
9545,5801,0.0666666666666667
9545,6889,0.0666666666666667
9547,8373,0.2
9549,7244,0.1
9553,1094,0.0666666666666667
9553,9689,0.0666666666666667
9554,65,0.1
9556,8428,0.0666666666666667
9557,6148,0.1
9557,8965,0.0666666666666667
9560,1066,0.2
9561,272,0.2
9563,2231,0.1
9563,7624,0.0666666666666667
9565,8132,0.2
9568,2866,0.1
9573,4414,0.2
9575,7509,0.1
9577,6189,0.0666666666666667
9577,8160,0.0666666666666667
9578,9859,0.2
9584,8872,0.05
9585,3439,0.05
9585,6292,0.2
9585,7152,0.2
9586,8848,0.05
9587,8872,0.05
9588,9168,0.1
9588,9496,0.05
9589,4695,0.1
9589,8588,0.1
9590,3089,0.0666666666666667
9593,3976,0.2
9594,7105,0.1
9596,318,0.2
9596,5709,0.2
9596,7107,0.0666666666666667
9597,1820,0.2
9598,45,0.2
9598,2234,0.2
9600,9287,0.1
9602,8594,0.05
9603,3673,0.1
9604,2470,0.1
9604,3825,0.05
9606,5301,0.2
9609,4235,0.1
9611,3730,0.0666666666666667
9612,4142,0.05
9612,4144,0.1
9614,1487,0.0666666666666667
9614,8623,0.2
9615,6146,0.2
9617,1756,0.0666666666666667
9618,5983,0.1
9618,9078,0.0666666666666667
9619,9762,0.0666666666666667
9620,6355,0.1
9621,2895,0.2
9622,4459,0.05
9622,6856,0.1
9622,9624,0.2
9623,505,0.2
9623,9305,0.2
9624,5340,0.1
9625,269,0.2
9626,4957,0.05
9627,4298,0.0666666666666667
9627,9967,0.1
9630,4742,0.1
9632,7655,0.0666666666666667
9634,2954,0.2
9635,428,0.2
9635,7242,0.2
9635,8988,0.0666666666666667
9637,9482,0.2
9640,2728,0.1
9642,5192,0.1
9642,8906,0.1
9643,7467,0.05
9644,2582,0.2
9645,1471,0.1
9647,4524,0.2
9649,3115,0.1
9650,2223,0.0666666666666667
9650,2395,0.1
9650,5056,0.0666666666666667
9650,8735,0.2
9653,1628,0.0666666666666667
9653,3498,0.2
9655,3468,0.0666666666666667
9659,1523,0.2
9659,7232,0.1
9660,998,0.2
9660,1777,0.1
9662,448,0.1
9664,3889,0.1
9665,4263,0.0666666666666667
9665,8476,0.2
9665,8783,0.2
9666,6646,0.2
9666,6738,0.0666666666666667
9668,604,0.0666666666666667
9668,8747,0.1
9669,8526,0.0666666666666667
9671,4189,0.2
9672,8734,0.1
9673,6223,0.2
9676,6500,0.2
9676,7746,0.2
9677,9959,0.0666666666666667
9678,4378,0.0666666666666667
9678,9810,0.1
9680,2805,0.2
9680,8478,0.0666666666666667
9682,5562,0.1
9683,2116,0.2
9684,6241,0.1
9686,987,0.0666666666666667
9687,5494,0.1
9688,8644,0.2
9689,3097,0.2
9689,3660,0.2
9689,8233,0.1
9690,3426,0.1
9691,4855,0.05
9691,9750,0.0666666666666667
9694,2533,0.2
9694,7212,0.2
9695,255,0.2
9696,224,0.2
9696,6173,0.1
9698,5876,0.2
9699,6636,0.0666666666666667
9700,790,0.0666666666666667
9705,7387,0.1
9705,8385,0.0666666666666667
9711,1132,0.2
9711,4687,0.1
9711,6527,0.2
9711,9457,0.1
9712,3081,0.2
9712,7801,0.2
9712,9204,0.2
9713,3833,0.1
9713,6383,0.2
9713,9876,0.2
9715,9014,0.2
9717,192,0.1
9719,8287,0.1
9719,8417,0.2
9720,538,0.1
9720,2307,0.0666666666666667
9720,2608,0.05
9720,9105,0.05
9723,2461,0.2
9724,1677,0.1
9724,5491,0.2
9725,4316,0.2
9726,9926,0.1
9727,4082,0.1
9728,5279,0.2
9729,3004,0.2
9730,3669,0.0666666666666667
9732,9570,0.0666666666666667
9733,6413,0.2
9733,7128,0.1
9734,6755,0.2
9737,9377,0.1
9739,2023,0.0666666666666667
9739,7857,0.2
9740,7467,0.05
9741,8514,0.1
9741,8960,0.2
9742,6470,0.1
9746,812,0.2
9746,5017,0.2
9746,6693,0.1
9746,8272,0.2
9748,2134,0.2
9749,3557,0.2
9751,1601,0.1
9751,4055,0.0666666666666667
9751,8609,0.05
9752,294,0.1
9753,5579,0.0666666666666667
9754,8267,0.2
9757,1673,0.1
9759,1349,0.2
9759,2640,0.2
9759,6605,0.2
9763,2852,0.05
9764,5004,0.0666666666666667
9766,3851,0.2
9766,8195,0.1
9766,8542,0.1
9768,399,0.2
9768,600,0.1
9768,2552,0.1
9768,8375,0.2
9769,4459,0.05
9770,8562,0.1
9770,8964,0.0666666666666667
9770,9179,0.1
9771,1361,0.2
9772,4302,0.1
9773,1326,0.1
9773,9186,0.1
9774,5584,0.05
9774,6132,0.0666666666666667
9774,6700,0.2
9775,2853,0.1
9776,1199,0.0666666666666667
9777,2846,0.1
9778,2172,0.2
9779,296,0.2
9780,4825,0.1
9780,6829,0.2
9784,3024,0.0666666666666667
9786,195,0.2
9786,2387,0.2
9790,3140,0.0666666666666667
9790,9830,0.2
9791,5494,0.1
9792,2138,0.1
9793,7421,0.2
9793,9998,0.2
9794,7875,0.2
9795,1607,0.2
9797,6887,0.2
9798,2532,0.1
9798,3539,0.2
9798,8654,0.2
9798,9660,0.2
9800,929,0.2
9800,7607,0.1
9804,3367,0.1
9805,2642,0.1
9805,9909,0.0666666666666667
9807,9185,0.1
9809,2342,0.1
9810,216,0.2
9810,1118,0.1
9812,259,0.1
9812,2900,0.1
9813,1068,0.1
9813,6790,0.1
9814,1908,0.0666666666666667
9816,4952,0.0666666666666667
9817,6514,0.2
9818,1195,0.2
9818,3458,0.2
9819,840,0.2
9822,4995,0.1
9826,5443,0.2
9827,603,0.1
9828,4143,0.1
9829,8268,0.1
9831,2232,0.1
9832,8537,0.2
9832,8916,0.0666666666666667
9833,958,0.2
9833,5727,0.0666666666666667
9834,2920,0.2
9836,4967,0.2
9836,6603,0.1
9840,205,0.2
9842,1521,0.1
9843,9574,0.2
9844,5260,0.2
9844,8424,0.2
9844,9699,0.1
9846,4433,0.1
9849,8478,0.0666666666666667
9850,482,0.1
9850,4123,0.1
9850,9616,0.0666666666666667
9851,9934,0.1
9852,9695,0.1
9853,930,0.1
9853,8216,0.0666666666666667
9854,6078,0.1
9854,7136,0.1
9856,811,0.2
9857,899,0.0666666666666667
9859,1925,0.0666666666666667
9859,9768,0.1
9860,123,0.2
9861,1865,0.1
9862,787,0.1
9862,6051,0.2
9862,6254,0.2
9863,5186,0.2
9863,8505,0.2
9864,8520,0.1
9865,2473,0.2
9866,1635,0.2
9866,2122,0.0666666666666667
9866,6716,0.1
9868,1249,0.2
9868,1824,0.2
9868,3113,0.2
9868,5677,0.05
9869,1421,0.2
9869,7806,0.1
9870,8198,0.1
9870,9929,0.2
9871,5348,0.1
9873,2438,0.2
9873,3414,0.2
9874,2122,0.0666666666666667
9878,2436,0.2
9880,5824,0.0666666666666667
9883,1520,0.1
9884,19,0.1
9886,76,0.2
9886,1761,0.2
9886,9212,0.2
9888,3727,0.0666666666666667
9889,1097,0.0666666666666667
9892,1304,0.2
9892,6779,0.05
9892,8087,0.1
9895,8220,0.2
9896,782,0.2
9898,9239,0.2
9902,9213,0.1
9903,3522,0.2
9903,6388,0.1
9903,6474,0.1
9904,2224,0.0666666666666667
9904,3523,0.1
9905,6325,0.1
9907,3068,0.1
9914,9365,0.2
9919,8923,0.2
9920,7741,0.2
9922,1063,0.1
9923,1605,0.1
9924,7108,0.0666666666666667
9924,8575,0.0666666666666667
9929,1958,0.05
9931,1739,0.2
9932,5588,0.2
9932,9454,0.2
9933,6553,0.1
9934,6274,0.2
9935,6158,0.2
9936,4190,0.1
9938,3757,0.2
9939,991,0.1
9939,5128,0.2
9942,774,0.2
9943,1097,0.0666666666666667
9945,3749,0.2
9945,6915,0.1
9946,2357,0.1
9946,5508,0.2
9947,6080,0.2
9948,3586,0.2
9948,8354,0.1
9949,6684,0.0666666666666667
9949,8767,0.05
9950,2936,0.0666666666666667
9952,5862,0.1
9953,9764,0.1
9955,2075,0.0666666666666667
9955,2508,0.2
9955,3090,0.2
9956,4771,0.2
9958,7408,0.2
9962,6623,0.1
9963,1767,0.2
9963,3745,0.1
9967,3505,0.2
9969,8868,0.2
9971,893,0.2
9972,3627,0.2
9973,24,0.1
9976,4879,0.1
9976,6171,0.1
9977,283,0.05
9980,146,0.2
9983,2355,0.2
9983,3738,0.1
9983,4616,0.1
9984,3603,0.2
9985,5369,0.04
9990,890,0.1
9990,7419,0.2
9992,3684,0.05
9992,4339,0.1
9994,4185,0.2
9994,8399,0.1
9995,1906,0.1
9997,1839,0.2
9997,8493,0.0666666666666667
9998,9808,0.2
9999,6675,0.2
